method,scheme,round,node,n_local,hinge_loss,train_acc,test_acc,comm_bytes
bdsvm,dirichlet_0.1,1,0,0,1.0,0.4859583333333333,0.4825,247248
bdsvm,dirichlet_0.1,1,1,1,0.8408894371457348,0.7520833333333333,0.7425,1730736
bdsvm,dirichlet_0.1,1,2,2711,0.8391169785904414,0.7605,0.7591666666666667,988992
bdsvm,dirichlet_0.1,1,3,3820,0.9222921921225291,0.5655416666666667,0.5618333333333333,494496
bdsvm,dirichlet_0.1,1,4,2178,0.8606879981356892,0.6955,0.6973333333333334,741744
bdsvm,dirichlet_0.1,1,5,9084,0.9155659603008427,0.5580416666666667,0.558,494496
bdsvm,dirichlet_0.1,1,6,4274,0.9859583428511393,0.5140416666666666,0.5175,247248
bdsvm,dirichlet_0.1,1,7,1766,0.8927886781624739,0.5813333333333334,0.5823333333333334,494496
bdsvm,dirichlet_0.1,1,8,0,1.0,0.4859583333333333,0.4825,741744
bdsvm,dirichlet_0.1,1,9,166,0.9822758844255283,0.5140416666666666,0.5175,247248
bdsvm,dirichlet_0.1,26,0,0,1.0,0.4859583333333333,0.4825,48213360
bdsvm,dirichlet_0.1,26,1,1,0.5807269821188104,0.7640416666666666,0.7555,50933088
bdsvm,dirichlet_0.1,26,2,2711,0.5786539041513323,0.7662083333333334,0.7591666666666667,50438592
bdsvm,dirichlet_0.1,26,3,3820,0.5787427963864729,0.7661666666666667,0.759,49449600
bdsvm,dirichlet_0.1,26,4,2178,0.5787043776589191,0.7662916666666667,0.7593333333333333,49696848
bdsvm,dirichlet_0.1,26,5,9084,0.5791750883447618,0.7659583333333333,0.7591666666666667,49696848
bdsvm,dirichlet_0.1,26,6,4274,0.5791050159375074,0.765875,0.7591666666666667,48460608
bdsvm,dirichlet_0.1,26,7,1766,0.5788932523011339,0.7660833333333333,0.7586666666666667,49944096
bdsvm,dirichlet_0.1,26,8,0,1.0,0.4859583333333333,0.4825,48955104
bdsvm,dirichlet_0.1,26,9,166,0.5789771510285143,0.7660416666666666,0.7595,49696848
bdsvm,dirichlet_0.1,51,0,0,1.0,0.4859583333333333,0.4825,97662960
bdsvm,dirichlet_0.1,51,1,1,0.5937931208487262,0.753125,0.749,100382688
bdsvm,dirichlet_0.1,51,2,2711,0.593595186518017,0.7570416666666666,0.752,99888192
bdsvm,dirichlet_0.1,51,3,3820,0.5934760030751549,0.7572083333333334,0.7521666666666667,98899200
bdsvm,dirichlet_0.1,51,4,2178,0.5935540315879271,0.757,0.752,99146448
bdsvm,dirichlet_0.1,51,5,9084,0.5934797894592128,0.7574166666666666,0.7521666666666667,99146448
bdsvm,dirichlet_0.1,51,6,4274,0.5934884841842575,0.7572083333333334,0.752,97910208
bdsvm,dirichlet_0.1,51,7,1766,0.5934440828780885,0.7573333333333333,0.7523333333333333,99393696
bdsvm,dirichlet_0.1,51,8,0,1.0,0.4859583333333333,0.4825,98404704
bdsvm,dirichlet_0.1,51,9,166,0.593567060990686,0.7570416666666666,0.752,99146448
bdsvm,dirichlet_0.1,76,0,0,1.0,0.4859583333333333,0.4825,147112560
bdsvm,dirichlet_0.1,76,1,1,0.5790372729898617,0.756625,0.7508333333333334,149832288
bdsvm,dirichlet_0.1,76,2,2711,0.5761253893012931,0.7629166666666667,0.7563333333333333,149337792
bdsvm,dirichlet_0.1,76,3,3820,0.5763029793080945,0.7625833333333333,0.7561666666666667,148348800
bdsvm,dirichlet_0.1,76,4,2178,0.5763677775478583,0.7627916666666666,0.7563333333333333,148596048
bdsvm,dirichlet_0.1,76,5,9084,0.5765938202355865,0.7624166666666666,0.7561666666666667,148596048
bdsvm,dirichlet_0.1,76,6,4274,0.5763606369868484,0.7625833333333333,0.7558333333333334,147359808
bdsvm,dirichlet_0.1,76,7,1766,0.5762412567105865,0.7627916666666666,0.7563333333333333,148843296
bdsvm,dirichlet_0.1,76,8,0,1.0,0.4859583333333333,0.4825,147854304
bdsvm,dirichlet_0.1,76,9,166,0.5762051898585376,0.7632083333333334,0.7566666666666667,148596048
bdsvm,dirichlet_0.1,101,0,0,1.0,0.4859583333333333,0.4825,196562160
bdsvm,dirichlet_0.1,101,1,1,0.5827827372266625,0.76275,0.7566666666666667,199281888
bdsvm,dirichlet_0.1,101,2,2711,0.5825320459548069,0.7629166666666667,0.7571666666666667,198787392
bdsvm,dirichlet_0.1,101,3,3820,0.5826551364782185,0.7626666666666667,0.7573333333333333,197798400
bdsvm,dirichlet_0.1,101,4,2178,0.582475688676832,0.7629166666666667,0.7573333333333333,198045648
bdsvm,dirichlet_0.1,101,5,9084,0.5823448575519987,0.762875,0.7571666666666667,198045648
bdsvm,dirichlet_0.1,101,6,4274,0.5824394189157935,0.7627916666666666,0.7571666666666667,196809408
bdsvm,dirichlet_0.1,101,7,1766,0.5825032509200904,0.763,0.757,198292896
bdsvm,dirichlet_0.1,101,8,0,1.0,0.4859583333333333,0.4825,197303904
bdsvm,dirichlet_0.1,101,9,166,0.5824192800707869,0.7630416666666666,0.7571666666666667,198045648
bdsvm,dirichlet_0.1,126,0,0,1.0,0.4859583333333333,0.4825,246011760
bdsvm,dirichlet_0.1,126,1,1,0.5740380699838786,0.7646666666666667,0.76,248731488
bdsvm,dirichlet_0.1,126,2,2711,0.5738491313339376,0.7657916666666666,0.7598333333333334,248236992
bdsvm,dirichlet_0.1,126,3,3820,0.5738806198197051,0.7655833333333333,0.7598333333333334,247248000
bdsvm,dirichlet_0.1,126,4,2178,0.5738731710494462,0.7656666666666667,0.7598333333333334,247495248
bdsvm,dirichlet_0.1,126,5,9084,0.5730798245381643,0.76575,0.7601666666666667,247495248
bdsvm,dirichlet_0.1,126,6,4274,0.5731145563025372,0.765625,0.7598333333333334,246259008
bdsvm,dirichlet_0.1,126,7,1766,0.5733009332895673,0.7655833333333333,0.76,247742496
bdsvm,dirichlet_0.1,126,8,0,1.0,0.4859583333333333,0.4825,246753504
bdsvm,dirichlet_0.1,126,9,166,0.5740004264188623,0.7655,0.7598333333333334,247495248
bdsvm,dirichlet_0.1,151,0,0,1.0,0.4859583333333333,0.4825,295461360
bdsvm,dirichlet_0.1,151,1,1,0.5783360034912967,0.7640833333333333,0.7583333333333333,298181088
bdsvm,dirichlet_0.1,151,2,2711,0.5783001993423919,0.765,0.7588333333333334,297686592
bdsvm,dirichlet_0.1,151,3,3820,0.5778942262387042,0.7650416666666666,0.7588333333333334,296697600
bdsvm,dirichlet_0.1,151,4,2178,0.5780352176836941,0.765,0.7588333333333334,296944848
bdsvm,dirichlet_0.1,151,5,9084,0.577753076781771,0.765,0.7586666666666667,296944848
bdsvm,dirichlet_0.1,151,6,4274,0.5781693732206219,0.7649583333333333,0.7588333333333334,295708608
bdsvm,dirichlet_0.1,151,7,1766,0.5779341134346372,0.7650833333333333,0.7588333333333334,297192096
bdsvm,dirichlet_0.1,151,8,0,1.0,0.4859583333333333,0.4825,296203104
bdsvm,dirichlet_0.1,151,9,166,0.5780393903662242,0.7650416666666666,0.7588333333333334,296944848
bdsvm,dirichlet_0.1,176,0,0,1.0,0.4859583333333333,0.4825,344910960
bdsvm,dirichlet_0.1,176,1,1,0.5781884539750337,0.7639583333333333,0.759,347630688
bdsvm,dirichlet_0.1,176,2,2711,0.5765466881663647,0.765125,0.7596666666666667,347136192
bdsvm,dirichlet_0.1,176,3,3820,0.5772928972440206,0.7652083333333334,0.7593333333333333,346147200
bdsvm,dirichlet_0.1,176,4,2178,0.5775944830588072,0.7649583333333333,0.7591666666666667,346394448
bdsvm,dirichlet_0.1,176,5,9084,0.5775119145267957,0.7649166666666667,0.7595,346394448
bdsvm,dirichlet_0.1,176,6,4274,0.5772593470194127,0.765125,0.7593333333333333,345158208
bdsvm,dirichlet_0.1,176,7,1766,0.5770808401953118,0.7648333333333334,0.759,346641696
bdsvm,dirichlet_0.1,176,8,0,1.0,0.4859583333333333,0.4825,345652704
bdsvm,dirichlet_0.1,176,9,166,0.576666249713619,0.7653333333333333,0.7596666666666667,346394448
bdsvm,dirichlet_0.1,201,0,0,1.0,0.4859583333333333,0.4825,394360560
bdsvm,dirichlet_0.1,201,1,1,0.5790193024671904,0.7639166666666667,0.7595,397080288
bdsvm,dirichlet_0.1,201,2,2711,0.5790834101426274,0.7648333333333334,0.7588333333333334,396585792
bdsvm,dirichlet_0.1,201,3,3820,0.5788603768333035,0.7647916666666666,0.7586666666666667,395596800
bdsvm,dirichlet_0.1,201,4,2178,0.5789569392013052,0.765,0.7588333333333334,395844048
bdsvm,dirichlet_0.1,201,5,9084,0.5787753910787147,0.7647916666666666,0.7588333333333334,395844048
bdsvm,dirichlet_0.1,201,6,4274,0.5789716011697998,0.7649583333333333,0.7588333333333334,394607808
bdsvm,dirichlet_0.1,201,7,1766,0.5791477655554641,0.7648333333333334,0.7586666666666667,396091296
bdsvm,dirichlet_0.1,201,8,0,1.0,0.4859583333333333,0.4825,395102304
bdsvm,dirichlet_0.1,201,9,166,0.5788594119455719,0.7647083333333333,0.7586666666666667,395844048
bdsvm,dirichlet_0.1,226,0,0,1.0,0.4859583333333333,0.4825,443810160
bdsvm,dirichlet_0.1,226,1,1,0.5715836774462768,0.7654583333333334,0.7606666666666667,446529888
bdsvm,dirichlet_0.1,226,2,2711,0.5698496309121723,0.7660833333333333,0.7605,446035392
bdsvm,dirichlet_0.1,226,3,3820,0.5695505850913208,0.766125,0.7606666666666667,445046400
bdsvm,dirichlet_0.1,226,4,2178,0.5695780684172351,0.7659166666666667,0.7606666666666667,445293648
bdsvm,dirichlet_0.1,226,5,9084,0.5696475078275698,0.7659166666666667,0.76,445293648
bdsvm,dirichlet_0.1,226,6,4274,0.5697670092280582,0.7661666666666667,0.7603333333333333,444057408
bdsvm,dirichlet_0.1,226,7,1766,0.5698317373514674,0.7660416666666666,0.7603333333333333,445540896
bdsvm,dirichlet_0.1,226,8,0,1.0,0.4859583333333333,0.4825,444551904
bdsvm,dirichlet_0.1,226,9,166,0.5695812726917767,0.7657916666666666,0.7601666666666667,445293648
bdsvm,dirichlet_0.1,251,0,0,1.0,0.4859583333333333,0.4825,493259760
bdsvm,dirichlet_0.1,251,1,1,0.5779216613473576,0.7645416666666667,0.7591666666666667,495979488
bdsvm,dirichlet_0.1,251,2,2711,0.5775643848160565,0.7649166666666667,0.7588333333333334,495484992
bdsvm,dirichlet_0.1,251,3,3820,0.5775865830450749,0.764875,0.7585,494496000
bdsvm,dirichlet_0.1,251,4,2178,0.5775525049180984,0.764875,0.7586666666666667,494743248
bdsvm,dirichlet_0.1,251,5,9084,0.57767650949012,0.7649583333333333,0.7586666666666667,494743248
bdsvm,dirichlet_0.1,251,6,4274,0.5776238856123442,0.764875,0.7588333333333334,493507008
bdsvm,dirichlet_0.1,251,7,1766,0.57749485041853,0.7649583333333333,0.7588333333333334,494990496
bdsvm,dirichlet_0.1,251,8,0,1.0,0.4859583333333333,0.4825,494001504
bdsvm,dirichlet_0.1,251,9,166,0.5777815399421627,0.7648333333333334,0.7588333333333334,494743248
bdsvm,dirichlet_0.1,276,0,0,1.0,0.4859583333333333,0.4825,542709360
bdsvm,dirichlet_0.1,276,1,1,0.5820004877398606,0.7625,0.7586666666666667,545429088
bdsvm,dirichlet_0.1,276,2,2711,0.581726346673738,0.7639583333333333,0.758,544934592
bdsvm,dirichlet_0.1,276,3,3820,0.5815691140428202,0.764125,0.758,543945600
bdsvm,dirichlet_0.1,276,4,2178,0.5824928445131083,0.7633333333333333,0.7586666666666667,544192848
bdsvm,dirichlet_0.1,276,5,9084,0.5814676377043874,0.764125,0.7581666666666667,544192848
bdsvm,dirichlet_0.1,276,6,4274,0.5816659354098913,0.764,0.758,542956608
bdsvm,dirichlet_0.1,276,7,1766,0.5817139691241653,0.7639583333333333,0.7578333333333334,544440096
bdsvm,dirichlet_0.1,276,8,0,1.0,0.4859583333333333,0.4825,543451104
bdsvm,dirichlet_0.1,276,9,166,0.5818299358704602,0.764,0.758,544192848
bdsvm,dirichlet_0.1,301,0,0,1.0,0.4859583333333333,0.4825,592158960
bdsvm,dirichlet_0.1,301,1,1,0.5754346042225854,0.76425,0.758,594878688
bdsvm,dirichlet_0.1,301,2,2711,0.5750131190030257,0.7651666666666667,0.7585,594384192
bdsvm,dirichlet_0.1,301,3,3820,0.5748719619000242,0.7650416666666666,0.7583333333333333,593395200
bdsvm,dirichlet_0.1,301,4,2178,0.5750695076254451,0.7652083333333334,0.758,593642448
bdsvm,dirichlet_0.1,301,5,9084,0.5744716107348029,0.7653333333333333,0.7586666666666667,593642448
bdsvm,dirichlet_0.1,301,6,4274,0.5755850788328538,0.7650833333333333,0.7576666666666667,592406208
bdsvm,dirichlet_0.1,301,7,1766,0.574788915595203,0.7652916666666667,0.7581666666666667,593889696
bdsvm,dirichlet_0.1,301,8,0,1.0,0.4859583333333333,0.4825,592900704
bdsvm,dirichlet_0.1,301,9,166,0.574474371338842,0.765375,0.7583333333333333,593642448
bdsvm,dirichlet_0.1,326,0,0,1.0,0.4859583333333333,0.4825,641608560
bdsvm,dirichlet_0.1,326,1,1,0.5732709078265502,0.76475,0.7611666666666667,644328288
bdsvm,dirichlet_0.1,326,2,2711,0.5713355277570824,0.7658333333333334,0.7591666666666667,643833792
bdsvm,dirichlet_0.1,326,3,3820,0.5713572133837863,0.7655416666666667,0.7588333333333334,642844800
bdsvm,dirichlet_0.1,326,4,2178,0.5714965672481563,0.7655833333333333,0.759,643092048
bdsvm,dirichlet_0.1,326,5,9084,0.5716453326791375,0.7657916666666666,0.7588333333333334,643092048
bdsvm,dirichlet_0.1,326,6,4274,0.5724227184244532,0.7653333333333333,0.7588333333333334,641855808
bdsvm,dirichlet_0.1,326,7,1766,0.5714026481686014,0.765625,0.7588333333333334,643339296
bdsvm,dirichlet_0.1,326,8,0,1.0,0.4859583333333333,0.4825,642350304
bdsvm,dirichlet_0.1,326,9,166,0.5713629147169502,0.7657083333333333,0.7588333333333334,643092048
bdsvm,dirichlet_0.1,351,0,0,1.0,0.4859583333333333,0.4825,691058160
bdsvm,dirichlet_0.1,351,1,1,0.5806710386540223,0.7639166666666667,0.7595,693777888
bdsvm,dirichlet_0.1,351,2,2711,0.5803104714967565,0.7644583333333334,0.758,693283392
bdsvm,dirichlet_0.1,351,3,3820,0.5802963077607487,0.764375,0.758,692294400
bdsvm,dirichlet_0.1,351,4,2178,0.5800004043444287,0.7646666666666667,0.7581666666666667,692541648
bdsvm,dirichlet_0.1,351,5,9084,0.5802962473431454,0.7644166666666666,0.758,692541648
bdsvm,dirichlet_0.1,351,6,4274,0.5803248565512154,0.7643333333333333,0.758,691305408
bdsvm,dirichlet_0.1,351,7,1766,0.5803291342904621,0.764375,0.758,692788896
bdsvm,dirichlet_0.1,351,8,0,1.0,0.4859583333333333,0.4825,691799904
bdsvm,dirichlet_0.1,351,9,166,0.5819223767993101,0.763625,0.7578333333333334,692541648
bdsvm,dirichlet_0.1,376,0,0,1.0,0.4859583333333333,0.4825,740507760
bdsvm,dirichlet_0.1,376,1,1,0.5819743229997131,0.762375,0.7565,743227488
bdsvm,dirichlet_0.1,376,2,2711,0.5807021737183162,0.763125,0.7578333333333334,742732992
bdsvm,dirichlet_0.1,376,3,3820,0.5806837842954151,0.7632083333333334,0.7578333333333334,741744000
bdsvm,dirichlet_0.1,376,4,2178,0.582151442429078,0.762875,0.7578333333333334,741991248
bdsvm,dirichlet_0.1,376,5,9084,0.5815106327995027,0.7626666666666667,0.758,741991248
bdsvm,dirichlet_0.1,376,6,4274,0.5814048783717205,0.763,0.758,740755008
bdsvm,dirichlet_0.1,376,7,1766,0.5806590710581756,0.763125,0.758,742238496
bdsvm,dirichlet_0.1,376,8,0,1.0,0.4859583333333333,0.4825,741249504
bdsvm,dirichlet_0.1,376,9,166,0.5815982399640138,0.76275,0.7578333333333334,741991248
bdsvm,dirichlet_0.1,401,0,0,1.0,0.4859583333333333,0.4825,789957360
bdsvm,dirichlet_0.1,401,1,1,0.5793963096914851,0.7641666666666667,0.7583333333333333,792677088
bdsvm,dirichlet_0.1,401,2,2711,0.5796510742211157,0.76475,0.759,792182592
bdsvm,dirichlet_0.1,401,3,3820,0.57958361475597,0.764875,0.759,791193600
bdsvm,dirichlet_0.1,401,4,2178,0.5795334457615634,0.764625,0.7588333333333334,791440848
bdsvm,dirichlet_0.1,401,5,9084,0.5790438053113283,0.7646666666666667,0.7586666666666667,791440848
bdsvm,dirichlet_0.1,401,6,4274,0.579194411412249,0.7647083333333333,0.759,790204608
bdsvm,dirichlet_0.1,401,7,1766,0.5794433180596746,0.7646666666666667,0.759,791688096
bdsvm,dirichlet_0.1,401,8,0,1.0,0.4859583333333333,0.4825,790699104
bdsvm,dirichlet_0.1,401,9,166,0.5792362456326553,0.76475,0.7586666666666667,791440848
bdsvm,dirichlet_0.1,426,0,0,1.0,0.4859583333333333,0.4825,839406960
bdsvm,dirichlet_0.1,426,1,1,0.5917116429615354,0.749375,0.745,842126688
bdsvm,dirichlet_0.1,426,2,2711,0.5865699263417038,0.758125,0.7516666666666667,841632192
bdsvm,dirichlet_0.1,426,3,3820,0.5868922948759291,0.757875,0.7505,840643200
bdsvm,dirichlet_0.1,426,4,2178,0.5866457407845831,0.7579166666666667,0.7505,840890448
bdsvm,dirichlet_0.1,426,5,9084,0.5876604421393019,0.7571666666666667,0.7498333333333334,840890448
bdsvm,dirichlet_0.1,426,6,4274,0.5867407987189753,0.758,0.751,839654208
bdsvm,dirichlet_0.1,426,7,1766,0.5866682146152552,0.757625,0.7503333333333333,841137696
bdsvm,dirichlet_0.1,426,8,0,1.0,0.4859583333333333,0.4825,840148704
bdsvm,dirichlet_0.1,426,9,166,0.5864236593705479,0.7585416666666667,0.7523333333333333,840890448
bdsvm,dirichlet_0.1,451,0,0,1.0,0.4859583333333333,0.4825,888856560
bdsvm,dirichlet_0.1,451,1,1,0.5841621908022454,0.7617916666666666,0.7545,891576288
bdsvm,dirichlet_0.1,451,2,2711,0.5835787813485331,0.7619166666666667,0.7573333333333333,891081792
bdsvm,dirichlet_0.1,451,3,3820,0.5836058635900846,0.7618333333333334,0.7575,890092800
bdsvm,dirichlet_0.1,451,4,2178,0.5835850885905652,0.7619583333333333,0.7575,890340048
bdsvm,dirichlet_0.1,451,5,9084,0.5837325452410205,0.7618333333333334,0.7576666666666667,890340048
bdsvm,dirichlet_0.1,451,6,4274,0.5836059338531138,0.7617916666666666,0.7575,889103808
bdsvm,dirichlet_0.1,451,7,1766,0.5835926625369373,0.7618333333333334,0.7575,890587296
bdsvm,dirichlet_0.1,451,8,0,1.0,0.4859583333333333,0.4825,889598304
bdsvm,dirichlet_0.1,451,9,166,0.5836270856170933,0.76175,0.7575,890340048
bdsvm,dirichlet_0.1,476,0,0,1.0,0.4859583333333333,0.4825,938306160
bdsvm,dirichlet_0.1,476,1,1,0.5865703259786572,0.7600833333333333,0.7543333333333333,941025888
bdsvm,dirichlet_0.1,476,2,2711,0.5862201212385623,0.761375,0.7553333333333333,940531392
bdsvm,dirichlet_0.1,476,3,3820,0.5862163020559127,0.7613333333333333,0.7553333333333333,939542400
bdsvm,dirichlet_0.1,476,4,2178,0.5861670706014545,0.7614583333333333,0.7555,939789648
bdsvm,dirichlet_0.1,476,5,9084,0.5861982548577838,0.7614583333333333,0.7553333333333333,939789648
bdsvm,dirichlet_0.1,476,6,4274,0.5862057607272435,0.761375,0.7553333333333333,938553408
bdsvm,dirichlet_0.1,476,7,1766,0.5861848329129956,0.7614583333333333,0.7553333333333333,940036896
bdsvm,dirichlet_0.1,476,8,0,1.0,0.4859583333333333,0.4825,939047904
bdsvm,dirichlet_0.1,476,9,166,0.5862017431148054,0.7613333333333333,0.7553333333333333,939789648
bdsvm,dirichlet_0.1,501,0,0,1.0,0.4859583333333333,0.4825,987755760
bdsvm,dirichlet_0.1,501,1,1,0.5758137525802159,0.763875,0.7581666666666667,990475488
bdsvm,dirichlet_0.1,501,2,2711,0.5740777317084499,0.765,0.759,989980992
bdsvm,dirichlet_0.1,501,3,3820,0.57424187827982,0.7650416666666666,0.7593333333333333,988992000
bdsvm,dirichlet_0.1,501,4,2178,0.5743607188695157,0.7648333333333334,0.7595,989239248
bdsvm,dirichlet_0.1,501,5,9084,0.5743662644343698,0.7649583333333333,0.7591666666666667,989239248
bdsvm,dirichlet_0.1,501,6,4274,0.5743695005094176,0.7647916666666666,0.7593333333333333,988003008
bdsvm,dirichlet_0.1,501,7,1766,0.5741262656599754,0.7649583333333333,0.7593333333333333,989486496
bdsvm,dirichlet_0.1,501,8,0,1.0,0.4859583333333333,0.4825,988497504
bdsvm,dirichlet_0.1,501,9,166,0.5736344327043703,0.7650833333333333,0.7583333333333333,989239248
bdsvm,dirichlet_0.1,526,0,0,1.0,0.4859583333333333,0.4825,1037205360
bdsvm,dirichlet_0.1,526,1,1,0.5760382375668752,0.7635833333333333,0.7593333333333333,1039925088
bdsvm,dirichlet_0.1,526,2,2711,0.5756054909606337,0.7652083333333334,0.7588333333333334,1039430592
bdsvm,dirichlet_0.1,526,3,3820,0.5755977496912821,0.7653333333333333,0.7583333333333333,1038441600
bdsvm,dirichlet_0.1,526,4,2178,0.5753037042677607,0.76525,0.759,1038688848
bdsvm,dirichlet_0.1,526,5,9084,0.5755771662260104,0.7652083333333334,0.7586666666666667,1038688848
bdsvm,dirichlet_0.1,526,6,4274,0.5755208615663231,0.7652083333333334,0.7591666666666667,1037452608
bdsvm,dirichlet_0.1,526,7,1766,0.5755769407615103,0.7651666666666667,0.7586666666666667,1038936096
bdsvm,dirichlet_0.1,526,8,0,1.0,0.4859583333333333,0.4825,1037947104
bdsvm,dirichlet_0.1,526,9,166,0.5756322317750447,0.7652916666666667,0.7591666666666667,1038688848
bdsvm,dirichlet_0.1,551,0,0,1.0,0.4859583333333333,0.4825,1086654960
bdsvm,dirichlet_0.1,551,1,1,0.5920564873196901,0.7576666666666667,0.7526666666666667,1089374688
bdsvm,dirichlet_0.1,551,2,2711,0.5911940128863792,0.759625,0.7541666666666667,1088880192
bdsvm,dirichlet_0.1,551,3,3820,0.5911230185633621,0.7595833333333334,0.7543333333333333,1087891200
bdsvm,dirichlet_0.1,551,4,2178,0.5909029951403411,0.7596666666666667,0.7545,1088138448
bdsvm,dirichlet_0.1,551,5,9084,0.5920306395394063,0.7591666666666667,0.7535,1088138448
bdsvm,dirichlet_0.1,551,6,4274,0.5919556704625114,0.7590416666666666,0.7536666666666667,1086902208
bdsvm,dirichlet_0.1,551,7,1766,0.5920931325004831,0.759,0.7536666666666667,1088385696
bdsvm,dirichlet_0.1,551,8,0,1.0,0.4859583333333333,0.4825,1087396704
bdsvm,dirichlet_0.1,551,9,166,0.5923646862723269,0.758625,0.7533333333333333,1088138448
bdsvm,dirichlet_0.1,576,0,0,1.0,0.4859583333333333,0.4825,1136104560
bdsvm,dirichlet_0.1,576,1,1,0.6174488101076238,0.6952916666666666,0.693,1138824288
bdsvm,dirichlet_0.1,576,2,2711,0.617656799644748,0.694125,0.691,1138329792
bdsvm,dirichlet_0.1,576,3,3820,0.6172978030616537,0.6942916666666666,0.692,1137340800
bdsvm,dirichlet_0.1,576,4,2178,0.6141007305989786,0.698375,0.6968333333333333,1137588048
bdsvm,dirichlet_0.1,576,5,9084,0.6174092575702987,0.694625,0.6921666666666667,1137588048
bdsvm,dirichlet_0.1,576,6,4274,0.6171252830950493,0.6944166666666667,0.6918333333333333,1136351808
bdsvm,dirichlet_0.1,576,7,1766,0.6142576270753367,0.69775,0.6965,1137835296
bdsvm,dirichlet_0.1,576,8,0,1.0,0.4859583333333333,0.4825,1136846304
bdsvm,dirichlet_0.1,576,9,166,0.616961386506585,0.6951666666666667,0.6925,1137588048
bdsvm,dirichlet_0.1,601,0,0,1.0,0.4859583333333333,0.4825,1185554160
bdsvm,dirichlet_0.1,601,1,1,0.5777886986505606,0.7578333333333334,0.7536666666666667,1188273888
bdsvm,dirichlet_0.1,601,2,2711,0.577022025805381,0.7604583333333333,0.754,1187779392
bdsvm,dirichlet_0.1,601,3,3820,0.5772340289864469,0.7601666666666667,0.754,1186790400
bdsvm,dirichlet_0.1,601,4,2178,0.5769746204115629,0.760625,0.7538333333333334,1187037648
bdsvm,dirichlet_0.1,601,5,9084,0.5774817718610907,0.7598333333333334,0.7535,1187037648
bdsvm,dirichlet_0.1,601,6,4274,0.5773929920656655,0.7595416666666667,0.7535,1185801408
bdsvm,dirichlet_0.1,601,7,1766,0.5771858019768215,0.7600833333333333,0.7536666666666667,1187284896
bdsvm,dirichlet_0.1,601,8,0,1.0,0.4859583333333333,0.4825,1186295904
bdsvm,dirichlet_0.1,601,9,166,0.5768025638988399,0.76125,0.7538333333333334,1187037648
bdsvm,dirichlet_0.1,626,0,0,1.0,0.4859583333333333,0.4825,1235003760
bdsvm,dirichlet_0.1,626,1,1,0.5795053254035367,0.763625,0.7565,1237723488
bdsvm,dirichlet_0.1,626,2,2711,0.5792991610187096,0.7638333333333334,0.759,1237228992
bdsvm,dirichlet_0.1,626,3,3820,0.5792269212909452,0.7639583333333333,0.7588333333333334,1236240000
bdsvm,dirichlet_0.1,626,4,2178,0.579322815867729,0.76375,0.759,1236487248
bdsvm,dirichlet_0.1,626,5,9084,0.5791131171736713,0.764,0.7585,1236487248
bdsvm,dirichlet_0.1,626,6,4274,0.579291371038892,0.7638333333333334,0.7588333333333334,1235251008
bdsvm,dirichlet_0.1,626,7,1766,0.57920827683551,0.7637083333333333,0.7588333333333334,1236734496
bdsvm,dirichlet_0.1,626,8,0,1.0,0.4859583333333333,0.4825,1235745504
bdsvm,dirichlet_0.1,626,9,166,0.5791435033256579,0.763875,0.7586666666666667,1236487248
bdsvm,dirichlet_0.1,651,0,0,1.0,0.4859583333333333,0.4825,1284453360
bdsvm,dirichlet_0.1,651,1,1,0.5773111792029478,0.76075,0.7556666666666667,1287173088
bdsvm,dirichlet_0.1,651,2,2711,0.575429261117918,0.7645,0.7598333333333334,1286678592
bdsvm,dirichlet_0.1,651,3,3820,0.5767591583100103,0.7644166666666666,0.7591666666666667,1285689600
bdsvm,dirichlet_0.1,651,4,2178,0.577086786343334,0.7641666666666667,0.7588333333333334,1285936848
bdsvm,dirichlet_0.1,651,5,9084,0.5753448388877164,0.764625,0.7605,1285936848
bdsvm,dirichlet_0.1,651,6,4274,0.5769172716237472,0.7645833333333333,0.7591666666666667,1284700608
bdsvm,dirichlet_0.1,651,7,1766,0.576484745982284,0.7645416666666667,0.759,1286184096
bdsvm,dirichlet_0.1,651,8,0,1.0,0.4859583333333333,0.4825,1285195104
bdsvm,dirichlet_0.1,651,9,166,0.5756048480473797,0.7644166666666666,0.7601666666666667,1285936848
bdsvm,dirichlet_0.1,676,0,0,1.0,0.4859583333333333,0.4825,1333902960
bdsvm,dirichlet_0.1,676,1,1,0.5789492772021787,0.763625,0.76,1336622688
bdsvm,dirichlet_0.1,676,2,2711,0.577403583960464,0.7645,0.7585,1336128192
bdsvm,dirichlet_0.1,676,3,3820,0.5785841029649014,0.76425,0.757,1335139200
bdsvm,dirichlet_0.1,676,4,2178,0.5788592389540188,0.7642083333333334,0.7566666666666667,1335386448
bdsvm,dirichlet_0.1,676,5,9084,0.5794474839912472,0.764,0.7568333333333334,1335386448
bdsvm,dirichlet_0.1,676,6,4274,0.5785212955995919,0.76425,0.757,1334150208
bdsvm,dirichlet_0.1,676,7,1766,0.5772035529548429,0.7647083333333333,0.7585,1335633696
bdsvm,dirichlet_0.1,676,8,0,1.0,0.4859583333333333,0.4825,1334644704
bdsvm,dirichlet_0.1,676,9,166,0.5774220073044709,0.764625,0.7583333333333333,1335386448
bdsvm,dirichlet_0.1,701,0,0,1.0,0.4859583333333333,0.4825,1383352560
bdsvm,dirichlet_0.1,701,1,1,0.5790530887476344,0.7635416666666667,0.759,1386072288
bdsvm,dirichlet_0.1,701,2,2711,0.5789726138768838,0.7643333333333333,0.758,1385577792
bdsvm,dirichlet_0.1,701,3,3820,0.5787278737421102,0.7644166666666666,0.7578333333333334,1384588800
bdsvm,dirichlet_0.1,701,4,2178,0.5788942962273053,0.7644166666666666,0.7581666666666667,1384836048
bdsvm,dirichlet_0.1,701,5,9084,0.5785832955062871,0.7642916666666667,0.7581666666666667,1384836048
bdsvm,dirichlet_0.1,701,6,4274,0.5784861813952784,0.7643333333333333,0.7585,1383599808
bdsvm,dirichlet_0.1,701,7,1766,0.5786991805589685,0.764375,0.758,1385083296
bdsvm,dirichlet_0.1,701,8,0,1.0,0.4859583333333333,0.4825,1384094304
bdsvm,dirichlet_0.1,701,9,166,0.5787407708892027,0.7644166666666666,0.758,1384836048
bdsvm,dirichlet_0.1,726,0,0,1.0,0.4859583333333333,0.4825,1432802160
bdsvm,dirichlet_0.1,726,1,1,0.5725232611411574,0.7647083333333333,0.7608333333333334,1435521888
bdsvm,dirichlet_0.1,726,2,2711,0.5705966585735994,0.766,0.7588333333333334,1435027392
bdsvm,dirichlet_0.1,726,3,3820,0.5706533759508996,0.7657083333333333,0.7588333333333334,1434038400
bdsvm,dirichlet_0.1,726,4,2178,0.5706848015331306,0.7658333333333334,0.759,1434285648
bdsvm,dirichlet_0.1,726,5,9084,0.5707248910724829,0.7659583333333333,0.7591666666666667,1434285648
bdsvm,dirichlet_0.1,726,6,4274,0.5707482870518584,0.7657916666666666,0.7591666666666667,1433049408
bdsvm,dirichlet_0.1,726,7,1766,0.5706795402803698,0.765625,0.759,1434532896
bdsvm,dirichlet_0.1,726,8,0,1.0,0.4859583333333333,0.4825,1433543904
bdsvm,dirichlet_0.1,726,9,166,0.5706532734314138,0.7657916666666666,0.7588333333333334,1434285648
bdsvm,dirichlet_0.1,751,0,0,1.0,0.4859583333333333,0.4825,1482251760
bdsvm,dirichlet_0.1,751,1,1,0.5811049653200735,0.7635416666666667,0.7583333333333333,1484971488
bdsvm,dirichlet_0.1,751,2,2711,0.5808998979472235,0.7641666666666667,0.7583333333333333,1484476992
bdsvm,dirichlet_0.1,751,3,3820,0.5833343413664032,0.7635,0.7575,1483488000
bdsvm,dirichlet_0.1,751,4,2178,0.5807813328323105,0.7639166666666667,0.7586666666666667,1483735248
bdsvm,dirichlet_0.1,751,5,9084,0.58084977720997,0.764125,0.7586666666666667,1483735248
bdsvm,dirichlet_0.1,751,6,4274,0.5805311008467168,0.7643333333333333,0.7576666666666667,1482499008
bdsvm,dirichlet_0.1,751,7,1766,0.5807191607415619,0.7639583333333333,0.7588333333333334,1483982496
bdsvm,dirichlet_0.1,751,8,0,1.0,0.4859583333333333,0.4825,1482993504
bdsvm,dirichlet_0.1,751,9,166,0.5821589363128434,0.763625,0.7578333333333334,1483735248
bdsvm,dirichlet_0.1,776,0,0,1.0,0.4859583333333333,0.4825,1531701360
bdsvm,dirichlet_0.1,776,1,1,0.5742806948524103,0.7642916666666667,0.7598333333333334,1534421088
bdsvm,dirichlet_0.1,776,2,2711,0.5723589109221056,0.7657083333333333,0.7608333333333334,1533926592
bdsvm,dirichlet_0.1,776,3,3820,0.5733576253669382,0.7656666666666667,0.7595,1532937600
bdsvm,dirichlet_0.1,776,4,2178,0.5723992815450696,0.7656666666666667,0.7606666666666667,1533184848
bdsvm,dirichlet_0.1,776,5,9084,0.5721029222784092,0.76575,0.7605,1533184848
bdsvm,dirichlet_0.1,776,6,4274,0.5722300474690015,0.7654583333333334,0.7605,1531948608
bdsvm,dirichlet_0.1,776,7,1766,0.5723435803990357,0.7657916666666666,0.7605,1533432096
bdsvm,dirichlet_0.1,776,8,0,1.0,0.4859583333333333,0.4825,1532443104
bdsvm,dirichlet_0.1,776,9,166,0.5735727071001181,0.765625,0.7596666666666667,1533184848
bdsvm,dirichlet_0.1,801,0,0,1.0,0.4859583333333333,0.4825,1581150960
bdsvm,dirichlet_0.1,801,1,1,0.5749792510556168,0.7642083333333334,0.7593333333333333,1583870688
bdsvm,dirichlet_0.1,801,2,2711,0.574380451191048,0.7655,0.7606666666666667,1583376192
bdsvm,dirichlet_0.1,801,3,3820,0.5744546327400807,0.765375,0.7605,1582387200
bdsvm,dirichlet_0.1,801,4,2178,0.5742622065985342,0.7655833333333333,0.7605,1582634448
bdsvm,dirichlet_0.1,801,5,9084,0.5741486969843833,0.7657083333333333,0.761,1582634448
bdsvm,dirichlet_0.1,801,6,4274,0.574444673848706,0.7653333333333333,0.7606666666666667,1581398208
bdsvm,dirichlet_0.1,801,7,1766,0.5741691197356388,0.7655416666666667,0.7608333333333334,1582881696
bdsvm,dirichlet_0.1,801,8,0,1.0,0.4859583333333333,0.4825,1581892704
bdsvm,dirichlet_0.1,801,9,166,0.5745096247751466,0.7655416666666667,0.7605,1582634448
bdsvm,dirichlet_0.1,826,0,0,1.0,0.4859583333333333,0.4825,1630600560
bdsvm,dirichlet_0.1,826,1,1,0.5806278017544348,0.7632916666666667,0.7596666666666667,1633320288
bdsvm,dirichlet_0.1,826,2,2711,0.5805626893269347,0.76425,0.7581666666666667,1632825792
bdsvm,dirichlet_0.1,826,3,3820,0.5803336066495371,0.764125,0.758,1631836800
bdsvm,dirichlet_0.1,826,4,2178,0.5801815354996805,0.764375,0.7586666666666667,1632084048
bdsvm,dirichlet_0.1,826,5,9084,0.5804612001089153,0.7643333333333333,0.7583333333333333,1632084048
bdsvm,dirichlet_0.1,826,6,4274,0.5802863886208082,0.76425,0.7583333333333333,1630847808
bdsvm,dirichlet_0.1,826,7,1766,0.5802087179028519,0.7642916666666667,0.7583333333333333,1632331296
bdsvm,dirichlet_0.1,826,8,0,1.0,0.4859583333333333,0.4825,1631342304
bdsvm,dirichlet_0.1,826,9,166,0.5800066764434206,0.7645416666666667,0.7585,1632084048
bdsvm,dirichlet_0.1,851,0,0,1.0,0.4859583333333333,0.4825,1680050160
bdsvm,dirichlet_0.1,851,1,1,0.5741578271288755,0.7645,0.7593333333333333,1682769888
bdsvm,dirichlet_0.1,851,2,2711,0.573493273863107,0.7653333333333333,0.7585,1682275392
bdsvm,dirichlet_0.1,851,3,3820,0.5733456442019832,0.7654166666666666,0.759,1681286400
bdsvm,dirichlet_0.1,851,4,2178,0.5734982641730453,0.7652916666666667,0.7583333333333333,1681533648
bdsvm,dirichlet_0.1,851,5,9084,0.5730251493062225,0.7652916666666667,0.759,1681533648
bdsvm,dirichlet_0.1,851,6,4274,0.5731429642374701,0.7652916666666667,0.7593333333333333,1680297408
bdsvm,dirichlet_0.1,851,7,1766,0.5732335266141582,0.7652916666666667,0.7586666666666667,1681780896
bdsvm,dirichlet_0.1,851,8,0,1.0,0.4859583333333333,0.4825,1680791904
bdsvm,dirichlet_0.1,851,9,166,0.5732765571088276,0.76525,0.7588333333333334,1681533648
bdsvm,dirichlet_0.1,876,0,0,1.0,0.4859583333333333,0.4825,1729499760
bdsvm,dirichlet_0.1,876,1,1,0.5857607383298139,0.7615416666666667,0.756,1732219488
bdsvm,dirichlet_0.1,876,2,2711,0.5848480223859399,0.7620833333333333,0.7565,1731724992
bdsvm,dirichlet_0.1,876,3,3820,0.5846765351186446,0.761875,0.757,1730736000
bdsvm,dirichlet_0.1,876,4,2178,0.5852231048869916,0.76225,0.7568333333333334,1730983248
bdsvm,dirichlet_0.1,876,5,9084,0.5846377471595741,0.761625,0.7568333333333334,1730983248
bdsvm,dirichlet_0.1,876,6,4274,0.5848322146394425,0.7617916666666666,0.7565,1729747008
bdsvm,dirichlet_0.1,876,7,1766,0.5852028712809663,0.7624583333333333,0.7565,1731230496
bdsvm,dirichlet_0.1,876,8,0,1.0,0.4859583333333333,0.4825,1730241504
bdsvm,dirichlet_0.1,876,9,166,0.5870102286381009,0.7611666666666667,0.7566666666666667,1730983248
bdsvm,dirichlet_0.1,901,0,0,1.0,0.4859583333333333,0.4825,1778949360
bdsvm,dirichlet_0.1,901,1,1,0.5736493969818391,0.7647083333333333,0.7581666666666667,1781669088
bdsvm,dirichlet_0.1,901,2,2711,0.5733046780219079,0.7655416666666667,0.7593333333333333,1781174592
bdsvm,dirichlet_0.1,901,3,3820,0.573385389037252,0.7654583333333334,0.7593333333333333,1780185600
bdsvm,dirichlet_0.1,901,4,2178,0.5733381160736165,0.7656666666666667,0.7593333333333333,1780432848
bdsvm,dirichlet_0.1,901,5,9084,0.5728530203340841,0.7654583333333334,0.7598333333333334,1780432848
bdsvm,dirichlet_0.1,901,6,4274,0.573126549104337,0.7655,0.7596666666666667,1779196608
bdsvm,dirichlet_0.1,901,7,1766,0.5727982683958993,0.76525,0.7593333333333333,1780680096
bdsvm,dirichlet_0.1,901,8,0,1.0,0.4859583333333333,0.4825,1779691104
bdsvm,dirichlet_0.1,901,9,166,0.5732288831234933,0.7654166666666666,0.7593333333333333,1780432848
bdsvm,dirichlet_0.1,926,0,0,1.0,0.4859583333333333,0.4825,1828398960
bdsvm,dirichlet_0.1,926,1,1,0.583038377529443,0.7617083333333333,0.7578333333333334,1831118688
bdsvm,dirichlet_0.1,926,2,2711,0.5825164163161841,0.7635416666666667,0.7581666666666667,1830624192
bdsvm,dirichlet_0.1,926,3,3820,0.5824647660802537,0.7634166666666666,0.7583333333333333,1829635200
bdsvm,dirichlet_0.1,926,4,2178,0.582219682692241,0.7635,0.758,1829882448
bdsvm,dirichlet_0.1,926,5,9084,0.5818670692110791,0.7635833333333333,0.7578333333333334,1829882448
bdsvm,dirichlet_0.1,926,6,4274,0.5825575319146215,0.7634583333333333,0.7583333333333333,1828646208
bdsvm,dirichlet_0.1,926,7,1766,0.5826750696470517,0.7635416666666667,0.7581666666666667,1830129696
bdsvm,dirichlet_0.1,926,8,0,1.0,0.4859583333333333,0.4825,1829140704
bdsvm,dirichlet_0.1,926,9,166,0.5827803623183302,0.7633333333333333,0.758,1829882448
bdsvm,dirichlet_0.1,951,0,0,1.0,0.4859583333333333,0.4825,1877848560
bdsvm,dirichlet_0.1,951,1,1,0.5757820218977328,0.7637083333333333,0.759,1880568288
bdsvm,dirichlet_0.1,951,2,2711,0.5759259891907181,0.764625,0.7588333333333334,1880073792
bdsvm,dirichlet_0.1,951,3,3820,0.5757443935164716,0.76475,0.759,1879084800
bdsvm,dirichlet_0.1,951,4,2178,0.5758562371202052,0.76475,0.7586666666666667,1879332048
bdsvm,dirichlet_0.1,951,5,9084,0.5759958616582026,0.764625,0.7588333333333334,1879332048
bdsvm,dirichlet_0.1,951,6,4274,0.5757588993171198,0.7645416666666667,0.7588333333333334,1878095808
bdsvm,dirichlet_0.1,951,7,1766,0.575761862715056,0.76475,0.7588333333333334,1879579296
bdsvm,dirichlet_0.1,951,8,0,1.0,0.4859583333333333,0.4825,1878590304
bdsvm,dirichlet_0.1,951,9,166,0.5758461961501309,0.7645,0.7588333333333334,1879332048
bdsvm,dirichlet_0.1,976,0,0,1.0,0.4859583333333333,0.4825,1927298160
bdsvm,dirichlet_0.1,976,1,1,0.5767465546033603,0.7640833333333333,0.759,1930017888
bdsvm,dirichlet_0.1,976,2,2711,0.5763114004310634,0.7646666666666667,0.7581666666666667,1929523392
bdsvm,dirichlet_0.1,976,3,3820,0.5762837508608256,0.7642916666666667,0.7583333333333333,1928534400
bdsvm,dirichlet_0.1,976,4,2178,0.576319478879168,0.764375,0.7585,1928781648
bdsvm,dirichlet_0.1,976,5,9084,0.576454441720344,0.7645416666666667,0.7583333333333333,1928781648
bdsvm,dirichlet_0.1,976,6,4274,0.5763273227046192,0.7644583333333334,0.7583333333333333,1927545408
bdsvm,dirichlet_0.1,976,7,1766,0.5761910799680277,0.764375,0.7583333333333333,1929028896
bdsvm,dirichlet_0.1,976,8,0,1.0,0.4859583333333333,0.4825,1928039904
bdsvm,dirichlet_0.1,976,9,166,0.5764625418200894,0.7646666666666667,0.7583333333333333,1928781648
bdsvm,dirichlet_0.1,1001,0,0,1.0,0.4859583333333333,0.4825,1976747760
bdsvm,dirichlet_0.1,1001,1,1,0.5806462719165706,0.763375,0.7583333333333333,1979467488
bdsvm,dirichlet_0.1,1001,2,2711,0.5802326254222056,0.7644166666666666,0.7578333333333334,1978972992
bdsvm,dirichlet_0.1,1001,3,3820,0.5801916370342045,0.764375,0.7576666666666667,1977984000
bdsvm,dirichlet_0.1,1001,4,2178,0.5801444056530136,0.7644166666666666,0.7576666666666667,1978231248
bdsvm,dirichlet_0.1,1001,5,9084,0.5801763509520037,0.7644583333333334,0.7576666666666667,1978231248
bdsvm,dirichlet_0.1,1001,6,4274,0.5801572884690852,0.764375,0.7578333333333334,1976995008
bdsvm,dirichlet_0.1,1001,7,1766,0.5802457379114472,0.7643333333333333,0.7578333333333334,1978478496
bdsvm,dirichlet_0.1,1001,8,0,1.0,0.4859583333333333,0.4825,1977489504
bdsvm,dirichlet_0.1,1001,9,166,0.5802455877999216,0.764375,0.7578333333333334,1978231248
bdsvm,dirichlet_0.1,1026,0,0,1.0,0.4859583333333333,0.4825,2026197360
bdsvm,dirichlet_0.1,1026,1,1,0.5730334473610019,0.76475,0.7588333333333334,2028917088
bdsvm,dirichlet_0.1,1026,2,2711,0.5710410183666321,0.766125,0.7595,2028422592
bdsvm,dirichlet_0.1,1026,3,3820,0.5710642298446857,0.766,0.7588333333333334,2027433600
bdsvm,dirichlet_0.1,1026,4,2178,0.5711966119988998,0.7659166666666667,0.759,2027680848
bdsvm,dirichlet_0.1,1026,5,9084,0.5711257489339016,0.7660833333333333,0.7591666666666667,2027680848
bdsvm,dirichlet_0.1,1026,6,4274,0.5711626990982117,0.7661666666666667,0.7586666666666667,2026444608
bdsvm,dirichlet_0.1,1026,7,1766,0.5711541586178885,0.7659166666666667,0.7585,2027928096
bdsvm,dirichlet_0.1,1026,8,0,1.0,0.4859583333333333,0.4825,2026939104
bdsvm,dirichlet_0.1,1026,9,166,0.5711072906039883,0.7660833333333333,0.7593333333333333,2027680848
bdsvm,dirichlet_0.1,1051,0,0,1.0,0.4859583333333333,0.4825,2075646960
bdsvm,dirichlet_0.1,1051,1,1,0.5776948047034074,0.7639583333333333,0.7593333333333333,2078366688
bdsvm,dirichlet_0.1,1051,2,2711,0.5773776883181677,0.7645,0.7586666666666667,2077872192
bdsvm,dirichlet_0.1,1051,3,3820,0.5774220163100552,0.7644166666666666,0.7583333333333333,2076883200
bdsvm,dirichlet_0.1,1051,4,2178,0.5771805542913129,0.7646666666666667,0.7588333333333334,2077130448
bdsvm,dirichlet_0.1,1051,5,9084,0.5774757846940456,0.7643333333333333,0.7583333333333333,2077130448
bdsvm,dirichlet_0.1,1051,6,4274,0.5773525491166549,0.7646666666666667,0.7585,2075894208
bdsvm,dirichlet_0.1,1051,7,1766,0.577585256825634,0.7646666666666667,0.7583333333333333,2077377696
bdsvm,dirichlet_0.1,1051,8,0,1.0,0.4859583333333333,0.4825,2076388704
bdsvm,dirichlet_0.1,1051,9,166,0.5773701886620861,0.7645,0.7583333333333333,2077130448
bdsvm,dirichlet_0.1,1076,0,0,1.0,0.4859583333333333,0.4825,2125096560
bdsvm,dirichlet_0.1,1076,1,1,0.5763436812292927,0.7636666666666667,0.7595,2127816288
bdsvm,dirichlet_0.1,1076,2,2711,0.5758044851468873,0.7654166666666666,0.7595,2127321792
bdsvm,dirichlet_0.1,1076,3,3820,0.5758326468476571,0.765375,0.759,2126332800
bdsvm,dirichlet_0.1,1076,4,2178,0.5758179113379722,0.7654166666666666,0.7593333333333333,2126580048
bdsvm,dirichlet_0.1,1076,5,9084,0.5755958999734748,0.7654583333333334,0.7598333333333334,2126580048
bdsvm,dirichlet_0.1,1076,6,4274,0.5759384676521596,0.7652916666666667,0.7588333333333334,2125343808
bdsvm,dirichlet_0.1,1076,7,1766,0.5758006593254168,0.7652916666666667,0.7591666666666667,2126827296
bdsvm,dirichlet_0.1,1076,8,0,1.0,0.4859583333333333,0.4825,2125838304
bdsvm,dirichlet_0.1,1076,9,166,0.5755743983430899,0.7654166666666666,0.7598333333333334,2126580048
bdsvm,dirichlet_0.1,1101,0,0,1.0,0.4859583333333333,0.4825,2174546160
bdsvm,dirichlet_0.1,1101,1,1,0.5891654838788221,0.760625,0.7553333333333333,2177265888
bdsvm,dirichlet_0.1,1101,2,2711,0.589183207497864,0.7607916666666666,0.7548333333333334,2176771392
bdsvm,dirichlet_0.1,1101,3,3820,0.5895762382858036,0.76075,0.7553333333333333,2175782400
bdsvm,dirichlet_0.1,1101,4,2178,0.5932322699203879,0.7587083333333333,0.7535,2176029648
bdsvm,dirichlet_0.1,1101,5,9084,0.5880253906730208,0.7615416666666667,0.7556666666666667,2176029648
bdsvm,dirichlet_0.1,1101,6,4274,0.5887990558779894,0.761375,0.756,2174793408
bdsvm,dirichlet_0.1,1101,7,1766,0.5948827764381085,0.7589583333333333,0.7531666666666667,2176276896
bdsvm,dirichlet_0.1,1101,8,0,1.0,0.4859583333333333,0.4825,2175287904
bdsvm,dirichlet_0.1,1101,9,166,0.5897054299848011,0.7607916666666666,0.7551666666666667,2176029648
bdsvm,dirichlet_0.1,1126,0,0,1.0,0.4859583333333333,0.4825,2223995760
bdsvm,dirichlet_0.1,1126,1,1,0.5722081244566383,0.7645833333333333,0.7591666666666667,2226715488
bdsvm,dirichlet_0.1,1126,2,2711,0.5702565937051819,0.7662083333333334,0.7588333333333334,2226220992
bdsvm,dirichlet_0.1,1126,3,3820,0.5702770028211634,0.7662916666666667,0.7586666666666667,2225232000
bdsvm,dirichlet_0.1,1126,4,2178,0.5702496887434532,0.7661666666666667,0.7586666666666667,2225479248
bdsvm,dirichlet_0.1,1126,5,9084,0.5703026317687511,0.7660416666666666,0.7588333333333334,2225479248
bdsvm,dirichlet_0.1,1126,6,4274,0.5703716519153617,0.7660833333333333,0.7588333333333334,2224243008
bdsvm,dirichlet_0.1,1126,7,1766,0.5705161434405044,0.7661666666666667,0.7586666666666667,2225726496
bdsvm,dirichlet_0.1,1126,8,0,1.0,0.4859583333333333,0.4825,2224737504
bdsvm,dirichlet_0.1,1126,9,166,0.5702778545634544,0.7661666666666667,0.7588333333333334,2225479248
bdsvm,dirichlet_0.1,1151,0,0,1.0,0.4859583333333333,0.4825,2273445360
bdsvm,dirichlet_0.1,1151,1,1,0.5770714689501454,0.76375,0.7586666666666667,2276165088
bdsvm,dirichlet_0.1,1151,2,2711,0.5765979152312262,0.76525,0.759,2275670592
bdsvm,dirichlet_0.1,1151,3,3820,0.5769106225646861,0.7651666666666667,0.759,2274681600
bdsvm,dirichlet_0.1,1151,4,2178,0.5767898358533168,0.7653333333333333,0.7591666666666667,2274928848
bdsvm,dirichlet_0.1,1151,5,9084,0.5768096335809262,0.7653333333333333,0.7591666666666667,2274928848
bdsvm,dirichlet_0.1,1151,6,4274,0.5766437566294476,0.7651666666666667,0.759,2273692608
bdsvm,dirichlet_0.1,1151,7,1766,0.5766179236285733,0.7652083333333334,0.759,2275176096
bdsvm,dirichlet_0.1,1151,8,0,1.0,0.4859583333333333,0.4825,2274187104
bdsvm,dirichlet_0.1,1151,9,166,0.576940130759975,0.7653333333333333,0.759,2274928848
bdsvm,dirichlet_0.1,1176,0,0,1.0,0.4859583333333333,0.4825,2322894960
bdsvm,dirichlet_0.1,1176,1,1,0.5787815930133314,0.7629166666666667,0.7571666666666667,2325614688
bdsvm,dirichlet_0.1,1176,2,2711,0.578076893670714,0.764375,0.7588333333333334,2325120192
bdsvm,dirichlet_0.1,1176,3,3820,0.5789331120833219,0.76375,0.758,2324131200
bdsvm,dirichlet_0.1,1176,4,2178,0.5782943379908061,0.7642916666666667,0.7586666666666667,2324378448
bdsvm,dirichlet_0.1,1176,5,9084,0.5784784068786051,0.764,0.7581666666666667,2324378448
bdsvm,dirichlet_0.1,1176,6,4274,0.5787337482717559,0.7637916666666666,0.7583333333333333,2323142208
bdsvm,dirichlet_0.1,1176,7,1766,0.5780394146984175,0.7643333333333333,0.7588333333333334,2324625696
bdsvm,dirichlet_0.1,1176,8,0,1.0,0.4859583333333333,0.4825,2323636704
bdsvm,dirichlet_0.1,1176,9,166,0.5782029891573223,0.76425,0.7586666666666667,2324378448
bdsvm,dirichlet_0.1,1201,0,0,1.0,0.4859583333333333,0.4825,2372344560
bdsvm,dirichlet_0.1,1201,1,1,0.5758731836152478,0.7642083333333334,0.7588333333333334,2375064288
bdsvm,dirichlet_0.1,1201,2,2711,0.5748004719352421,0.764875,0.7586666666666667,2374569792
bdsvm,dirichlet_0.1,1201,3,3820,0.5752983187585481,0.7649166666666667,0.7588333333333334,2373580800
bdsvm,dirichlet_0.1,1201,4,2178,0.5751947876467797,0.7649166666666667,0.7585,2373828048
bdsvm,dirichlet_0.1,1201,5,9084,0.5753484333183289,0.76525,0.7586666666666667,2373828048
bdsvm,dirichlet_0.1,1201,6,4274,0.5751427634925058,0.7650416666666666,0.7586666666666667,2372591808
bdsvm,dirichlet_0.1,1201,7,1766,0.5744547051789348,0.764875,0.7591666666666667,2374075296
bdsvm,dirichlet_0.1,1201,8,0,1.0,0.4859583333333333,0.4825,2373086304
bdsvm,dirichlet_0.1,1201,9,166,0.574406546435517,0.7648333333333334,0.7588333333333334,2373828048
bdsvm,dirichlet_0.1,1226,0,0,1.0,0.4859583333333333,0.4825,2421794160
bdsvm,dirichlet_0.1,1226,1,1,0.5799926856144177,0.7634166666666666,0.759,2424513888
bdsvm,dirichlet_0.1,1226,2,2711,0.5798224171306959,0.7642083333333334,0.7578333333333334,2424019392
bdsvm,dirichlet_0.1,1226,3,3820,0.5796624123978917,0.764,0.7578333333333334,2423030400
bdsvm,dirichlet_0.1,1226,4,2178,0.5797578126448766,0.76425,0.758,2423277648
bdsvm,dirichlet_0.1,1226,5,9084,0.5796977843572625,0.7640833333333333,0.758,2423277648
bdsvm,dirichlet_0.1,1226,6,4274,0.5796878846024359,0.7640833333333333,0.7578333333333334,2422041408
bdsvm,dirichlet_0.1,1226,7,1766,0.5797745745217469,0.764125,0.7578333333333334,2423524896
bdsvm,dirichlet_0.1,1226,8,0,1.0,0.4859583333333333,0.4825,2422535904
bdsvm,dirichlet_0.1,1226,9,166,0.57971514082637,0.7641666666666667,0.7578333333333334,2423277648
bdsvm,dirichlet_0.1,1251,0,0,1.0,0.4859583333333333,0.4825,2471243760
bdsvm,dirichlet_0.1,1251,1,1,0.5752900071530369,0.7647916666666666,0.7593333333333333,2473963488
bdsvm,dirichlet_0.1,1251,2,2711,0.5737076216562674,0.765625,0.7588333333333334,2473468992
bdsvm,dirichlet_0.1,1251,3,3820,0.5743679638422399,0.7655416666666667,0.7591666666666667,2472480000
bdsvm,dirichlet_0.1,1251,4,2178,0.5740768339484849,0.7652916666666667,0.759,2472727248
bdsvm,dirichlet_0.1,1251,5,9084,0.5741848176351835,0.7652083333333334,0.7593333333333333,2472727248
bdsvm,dirichlet_0.1,1251,6,4274,0.5739207655992993,0.76525,0.759,2471491008
bdsvm,dirichlet_0.1,1251,7,1766,0.5744398990980565,0.7651666666666667,0.7588333333333334,2472974496
bdsvm,dirichlet_0.1,1251,8,0,1.0,0.4859583333333333,0.4825,2471985504
bdsvm,dirichlet_0.1,1251,9,166,0.5741208068251058,0.7652083333333334,0.759,2472727248
bdsvm,dirichlet_0.1,1276,0,0,1.0,0.4859583333333333,0.4825,2520693360
bdsvm,dirichlet_0.1,1276,1,1,0.5827223500424787,0.7616666666666667,0.7575,2523413088
bdsvm,dirichlet_0.1,1276,2,2711,0.5819714994890071,0.7635,0.7578333333333334,2522918592
bdsvm,dirichlet_0.1,1276,3,3820,0.5820869206620101,0.7635833333333333,0.7576666666666667,2521929600
bdsvm,dirichlet_0.1,1276,4,2178,0.5816813283557761,0.763625,0.7578333333333334,2522176848
bdsvm,dirichlet_0.1,1276,5,9084,0.5823123757322608,0.7633333333333333,0.7583333333333333,2522176848
bdsvm,dirichlet_0.1,1276,6,4274,0.5820136443019384,0.7634583333333333,0.7581666666666667,2520940608
bdsvm,dirichlet_0.1,1276,7,1766,0.5821409908542847,0.763375,0.758,2522424096
bdsvm,dirichlet_0.1,1276,8,0,1.0,0.4859583333333333,0.4825,2521435104
bdsvm,dirichlet_0.1,1276,9,166,0.581635038294201,0.7635833333333333,0.7581666666666667,2522176848
bdsvm,dirichlet_0.1,1301,0,0,1.0,0.4859583333333333,0.4825,2570142960
bdsvm,dirichlet_0.1,1301,1,1,0.5741519541874323,0.7642083333333334,0.7598333333333334,2572862688
bdsvm,dirichlet_0.1,1301,2,2711,0.5741210957143278,0.765,0.7598333333333334,2572368192
bdsvm,dirichlet_0.1,1301,3,3820,0.5741132313176803,0.7647083333333333,0.7596666666666667,2571379200
bdsvm,dirichlet_0.1,1301,4,2178,0.5730445914235894,0.765375,0.7598333333333334,2571626448
bdsvm,dirichlet_0.1,1301,5,9084,0.5743402988058074,0.7650416666666666,0.759,2571626448
bdsvm,dirichlet_0.1,1301,6,4274,0.5731981408004337,0.7654166666666666,0.7596666666666667,2570390208
bdsvm,dirichlet_0.1,1301,7,1766,0.5743381125800743,0.76475,0.7581666666666667,2571873696
bdsvm,dirichlet_0.1,1301,8,0,1.0,0.4859583333333333,0.4825,2570884704
bdsvm,dirichlet_0.1,1301,9,166,0.5743939747293527,0.7650833333333333,0.7588333333333334,2571626448
bdsvm,dirichlet_0.1,1326,0,0,1.0,0.4859583333333333,0.4825,2619592560
bdsvm,dirichlet_0.1,1326,1,1,0.5756798096877443,0.764625,0.7588333333333334,2622312288
bdsvm,dirichlet_0.1,1326,2,2711,0.5753876946520842,0.7649583333333333,0.7596666666666667,2621817792
bdsvm,dirichlet_0.1,1326,3,3820,0.5753818297422514,0.765,0.76,2620828800
bdsvm,dirichlet_0.1,1326,4,2178,0.5753839608474993,0.7650833333333333,0.7596666666666667,2621076048
bdsvm,dirichlet_0.1,1326,5,9084,0.5753788057732959,0.765,0.7595,2621076048
bdsvm,dirichlet_0.1,1326,6,4274,0.5753760888036923,0.765,0.7596666666666667,2619839808
bdsvm,dirichlet_0.1,1326,7,1766,0.5754111372599968,0.7650833333333333,0.7598333333333334,2621323296
bdsvm,dirichlet_0.1,1326,8,0,1.0,0.4859583333333333,0.4825,2620334304
bdsvm,dirichlet_0.1,1326,9,166,0.5753933047163672,0.765,0.7596666666666667,2621076048
bdsvm,dirichlet_0.1,1351,0,0,1.0,0.4859583333333333,0.4825,2669042160
bdsvm,dirichlet_0.1,1351,1,1,0.5889233259204171,0.759,0.7533333333333333,2671761888
bdsvm,dirichlet_0.1,1351,2,2711,0.58901301130627,0.7605833333333333,0.7555,2671267392
bdsvm,dirichlet_0.1,1351,3,3820,0.5885348563471701,0.760875,0.7555,2670278400
bdsvm,dirichlet_0.1,1351,4,2178,0.5886454237133096,0.7605,0.7551666666666667,2670525648
bdsvm,dirichlet_0.1,1351,5,9084,0.5885931201012362,0.7605416666666667,0.7551666666666667,2670525648
bdsvm,dirichlet_0.1,1351,6,4274,0.5886899812183551,0.760625,0.7556666666666667,2669289408
bdsvm,dirichlet_0.1,1351,7,1766,0.5878572076278775,0.7607083333333333,0.7556666666666667,2670772896
bdsvm,dirichlet_0.1,1351,8,0,1.0,0.4859583333333333,0.4825,2669783904
bdsvm,dirichlet_0.1,1351,9,166,0.5883204415879661,0.7608333333333334,0.7556666666666667,2670525648
bdsvm,dirichlet_0.1,1376,0,0,1.0,0.4859583333333333,0.4825,2718491760
bdsvm,dirichlet_0.1,1376,1,1,0.5905773041472793,0.7567916666666666,0.7526666666666667,2721211488
bdsvm,dirichlet_0.1,1376,2,2711,0.5903533430839352,0.7579583333333333,0.7528333333333334,2720716992
bdsvm,dirichlet_0.1,1376,3,3820,0.5901217676398187,0.7580416666666666,0.7533333333333333,2719728000
bdsvm,dirichlet_0.1,1376,4,2178,0.5901901145130162,0.7580833333333333,0.7531666666666667,2719975248
bdsvm,dirichlet_0.1,1376,5,9084,0.5901147849299027,0.7580833333333333,0.7533333333333333,2719975248
bdsvm,dirichlet_0.1,1376,6,4274,0.5902476525746427,0.7580416666666666,0.753,2718739008
bdsvm,dirichlet_0.1,1376,7,1766,0.5902867784119206,0.7580416666666666,0.753,2720222496
bdsvm,dirichlet_0.1,1376,8,0,1.0,0.4859583333333333,0.4825,2719233504
bdsvm,dirichlet_0.1,1376,9,166,0.5903147043428476,0.757875,0.753,2719975248
bdsvm,dirichlet_0.1,1401,0,0,1.0,0.4859583333333333,0.4825,2767941360
bdsvm,dirichlet_0.1,1401,1,1,0.5917338698123304,0.75275,0.7493333333333333,2770661088
bdsvm,dirichlet_0.1,1401,2,2711,0.5912828255528276,0.757,0.7508333333333334,2770166592
bdsvm,dirichlet_0.1,1401,3,3820,0.5913868691811867,0.7565416666666667,0.7505,2769177600
bdsvm,dirichlet_0.1,1401,4,2178,0.5911833688039548,0.75675,0.7508333333333334,2769424848
bdsvm,dirichlet_0.1,1401,5,9084,0.5915284529159537,0.7564166666666666,0.7506666666666667,2769424848
bdsvm,dirichlet_0.1,1401,6,4274,0.5912855092672483,0.75675,0.7506666666666667,2768188608
bdsvm,dirichlet_0.1,1401,7,1766,0.5912385374172756,0.756875,0.7508333333333334,2769672096
bdsvm,dirichlet_0.1,1401,8,0,1.0,0.4859583333333333,0.4825,2768683104
bdsvm,dirichlet_0.1,1401,9,166,0.5913991925215882,0.756625,0.7508333333333334,2769424848
bdsvm,dirichlet_0.1,1426,0,0,1.0,0.4859583333333333,0.4825,2817390960
bdsvm,dirichlet_0.1,1426,1,1,0.5980293926849247,0.727,0.7238333333333333,2820110688
bdsvm,dirichlet_0.1,1426,2,2711,0.6012676405051737,0.72225,0.7176666666666667,2819616192
bdsvm,dirichlet_0.1,1426,3,3820,0.6014899886810291,0.7210833333333333,0.7173333333333334,2818627200
bdsvm,dirichlet_0.1,1426,4,2178,0.6008206304178231,0.723125,0.7185,2818874448
bdsvm,dirichlet_0.1,1426,5,9084,0.6015859321145793,0.7210833333333333,0.7173333333333334,2818874448
bdsvm,dirichlet_0.1,1426,6,4274,0.6023221672603718,0.7184583333333333,0.715,2817638208
bdsvm,dirichlet_0.1,1426,7,1766,0.6066235950980647,0.71125,0.7093333333333334,2819121696
bdsvm,dirichlet_0.1,1426,8,0,1.0,0.4859583333333333,0.4825,2818132704
bdsvm,dirichlet_0.1,1426,9,166,0.6022997552271586,0.7188333333333333,0.7146666666666667,2818874448
bdsvm,dirichlet_0.1,1451,0,0,1.0,0.4859583333333333,0.4825,2866840560
bdsvm,dirichlet_0.1,1451,1,1,0.578160305228828,0.763125,0.7568333333333334,2869560288
bdsvm,dirichlet_0.1,1451,2,2711,0.5777174563470189,0.7637916666666666,0.758,2869065792
bdsvm,dirichlet_0.1,1451,3,3820,0.5777106854840266,0.7639166666666667,0.7583333333333333,2868076800
bdsvm,dirichlet_0.1,1451,4,2178,0.5775354144155934,0.763875,0.7583333333333333,2868324048
bdsvm,dirichlet_0.1,1451,5,9084,0.577623894255506,0.7638333333333334,0.7583333333333333,2868324048
bdsvm,dirichlet_0.1,1451,6,4274,0.577641618640162,0.7638333333333334,0.7583333333333333,2867087808
bdsvm,dirichlet_0.1,1451,7,1766,0.5775602071715183,0.763875,0.7585,2868571296
bdsvm,dirichlet_0.1,1451,8,0,1.0,0.4859583333333333,0.4825,2867582304
bdsvm,dirichlet_0.1,1451,9,166,0.5776534140746433,0.7637916666666666,0.7583333333333333,2868324048
bdsvm,dirichlet_0.1,1476,0,0,1.0,0.4859583333333333,0.4825,2916290160
bdsvm,dirichlet_0.1,1476,1,1,0.5786450663999472,0.76375,0.7586666666666667,2919009888
bdsvm,dirichlet_0.1,1476,2,2711,0.5782161159290692,0.7641666666666667,0.7576666666666667,2918515392
bdsvm,dirichlet_0.1,1476,3,3820,0.5782957997761814,0.7641666666666667,0.7576666666666667,2917526400
bdsvm,dirichlet_0.1,1476,4,2178,0.5782106945818228,0.764125,0.7575,2917773648
bdsvm,dirichlet_0.1,1476,5,9084,0.5783440896712271,0.7642083333333334,0.7576666666666667,2917773648
bdsvm,dirichlet_0.1,1476,6,4274,0.5782354811241347,0.764125,0.7576666666666667,2916537408
bdsvm,dirichlet_0.1,1476,7,1766,0.5782279482098851,0.764125,0.758,2918020896
bdsvm,dirichlet_0.1,1476,8,0,1.0,0.4859583333333333,0.4825,2917031904
bdsvm,dirichlet_0.1,1476,9,166,0.5782563672437732,0.76425,0.7576666666666667,2917773648
bdsvm,dirichlet_0.1,1501,0,0,1.0,0.4859583333333333,0.4825,2965739760
bdsvm,dirichlet_0.1,1501,1,1,0.5765633119177447,0.7645416666666667,0.7593333333333333,2968459488
bdsvm,dirichlet_0.1,1501,2,2711,0.5757789528411683,0.7646666666666667,0.759,2967964992
bdsvm,dirichlet_0.1,1501,3,3820,0.5758685322212248,0.7646666666666667,0.7588333333333334,2966976000
bdsvm,dirichlet_0.1,1501,4,2178,0.5758655170480302,0.7645833333333333,0.759,2967223248
bdsvm,dirichlet_0.1,1501,5,9084,0.5760543898017838,0.7645833333333333,0.7585,2967223248
bdsvm,dirichlet_0.1,1501,6,4274,0.5759101210776315,0.764625,0.7583333333333333,2965987008
bdsvm,dirichlet_0.1,1501,7,1766,0.575707408913226,0.764875,0.7588333333333334,2967470496
bdsvm,dirichlet_0.1,1501,8,0,1.0,0.4859583333333333,0.4825,2966481504
bdsvm,dirichlet_0.1,1501,9,166,0.5761630982084938,0.764375,0.7583333333333333,2967223248
bdsvm,dirichlet_0.1,1526,0,0,1.0,0.4859583333333333,0.4825,3015189360
bdsvm,dirichlet_0.1,1526,1,1,0.5780402620502271,0.76375,0.7581666666666667,3017909088
bdsvm,dirichlet_0.1,1526,2,2711,0.5775759433527634,0.76425,0.758,3017414592
bdsvm,dirichlet_0.1,1526,3,3820,0.57761869003094,0.7641666666666667,0.7583333333333333,3016425600
bdsvm,dirichlet_0.1,1526,4,2178,0.5776543478520203,0.7642916666666667,0.758,3016672848
bdsvm,dirichlet_0.1,1526,5,9084,0.5776245811233817,0.7641666666666667,0.7581666666666667,3016672848
bdsvm,dirichlet_0.1,1526,6,4274,0.5774185226234123,0.7643333333333333,0.758,3015436608
bdsvm,dirichlet_0.1,1526,7,1766,0.5773926196431362,0.7642916666666667,0.7581666666666667,3016920096
bdsvm,dirichlet_0.1,1526,8,0,1.0,0.4859583333333333,0.4825,3015931104
bdsvm,dirichlet_0.1,1526,9,166,0.5776901573148095,0.7642916666666667,0.7578333333333334,3016672848
bdsvm,dirichlet_0.1,1551,0,0,1.0,0.4859583333333333,0.4825,3064638960
bdsvm,dirichlet_0.1,1551,1,1,0.5803871134505093,0.7633333333333333,0.7595,3067358688
bdsvm,dirichlet_0.1,1551,2,2711,0.5829642139374177,0.7634583333333333,0.758,3066864192
bdsvm,dirichlet_0.1,1551,3,3820,0.5810921277778647,0.764125,0.7578333333333334,3065875200
bdsvm,dirichlet_0.1,1551,4,2178,0.5809845537418004,0.764125,0.758,3066122448
bdsvm,dirichlet_0.1,1551,5,9084,0.58081860129559,0.7643333333333333,0.7581666666666667,3066122448
bdsvm,dirichlet_0.1,1551,6,4274,0.5813590448133327,0.7639583333333333,0.7581666666666667,3064886208
bdsvm,dirichlet_0.1,1551,7,1766,0.580028706186954,0.7639583333333333,0.7578333333333334,3066369696
bdsvm,dirichlet_0.1,1551,8,0,1.0,0.4859583333333333,0.4825,3065380704
bdsvm,dirichlet_0.1,1551,9,166,0.5811591359175128,0.7639583333333333,0.758,3066122448
bdsvm,dirichlet_0.1,1576,0,0,1.0,0.4859583333333333,0.4825,3114088560
bdsvm,dirichlet_0.1,1576,1,1,0.5768746598542437,0.7633333333333333,0.7576666666666667,3116808288
bdsvm,dirichlet_0.1,1576,2,2711,0.5764746412820022,0.7648333333333334,0.7581666666666667,3116313792
bdsvm,dirichlet_0.1,1576,3,3820,0.576459192802534,0.7650833333333333,0.758,3115324800
bdsvm,dirichlet_0.1,1576,4,2178,0.5763601839242763,0.7650416666666666,0.758,3115572048
bdsvm,dirichlet_0.1,1576,5,9084,0.5763503306693329,0.7651666666666667,0.758,3115572048
bdsvm,dirichlet_0.1,1576,6,4274,0.5764510841305328,0.7650416666666666,0.7578333333333334,3114335808
bdsvm,dirichlet_0.1,1576,7,1766,0.5764785643047783,0.764875,0.7578333333333334,3115819296
bdsvm,dirichlet_0.1,1576,8,0,1.0,0.4859583333333333,0.4825,3114830304
bdsvm,dirichlet_0.1,1576,9,166,0.5765014934295898,0.76475,0.758,3115572048
bdsvm,dirichlet_0.1,1601,0,0,1.0,0.4859583333333333,0.4825,3163538160
bdsvm,dirichlet_0.1,1601,1,1,0.5791365151942323,0.7644583333333334,0.7595,3166257888
bdsvm,dirichlet_0.1,1601,2,2711,0.5783971658989776,0.7645416666666667,0.7581666666666667,3165763392
bdsvm,dirichlet_0.1,1601,3,3820,0.5793647019823802,0.764125,0.757,3164774400
bdsvm,dirichlet_0.1,1601,4,2178,0.5789076417524708,0.7642083333333334,0.7581666666666667,3165021648
bdsvm,dirichlet_0.1,1601,5,9084,0.5795681876392628,0.764,0.7573333333333333,3165021648
bdsvm,dirichlet_0.1,1601,6,4274,0.5789161762938668,0.764,0.758,3163785408
bdsvm,dirichlet_0.1,1601,7,1766,0.5785872309842345,0.7639583333333333,0.7586666666666667,3165268896
bdsvm,dirichlet_0.1,1601,8,0,1.0,0.4859583333333333,0.4825,3164279904
bdsvm,dirichlet_0.1,1601,9,166,0.5788368784579314,0.7642083333333334,0.7578333333333334,3165021648
bdsvm,dirichlet_0.1,1626,0,0,1.0,0.4859583333333333,0.4825,3212987760
bdsvm,dirichlet_0.1,1626,1,1,0.5776148574955486,0.7640833333333333,0.759,3215707488
bdsvm,dirichlet_0.1,1626,2,2711,0.5773870497955029,0.764875,0.759,3215212992
bdsvm,dirichlet_0.1,1626,3,3820,0.5773758201908848,0.7647916666666666,0.7591666666666667,3214224000
bdsvm,dirichlet_0.1,1626,4,2178,0.5773631973845272,0.7648333333333334,0.7591666666666667,3214471248
bdsvm,dirichlet_0.1,1626,5,9084,0.577339703617344,0.7647916666666666,0.759,3214471248
bdsvm,dirichlet_0.1,1626,6,4274,0.5773650445493458,0.7647916666666666,0.7591666666666667,3213235008
bdsvm,dirichlet_0.1,1626,7,1766,0.5773945675717095,0.7649166666666667,0.7591666666666667,3214718496
bdsvm,dirichlet_0.1,1626,8,0,1.0,0.4859583333333333,0.4825,3213729504
bdsvm,dirichlet_0.1,1626,9,166,0.5773746692656687,0.76475,0.759,3214471248
bdsvm,dirichlet_0.1,1651,0,0,1.0,0.4859583333333333,0.4825,3262437360
bdsvm,dirichlet_0.1,1651,1,1,0.5784507215484177,0.764,0.7585,3265157088
bdsvm,dirichlet_0.1,1651,2,2711,0.5781680020577372,0.7645833333333333,0.7583333333333333,3264662592
bdsvm,dirichlet_0.1,1651,3,3820,0.5781401186458494,0.764625,0.7583333333333333,3263673600
bdsvm,dirichlet_0.1,1651,4,2178,0.57815558942593,0.764625,0.7581666666666667,3263920848
bdsvm,dirichlet_0.1,1651,5,9084,0.5781525276741137,0.764625,0.7581666666666667,3263920848
bdsvm,dirichlet_0.1,1651,6,4274,0.5781011742841408,0.764625,0.7581666666666667,3262684608
bdsvm,dirichlet_0.1,1651,7,1766,0.5781250050676522,0.7647083333333333,0.7581666666666667,3264168096
bdsvm,dirichlet_0.1,1651,8,0,1.0,0.4859583333333333,0.4825,3263179104
bdsvm,dirichlet_0.1,1651,9,166,0.5781252889145739,0.7645833333333333,0.7583333333333333,3263920848
bdsvm,dirichlet_0.1,1676,0,0,1.0,0.4859583333333333,0.4825,3311886960
bdsvm,dirichlet_0.1,1676,1,1,0.5733772824380703,0.7650833333333333,0.7591666666666667,3314606688
bdsvm,dirichlet_0.1,1676,2,2711,0.5722185040842188,0.7655416666666667,0.7601666666666667,3314112192
bdsvm,dirichlet_0.1,1676,3,3820,0.5721716670602444,0.7654166666666666,0.7595,3313123200
bdsvm,dirichlet_0.1,1676,4,2178,0.5721845346010798,0.7654166666666666,0.7598333333333334,3313370448
bdsvm,dirichlet_0.1,1676,5,9084,0.571908123691277,0.7655833333333333,0.7593333333333333,3313370448
bdsvm,dirichlet_0.1,1676,6,4274,0.5719850962173608,0.7656666666666667,0.7591666666666667,3312134208
bdsvm,dirichlet_0.1,1676,7,1766,0.5719178414770537,0.7657916666666666,0.7591666666666667,3313617696
bdsvm,dirichlet_0.1,1676,8,0,1.0,0.4859583333333333,0.4825,3312628704
bdsvm,dirichlet_0.1,1676,9,166,0.5721301909744778,0.7654583333333334,0.7598333333333334,3313370448
bdsvm,dirichlet_0.1,1701,0,0,1.0,0.4859583333333333,0.4825,3361336560
bdsvm,dirichlet_0.1,1701,1,1,0.5752704662644111,0.76425,0.761,3364056288
bdsvm,dirichlet_0.1,1701,2,2711,0.5744010412007986,0.7646666666666667,0.7601666666666667,3363561792
bdsvm,dirichlet_0.1,1701,3,3820,0.5745070451997428,0.7649583333333333,0.7601666666666667,3362572800
bdsvm,dirichlet_0.1,1701,4,2178,0.5743439086709654,0.7647083333333333,0.76,3362820048
bdsvm,dirichlet_0.1,1701,5,9084,0.5756668062183814,0.7646666666666667,0.759,3362820048
bdsvm,dirichlet_0.1,1701,6,4274,0.5745780768305876,0.764625,0.7605,3361583808
bdsvm,dirichlet_0.1,1701,7,1766,0.5744710282694913,0.7647916666666666,0.7601666666666667,3363067296
bdsvm,dirichlet_0.1,1701,8,0,1.0,0.4859583333333333,0.4825,3362078304
bdsvm,dirichlet_0.1,1701,9,166,0.5745004456476361,0.7647083333333333,0.7601666666666667,3362820048
bdsvm,dirichlet_0.1,1726,0,0,1.0,0.4859583333333333,0.4825,3410786160
bdsvm,dirichlet_0.1,1726,1,1,0.5768460837764134,0.7645833333333333,0.7593333333333333,3413505888
bdsvm,dirichlet_0.1,1726,2,2711,0.5764071091188546,0.7649166666666667,0.7593333333333333,3413011392
bdsvm,dirichlet_0.1,1726,3,3820,0.5764333865910242,0.7650833333333333,0.7595,3412022400
bdsvm,dirichlet_0.1,1726,4,2178,0.5759271279596158,0.7650833333333333,0.7588333333333334,3412269648
bdsvm,dirichlet_0.1,1726,5,9084,0.576338046125934,0.7650416666666666,0.7598333333333334,3412269648
bdsvm,dirichlet_0.1,1726,6,4274,0.5758844174507819,0.7650416666666666,0.7586666666666667,3411033408
bdsvm,dirichlet_0.1,1726,7,1766,0.5759436920176015,0.765,0.759,3412516896
bdsvm,dirichlet_0.1,1726,8,0,1.0,0.4859583333333333,0.4825,3411527904
bdsvm,dirichlet_0.1,1726,9,166,0.5762184299916664,0.7650833333333333,0.7595,3412269648
bdsvm,dirichlet_0.1,1751,0,0,1.0,0.4859583333333333,0.4825,3460235760
bdsvm,dirichlet_0.1,1751,1,1,0.5821374852439902,0.763375,0.759,3462955488
bdsvm,dirichlet_0.1,1751,2,2711,0.582034555543275,0.7640416666666666,0.7578333333333334,3462460992
bdsvm,dirichlet_0.1,1751,3,3820,0.5818380328773518,0.7637916666666666,0.7575,3461472000
bdsvm,dirichlet_0.1,1751,4,2178,0.5817378362299492,0.7637916666666666,0.7573333333333333,3461719248
bdsvm,dirichlet_0.1,1751,5,9084,0.5817938514897586,0.7636666666666667,0.7575,3461719248
bdsvm,dirichlet_0.1,1751,6,4274,0.5819422457105491,0.763875,0.7575,3460483008
bdsvm,dirichlet_0.1,1751,7,1766,0.5822968411638644,0.7640833333333333,0.7581666666666667,3461966496
bdsvm,dirichlet_0.1,1751,8,0,1.0,0.4859583333333333,0.4825,3460977504
bdsvm,dirichlet_0.1,1751,9,166,0.5822148512458587,0.7639583333333333,0.7578333333333334,3461719248
bdsvm,dirichlet_0.1,1776,0,0,1.0,0.4859583333333333,0.4825,3509685360
bdsvm,dirichlet_0.1,1776,1,1,0.5738281148435436,0.764375,0.7601666666666667,3512405088
bdsvm,dirichlet_0.1,1776,2,2711,0.5725445777425958,0.7655833333333333,0.759,3511910592
bdsvm,dirichlet_0.1,1776,3,3820,0.5725329669704239,0.7655416666666667,0.7588333333333334,3510921600
bdsvm,dirichlet_0.1,1776,4,2178,0.5725678770702342,0.7655416666666667,0.7595,3511168848
bdsvm,dirichlet_0.1,1776,5,9084,0.572493022859358,0.7654166666666666,0.7595,3511168848
bdsvm,dirichlet_0.1,1776,6,4274,0.572575632495568,0.7657083333333333,0.7588333333333334,3509932608
bdsvm,dirichlet_0.1,1776,7,1766,0.5725071054523884,0.7655,0.7586666666666667,3511416096
bdsvm,dirichlet_0.1,1776,8,0,1.0,0.4859583333333333,0.4825,3510427104
bdsvm,dirichlet_0.1,1776,9,166,0.5725337828442133,0.7654583333333334,0.7593333333333333,3511168848
bdsvm,dirichlet_0.1,1801,0,0,1.0,0.4859583333333333,0.4825,3559134960
bdsvm,dirichlet_0.1,1801,1,1,0.5845591430869311,0.7617916666666666,0.7565,3561854688
bdsvm,dirichlet_0.1,1801,2,2711,0.5845722692779686,0.7624583333333333,0.7573333333333333,3561360192
bdsvm,dirichlet_0.1,1801,3,3820,0.5841528345217643,0.7629166666666667,0.7575,3560371200
bdsvm,dirichlet_0.1,1801,4,2178,0.5844840782361693,0.7624166666666666,0.7581666666666667,3560618448
bdsvm,dirichlet_0.1,1801,5,9084,0.5843612718770088,0.7624166666666666,0.7576666666666667,3560618448
bdsvm,dirichlet_0.1,1801,6,4274,0.5843898947442291,0.762375,0.7578333333333334,3559382208
bdsvm,dirichlet_0.1,1801,7,1766,0.5844055130847621,0.7624166666666666,0.7576666666666667,3560865696
bdsvm,dirichlet_0.1,1801,8,0,1.0,0.4859583333333333,0.4825,3559876704
bdsvm,dirichlet_0.1,1801,9,166,0.5850452849772566,0.7619166666666667,0.7563333333333333,3560618448
bdsvm,dirichlet_0.1,1826,0,0,1.0,0.4859583333333333,0.4825,3608584560
bdsvm,dirichlet_0.1,1826,1,1,0.5729656042637008,0.764,0.7605,3611304288
bdsvm,dirichlet_0.1,1826,2,2711,0.5709418495939208,0.7655,0.7586666666666667,3610809792
bdsvm,dirichlet_0.1,1826,3,3820,0.5714083549689738,0.7653333333333333,0.7588333333333334,3609820800
bdsvm,dirichlet_0.1,1826,4,2178,0.5713189954598703,0.765375,0.759,3610068048
bdsvm,dirichlet_0.1,1826,5,9084,0.5710310096649609,0.7657916666666666,0.7585,3610068048
bdsvm,dirichlet_0.1,1826,6,4274,0.5711006306554948,0.7654166666666666,0.7586666666666667,3608831808
bdsvm,dirichlet_0.1,1826,7,1766,0.5710856408382015,0.7654166666666666,0.7586666666666667,3610315296
bdsvm,dirichlet_0.1,1826,8,0,1.0,0.4859583333333333,0.4825,3609326304
bdsvm,dirichlet_0.1,1826,9,166,0.5708180877098019,0.7657083333333333,0.7586666666666667,3610068048
bdsvm,dirichlet_0.1,1851,0,0,1.0,0.4859583333333333,0.4825,3658034160
bdsvm,dirichlet_0.1,1851,1,1,0.5749978286665977,0.7635,0.7586666666666667,3660753888
bdsvm,dirichlet_0.1,1851,2,2711,0.5745186317836536,0.7655833333333333,0.7603333333333333,3660259392
bdsvm,dirichlet_0.1,1851,3,3820,0.5745342817990245,0.7655,0.7598333333333334,3659270400
bdsvm,dirichlet_0.1,1851,4,2178,0.5745327694737439,0.765625,0.7603333333333333,3659517648
bdsvm,dirichlet_0.1,1851,5,9084,0.5744796966020272,0.7657083333333333,0.7603333333333333,3659517648
bdsvm,dirichlet_0.1,1851,6,4274,0.5745569241370373,0.7655833333333333,0.76,3658281408
bdsvm,dirichlet_0.1,1851,7,1766,0.5745366288518726,0.7656666666666667,0.76,3659764896
bdsvm,dirichlet_0.1,1851,8,0,1.0,0.4859583333333333,0.4825,3658775904
bdsvm,dirichlet_0.1,1851,9,166,0.5745541990169678,0.7655833333333333,0.7603333333333333,3659517648
bdsvm,dirichlet_0.1,1876,0,0,1.0,0.4859583333333333,0.4825,3707483760
bdsvm,dirichlet_0.1,1876,1,1,0.5909347258445412,0.7585416666666667,0.7551666666666667,3710203488
bdsvm,dirichlet_0.1,1876,2,2711,0.5912442693428138,0.7590416666666666,0.7531666666666667,3709708992
bdsvm,dirichlet_0.1,1876,3,3820,0.5910879897724749,0.759125,0.753,3708720000
bdsvm,dirichlet_0.1,1876,4,2178,0.5905412559030428,0.7595833333333334,0.7546666666666667,3708967248
bdsvm,dirichlet_0.1,1876,5,9084,0.591597529083308,0.759125,0.7543333333333333,3708967248
bdsvm,dirichlet_0.1,1876,6,4274,0.5901714176249502,0.7601666666666667,0.7553333333333333,3707731008
bdsvm,dirichlet_0.1,1876,7,1766,0.5901989627242962,0.760125,0.7553333333333333,3709214496
bdsvm,dirichlet_0.1,1876,8,0,1.0,0.4859583333333333,0.4825,3708225504
bdsvm,dirichlet_0.1,1876,9,166,0.5920536572749854,0.7582916666666667,0.7536666666666667,3708967248
bdsvm,dirichlet_0.1,1901,0,0,1.0,0.4859583333333333,0.4825,3756933360
bdsvm,dirichlet_0.1,1901,1,1,0.5928969623041763,0.7378333333333333,0.7336666666666667,3759653088
bdsvm,dirichlet_0.1,1901,2,2711,0.5922651412620868,0.7422083333333334,0.7368333333333333,3759158592
bdsvm,dirichlet_0.1,1901,3,3820,0.5924442811469918,0.74175,0.7365,3758169600
bdsvm,dirichlet_0.1,1901,4,2178,0.5941494303685824,0.739,0.7351666666666666,3758416848
bdsvm,dirichlet_0.1,1901,5,9084,0.5924473362330372,0.742375,0.7365,3758416848
bdsvm,dirichlet_0.1,1901,6,4274,0.5929248325540983,0.7421666666666666,0.7371666666666666,3757180608
bdsvm,dirichlet_0.1,1901,7,1766,0.5938724008632695,0.7399166666666667,0.7356666666666667,3758664096
bdsvm,dirichlet_0.1,1901,8,0,1.0,0.4859583333333333,0.4825,3757675104
bdsvm,dirichlet_0.1,1901,9,166,0.591666168388064,0.743375,0.7391666666666666,3758416848
bdsvm,dirichlet_0.1,1926,0,0,1.0,0.4859583333333333,0.4825,3806382960
bdsvm,dirichlet_0.1,1926,1,1,0.5784213816549038,0.7634166666666666,0.7575,3809102688
bdsvm,dirichlet_0.1,1926,2,2711,0.5779395855054925,0.763875,0.7571666666666667,3808608192
bdsvm,dirichlet_0.1,1926,3,3820,0.5779920838896151,0.7639166666666667,0.7566666666666667,3807619200
bdsvm,dirichlet_0.1,1926,4,2178,0.5785850464086416,0.7639583333333333,0.757,3807866448
bdsvm,dirichlet_0.1,1926,5,9084,0.5778307764224873,0.7638333333333334,0.757,3807866448
bdsvm,dirichlet_0.1,1926,6,4274,0.5778901031842266,0.7640416666666666,0.7565,3806630208
bdsvm,dirichlet_0.1,1926,7,1766,0.5778104535250367,0.7640416666666666,0.7565,3808113696
bdsvm,dirichlet_0.1,1926,8,0,1.0,0.4859583333333333,0.4825,3807124704
bdsvm,dirichlet_0.1,1926,9,166,0.577910569622301,0.7636666666666667,0.7565,3807866448
bdsvm,dirichlet_0.1,1951,0,0,1.0,0.4859583333333333,0.4825,3855832560
bdsvm,dirichlet_0.1,1951,1,1,0.5789958641676646,0.7639166666666667,0.7583333333333333,3858552288
bdsvm,dirichlet_0.1,1951,2,2711,0.5784404172632982,0.764125,0.7575,3858057792
bdsvm,dirichlet_0.1,1951,3,3820,0.5784402562603641,0.764125,0.7575,3857068800
bdsvm,dirichlet_0.1,1951,4,2178,0.578482837393094,0.7640833333333333,0.7573333333333333,3857316048
bdsvm,dirichlet_0.1,1951,5,9084,0.5783564087377702,0.76425,0.7575,3857316048
bdsvm,dirichlet_0.1,1951,6,4274,0.5785532416046609,0.764,0.7575,3856079808
bdsvm,dirichlet_0.1,1951,7,1766,0.5789082240163502,0.764,0.7565,3857563296
bdsvm,dirichlet_0.1,1951,8,0,1.0,0.4859583333333333,0.4825,3856574304
bdsvm,dirichlet_0.1,1951,9,166,0.5783386928068381,0.7642916666666667,0.7575,3857316048
bdsvm,dirichlet_0.1,1976,0,0,1.0,0.4859583333333333,0.4825,3905282160
bdsvm,dirichlet_0.1,1976,1,1,0.578360285963539,0.7636666666666667,0.7591666666666667,3908001888
bdsvm,dirichlet_0.1,1976,2,2711,0.5784093145009541,0.7643333333333333,0.7578333333333334,3907507392
bdsvm,dirichlet_0.1,1976,3,3820,0.5787563794355821,0.76425,0.7586666666666667,3906518400
bdsvm,dirichlet_0.1,1976,4,2178,0.5784762011642613,0.7644166666666666,0.7583333333333333,3906765648
bdsvm,dirichlet_0.1,1976,5,9084,0.5784559110328258,0.7644166666666666,0.7585,3906765648
bdsvm,dirichlet_0.1,1976,6,4274,0.5784393925115697,0.764125,0.7583333333333333,3905529408
bdsvm,dirichlet_0.1,1976,7,1766,0.5777264806995819,0.7644583333333334,0.7586666666666667,3907012896
bdsvm,dirichlet_0.1,1976,8,0,1.0,0.4859583333333333,0.4825,3906023904
bdsvm,dirichlet_0.1,1976,9,166,0.5779575985122383,0.7644166666666666,0.758,3906765648
bdsvm,dirichlet_0.1,2001,0,0,1.0,0.4859583333333333,0.4825,3954731760
bdsvm,dirichlet_0.1,2001,1,1,0.5807404536211587,0.7635,0.7588333333333334,3957451488
bdsvm,dirichlet_0.1,2001,2,2711,0.5806618852970118,0.7643333333333333,0.7583333333333333,3956956992
bdsvm,dirichlet_0.1,2001,3,3820,0.5806531282204377,0.7642916666666667,0.7583333333333333,3955968000
bdsvm,dirichlet_0.1,2001,4,2178,0.5805910703706598,0.7644166666666666,0.7583333333333333,3956215248
bdsvm,dirichlet_0.1,2001,5,9084,0.5806048822541631,0.764375,0.7583333333333333,3956215248
bdsvm,dirichlet_0.1,2001,6,4274,0.5803368727199045,0.764375,0.758,3954979008
bdsvm,dirichlet_0.1,2001,7,1766,0.5805918208550617,0.7644166666666666,0.7583333333333333,3956462496
bdsvm,dirichlet_0.1,2001,8,0,1.0,0.4859583333333333,0.4825,3955473504
bdsvm,dirichlet_0.1,2001,9,166,0.5806416396576227,0.7643333333333333,0.7583333333333333,3956215248
bdsvm,dirichlet_0.1,2026,0,0,1.0,0.4859583333333333,0.4825,4004181360
bdsvm,dirichlet_0.1,2026,1,1,0.5745777715424403,0.7643333333333333,0.7593333333333333,4006901088
bdsvm,dirichlet_0.1,2026,2,2711,0.5740443571968821,0.765,0.7585,4006406592
bdsvm,dirichlet_0.1,2026,3,3820,0.5740798796061458,0.7649166666666667,0.758,4005417600
bdsvm,dirichlet_0.1,2026,4,2178,0.5739887647287683,0.7649166666666667,0.758,4005664848
bdsvm,dirichlet_0.1,2026,5,9084,0.5739530910867353,0.7649166666666667,0.7583333333333333,4005664848
bdsvm,dirichlet_0.1,2026,6,4274,0.5740341895084298,0.7649166666666667,0.7576666666666667,4004428608
bdsvm,dirichlet_0.1,2026,7,1766,0.5738206885301791,0.7649166666666667,0.758,4005912096
bdsvm,dirichlet_0.1,2026,8,0,1.0,0.4859583333333333,0.4825,4004923104
bdsvm,dirichlet_0.1,2026,9,166,0.5740777255324947,0.765,0.7585,4005664848
bdsvm,dirichlet_0.1,2051,0,0,1.0,0.4859583333333333,0.4825,4053630960
bdsvm,dirichlet_0.1,2051,1,1,0.5781489927219691,0.7638333333333334,0.7583333333333333,4056350688
bdsvm,dirichlet_0.1,2051,2,2711,0.5779724497437522,0.7642083333333334,0.7581666666666667,4055856192
bdsvm,dirichlet_0.1,2051,3,3820,0.5779490799328583,0.7641666666666667,0.758,4054867200
bdsvm,dirichlet_0.1,2051,4,2178,0.577503252568906,0.7640416666666666,0.7583333333333333,4055114448
bdsvm,dirichlet_0.1,2051,5,9084,0.5775016684008589,0.76425,0.7583333333333333,4055114448
bdsvm,dirichlet_0.1,2051,6,4274,0.5776123366492092,0.7640416666666666,0.7581666666666667,4053878208
bdsvm,dirichlet_0.1,2051,7,1766,0.5776224578076359,0.7640833333333333,0.758,4055361696
bdsvm,dirichlet_0.1,2051,8,0,1.0,0.4859583333333333,0.4825,4054372704
bdsvm,dirichlet_0.1,2051,9,166,0.5779396371431514,0.764125,0.7581666666666667,4055114448
bdsvm,dirichlet_0.1,2076,0,0,1.0,0.4859583333333333,0.4825,4103080560
bdsvm,dirichlet_0.1,2076,1,1,0.5721381089906846,0.7655416666666667,0.7611666666666667,4105800288
bdsvm,dirichlet_0.1,2076,2,2711,0.5703474209752496,0.766,0.7598333333333334,4105305792
bdsvm,dirichlet_0.1,2076,3,3820,0.5704145439069082,0.7656666666666667,0.7591666666666667,4104316800
bdsvm,dirichlet_0.1,2076,4,2178,0.5703981731450172,0.7658333333333334,0.7598333333333334,4104564048
bdsvm,dirichlet_0.1,2076,5,9084,0.5703851213522886,0.766,0.7596666666666667,4104564048
bdsvm,dirichlet_0.1,2076,6,4274,0.5704372383226389,0.76575,0.7595,4103327808
bdsvm,dirichlet_0.1,2076,7,1766,0.5704090795759788,0.7659166666666667,0.7596666666666667,4104811296
bdsvm,dirichlet_0.1,2076,8,0,1.0,0.4859583333333333,0.4825,4103822304
bdsvm,dirichlet_0.1,2076,9,166,0.5705028826571906,0.7659166666666667,0.76,4104564048
bdsvm,dirichlet_0.1,2101,0,0,1.0,0.4859583333333333,0.4825,4152530160
bdsvm,dirichlet_0.1,2101,1,1,0.5974472363039166,0.7525,0.7491666666666666,4155249888
bdsvm,dirichlet_0.1,2101,2,2711,0.5940458984359867,0.757875,0.7525,4154755392
bdsvm,dirichlet_0.1,2101,3,3820,0.5905629841399811,0.7590416666666666,0.7545,4153766400
bdsvm,dirichlet_0.1,2101,4,2178,0.5899442542235506,0.7597083333333333,0.7551666666666667,4154013648
bdsvm,dirichlet_0.1,2101,5,9084,0.589750273638144,0.7604583333333333,0.7563333333333333,4154013648
bdsvm,dirichlet_0.1,2101,6,4274,0.595789756897416,0.7571666666666667,0.7515,4152777408
bdsvm,dirichlet_0.1,2101,7,1766,0.5933590062290404,0.7582916666666667,0.7538333333333334,4154260896
bdsvm,dirichlet_0.1,2101,8,0,1.0,0.4859583333333333,0.4825,4153271904
bdsvm,dirichlet_0.1,2101,9,166,0.5936675435386652,0.7579166666666667,0.7535,4154013648
bdsvm,dirichlet_0.1,2126,0,0,1.0,0.4859583333333333,0.4825,4201979760
bdsvm,dirichlet_0.1,2126,1,1,0.6044029809438175,0.7272916666666667,0.7241666666666666,4204699488
bdsvm,dirichlet_0.1,2126,2,2711,0.6044922814305673,0.7296666666666667,0.7253333333333334,4204204992
bdsvm,dirichlet_0.1,2126,3,3820,0.603170239950851,0.732875,0.7293333333333333,4203216000
bdsvm,dirichlet_0.1,2126,4,2178,0.6031930397477299,0.732875,0.7293333333333333,4203463248
bdsvm,dirichlet_0.1,2126,5,9084,0.6043179033594472,0.7304166666666667,0.7261666666666666,4203463248
bdsvm,dirichlet_0.1,2126,6,4274,0.6043841174455884,0.7305833333333334,0.7265,4202227008
bdsvm,dirichlet_0.1,2126,7,1766,0.603522808010727,0.732625,0.7283333333333334,4203710496
bdsvm,dirichlet_0.1,2126,8,0,1.0,0.4859583333333333,0.4825,4202721504
bdsvm,dirichlet_0.1,2126,9,166,0.6043784783926076,0.73025,0.7261666666666666,4203463248
bdsvm,dirichlet_0.1,2151,0,0,1.0,0.4859583333333333,0.4825,4251429360
bdsvm,dirichlet_0.1,2151,1,1,0.5793229282553836,0.7612916666666667,0.7531666666666667,4254149088
bdsvm,dirichlet_0.1,2151,2,2711,0.5793170922818459,0.7625833333333333,0.7553333333333333,4253654592
bdsvm,dirichlet_0.1,2151,3,3820,0.5796407694884369,0.7622083333333334,0.7548333333333334,4252665600
bdsvm,dirichlet_0.1,2151,4,2178,0.5785088901445695,0.76275,0.7555,4252912848
bdsvm,dirichlet_0.1,2151,5,9084,0.5765587757819675,0.7632083333333334,0.7566666666666667,4252912848
bdsvm,dirichlet_0.1,2151,6,4274,0.5800205188384022,0.7622916666666667,0.755,4251676608
bdsvm,dirichlet_0.1,2151,7,1766,0.5784477376436366,0.762625,0.7558333333333334,4253160096
bdsvm,dirichlet_0.1,2151,8,0,1.0,0.4859583333333333,0.4825,4252171104
bdsvm,dirichlet_0.1,2151,9,166,0.5783953511494276,0.7626666666666667,0.7551666666666667,4252912848
bdsvm,dirichlet_0.1,2176,0,0,1.0,0.4859583333333333,0.4825,4300878960
bdsvm,dirichlet_0.1,2176,1,1,0.5841712573717455,0.7620833333333333,0.7551666666666667,4303598688
bdsvm,dirichlet_0.1,2176,2,2711,0.5836300795667,0.7617083333333333,0.757,4303104192
bdsvm,dirichlet_0.1,2176,3,3820,0.5838621328026304,0.7616666666666667,0.7566666666666667,4302115200
bdsvm,dirichlet_0.1,2176,4,2178,0.583844357379016,0.76175,0.7565,4302362448
bdsvm,dirichlet_0.1,2176,5,9084,0.5836755833320817,0.7618333333333334,0.7566666666666667,4302362448
bdsvm,dirichlet_0.1,2176,6,4274,0.5836232853710738,0.76175,0.7566666666666667,4301126208
bdsvm,dirichlet_0.1,2176,7,1766,0.5836735021409893,0.76175,0.7566666666666667,4302609696
bdsvm,dirichlet_0.1,2176,8,0,1.0,0.4859583333333333,0.4825,4301620704
bdsvm,dirichlet_0.1,2176,9,166,0.5837752619545118,0.7617916666666666,0.7565,4302362448
bdsvm,dirichlet_0.1,2201,0,0,1.0,0.4859583333333333,0.4825,4350328560
bdsvm,dirichlet_0.1,2201,1,1,0.578283975784301,0.7629166666666667,0.7585,4353048288
bdsvm,dirichlet_0.1,2201,2,2711,0.57887410076584,0.7641666666666667,0.7585,4352553792
bdsvm,dirichlet_0.1,2201,3,3820,0.5784246543077937,0.7643333333333333,0.7586666666666667,4351564800
bdsvm,dirichlet_0.1,2201,4,2178,0.5760255900549508,0.7645833333333333,0.7586666666666667,4351812048
bdsvm,dirichlet_0.1,2201,5,9084,0.5751609112668568,0.765,0.758,4351812048
bdsvm,dirichlet_0.1,2201,6,4274,0.574748523538797,0.76525,0.7583333333333333,4350575808
bdsvm,dirichlet_0.1,2201,7,1766,0.5751194092496563,0.7649583333333333,0.7581666666666667,4352059296
bdsvm,dirichlet_0.1,2201,8,0,1.0,0.4859583333333333,0.4825,4351070304
bdsvm,dirichlet_0.1,2201,9,166,0.5783300138696861,0.7642083333333334,0.7581666666666667,4351812048
bdsvm,dirichlet_0.1,2226,0,0,1.0,0.4859583333333333,0.4825,4399778160
bdsvm,dirichlet_0.1,2226,1,1,0.571899980101765,0.764625,0.7598333333333334,4402497888
bdsvm,dirichlet_0.1,2226,2,2711,0.569840445874199,0.7660833333333333,0.7598333333333334,4402003392
bdsvm,dirichlet_0.1,2226,3,3820,0.5700261493563537,0.765875,0.7601666666666667,4401014400
bdsvm,dirichlet_0.1,2226,4,2178,0.5700214831282259,0.7659583333333333,0.76,4401261648
bdsvm,dirichlet_0.1,2226,5,9084,0.5700097263678175,0.7660416666666666,0.7596666666666667,4401261648
bdsvm,dirichlet_0.1,2226,6,4274,0.5700143265723524,0.7660416666666666,0.76,4400025408
bdsvm,dirichlet_0.1,2226,7,1766,0.5699467848429078,0.7659583333333333,0.7598333333333334,4401508896
bdsvm,dirichlet_0.1,2226,8,0,1.0,0.4859583333333333,0.4825,4400519904
bdsvm,dirichlet_0.1,2226,9,166,0.5699183256599196,0.7660416666666666,0.7598333333333334,4401261648
bdsvm,dirichlet_0.1,2251,0,0,1.0,0.4859583333333333,0.4825,4449227760
bdsvm,dirichlet_0.1,2251,1,1,0.5769545040707166,0.7640416666666666,0.7573333333333333,4451947488
bdsvm,dirichlet_0.1,2251,2,2711,0.5767467980552154,0.7645416666666667,0.7593333333333333,4451452992
bdsvm,dirichlet_0.1,2251,3,3820,0.5763718835436619,0.764875,0.7591666666666667,4450464000
bdsvm,dirichlet_0.1,2251,4,2178,0.5766021374150817,0.764625,0.759,4450711248
bdsvm,dirichlet_0.1,2251,5,9084,0.5766284045028376,0.764625,0.7586666666666667,4450711248
bdsvm,dirichlet_0.1,2251,6,4274,0.5763510932438674,0.764875,0.7588333333333334,4449475008
bdsvm,dirichlet_0.1,2251,7,1766,0.5766322305148922,0.76475,0.759,4450958496
bdsvm,dirichlet_0.1,2251,8,0,1.0,0.4859583333333333,0.4825,4449969504
bdsvm,dirichlet_0.1,2251,9,166,0.5766000054007266,0.7645833333333333,0.7588333333333334,4450711248
bdsvm,dirichlet_0.1,2276,0,0,1.0,0.4859583333333333,0.4825,4498677360
bdsvm,dirichlet_0.1,2276,1,1,0.5873886342539348,0.76,0.7546666666666667,4501397088
bdsvm,dirichlet_0.1,2276,2,2711,0.5858963603755425,0.7617083333333333,0.7565,4500902592
bdsvm,dirichlet_0.1,2276,3,3820,0.5872985914620978,0.7611666666666667,0.7565,4499913600
bdsvm,dirichlet_0.1,2276,4,2178,0.5867586910220909,0.7614583333333333,0.7566666666666667,4500160848
bdsvm,dirichlet_0.1,2276,5,9084,0.5870674905369021,0.7612916666666667,0.7565,4500160848
bdsvm,dirichlet_0.1,2276,6,4274,0.5868129982483804,0.76125,0.7565,4498924608
bdsvm,dirichlet_0.1,2276,7,1766,0.5871413346458719,0.7612083333333334,0.7565,4500408096
bdsvm,dirichlet_0.1,2276,8,0,1.0,0.4859583333333333,0.4825,4499419104
bdsvm,dirichlet_0.1,2276,9,166,0.5890670325920533,0.7605,0.756,4500160848
bdsvm,dirichlet_0.1,2301,0,0,1.0,0.4859583333333333,0.4825,4548126960
bdsvm,dirichlet_0.1,2301,1,1,0.5797873555124147,0.76325,0.758,4550846688
bdsvm,dirichlet_0.1,2301,2,2711,0.5779688043585135,0.7640416666666666,0.7578333333333334,4550352192
bdsvm,dirichlet_0.1,2301,3,3820,0.578531777299745,0.7637916666666666,0.7568333333333334,4549363200
bdsvm,dirichlet_0.1,2301,4,2178,0.5768876661795077,0.764125,0.758,4549610448
bdsvm,dirichlet_0.1,2301,5,9084,0.5776686898082003,0.7640416666666666,0.7581666666666667,4549610448
bdsvm,dirichlet_0.1,2301,6,4274,0.5785802527237356,0.7640416666666666,0.7566666666666667,4548374208
bdsvm,dirichlet_0.1,2301,7,1766,0.5786171983184905,0.764,0.7563333333333333,4549857696
bdsvm,dirichlet_0.1,2301,8,0,1.0,0.4859583333333333,0.4825,4548868704
bdsvm,dirichlet_0.1,2301,9,166,0.5792115239416127,0.7634166666666666,0.7573333333333333,4549610448
bdsvm,dirichlet_0.1,2326,0,0,1.0,0.4859583333333333,0.4825,4597576560
bdsvm,dirichlet_0.1,2326,1,1,0.5784549272942054,0.7635416666666667,0.7581666666666667,4600296288
bdsvm,dirichlet_0.1,2326,2,2711,0.5778140095452993,0.76475,0.7586666666666667,4599801792
bdsvm,dirichlet_0.1,2326,3,3820,0.5780107524048544,0.7648333333333334,0.7586666666666667,4598812800
bdsvm,dirichlet_0.1,2326,4,2178,0.575949042638236,0.7649583333333333,0.7593333333333333,4599060048
bdsvm,dirichlet_0.1,2326,5,9084,0.5779510576732615,0.7647916666666666,0.7588333333333334,4599060048
bdsvm,dirichlet_0.1,2326,6,4274,0.5782637266333343,0.7647916666666666,0.7586666666666667,4597823808
bdsvm,dirichlet_0.1,2326,7,1766,0.5783276209559884,0.764875,0.7585,4599307296
bdsvm,dirichlet_0.1,2326,8,0,1.0,0.4859583333333333,0.4825,4598318304
bdsvm,dirichlet_0.1,2326,9,166,0.5759684912852446,0.764875,0.7593333333333333,4599060048
bdsvm,dirichlet_0.1,2351,0,0,1.0,0.4859583333333333,0.4825,4647026160
bdsvm,dirichlet_0.1,2351,1,1,0.5801055120612818,0.7632083333333334,0.7588333333333334,4649745888
bdsvm,dirichlet_0.1,2351,2,2711,0.5798641284653848,0.7642083333333334,0.7576666666666667,4649251392
bdsvm,dirichlet_0.1,2351,3,3820,0.579919221983671,0.7642083333333334,0.758,4648262400
bdsvm,dirichlet_0.1,2351,4,2178,0.579936641643831,0.76425,0.7578333333333334,4648509648
bdsvm,dirichlet_0.1,2351,5,9084,0.5797938400948727,0.7642083333333334,0.758,4648509648
bdsvm,dirichlet_0.1,2351,6,4274,0.5799457813797875,0.76425,0.7578333333333334,4647273408
bdsvm,dirichlet_0.1,2351,7,1766,0.5799311108357591,0.7642083333333334,0.7578333333333334,4648756896
bdsvm,dirichlet_0.1,2351,8,0,1.0,0.4859583333333333,0.4825,4647767904
bdsvm,dirichlet_0.1,2351,9,166,0.5798753742179745,0.7642083333333334,0.7578333333333334,4648509648
bdsvm,dirichlet_0.1,2376,0,0,1.0,0.4859583333333333,0.4825,4696475760
bdsvm,dirichlet_0.1,2376,1,1,0.5767957179493605,0.7639583333333333,0.7583333333333333,4699195488
bdsvm,dirichlet_0.1,2376,2,2711,0.576265710118592,0.7647083333333333,0.7588333333333334,4698700992
bdsvm,dirichlet_0.1,2376,3,3820,0.5760035915441292,0.7647083333333333,0.7585,4697712000
bdsvm,dirichlet_0.1,2376,4,2178,0.5756461715839908,0.765,0.7586666666666667,4697959248
bdsvm,dirichlet_0.1,2376,5,9084,0.5758584254100008,0.764875,0.759,4697959248
bdsvm,dirichlet_0.1,2376,6,4274,0.5759599633904037,0.76475,0.7586666666666667,4696723008
bdsvm,dirichlet_0.1,2376,7,1766,0.5751223236857415,0.7652083333333334,0.759,4698206496
bdsvm,dirichlet_0.1,2376,8,0,1.0,0.4859583333333333,0.4825,4697217504
bdsvm,dirichlet_0.1,2376,9,166,0.5752522929085115,0.7652916666666667,0.7593333333333333,4697959248
bdsvm,dirichlet_0.1,2401,0,0,1.0,0.4859583333333333,0.4825,4745925360
bdsvm,dirichlet_0.1,2401,1,1,0.5837224173207625,0.761875,0.7573333333333333,4748645088
bdsvm,dirichlet_0.1,2401,2,2711,0.5833614790945816,0.763125,0.7575,4748150592
bdsvm,dirichlet_0.1,2401,3,3820,0.5831007209005957,0.763125,0.7573333333333333,4747161600
bdsvm,dirichlet_0.1,2401,4,2178,0.58330768340626,0.763,0.757,4747408848
bdsvm,dirichlet_0.1,2401,5,9084,0.5836656607400063,0.763125,0.7573333333333333,4747408848
bdsvm,dirichlet_0.1,2401,6,4274,0.583263677025907,0.7629166666666667,0.758,4746172608
bdsvm,dirichlet_0.1,2401,7,1766,0.5835746111517418,0.763,0.7571666666666667,4747656096
bdsvm,dirichlet_0.1,2401,8,0,1.0,0.4859583333333333,0.4825,4746667104
bdsvm,dirichlet_0.1,2401,9,166,0.5837519125901054,0.7629166666666667,0.7571666666666667,4747408848
bdsvm,dirichlet_0.1,2426,0,0,1.0,0.4859583333333333,0.4825,4795374960
bdsvm,dirichlet_0.1,2426,1,1,0.5789441479863164,0.7632083333333334,0.7576666666666667,4798094688
bdsvm,dirichlet_0.1,2426,2,2711,0.5780669457109884,0.7642916666666667,0.7566666666666667,4797600192
bdsvm,dirichlet_0.1,2426,3,3820,0.5782743033490167,0.7642916666666667,0.7568333333333334,4796611200
bdsvm,dirichlet_0.1,2426,4,2178,0.5769708441243132,0.7645,0.7578333333333334,4796858448
bdsvm,dirichlet_0.1,2426,5,9084,0.577151157486253,0.7643333333333333,0.758,4796858448
bdsvm,dirichlet_0.1,2426,6,4274,0.5782719443751805,0.7641666666666667,0.7571666666666667,4795622208
bdsvm,dirichlet_0.1,2426,7,1766,0.5782884208284198,0.7641666666666667,0.7566666666666667,4797105696
bdsvm,dirichlet_0.1,2426,8,0,1.0,0.4859583333333333,0.4825,4796116704
bdsvm,dirichlet_0.1,2426,9,166,0.5772996111010275,0.764375,0.7578333333333334,4796858448
bdsvm,dirichlet_0.1,2451,0,0,1.0,0.4859583333333333,0.4825,4844824560
bdsvm,dirichlet_0.1,2451,1,1,0.5887440074431852,0.7592083333333334,0.7535,4847544288
bdsvm,dirichlet_0.1,2451,2,2711,0.5888601036870466,0.7602916666666667,0.755,4847049792
bdsvm,dirichlet_0.1,2451,3,3820,0.5884107358310059,0.7603333333333333,0.7556666666666667,4846060800
bdsvm,dirichlet_0.1,2451,4,2178,0.5885994064574334,0.7603333333333333,0.7555,4846308048
bdsvm,dirichlet_0.1,2451,5,9084,0.5885233825976349,0.760375,0.7553333333333333,4846308048
bdsvm,dirichlet_0.1,2451,6,4274,0.588873059434238,0.7600833333333333,0.7548333333333334,4845071808
bdsvm,dirichlet_0.1,2451,7,1766,0.5884150040157422,0.7602916666666667,0.7555,4846555296
bdsvm,dirichlet_0.1,2451,8,0,1.0,0.4859583333333333,0.4825,4845566304
bdsvm,dirichlet_0.1,2451,9,166,0.588405045898297,0.7604166666666666,0.7551666666666667,4846308048
bdsvm,dirichlet_0.1,2476,0,0,1.0,0.4859583333333333,0.4825,4894274160
bdsvm,dirichlet_0.1,2476,1,1,0.590471896963518,0.7565833333333334,0.7521666666666667,4896993888
bdsvm,dirichlet_0.1,2476,2,2711,0.5902349930200756,0.7579166666666667,0.7531666666666667,4896499392
bdsvm,dirichlet_0.1,2476,3,3820,0.590186590361525,0.758,0.753,4895510400
bdsvm,dirichlet_0.1,2476,4,2178,0.5902288374104362,0.7578333333333334,0.7531666666666667,4895757648
bdsvm,dirichlet_0.1,2476,5,9084,0.5902265193544011,0.7579583333333333,0.7531666666666667,4895757648
bdsvm,dirichlet_0.1,2476,6,4274,0.5902390321983249,0.757875,0.753,4894521408
bdsvm,dirichlet_0.1,2476,7,1766,0.5902414252807499,0.757875,0.753,4896004896
bdsvm,dirichlet_0.1,2476,8,0,1.0,0.4859583333333333,0.4825,4895015904
bdsvm,dirichlet_0.1,2476,9,166,0.5902347778984991,0.7579583333333333,0.7531666666666667,4895757648
bdsvm,dirichlet_0.1,2501,0,0,1.0,0.4859583333333333,0.4825,4943723760
bdsvm,dirichlet_0.1,2501,1,1,0.5922709736903721,0.751875,0.7483333333333333,4946443488
bdsvm,dirichlet_0.1,2501,2,2711,0.5917112338242898,0.75625,0.7503333333333333,4945948992
bdsvm,dirichlet_0.1,2501,3,3820,0.5914767274268254,0.7565833333333334,0.7505,4944960000
bdsvm,dirichlet_0.1,2501,4,2178,0.5911453857943599,0.7570833333333333,0.7511666666666666,4945207248
bdsvm,dirichlet_0.1,2501,5,9084,0.5916523356698297,0.7564166666666666,0.7506666666666667,4945207248
bdsvm,dirichlet_0.1,2501,6,4274,0.591400004033563,0.7565,0.7506666666666667,4943971008
bdsvm,dirichlet_0.1,2501,7,1766,0.591547670636978,0.7565416666666667,0.7508333333333334,4945454496
bdsvm,dirichlet_0.1,2501,8,0,1.0,0.4859583333333333,0.4825,4944465504
bdsvm,dirichlet_0.1,2501,9,166,0.5918328155936303,0.7557916666666666,0.7501666666666666,4945207248
bdsvm,dirichlet_0.1,2526,0,0,1.0,0.4859583333333333,0.4825,4993173360
bdsvm,dirichlet_0.1,2526,1,1,0.5952438654863955,0.73075,0.7261666666666666,4995893088
bdsvm,dirichlet_0.1,2526,2,2711,0.5939440689394804,0.73425,0.729,4995398592
bdsvm,dirichlet_0.1,2526,3,3820,0.5939806567071315,0.7332916666666667,0.7288333333333333,4994409600
bdsvm,dirichlet_0.1,2526,4,2178,0.5931249688469161,0.734625,0.7303333333333333,4994656848
bdsvm,dirichlet_0.1,2526,5,9084,0.5947110106253578,0.7315833333333334,0.728,4994656848
bdsvm,dirichlet_0.1,2526,6,4274,0.5944281735349617,0.7319583333333334,0.7281666666666666,4993420608
bdsvm,dirichlet_0.1,2526,7,1766,0.5943316127077048,0.7326666666666667,0.7283333333333334,4994904096
bdsvm,dirichlet_0.1,2526,8,0,1.0,0.4859583333333333,0.4825,4993915104
bdsvm,dirichlet_0.1,2526,9,166,0.5940205993851785,0.734625,0.7296666666666667,4994656848
bdsvm,dirichlet_0.1,2551,0,0,1.0,0.4859583333333333,0.4825,5042622960
bdsvm,dirichlet_0.1,2551,1,1,0.5865800885215661,0.7588333333333334,0.753,5045342688
bdsvm,dirichlet_0.1,2551,2,2711,0.5860854125885626,0.7597916666666666,0.7526666666666667,5044848192
bdsvm,dirichlet_0.1,2551,3,3820,0.5859818265741003,0.7599166666666667,0.7531666666666667,5043859200
bdsvm,dirichlet_0.1,2551,4,2178,0.5859022712496756,0.7597916666666666,0.7531666666666667,5044106448
bdsvm,dirichlet_0.1,2551,5,9084,0.5860370913034787,0.7597916666666666,0.7525,5044106448
bdsvm,dirichlet_0.1,2551,6,4274,0.5860328343761255,0.7596666666666667,0.7526666666666667,5042870208
bdsvm,dirichlet_0.1,2551,7,1766,0.5861566389222099,0.759625,0.7523333333333333,5044353696
bdsvm,dirichlet_0.1,2551,8,0,1.0,0.4859583333333333,0.4825,5043364704
bdsvm,dirichlet_0.1,2551,9,166,0.586231250673151,0.7594583333333333,0.7526666666666667,5044106448
bdsvm,dirichlet_0.1,2576,0,0,1.0,0.4859583333333333,0.4825,5092072560
bdsvm,dirichlet_0.1,2576,1,1,0.5876752261483931,0.7590833333333333,0.7535,5094792288
bdsvm,dirichlet_0.1,2576,2,2711,0.5872180414888359,0.759625,0.7531666666666667,5094297792
bdsvm,dirichlet_0.1,2576,3,3820,0.5872265440209256,0.7595416666666667,0.7533333333333333,5093308800
bdsvm,dirichlet_0.1,2576,4,2178,0.587610382241154,0.759625,0.753,5093556048
bdsvm,dirichlet_0.1,2576,5,9084,0.587470076474006,0.759625,0.7531666666666667,5093556048
bdsvm,dirichlet_0.1,2576,6,4274,0.5874889197989298,0.759625,0.753,5092319808
bdsvm,dirichlet_0.1,2576,7,1766,0.587495344256813,0.7595833333333334,0.753,5093803296
bdsvm,dirichlet_0.1,2576,8,0,1.0,0.4859583333333333,0.4825,5092814304
bdsvm,dirichlet_0.1,2576,9,166,0.5873804714835499,0.7594583333333333,0.7531666666666667,5093556048
bdsvm,dirichlet_0.1,2601,0,0,1.0,0.4859583333333333,0.4825,5141522160
bdsvm,dirichlet_0.1,2601,1,1,0.5878138738326932,0.7595833333333334,0.7533333333333333,5144241888
bdsvm,dirichlet_0.1,2601,2,2711,0.5875361351531768,0.7596666666666667,0.7543333333333333,5143747392
bdsvm,dirichlet_0.1,2601,3,3820,0.5874857761120158,0.7595833333333334,0.754,5142758400
bdsvm,dirichlet_0.1,2601,4,2178,0.5873482200995659,0.75975,0.7545,5143005648
bdsvm,dirichlet_0.1,2601,5,9084,0.5875107381320057,0.7598333333333334,0.7541666666666667,5143005648
bdsvm,dirichlet_0.1,2601,6,4274,0.5873733663846831,0.7597083333333333,0.7545,5141769408
bdsvm,dirichlet_0.1,2601,7,1766,0.5872893765075473,0.7597083333333333,0.7545,5143252896
bdsvm,dirichlet_0.1,2601,8,0,1.0,0.4859583333333333,0.4825,5142263904
bdsvm,dirichlet_0.1,2601,9,166,0.587541460868312,0.7596666666666667,0.7541666666666667,5143005648
bdsvm,dirichlet_0.1,2626,0,0,1.0,0.4859583333333333,0.4825,5190971760
bdsvm,dirichlet_0.1,2626,1,1,0.5729699540099226,0.7644583333333334,0.7581666666666667,5193691488
bdsvm,dirichlet_0.1,2626,2,2711,0.5704879540040362,0.7658333333333334,0.7593333333333333,5193196992
bdsvm,dirichlet_0.1,2626,3,3820,0.5712693133515476,0.7657083333333333,0.7588333333333334,5192208000
bdsvm,dirichlet_0.1,2626,4,2178,0.5705342670614042,0.765875,0.7593333333333333,5192455248
bdsvm,dirichlet_0.1,2626,5,9084,0.5705171436683145,0.7655833333333333,0.759,5192455248
bdsvm,dirichlet_0.1,2626,6,4274,0.5713370661239751,0.76575,0.7588333333333334,5191219008
bdsvm,dirichlet_0.1,2626,7,1766,0.5712225954605218,0.765625,0.7586666666666667,5192702496
bdsvm,dirichlet_0.1,2626,8,0,1.0,0.4859583333333333,0.4825,5191713504
bdsvm,dirichlet_0.1,2626,9,166,0.5704815725616026,0.7657083333333333,0.7591666666666667,5192455248
bdsvm,dirichlet_0.1,2651,0,0,1.0,0.4859583333333333,0.4825,5240421360
bdsvm,dirichlet_0.1,2651,1,1,0.5743301234024252,0.7645416666666667,0.7595,5243141088
bdsvm,dirichlet_0.1,2651,2,2711,0.5736291032615308,0.765625,0.76,5242646592
bdsvm,dirichlet_0.1,2651,3,3820,0.5736944264627102,0.7655833333333333,0.7598333333333334,5241657600
bdsvm,dirichlet_0.1,2651,4,2178,0.5734733587346443,0.765625,0.7598333333333334,5241904848
bdsvm,dirichlet_0.1,2651,5,9084,0.5735277448419116,0.7656666666666667,0.7598333333333334,5241904848
bdsvm,dirichlet_0.1,2651,6,4274,0.5735435627069458,0.7656666666666667,0.76,5240668608
bdsvm,dirichlet_0.1,2651,7,1766,0.5732551571640386,0.76575,0.7593333333333333,5242152096
bdsvm,dirichlet_0.1,2651,8,0,1.0,0.4859583333333333,0.4825,5241163104
bdsvm,dirichlet_0.1,2651,9,166,0.5737486743169823,0.7656666666666667,0.76,5241904848
bdsvm,dirichlet_0.1,2676,0,0,1.0,0.4859583333333333,0.4825,5289870960
bdsvm,dirichlet_0.1,2676,1,1,0.5787364886067387,0.7641666666666667,0.7586666666666667,5292590688
bdsvm,dirichlet_0.1,2676,2,2711,0.5783370403798774,0.7650416666666666,0.7581666666666667,5292096192
bdsvm,dirichlet_0.1,2676,3,3820,0.5783899876497315,0.7649583333333333,0.7581666666666667,5291107200
bdsvm,dirichlet_0.1,2676,4,2178,0.5783804986494746,0.7650416666666666,0.758,5291354448
bdsvm,dirichlet_0.1,2676,5,9084,0.5784682968940263,0.7650416666666666,0.7581666666666667,5291354448
bdsvm,dirichlet_0.1,2676,6,4274,0.5783513691932153,0.7649166666666667,0.758,5290118208
bdsvm,dirichlet_0.1,2676,7,1766,0.5784928478995153,0.764875,0.7583333333333333,5291601696
bdsvm,dirichlet_0.1,2676,8,0,1.0,0.4859583333333333,0.4825,5290612704
bdsvm,dirichlet_0.1,2676,9,166,0.5784021561855884,0.7650416666666666,0.7581666666666667,5291354448
bdsvm,dirichlet_0.1,2701,0,0,1.0,0.4859583333333333,0.4825,5339320560
bdsvm,dirichlet_0.1,2701,1,1,0.5733852369481965,0.7648333333333334,0.7601666666666667,5342040288
bdsvm,dirichlet_0.1,2701,2,2711,0.571645024199415,0.76525,0.7588333333333334,5341545792
bdsvm,dirichlet_0.1,2701,3,3820,0.5716647720561732,0.7654583333333334,0.7588333333333334,5340556800
bdsvm,dirichlet_0.1,2701,4,2178,0.5717669182355666,0.765375,0.7588333333333334,5340804048
bdsvm,dirichlet_0.1,2701,5,9084,0.5717581911636266,0.7653333333333333,0.7585,5340804048
bdsvm,dirichlet_0.1,2701,6,4274,0.5719086075785157,0.765375,0.7586666666666667,5339567808
bdsvm,dirichlet_0.1,2701,7,1766,0.571724074183386,0.765375,0.7586666666666667,5341051296
bdsvm,dirichlet_0.1,2701,8,0,1.0,0.4859583333333333,0.4825,5340062304
bdsvm,dirichlet_0.1,2701,9,166,0.5716765037283185,0.7653333333333333,0.7588333333333334,5340804048
bdsvm,dirichlet_0.1,2726,0,0,1.0,0.4859583333333333,0.4825,5388770160
bdsvm,dirichlet_0.1,2726,1,1,0.5771255986602235,0.7639166666666667,0.7596666666666667,5391489888
bdsvm,dirichlet_0.1,2726,2,2711,0.5766630293171701,0.7652083333333334,0.7583333333333333,5390995392
bdsvm,dirichlet_0.1,2726,3,3820,0.57598031114723,0.765125,0.759,5390006400
bdsvm,dirichlet_0.1,2726,4,2178,0.5759380427430884,0.765125,0.7595,5390253648
bdsvm,dirichlet_0.1,2726,5,9084,0.576895558421682,0.7653333333333333,0.7581666666666667,5390253648
bdsvm,dirichlet_0.1,2726,6,4274,0.5766535599836052,0.7651666666666667,0.7583333333333333,5389017408
bdsvm,dirichlet_0.1,2726,7,1766,0.5758343227612894,0.7652083333333334,0.7593333333333333,5390500896
bdsvm,dirichlet_0.1,2726,8,0,1.0,0.4859583333333333,0.4825,5389511904
bdsvm,dirichlet_0.1,2726,9,166,0.5766236944378378,0.7652083333333334,0.7583333333333333,5390253648
bdsvm,dirichlet_0.1,2751,0,0,1.0,0.4859583333333333,0.4825,5438219760
bdsvm,dirichlet_0.1,2751,1,1,0.5760298370842791,0.763875,0.7596666666666667,5440939488
bdsvm,dirichlet_0.1,2751,2,2711,0.5751163781636461,0.7644166666666666,0.7588333333333334,5440444992
bdsvm,dirichlet_0.1,2751,3,3820,0.5749691131070273,0.7644583333333334,0.7581666666666667,5439456000
bdsvm,dirichlet_0.1,2751,4,2178,0.5749879114522561,0.7645833333333333,0.7581666666666667,5439703248
bdsvm,dirichlet_0.1,2751,5,9084,0.5750515157191556,0.764375,0.7588333333333334,5439703248
bdsvm,dirichlet_0.1,2751,6,4274,0.5750536775704829,0.7644583333333334,0.7581666666666667,5438467008
bdsvm,dirichlet_0.1,2751,7,1766,0.5749795661935113,0.7645416666666667,0.7581666666666667,5439950496
bdsvm,dirichlet_0.1,2751,8,0,1.0,0.4859583333333333,0.4825,5438961504
bdsvm,dirichlet_0.1,2751,9,166,0.5750748882694661,0.7644166666666666,0.7588333333333334,5439703248
bdsvm,dirichlet_0.1,2776,0,0,1.0,0.4859583333333333,0.4825,5487669360
bdsvm,dirichlet_0.1,2776,1,1,0.589481455438395,0.758,0.7528333333333334,5490389088
bdsvm,dirichlet_0.1,2776,2,2711,0.5894144652983125,0.7589583333333333,0.7533333333333333,5489894592
bdsvm,dirichlet_0.1,2776,3,3820,0.5892792799579288,0.759,0.753,5488905600
bdsvm,dirichlet_0.1,2776,4,2178,0.5893905595159838,0.758875,0.753,5489152848
bdsvm,dirichlet_0.1,2776,5,9084,0.5892611994169036,0.7590416666666666,0.7528333333333334,5489152848
bdsvm,dirichlet_0.1,2776,6,4274,0.588982547972432,0.7593333333333333,0.7536666666666667,5487916608
bdsvm,dirichlet_0.1,2776,7,1766,0.5892571193213254,0.7589583333333333,0.753,5489400096
bdsvm,dirichlet_0.1,2776,8,0,1.0,0.4859583333333333,0.4825,5488411104
bdsvm,dirichlet_0.1,2776,9,166,0.5895874524086567,0.7587916666666666,0.7535,5489152848
bdsvm,dirichlet_0.1,2801,0,0,1.0,0.4859583333333333,0.4825,5537118960
bdsvm,dirichlet_0.1,2801,1,1,0.5908797799883276,0.755625,0.7505,5539838688
bdsvm,dirichlet_0.1,2801,2,2711,0.5905991201787117,0.757875,0.7521666666666667,5539344192
bdsvm,dirichlet_0.1,2801,3,3820,0.5906654834546112,0.757875,0.7518333333333334,5538355200
bdsvm,dirichlet_0.1,2801,4,2178,0.5905956865124243,0.7578333333333334,0.752,5538602448
bdsvm,dirichlet_0.1,2801,5,9084,0.5905943798055358,0.7579166666666667,0.7521666666666667,5538602448
bdsvm,dirichlet_0.1,2801,6,4274,0.5906100973538448,0.757875,0.7521666666666667,5537366208
bdsvm,dirichlet_0.1,2801,7,1766,0.5906065382574386,0.7579166666666667,0.7521666666666667,5538849696
bdsvm,dirichlet_0.1,2801,8,0,1.0,0.4859583333333333,0.4825,5537860704
bdsvm,dirichlet_0.1,2801,9,166,0.5906133825276467,0.7579166666666667,0.7521666666666667,5538602448
bdsvm,dirichlet_0.1,2826,0,0,1.0,0.4859583333333333,0.4825,5586568560
bdsvm,dirichlet_0.1,2826,1,1,0.625015035761576,0.7025,0.7021666666666667,5589288288
bdsvm,dirichlet_0.1,2826,2,2711,0.6017636597760809,0.7358333333333333,0.7331666666666666,5588793792
bdsvm,dirichlet_0.1,2826,3,3820,0.6014379479907751,0.7366666666666667,0.7335,5587804800
bdsvm,dirichlet_0.1,2826,4,2178,0.6002917036398676,0.7389583333333334,0.7365,5588052048
bdsvm,dirichlet_0.1,2826,5,9084,0.6010359666025216,0.7378333333333333,0.7345,5588052048
bdsvm,dirichlet_0.1,2826,6,4274,0.6227258636198576,0.7029166666666666,0.7031666666666667,5586815808
bdsvm,dirichlet_0.1,2826,7,1766,0.6016432643043764,0.736,0.7331666666666666,5588299296
bdsvm,dirichlet_0.1,2826,8,0,1.0,0.4859583333333333,0.4825,5587310304
bdsvm,dirichlet_0.1,2826,9,166,0.6244816430293189,0.7015,0.7,5588052048
bdsvm,dirichlet_0.1,2851,0,0,1.0,0.4859583333333333,0.4825,5636018160
bdsvm,dirichlet_0.1,2851,1,1,0.5802882702427874,0.7614583333333333,0.7538333333333334,5638737888
bdsvm,dirichlet_0.1,2851,2,2711,0.5797575015583217,0.7622916666666667,0.7558333333333334,5638243392
bdsvm,dirichlet_0.1,2851,3,3820,0.5799904578498316,0.76225,0.7553333333333333,5637254400
bdsvm,dirichlet_0.1,2851,4,2178,0.5799203730144837,0.76225,0.7555,5637501648
bdsvm,dirichlet_0.1,2851,5,9084,0.5800400788888547,0.762375,0.7553333333333333,5637501648
bdsvm,dirichlet_0.1,2851,6,4274,0.5799247064010158,0.7622083333333334,0.7558333333333334,5636265408
bdsvm,dirichlet_0.1,2851,7,1766,0.5796836440707108,0.7622083333333334,0.7558333333333334,5637748896
bdsvm,dirichlet_0.1,2851,8,0,1.0,0.4859583333333333,0.4825,5636759904
bdsvm,dirichlet_0.1,2851,9,166,0.57958086759219,0.7620833333333333,0.7561666666666667,5637501648
bdsvm,dirichlet_0.1,2876,0,0,1.0,0.4859583333333333,0.4825,5685467760
bdsvm,dirichlet_0.1,2876,1,1,0.5799654251660235,0.762625,0.7576666666666667,5688187488
bdsvm,dirichlet_0.1,2876,2,2711,0.579530008472488,0.7635833333333333,0.759,5687692992
bdsvm,dirichlet_0.1,2876,3,3820,0.5795002222372784,0.76375,0.7595,5686704000
bdsvm,dirichlet_0.1,2876,4,2178,0.5789979887594707,0.7634583333333333,0.7585,5686951248
bdsvm,dirichlet_0.1,2876,5,9084,0.5794255834149235,0.763625,0.7591666666666667,5686951248
bdsvm,dirichlet_0.1,2876,6,4274,0.5796775218912591,0.7637916666666666,0.7588333333333334,5685715008
bdsvm,dirichlet_0.1,2876,7,1766,0.5790211648011321,0.7634583333333333,0.7588333333333334,5687198496
bdsvm,dirichlet_0.1,2876,8,0,1.0,0.4859583333333333,0.4825,5686209504
bdsvm,dirichlet_0.1,2876,9,166,0.5787947444036372,0.7634583333333333,0.7581666666666667,5686951248
bdsvm,dirichlet_0.1,2901,0,0,1.0,0.4859583333333333,0.4825,5734917360
bdsvm,dirichlet_0.1,2901,1,1,0.5878264830201462,0.7594166666666666,0.7535,5737637088
bdsvm,dirichlet_0.1,2901,2,2711,0.5875294079387463,0.7608333333333334,0.7548333333333334,5737142592
bdsvm,dirichlet_0.1,2901,3,3820,0.5874427122857853,0.7605833333333333,0.7551666666666667,5736153600
bdsvm,dirichlet_0.1,2901,4,2178,0.587348944547382,0.7609583333333333,0.7553333333333333,5736400848
bdsvm,dirichlet_0.1,2901,5,9084,0.587593461693601,0.7605833333333333,0.755,5736400848
bdsvm,dirichlet_0.1,2901,6,4274,0.5875985197382462,0.7605833333333333,0.755,5735164608
bdsvm,dirichlet_0.1,2901,7,1766,0.5865406790089732,0.7610833333333333,0.7551666666666667,5736648096
bdsvm,dirichlet_0.1,2901,8,0,1.0,0.4859583333333333,0.4825,5735659104
bdsvm,dirichlet_0.1,2901,9,166,0.5874357317944973,0.7607083333333333,0.7548333333333334,5736400848
bdsvm,dirichlet_0.1,2926,0,0,1.0,0.4859583333333333,0.4825,5784366960
bdsvm,dirichlet_0.1,2926,1,1,0.5781006664086488,0.7638333333333334,0.7588333333333334,5787086688
bdsvm,dirichlet_0.1,2926,2,2711,0.5775342199918093,0.764625,0.7573333333333333,5786592192
bdsvm,dirichlet_0.1,2926,3,3820,0.5774296850973504,0.764625,0.7576666666666667,5785603200
bdsvm,dirichlet_0.1,2926,4,2178,0.5775006954012959,0.7645416666666667,0.758,5785850448
bdsvm,dirichlet_0.1,2926,5,9084,0.5774711959337651,0.7645,0.7575,5785850448
bdsvm,dirichlet_0.1,2926,6,4274,0.576789077353985,0.7642916666666667,0.7573333333333333,5784614208
bdsvm,dirichlet_0.1,2926,7,1766,0.5772762064883239,0.7644583333333334,0.7575,5786097696
bdsvm,dirichlet_0.1,2926,8,0,1.0,0.4859583333333333,0.4825,5785108704
bdsvm,dirichlet_0.1,2926,9,166,0.577436861968014,0.7645833333333333,0.7575,5785850448
bdsvm,dirichlet_0.1,2951,0,0,1.0,0.4859583333333333,0.4825,5833816560
bdsvm,dirichlet_0.1,2951,1,1,0.5795144809307896,0.7635416666666667,0.7596666666666667,5836536288
bdsvm,dirichlet_0.1,2951,2,2711,0.5790114118171111,0.7643333333333333,0.758,5836041792
bdsvm,dirichlet_0.1,2951,3,3820,0.5789429046984245,0.7640416666666666,0.7581666666666667,5835052800
bdsvm,dirichlet_0.1,2951,4,2178,0.5787599054627083,0.7642916666666667,0.758,5835300048
bdsvm,dirichlet_0.1,2951,5,9084,0.5791095347068558,0.7643333333333333,0.7576666666666667,5835300048
bdsvm,dirichlet_0.1,2951,6,4274,0.5791592311440592,0.76425,0.7576666666666667,5834063808
bdsvm,dirichlet_0.1,2951,7,1766,0.5790276941565239,0.7641666666666667,0.758,5835547296
bdsvm,dirichlet_0.1,2951,8,0,1.0,0.4859583333333333,0.4825,5834558304
bdsvm,dirichlet_0.1,2951,9,166,0.5789646188590388,0.76425,0.7578333333333334,5835300048
bdsvm,dirichlet_0.1,2976,0,0,1.0,0.4859583333333333,0.4825,5883266160
bdsvm,dirichlet_0.1,2976,1,1,0.5754577712197273,0.7645416666666667,0.7581666666666667,5885985888
bdsvm,dirichlet_0.1,2976,2,2711,0.5740272259369423,0.7657916666666666,0.7591666666666667,5885491392
bdsvm,dirichlet_0.1,2976,3,3820,0.5738967129333093,0.7654583333333334,0.7593333333333333,5884502400
bdsvm,dirichlet_0.1,2976,4,2178,0.5739770542212588,0.7657083333333333,0.7588333333333334,5884749648
bdsvm,dirichlet_0.1,2976,5,9084,0.5740875291524334,0.7655833333333333,0.7593333333333333,5884749648
bdsvm,dirichlet_0.1,2976,6,4274,0.5742795204025934,0.7655,0.7588333333333334,5883513408
bdsvm,dirichlet_0.1,2976,7,1766,0.5741112608724137,0.7655,0.7593333333333333,5884996896
bdsvm,dirichlet_0.1,2976,8,0,1.0,0.4859583333333333,0.4825,5884007904
bdsvm,dirichlet_0.1,2976,9,166,0.5737398521403386,0.766,0.759,5884749648
bdsvm,dirichlet_0.1,3001,0,0,1.0,0.4859583333333333,0.4825,5932715760
bdsvm,dirichlet_0.1,3001,1,1,0.5733036814845794,0.7649166666666667,0.761,5935435488
bdsvm,dirichlet_0.1,3001,2,2711,0.5725752282124293,0.7654583333333334,0.7601666666666667,5934940992
bdsvm,dirichlet_0.1,3001,3,3820,0.5723913232287138,0.7656666666666667,0.7603333333333333,5933952000
bdsvm,dirichlet_0.1,3001,4,2178,0.5724806201804773,0.7658333333333334,0.7601666666666667,5934199248
bdsvm,dirichlet_0.1,3001,5,9084,0.5726725220795358,0.7655416666666667,0.7598333333333334,5934199248
bdsvm,dirichlet_0.1,3001,6,4274,0.572150193852167,0.765625,0.7603333333333333,5932963008
bdsvm,dirichlet_0.1,3001,7,1766,0.5721334778352943,0.7656666666666667,0.7603333333333333,5934446496
bdsvm,dirichlet_0.1,3001,8,0,1.0,0.4859583333333333,0.4825,5933457504
bdsvm,dirichlet_0.1,3001,9,166,0.5723757474585243,0.765625,0.7606666666666667,5934199248
bdsvm,dirichlet_0.1,3026,0,0,1.0,0.4859583333333333,0.4825,5982165360
bdsvm,dirichlet_0.1,3026,1,1,0.5851771052091639,0.7614583333333333,0.7566666666666667,5984885088
bdsvm,dirichlet_0.1,3026,2,2711,0.5832103508797376,0.7634583333333333,0.757,5984390592
bdsvm,dirichlet_0.1,3026,3,3820,0.5829596768435433,0.7635416666666667,0.7571666666666667,5983401600
bdsvm,dirichlet_0.1,3026,4,2178,0.5830548932092624,0.763375,0.7568333333333334,5983648848
bdsvm,dirichlet_0.1,3026,5,9084,0.5842448437831649,0.76275,0.7561666666666667,5983648848
bdsvm,dirichlet_0.1,3026,6,4274,0.5846620961171131,0.762625,0.7561666666666667,5982412608
bdsvm,dirichlet_0.1,3026,7,1766,0.5830974783920472,0.7633333333333333,0.7573333333333333,5983896096
bdsvm,dirichlet_0.1,3026,8,0,1.0,0.4859583333333333,0.4825,5982907104
bdsvm,dirichlet_0.1,3026,9,166,0.582782205227613,0.7635416666666667,0.7576666666666667,5983648848
bdsvm,dirichlet_0.1,3051,0,0,1.0,0.4859583333333333,0.4825,6031614960
bdsvm,dirichlet_0.1,3051,1,1,0.5830590825253807,0.7617083333333333,0.757,6034334688
bdsvm,dirichlet_0.1,3051,2,2711,0.5825015677089321,0.7625416666666667,0.7583333333333333,6033840192
bdsvm,dirichlet_0.1,3051,3,3820,0.582071632600608,0.76275,0.7593333333333333,6032851200
bdsvm,dirichlet_0.1,3051,4,2178,0.583624523944458,0.7621666666666667,0.7581666666666667,6033098448
bdsvm,dirichlet_0.1,3051,5,9084,0.5823164952651095,0.7625833333333333,0.7583333333333333,6033098448
bdsvm,dirichlet_0.1,3051,6,4274,0.5862879403170368,0.7605833333333333,0.7576666666666667,6031862208
bdsvm,dirichlet_0.1,3051,7,1766,0.5816021899683597,0.763,0.7581666666666667,6033345696
bdsvm,dirichlet_0.1,3051,8,0,1.0,0.4859583333333333,0.4825,6032356704
bdsvm,dirichlet_0.1,3051,9,166,0.5811643544332543,0.7631666666666667,0.7593333333333333,6033098448
bdsvm,dirichlet_0.1,3076,0,0,1.0,0.4859583333333333,0.4825,6081064560
bdsvm,dirichlet_0.1,3076,1,1,0.57327868710477,0.765375,0.7605,6083784288
bdsvm,dirichlet_0.1,3076,2,2711,0.572822069547021,0.765625,0.7598333333333334,6083289792
bdsvm,dirichlet_0.1,3076,3,3820,0.572023063268857,0.7652916666666667,0.7601666666666667,6082300800
bdsvm,dirichlet_0.1,3076,4,2178,0.5725236807949485,0.7656666666666667,0.7603333333333333,6082548048
bdsvm,dirichlet_0.1,3076,5,9084,0.5718561694787194,0.7655833333333333,0.7601666666666667,6082548048
bdsvm,dirichlet_0.1,3076,6,4274,0.5720526516357585,0.7653333333333333,0.7601666666666667,6081311808
bdsvm,dirichlet_0.1,3076,7,1766,0.5719211021874351,0.7655,0.7598333333333334,6082795296
bdsvm,dirichlet_0.1,3076,8,0,1.0,0.4859583333333333,0.4825,6081806304
bdsvm,dirichlet_0.1,3076,9,166,0.5719546999209194,0.7656666666666667,0.759,6082548048
bdsvm,dirichlet_0.1,3101,0,0,1.0,0.4859583333333333,0.4825,6130514160
bdsvm,dirichlet_0.1,3101,1,1,0.5863298391555346,0.761,0.757,6133233888
bdsvm,dirichlet_0.1,3101,2,2711,0.585920720131111,0.7624166666666666,0.7561666666666667,6132739392
bdsvm,dirichlet_0.1,3101,3,3820,0.5857157659895208,0.762125,0.7565,6131750400
bdsvm,dirichlet_0.1,3101,4,2178,0.5859602671056787,0.7624166666666666,0.7558333333333334,6131997648
bdsvm,dirichlet_0.1,3101,5,9084,0.5868641735563962,0.7619166666666667,0.7563333333333333,6131997648
bdsvm,dirichlet_0.1,3101,6,4274,0.5855415900599702,0.7622916666666667,0.757,6130761408
bdsvm,dirichlet_0.1,3101,7,1766,0.585188484977439,0.7625833333333333,0.7571666666666667,6132244896
bdsvm,dirichlet_0.1,3101,8,0,1.0,0.4859583333333333,0.4825,6131255904
bdsvm,dirichlet_0.1,3101,9,166,0.5859466895223638,0.7619166666666667,0.7565,6131997648
bdsvm,dirichlet_0.1,3126,0,0,1.0,0.4859583333333333,0.4825,6179963760
bdsvm,dirichlet_0.1,3126,1,1,0.5755053461310387,0.7642083333333334,0.7591666666666667,6182683488
bdsvm,dirichlet_0.1,3126,2,2711,0.5742580145859474,0.7653333333333333,0.7593333333333333,6182188992
bdsvm,dirichlet_0.1,3126,3,3820,0.5743204466560053,0.764875,0.759,6181200000
bdsvm,dirichlet_0.1,3126,4,2178,0.5747302164063829,0.7647916666666666,0.7586666666666667,6181447248
bdsvm,dirichlet_0.1,3126,5,9084,0.5735937720477071,0.7654583333333334,0.7591666666666667,6181447248
bdsvm,dirichlet_0.1,3126,6,4274,0.5749740734144653,0.7650416666666666,0.7581666666666667,6180211008
bdsvm,dirichlet_0.1,3126,7,1766,0.5748612107491776,0.7652083333333334,0.7583333333333333,6181694496
bdsvm,dirichlet_0.1,3126,8,0,1.0,0.4859583333333333,0.4825,6180705504
bdsvm,dirichlet_0.1,3126,9,166,0.5747448627126529,0.7649583333333333,0.7588333333333334,6181447248
bdsvm,dirichlet_0.1,3151,0,0,1.0,0.4859583333333333,0.4825,6229413360
bdsvm,dirichlet_0.1,3151,1,1,0.5764735202984764,0.764,0.76,6232133088
bdsvm,dirichlet_0.1,3151,2,2711,0.5775569669498898,0.7649166666666667,0.758,6231638592
bdsvm,dirichlet_0.1,3151,3,3820,0.5762720389945031,0.765,0.759,6230649600
bdsvm,dirichlet_0.1,3151,4,2178,0.5776011141804771,0.7649166666666667,0.7581666666666667,6230896848
bdsvm,dirichlet_0.1,3151,5,9084,0.576470077185957,0.7649166666666667,0.7591666666666667,6230896848
bdsvm,dirichlet_0.1,3151,6,4274,0.5773409943353708,0.764875,0.7581666666666667,6229660608
bdsvm,dirichlet_0.1,3151,7,1766,0.5776961321992456,0.7647916666666666,0.7581666666666667,6231144096
bdsvm,dirichlet_0.1,3151,8,0,1.0,0.4859583333333333,0.4825,6230155104
bdsvm,dirichlet_0.1,3151,9,166,0.5759493650356244,0.7650416666666666,0.7595,6230896848
bdsvm,dirichlet_0.1,3176,0,0,1.0,0.4859583333333333,0.4825,6278862960
bdsvm,dirichlet_0.1,3176,1,1,0.5720675346531952,0.76525,0.7608333333333334,6281582688
bdsvm,dirichlet_0.1,3176,2,2711,0.5705232060186338,0.7662083333333334,0.7598333333333334,6281088192
bdsvm,dirichlet_0.1,3176,3,3820,0.5705987783332734,0.765875,0.7596666666666667,6280099200
bdsvm,dirichlet_0.1,3176,4,2178,0.5709003683826602,0.7658333333333334,0.7598333333333334,6280346448
bdsvm,dirichlet_0.1,3176,5,9084,0.5705652992884869,0.7661666666666667,0.7598333333333334,6280346448
bdsvm,dirichlet_0.1,3176,6,4274,0.5704293567359141,0.76625,0.7598333333333334,6279110208
bdsvm,dirichlet_0.1,3176,7,1766,0.5708287755718484,0.765875,0.7596666666666667,6280593696
bdsvm,dirichlet_0.1,3176,8,0,1.0,0.4859583333333333,0.4825,6279604704
bdsvm,dirichlet_0.1,3176,9,166,0.570566373248322,0.7662083333333334,0.7598333333333334,6280346448
bdsvm,dirichlet_0.1,3201,0,0,1.0,0.4859583333333333,0.4825,6328312560
bdsvm,dirichlet_0.1,3201,1,1,0.5785306129174379,0.7637916666666666,0.7583333333333333,6331032288
bdsvm,dirichlet_0.1,3201,2,2711,0.5783708540929482,0.764875,0.7581666666666667,6330537792
bdsvm,dirichlet_0.1,3201,3,3820,0.5783377513137983,0.764875,0.7585,6329548800
bdsvm,dirichlet_0.1,3201,4,2178,0.5782594136119488,0.7649583333333333,0.7585,6329796048
bdsvm,dirichlet_0.1,3201,5,9084,0.5781532519848763,0.7650416666666666,0.7591666666666667,6329796048
bdsvm,dirichlet_0.1,3201,6,4274,0.5783305713388048,0.764875,0.7583333333333333,6328559808
bdsvm,dirichlet_0.1,3201,7,1766,0.5783249870527364,0.764875,0.7583333333333333,6330043296
bdsvm,dirichlet_0.1,3201,8,0,1.0,0.4859583333333333,0.4825,6329054304
bdsvm,dirichlet_0.1,3201,9,166,0.5782815483210634,0.7649583333333333,0.7586666666666667,6329796048
bdsvm,dirichlet_0.1,3226,0,0,1.0,0.4859583333333333,0.4825,6377762160
bdsvm,dirichlet_0.1,3226,1,1,0.5896869838814334,0.7592916666666667,0.7533333333333333,6380481888
bdsvm,dirichlet_0.1,3226,2,2711,0.5859830051273142,0.7622083333333334,0.7571666666666667,6379987392
bdsvm,dirichlet_0.1,3226,3,3820,0.5857418139513026,0.7622083333333334,0.7565,6378998400
bdsvm,dirichlet_0.1,3226,4,2178,0.5889729035336172,0.761,0.7553333333333333,6379245648
bdsvm,dirichlet_0.1,3226,5,9084,0.5891972060823215,0.7605416666666667,0.7558333333333334,6379245648
bdsvm,dirichlet_0.1,3226,6,4274,0.5888632331543626,0.761,0.7545,6378009408
bdsvm,dirichlet_0.1,3226,7,1766,0.5894453768205051,0.7607916666666666,0.7548333333333334,6379492896
bdsvm,dirichlet_0.1,3226,8,0,1.0,0.4859583333333333,0.4825,6378503904
bdsvm,dirichlet_0.1,3226,9,166,0.5899949969743604,0.7602916666666667,0.7556666666666667,6379245648
bdsvm,dirichlet_0.1,3251,0,0,1.0,0.4859583333333333,0.4825,6427211760
bdsvm,dirichlet_0.1,3251,1,1,0.5749214262234922,0.7646666666666667,0.7595,6429931488
bdsvm,dirichlet_0.1,3251,2,2711,0.5755937325118667,0.765,0.7591666666666667,6429436992
bdsvm,dirichlet_0.1,3251,3,3820,0.5740485387851293,0.7654166666666666,0.7585,6428448000
bdsvm,dirichlet_0.1,3251,4,2178,0.5738745017280881,0.7652083333333334,0.7588333333333334,6428695248
bdsvm,dirichlet_0.1,3251,5,9084,0.5738843717187815,0.7652916666666667,0.7591666666666667,6428695248
bdsvm,dirichlet_0.1,3251,6,4274,0.5738980616832188,0.76525,0.7586666666666667,6427459008
bdsvm,dirichlet_0.1,3251,7,1766,0.5738912722618579,0.7652083333333334,0.7588333333333334,6428942496
bdsvm,dirichlet_0.1,3251,8,0,1.0,0.4859583333333333,0.4825,6427953504
bdsvm,dirichlet_0.1,3251,9,166,0.5740504915654847,0.7652916666666667,0.7588333333333334,6428695248
bdsvm,dirichlet_0.1,3276,0,0,1.0,0.4859583333333333,0.4825,6476661360
bdsvm,dirichlet_0.1,3276,1,1,0.5819489257888125,0.762625,0.7573333333333333,6479381088
bdsvm,dirichlet_0.1,3276,2,2711,0.5813117260378856,0.7630833333333333,0.7571666666666667,6478886592
bdsvm,dirichlet_0.1,3276,3,3820,0.5814299272115926,0.7630416666666666,0.7571666666666667,6477897600
bdsvm,dirichlet_0.1,3276,4,2178,0.5813895897577707,0.763,0.7576666666666667,6478144848
bdsvm,dirichlet_0.1,3276,5,9084,0.5811374913338095,0.7632083333333334,0.7571666666666667,6478144848
bdsvm,dirichlet_0.1,3276,6,4274,0.5815453101979065,0.763,0.7575,6476908608
bdsvm,dirichlet_0.1,3276,7,1766,0.5815663286939821,0.7630833333333333,0.7575,6478392096
bdsvm,dirichlet_0.1,3276,8,0,1.0,0.4859583333333333,0.4825,6477403104
bdsvm,dirichlet_0.1,3276,9,166,0.5812927065258382,0.7631666666666667,0.7571666666666667,6478144848
bdsvm,dirichlet_0.1,3301,0,0,1.0,0.4859583333333333,0.4825,6526110960
bdsvm,dirichlet_0.1,3301,1,1,0.575613134281679,0.7644583333333334,0.7591666666666667,6528830688
bdsvm,dirichlet_0.1,3301,2,2711,0.5761339909877908,0.7641666666666667,0.7578333333333334,6528336192
bdsvm,dirichlet_0.1,3301,3,3820,0.5750099192248902,0.7650416666666666,0.7585,6527347200
bdsvm,dirichlet_0.1,3301,4,2178,0.5758795397934777,0.7642916666666667,0.758,6527594448
bdsvm,dirichlet_0.1,3301,5,9084,0.572943466019943,0.7657916666666666,0.7586666666666667,6527594448
bdsvm,dirichlet_0.1,3301,6,4274,0.5743710787180116,0.7653333333333333,0.759,6526358208
bdsvm,dirichlet_0.1,3301,7,1766,0.5742933738220433,0.7651666666666667,0.7585,6527841696
bdsvm,dirichlet_0.1,3301,8,0,1.0,0.4859583333333333,0.4825,6526852704
bdsvm,dirichlet_0.1,3301,9,166,0.5734096902555416,0.76575,0.759,6527594448
bdsvm,dirichlet_0.1,3326,0,0,1.0,0.4859583333333333,0.4825,6575560560
bdsvm,dirichlet_0.1,3326,1,1,0.5744160001167188,0.7640833333333333,0.76,6578280288
bdsvm,dirichlet_0.1,3326,2,2711,0.5736897473640232,0.7656666666666667,0.76,6577785792
bdsvm,dirichlet_0.1,3326,3,3820,0.5740092282258981,0.7655,0.7598333333333334,6576796800
bdsvm,dirichlet_0.1,3326,4,2178,0.5739687525715764,0.76575,0.7598333333333334,6577044048
bdsvm,dirichlet_0.1,3326,5,9084,0.5740591039384222,0.76575,0.76,6577044048
bdsvm,dirichlet_0.1,3326,6,4274,0.5736679709029439,0.7655833333333333,0.7595,6575807808
bdsvm,dirichlet_0.1,3326,7,1766,0.5740181792074199,0.7657083333333333,0.7598333333333334,6577291296
bdsvm,dirichlet_0.1,3326,8,0,1.0,0.4859583333333333,0.4825,6576302304
bdsvm,dirichlet_0.1,3326,9,166,0.5737517316427027,0.76575,0.76,6577044048
bdsvm,dirichlet_0.1,3351,0,0,1.0,0.4859583333333333,0.4825,6625010160
bdsvm,dirichlet_0.1,3351,1,1,0.5785295727912659,0.7637916666666666,0.7581666666666667,6627729888
bdsvm,dirichlet_0.1,3351,2,2711,0.5783496788274785,0.7645416666666667,0.7583333333333333,6627235392
bdsvm,dirichlet_0.1,3351,3,3820,0.5783265634257584,0.764625,0.7585,6626246400
bdsvm,dirichlet_0.1,3351,4,2178,0.5782614887366886,0.764625,0.7583333333333333,6626493648
bdsvm,dirichlet_0.1,3351,5,9084,0.5782864085184709,0.7645833333333333,0.7583333333333333,6626493648
bdsvm,dirichlet_0.1,3351,6,4274,0.578289740927961,0.7645833333333333,0.7583333333333333,6625257408
bdsvm,dirichlet_0.1,3351,7,1766,0.5781730035954368,0.764625,0.7583333333333333,6626740896
bdsvm,dirichlet_0.1,3351,8,0,1.0,0.4859583333333333,0.4825,6625751904
bdsvm,dirichlet_0.1,3351,9,166,0.5783500550680103,0.7645833333333333,0.7583333333333333,6626493648
bdsvm,dirichlet_0.1,3376,0,0,1.0,0.4859583333333333,0.4825,6674459760
bdsvm,dirichlet_0.1,3376,1,1,0.5732684985837205,0.7650416666666666,0.7611666666666667,6677179488
bdsvm,dirichlet_0.1,3376,2,2711,0.5727139131825164,0.7655,0.7595,6676684992
bdsvm,dirichlet_0.1,3376,3,3820,0.5711872351756437,0.7659583333333333,0.7593333333333333,6675696000
bdsvm,dirichlet_0.1,3376,4,2178,0.5721856281323564,0.7655833333333333,0.7595,6675943248
bdsvm,dirichlet_0.1,3376,5,9084,0.5720970650379967,0.7655,0.7598333333333334,6675943248
bdsvm,dirichlet_0.1,3376,6,4274,0.5719901630241249,0.7655416666666667,0.76,6674707008
bdsvm,dirichlet_0.1,3376,7,1766,0.5715870434688124,0.7655416666666667,0.7596666666666667,6676190496
bdsvm,dirichlet_0.1,3376,8,0,1.0,0.4859583333333333,0.4825,6675201504
bdsvm,dirichlet_0.1,3376,9,166,0.5720843624059012,0.7655416666666667,0.7596666666666667,6675943248
bdsvm,dirichlet_0.1,3401,0,0,1.0,0.4859583333333333,0.4825,6723909360
bdsvm,dirichlet_0.1,3401,1,1,0.5806032842148678,0.763625,0.7583333333333333,6726629088
bdsvm,dirichlet_0.1,3401,2,2711,0.5803127226939802,0.764125,0.758,6726134592
bdsvm,dirichlet_0.1,3401,3,3820,0.5803795513387984,0.7642083333333334,0.758,6725145600
bdsvm,dirichlet_0.1,3401,4,2178,0.5803496860877567,0.7642083333333334,0.758,6725392848
bdsvm,dirichlet_0.1,3401,5,9084,0.5802911211579819,0.7641666666666667,0.7576666666666667,6725392848
bdsvm,dirichlet_0.1,3401,6,4274,0.5802835193414512,0.76425,0.7578333333333334,6724156608
bdsvm,dirichlet_0.1,3401,7,1766,0.5802556538329028,0.7642083333333334,0.7578333333333334,6725640096
bdsvm,dirichlet_0.1,3401,8,0,1.0,0.4859583333333333,0.4825,6724651104
bdsvm,dirichlet_0.1,3401,9,166,0.5803717004909905,0.7642083333333334,0.758,6725392848
bdsvm,dirichlet_0.1,3426,0,0,1.0,0.4859583333333333,0.4825,6773358960
bdsvm,dirichlet_0.1,3426,1,1,0.5766278864722698,0.7635,0.759,6776078688
bdsvm,dirichlet_0.1,3426,2,2711,0.5726402692032441,0.766,0.76,6775584192
bdsvm,dirichlet_0.1,3426,3,3820,0.5761107911187412,0.7647083333333333,0.7588333333333334,6774595200
bdsvm,dirichlet_0.1,3426,4,2178,0.5726288778304721,0.7659583333333333,0.7601666666666667,6774842448
bdsvm,dirichlet_0.1,3426,5,9084,0.5760347995683329,0.764375,0.7585,6774842448
bdsvm,dirichlet_0.1,3426,6,4274,0.572558945330902,0.7659166666666667,0.7601666666666667,6773606208
bdsvm,dirichlet_0.1,3426,7,1766,0.5760931278339845,0.7645,0.7588333333333334,6775089696
bdsvm,dirichlet_0.1,3426,8,0,1.0,0.4859583333333333,0.4825,6774100704
bdsvm,dirichlet_0.1,3426,9,166,0.576012117521476,0.7645833333333333,0.7581666666666667,6774842448
bdsvm,dirichlet_0.1,3451,0,0,1.0,0.4859583333333333,0.4825,6822808560
bdsvm,dirichlet_0.1,3451,1,1,0.5797503802547227,0.7637916666666666,0.7593333333333333,6825528288
bdsvm,dirichlet_0.1,3451,2,2711,0.5795812217727092,0.7645,0.7583333333333333,6825033792
bdsvm,dirichlet_0.1,3451,3,3820,0.5795463081114417,0.7644583333333334,0.7585,6824044800
bdsvm,dirichlet_0.1,3451,4,2178,0.5795529583128232,0.7645,0.7583333333333333,6824292048
bdsvm,dirichlet_0.1,3451,5,9084,0.5795203982394317,0.7644166666666666,0.7583333333333333,6824292048
bdsvm,dirichlet_0.1,3451,6,4274,0.5794289165095674,0.764375,0.7581666666666667,6823055808
bdsvm,dirichlet_0.1,3451,7,1766,0.5795432431242857,0.7644583333333334,0.7583333333333333,6824539296
bdsvm,dirichlet_0.1,3451,8,0,1.0,0.4859583333333333,0.4825,6823550304
bdsvm,dirichlet_0.1,3451,9,166,0.5795180172933936,0.7644583333333334,0.7583333333333333,6824292048
bdsvm,dirichlet_0.1,3476,0,0,1.0,0.4859583333333333,0.4825,6872258160
bdsvm,dirichlet_0.1,3476,1,1,0.5748947891034599,0.7639583333333333,0.7595,6874977888
bdsvm,dirichlet_0.1,3476,2,2711,0.5744192644837953,0.7640833333333333,0.758,6874483392
bdsvm,dirichlet_0.1,3476,3,3820,0.5738483450548922,0.7642916666666667,0.7576666666666667,6873494400
bdsvm,dirichlet_0.1,3476,4,2178,0.5745199878760707,0.7640416666666666,0.7575,6873741648
bdsvm,dirichlet_0.1,3476,5,9084,0.5743567269312372,0.7639166666666667,0.7573333333333333,6873741648
bdsvm,dirichlet_0.1,3476,6,4274,0.5739534365002137,0.7640833333333333,0.7578333333333334,6872505408
bdsvm,dirichlet_0.1,3476,7,1766,0.5743156337683434,0.763875,0.7571666666666667,6873988896
bdsvm,dirichlet_0.1,3476,8,0,1.0,0.4859583333333333,0.4825,6872999904
bdsvm,dirichlet_0.1,3476,9,166,0.5739514380718739,0.7641666666666667,0.7578333333333334,6873741648
bdsvm,dirichlet_0.1,3501,0,0,1.0,0.4859583333333333,0.4825,6921707760
bdsvm,dirichlet_0.1,3501,1,1,0.5753960921304345,0.7641666666666667,0.7591666666666667,6924427488
bdsvm,dirichlet_0.1,3501,2,2711,0.575381923445694,0.7648333333333334,0.7581666666666667,6923932992
bdsvm,dirichlet_0.1,3501,3,3820,0.5755830858984026,0.7651666666666667,0.7578333333333334,6922944000
bdsvm,dirichlet_0.1,3501,4,2178,0.575636925028337,0.7649166666666667,0.7578333333333334,6923191248
bdsvm,dirichlet_0.1,3501,5,9084,0.5752497033952539,0.765,0.758,6923191248
bdsvm,dirichlet_0.1,3501,6,4274,0.575579027302093,0.7649583333333333,0.7578333333333334,6921955008
bdsvm,dirichlet_0.1,3501,7,1766,0.5749460187917269,0.7650416666666666,0.758,6923438496
bdsvm,dirichlet_0.1,3501,8,0,1.0,0.4859583333333333,0.4825,6922449504
bdsvm,dirichlet_0.1,3501,9,166,0.5753623697798853,0.764875,0.7581666666666667,6923191248
bdsvm,dirichlet_0.1,3526,0,0,1.0,0.4859583333333333,0.4825,6971157360
bdsvm,dirichlet_0.1,3526,1,1,0.5773591435709134,0.763875,0.76,6973877088
bdsvm,dirichlet_0.1,3526,2,2711,0.5764347374525283,0.764625,0.7585,6973382592
bdsvm,dirichlet_0.1,3526,3,3820,0.5782865279917389,0.7644583333333334,0.7585,6972393600
bdsvm,dirichlet_0.1,3526,4,2178,0.5762889305782181,0.7645833333333333,0.7588333333333334,6972640848
bdsvm,dirichlet_0.1,3526,5,9084,0.5767374776197237,0.764625,0.759,6972640848
bdsvm,dirichlet_0.1,3526,6,4274,0.577214201982162,0.764125,0.7588333333333334,6971404608
bdsvm,dirichlet_0.1,3526,7,1766,0.5763881332735465,0.7643333333333333,0.7588333333333334,6972888096
bdsvm,dirichlet_0.1,3526,8,0,1.0,0.4859583333333333,0.4825,6971899104
bdsvm,dirichlet_0.1,3526,9,166,0.5767854834926395,0.76425,0.7593333333333333,6972640848
bdsvm,dirichlet_0.1,3551,0,0,1.0,0.4859583333333333,0.4825,7020606960
bdsvm,dirichlet_0.1,3551,1,1,0.5813375402937206,0.7634583333333333,0.7588333333333334,7023326688
bdsvm,dirichlet_0.1,3551,2,2711,0.5812118587452363,0.7639583333333333,0.7581666666666667,7022832192
bdsvm,dirichlet_0.1,3551,3,3820,0.5811482771615191,0.7640416666666666,0.7586666666666667,7021843200
bdsvm,dirichlet_0.1,3551,4,2178,0.5811975520688877,0.7639583333333333,0.7585,7022090448
bdsvm,dirichlet_0.1,3551,5,9084,0.5809802564077436,0.7640833333333333,0.7586666666666667,7022090448
bdsvm,dirichlet_0.1,3551,6,4274,0.5809982344475113,0.763875,0.7585,7020854208
bdsvm,dirichlet_0.1,3551,7,1766,0.5810273020510789,0.7639583333333333,0.7585,7022337696
bdsvm,dirichlet_0.1,3551,8,0,1.0,0.4859583333333333,0.4825,7021348704
bdsvm,dirichlet_0.1,3551,9,166,0.5810155027987228,0.7640833333333333,0.7585,7022090448
bdsvm,dirichlet_0.1,3576,0,0,1.0,0.4859583333333333,0.4825,7070056560
bdsvm,dirichlet_0.1,3576,1,1,0.5744253381626878,0.7639583333333333,0.7606666666666667,7072776288
bdsvm,dirichlet_0.1,3576,2,2711,0.5743170670251514,0.7652916666666667,0.7583333333333333,7072281792
bdsvm,dirichlet_0.1,3576,3,3820,0.5743452762758895,0.7655416666666667,0.7588333333333334,7071292800
bdsvm,dirichlet_0.1,3576,4,2178,0.5738484067809624,0.7655416666666667,0.7586666666666667,7071540048
bdsvm,dirichlet_0.1,3576,5,9084,0.5736319759511874,0.7657083333333333,0.758,7071540048
bdsvm,dirichlet_0.1,3576,6,4274,0.5742616834296093,0.7654166666666666,0.7588333333333334,7070303808
bdsvm,dirichlet_0.1,3576,7,1766,0.5743102323802733,0.7654583333333334,0.7585,7071787296
bdsvm,dirichlet_0.1,3576,8,0,1.0,0.4859583333333333,0.4825,7070798304
bdsvm,dirichlet_0.1,3576,9,166,0.5744855293799476,0.7653333333333333,0.759,7071540048
bdsvm,dirichlet_0.1,3601,0,0,1.0,0.4859583333333333,0.4825,7119506160
bdsvm,dirichlet_0.1,3601,1,1,0.5802797443648636,0.7637083333333333,0.7593333333333333,7122225888
bdsvm,dirichlet_0.1,3601,2,2711,0.5801193147531006,0.7645833333333333,0.7585,7121731392
bdsvm,dirichlet_0.1,3601,3,3820,0.5800236285712984,0.7647083333333333,0.7583333333333333,7120742400
bdsvm,dirichlet_0.1,3601,4,2178,0.5797420103120043,0.7645416666666667,0.758,7120989648
bdsvm,dirichlet_0.1,3601,5,9084,0.5799439924392007,0.764625,0.7585,7120989648
bdsvm,dirichlet_0.1,3601,6,4274,0.5799095084898842,0.7646666666666667,0.7585,7119753408
bdsvm,dirichlet_0.1,3601,7,1766,0.579900746776111,0.7647083333333333,0.7585,7121236896
bdsvm,dirichlet_0.1,3601,8,0,1.0,0.4859583333333333,0.4825,7120247904
bdsvm,dirichlet_0.1,3601,9,166,0.5799860393832517,0.7646666666666667,0.7585,7120989648
bdsvm,dirichlet_0.1,3626,0,0,1.0,0.4859583333333333,0.4825,7168955760
bdsvm,dirichlet_0.1,3626,1,1,0.5732190714797785,0.7650833333333333,0.7613333333333333,7171675488
bdsvm,dirichlet_0.1,3626,2,2711,0.5724686490010625,0.7655833333333333,0.759,7171180992
bdsvm,dirichlet_0.1,3626,3,3820,0.5721211325325148,0.7655,0.7595,7170192000
bdsvm,dirichlet_0.1,3626,4,2178,0.5718744073484283,0.7655833333333333,0.7593333333333333,7170439248
bdsvm,dirichlet_0.1,3626,5,9084,0.5719451863797351,0.7655416666666667,0.7595,7170439248
bdsvm,dirichlet_0.1,3626,6,4274,0.5720432020262285,0.7655,0.7593333333333333,7169203008
bdsvm,dirichlet_0.1,3626,7,1766,0.5721620586926865,0.7655833333333333,0.7595,7170686496
bdsvm,dirichlet_0.1,3626,8,0,1.0,0.4859583333333333,0.4825,7169697504
bdsvm,dirichlet_0.1,3626,9,166,0.5723412765852695,0.7655416666666667,0.7593333333333333,7170439248
bdsvm,dirichlet_0.1,3651,0,0,1.0,0.4859583333333333,0.4825,7218405360
bdsvm,dirichlet_0.1,3651,1,1,0.5796254292198321,0.7635416666666667,0.7583333333333333,7221125088
bdsvm,dirichlet_0.1,3651,2,2711,0.5781534213346974,0.7645833333333333,0.759,7220630592
bdsvm,dirichlet_0.1,3651,3,3820,0.5784869063777249,0.7645416666666667,0.7585,7219641600
bdsvm,dirichlet_0.1,3651,4,2178,0.5785159840229886,0.7639166666666667,0.7585,7219888848
bdsvm,dirichlet_0.1,3651,5,9084,0.579233884995311,0.76375,0.7583333333333333,7219888848
bdsvm,dirichlet_0.1,3651,6,4274,0.5789225266053042,0.7642916666666667,0.7588333333333334,7218652608
bdsvm,dirichlet_0.1,3651,7,1766,0.5783996619150419,0.7645,0.7583333333333333,7220136096
bdsvm,dirichlet_0.1,3651,8,0,1.0,0.4859583333333333,0.4825,7219147104
bdsvm,dirichlet_0.1,3651,9,166,0.5809690716843063,0.7632083333333334,0.7575,7219888848
bdsvm,dirichlet_0.1,3676,0,0,1.0,0.4859583333333333,0.4825,7267854960
bdsvm,dirichlet_0.1,3676,1,1,0.5765834779793928,0.764125,0.759,7270574688
bdsvm,dirichlet_0.1,3676,2,2711,0.5762967369625697,0.7657083333333333,0.7586666666666667,7270080192
bdsvm,dirichlet_0.1,3676,3,3820,0.5761279288300004,0.7655416666666667,0.7585,7269091200
bdsvm,dirichlet_0.1,3676,4,2178,0.576199687988462,0.7657916666666666,0.7585,7269338448
bdsvm,dirichlet_0.1,3676,5,9084,0.5760182866833529,0.7657083333333333,0.7583333333333333,7269338448
bdsvm,dirichlet_0.1,3676,6,4274,0.576145802829825,0.765625,0.7583333333333333,7268102208
bdsvm,dirichlet_0.1,3676,7,1766,0.5760862941032775,0.7657083333333333,0.7585,7269585696
bdsvm,dirichlet_0.1,3676,8,0,1.0,0.4859583333333333,0.4825,7268596704
bdsvm,dirichlet_0.1,3676,9,166,0.5761121012104109,0.7657083333333333,0.7586666666666667,7269338448
bdsvm,dirichlet_0.1,3701,0,0,1.0,0.4859583333333333,0.4825,7317304560
bdsvm,dirichlet_0.1,3701,1,1,0.5748053485648876,0.7649166666666667,0.7605,7320024288
bdsvm,dirichlet_0.1,3701,2,2711,0.572962641035131,0.7659166666666667,0.7605,7319529792
bdsvm,dirichlet_0.1,3701,3,3820,0.5730580743145667,0.76575,0.7605,7318540800
bdsvm,dirichlet_0.1,3701,4,2178,0.5729998994279093,0.766,0.7603333333333333,7318788048
bdsvm,dirichlet_0.1,3701,5,9084,0.573694697530965,0.76575,0.761,7318788048
bdsvm,dirichlet_0.1,3701,6,4274,0.5730633081988944,0.76575,0.7601666666666667,7317551808
bdsvm,dirichlet_0.1,3701,7,1766,0.5729376001566949,0.7658333333333334,0.7601666666666667,7319035296
bdsvm,dirichlet_0.1,3701,8,0,1.0,0.4859583333333333,0.4825,7318046304
bdsvm,dirichlet_0.1,3701,9,166,0.5731482877134331,0.765875,0.7603333333333333,7318788048
bdsvm,dirichlet_0.1,3726,0,0,1.0,0.4859583333333333,0.4825,7366754160
bdsvm,dirichlet_0.1,3726,1,1,0.576451601309125,0.7639583333333333,0.7595,7369473888
bdsvm,dirichlet_0.1,3726,2,2711,0.5754418931961568,0.7655833333333333,0.7593333333333333,7368979392
bdsvm,dirichlet_0.1,3726,3,3820,0.575830762063242,0.765125,0.7593333333333333,7367990400
bdsvm,dirichlet_0.1,3726,4,2178,0.5751237111159949,0.7655,0.7591666666666667,7368237648
bdsvm,dirichlet_0.1,3726,5,9084,0.5755786304627265,0.765375,0.7595,7368237648
bdsvm,dirichlet_0.1,3726,6,4274,0.5744560735348928,0.7655833333333333,0.7593333333333333,7367001408
bdsvm,dirichlet_0.1,3726,7,1766,0.5754493095544384,0.7651666666666667,0.7591666666666667,7368484896
bdsvm,dirichlet_0.1,3726,8,0,1.0,0.4859583333333333,0.4825,7367495904
bdsvm,dirichlet_0.1,3726,9,166,0.5756827423984621,0.765375,0.7596666666666667,7368237648
bdsvm,dirichlet_0.1,3751,0,0,1.0,0.4859583333333333,0.4825,7416203760
bdsvm,dirichlet_0.1,3751,1,1,0.5798804047771396,0.7632916666666667,0.7588333333333334,7418923488
bdsvm,dirichlet_0.1,3751,2,2711,0.58001243474037,0.7645,0.7583333333333333,7418428992
bdsvm,dirichlet_0.1,3751,3,3820,0.579924334240238,0.7645,0.7578333333333334,7417440000
bdsvm,dirichlet_0.1,3751,4,2178,0.5795745667912598,0.764375,0.7576666666666667,7417687248
bdsvm,dirichlet_0.1,3751,5,9084,0.5795860369403731,0.7644166666666666,0.7578333333333334,7417687248
bdsvm,dirichlet_0.1,3751,6,4274,0.5799940565525776,0.7645833333333333,0.758,7416451008
bdsvm,dirichlet_0.1,3751,7,1766,0.5797729004026723,0.7644583333333334,0.7578333333333334,7417934496
bdsvm,dirichlet_0.1,3751,8,0,1.0,0.4859583333333333,0.4825,7416945504
bdsvm,dirichlet_0.1,3751,9,166,0.5795414539387737,0.7644166666666666,0.7578333333333334,7417687248
bdsvm,dirichlet_0.1,3776,0,0,1.0,0.4859583333333333,0.4825,7465653360
bdsvm,dirichlet_0.1,3776,1,1,0.5741281294490748,0.7644583333333334,0.7588333333333334,7468373088
bdsvm,dirichlet_0.1,3776,2,2711,0.5719147900550172,0.7663333333333333,0.7588333333333334,7467878592
bdsvm,dirichlet_0.1,3776,3,3820,0.5720022900465696,0.7666666666666667,0.759,7466889600
bdsvm,dirichlet_0.1,3776,4,2178,0.5721196125991159,0.7666666666666667,0.759,7467136848
bdsvm,dirichlet_0.1,3776,5,9084,0.5722632415990588,0.766375,0.7586666666666667,7467136848
bdsvm,dirichlet_0.1,3776,6,4274,0.5720034099186334,0.7665416666666667,0.7591666666666667,7465900608
bdsvm,dirichlet_0.1,3776,7,1766,0.5720016459364118,0.7665,0.7591666666666667,7467384096
bdsvm,dirichlet_0.1,3776,8,0,1.0,0.4859583333333333,0.4825,7466395104
bdsvm,dirichlet_0.1,3776,9,166,0.5719668558619678,0.7664166666666666,0.7593333333333333,7467136848
bdsvm,dirichlet_0.1,3801,0,0,1.0,0.4859583333333333,0.4825,7515102960
bdsvm,dirichlet_0.1,3801,1,1,0.5756699334483635,0.7639166666666667,0.7593333333333333,7517822688
bdsvm,dirichlet_0.1,3801,2,2711,0.5753344513899659,0.7652083333333334,0.7596666666666667,7517328192
bdsvm,dirichlet_0.1,3801,3,3820,0.5755337776213643,0.7651666666666667,0.7593333333333333,7516339200
bdsvm,dirichlet_0.1,3801,4,2178,0.5761193925467138,0.7650833333333333,0.7593333333333333,7516586448
bdsvm,dirichlet_0.1,3801,5,9084,0.5757555150045803,0.7649166666666667,0.7596666666666667,7516586448
bdsvm,dirichlet_0.1,3801,6,4274,0.5755122601998154,0.7650833333333333,0.7591666666666667,7515350208
bdsvm,dirichlet_0.1,3801,7,1766,0.5751547149859254,0.7650833333333333,0.7593333333333333,7516833696
bdsvm,dirichlet_0.1,3801,8,0,1.0,0.4859583333333333,0.4825,7515844704
bdsvm,dirichlet_0.1,3801,9,166,0.5754964131280375,0.765125,0.7596666666666667,7516586448
bdsvm,dirichlet_0.1,3826,0,0,1.0,0.4859583333333333,0.4825,7564552560
bdsvm,dirichlet_0.1,3826,1,1,0.5758978478573316,0.7644166666666666,0.761,7567272288
bdsvm,dirichlet_0.1,3826,2,2711,0.5748609191818708,0.7648333333333334,0.759,7566777792
bdsvm,dirichlet_0.1,3826,3,3820,0.5747455850873603,0.7650416666666666,0.759,7565788800
bdsvm,dirichlet_0.1,3826,4,2178,0.5747413336546949,0.7649166666666667,0.7586666666666667,7566036048
bdsvm,dirichlet_0.1,3826,5,9084,0.5751874470773534,0.7647916666666666,0.759,7566036048
bdsvm,dirichlet_0.1,3826,6,4274,0.574849618357659,0.7653333333333333,0.7586666666666667,7564799808
bdsvm,dirichlet_0.1,3826,7,1766,0.5746398562477978,0.7649583333333333,0.7588333333333334,7566283296
bdsvm,dirichlet_0.1,3826,8,0,1.0,0.4859583333333333,0.4825,7565294304
bdsvm,dirichlet_0.1,3826,9,166,0.574733549048757,0.7649583333333333,0.7586666666666667,7566036048
bdsvm,dirichlet_0.1,3851,0,0,1.0,0.4859583333333333,0.4825,7614002160
bdsvm,dirichlet_0.1,3851,1,1,0.5818772892248671,0.7626666666666667,0.7581666666666667,7616721888
bdsvm,dirichlet_0.1,3851,2,2711,0.5815339259592807,0.7635416666666667,0.7576666666666667,7616227392
bdsvm,dirichlet_0.1,3851,3,3820,0.5816173733786665,0.7632083333333334,0.758,7615238400
bdsvm,dirichlet_0.1,3851,4,2178,0.5816288784584006,0.7634583333333333,0.7578333333333334,7615485648
bdsvm,dirichlet_0.1,3851,5,9084,0.5815669804707972,0.7635416666666667,0.7578333333333334,7615485648
bdsvm,dirichlet_0.1,3851,6,4274,0.5811137629586443,0.7636666666666667,0.758,7614249408
bdsvm,dirichlet_0.1,3851,7,1766,0.5814928442342483,0.7633333333333333,0.7576666666666667,7615732896
bdsvm,dirichlet_0.1,3851,8,0,1.0,0.4859583333333333,0.4825,7614743904
bdsvm,dirichlet_0.1,3851,9,166,0.5816100681060513,0.7634166666666666,0.7578333333333334,7615485648
bdsvm,dirichlet_0.1,3876,0,0,1.0,0.4859583333333333,0.4825,7663451760
bdsvm,dirichlet_0.1,3876,1,1,0.57490504313913,0.7638333333333334,0.7585,7666171488
bdsvm,dirichlet_0.1,3876,2,2711,0.5743818135918161,0.7652916666666667,0.759,7665676992
bdsvm,dirichlet_0.1,3876,3,3820,0.5743615025014374,0.765125,0.7591666666666667,7664688000
bdsvm,dirichlet_0.1,3876,4,2178,0.5744310044760135,0.7652083333333334,0.7588333333333334,7664935248
bdsvm,dirichlet_0.1,3876,5,9084,0.5743318458804949,0.7653333333333333,0.759,7664935248
bdsvm,dirichlet_0.1,3876,6,4274,0.5749320750023954,0.7652083333333334,0.7593333333333333,7663699008
bdsvm,dirichlet_0.1,3876,7,1766,0.5739931748784165,0.7650416666666666,0.7588333333333334,7665182496
bdsvm,dirichlet_0.1,3876,8,0,1.0,0.4859583333333333,0.4825,7664193504
bdsvm,dirichlet_0.1,3876,9,166,0.5743536974286307,0.7653333333333333,0.759,7664935248
bdsvm,dirichlet_0.1,3901,0,0,1.0,0.4859583333333333,0.4825,7712901360
bdsvm,dirichlet_0.1,3901,1,1,0.5893744647125458,0.760875,0.7551666666666667,7715621088
bdsvm,dirichlet_0.1,3901,2,2711,0.5895903563810246,0.7612083333333334,0.7558333333333334,7715126592
bdsvm,dirichlet_0.1,3901,3,3820,0.5915448705937075,0.7614166666666666,0.755,7714137600
bdsvm,dirichlet_0.1,3901,4,2178,0.589838005170875,0.76125,0.7551666666666667,7714384848
bdsvm,dirichlet_0.1,3901,5,9084,0.589267283695856,0.7611666666666667,0.7563333333333333,7714384848
bdsvm,dirichlet_0.1,3901,6,4274,0.5895361118563637,0.7612916666666667,0.7555,7713148608
bdsvm,dirichlet_0.1,3901,7,1766,0.5898251607641206,0.7612916666666667,0.7548333333333334,7714632096
bdsvm,dirichlet_0.1,3901,8,0,1.0,0.4859583333333333,0.4825,7713643104
bdsvm,dirichlet_0.1,3901,9,166,0.5901991564983752,0.7615833333333333,0.7555,7714384848
bdsvm,dirichlet_0.1,3926,0,0,1.0,0.4859583333333333,0.4825,7762350960
bdsvm,dirichlet_0.1,3926,1,1,0.5722844652654204,0.7648333333333334,0.7601666666666667,7765070688
bdsvm,dirichlet_0.1,3926,2,2711,0.5705014089269232,0.7660416666666666,0.7596666666666667,7764576192
bdsvm,dirichlet_0.1,3926,3,3820,0.5706326258445997,0.76575,0.7596666666666667,7763587200
bdsvm,dirichlet_0.1,3926,4,2178,0.5709521200710724,0.766,0.7593333333333333,7763834448
bdsvm,dirichlet_0.1,3926,5,9084,0.5707101489325004,0.7659583333333333,0.7593333333333333,7763834448
bdsvm,dirichlet_0.1,3926,6,4274,0.570604721480998,0.7659583333333333,0.7598333333333334,7762598208
bdsvm,dirichlet_0.1,3926,7,1766,0.5705618598479869,0.7659166666666667,0.7596666666666667,7764081696
bdsvm,dirichlet_0.1,3926,8,0,1.0,0.4859583333333333,0.4825,7763092704
bdsvm,dirichlet_0.1,3926,9,166,0.5707215994329004,0.7658333333333334,0.7598333333333334,7763834448
bdsvm,dirichlet_0.1,3951,0,0,1.0,0.4859583333333333,0.4825,7811800560
bdsvm,dirichlet_0.1,3951,1,1,0.5773191082547972,0.7645833333333333,0.759,7814520288
bdsvm,dirichlet_0.1,3951,2,2711,0.5766950505122164,0.7652083333333334,0.7598333333333334,7814025792
bdsvm,dirichlet_0.1,3951,3,3820,0.5764975617061039,0.7651666666666667,0.7591666666666667,7813036800
bdsvm,dirichlet_0.1,3951,4,2178,0.5770487679551514,0.7652916666666667,0.7596666666666667,7813284048
bdsvm,dirichlet_0.1,3951,5,9084,0.5766380258706642,0.76525,0.7596666666666667,7813284048
bdsvm,dirichlet_0.1,3951,6,4274,0.5768107484840745,0.7651666666666667,0.7596666666666667,7812047808
bdsvm,dirichlet_0.1,3951,7,1766,0.5766734787500571,0.7651666666666667,0.7595,7813531296
bdsvm,dirichlet_0.1,3951,8,0,1.0,0.4859583333333333,0.4825,7812542304
bdsvm,dirichlet_0.1,3951,9,166,0.5770651877762042,0.76525,0.7596666666666667,7813284048
bdsvm,dirichlet_0.1,3976,0,0,1.0,0.4859583333333333,0.4825,7861250160
bdsvm,dirichlet_0.1,3976,1,1,0.5802329848068735,0.763375,0.7595,7863969888
bdsvm,dirichlet_0.1,3976,2,2711,0.5799988959494231,0.76425,0.7578333333333334,7863475392
bdsvm,dirichlet_0.1,3976,3,3820,0.5798534970199108,0.7644166666666666,0.758,7862486400
bdsvm,dirichlet_0.1,3976,4,2178,0.5800064582698873,0.7643333333333333,0.7578333333333334,7862733648
bdsvm,dirichlet_0.1,3976,5,9084,0.5797252130036914,0.7643333333333333,0.7578333333333334,7862733648
bdsvm,dirichlet_0.1,3976,6,4274,0.5799005938019586,0.7644166666666666,0.758,7861497408
bdsvm,dirichlet_0.1,3976,7,1766,0.5798853893214388,0.7644166666666666,0.758,7862980896
bdsvm,dirichlet_0.1,3976,8,0,1.0,0.4859583333333333,0.4825,7861991904
bdsvm,dirichlet_0.1,3976,9,166,0.5797810440173727,0.7644166666666666,0.7578333333333334,7862733648
bdsvm,dirichlet_0.1,4001,0,0,1.0,0.4859583333333333,0.4825,7910699760
bdsvm,dirichlet_0.1,4001,1,1,0.5735136649361444,0.7647916666666666,0.7595,7913419488
bdsvm,dirichlet_0.1,4001,2,2711,0.5719502070913772,0.7659166666666667,0.7598333333333334,7912924992
bdsvm,dirichlet_0.1,4001,3,3820,0.572167702998281,0.7658333333333334,0.7598333333333334,7911936000
bdsvm,dirichlet_0.1,4001,4,2178,0.5719940149669294,0.7658333333333334,0.7596666666666667,7912183248
bdsvm,dirichlet_0.1,4001,5,9084,0.5720224723209195,0.765875,0.7595,7912183248
bdsvm,dirichlet_0.1,4001,6,4274,0.5720848656300402,0.765875,0.76,7910947008
bdsvm,dirichlet_0.1,4001,7,1766,0.5720029089375779,0.7656666666666667,0.7596666666666667,7912430496
bdsvm,dirichlet_0.1,4001,8,0,1.0,0.4859583333333333,0.4825,7911441504
bdsvm,dirichlet_0.1,4001,9,166,0.5723528998258234,0.7656666666666667,0.7605,7912183248
bdsvm,dirichlet_0.1,4026,0,0,1.0,0.4859583333333333,0.4825,7960149360
bdsvm,dirichlet_0.1,4026,1,1,0.5824011842055361,0.7624166666666666,0.758,7962869088
bdsvm,dirichlet_0.1,4026,2,2711,0.5805303811657011,0.7637083333333333,0.7581666666666667,7962374592
bdsvm,dirichlet_0.1,4026,3,3820,0.5804966656604671,0.7638333333333334,0.7581666666666667,7961385600
bdsvm,dirichlet_0.1,4026,4,2178,0.5802710586953046,0.7638333333333334,0.7585,7961632848
bdsvm,dirichlet_0.1,4026,5,9084,0.5819770508839661,0.7634166666666666,0.7576666666666667,7961632848
bdsvm,dirichlet_0.1,4026,6,4274,0.5808355640899437,0.7638333333333334,0.7581666666666667,7960396608
bdsvm,dirichlet_0.1,4026,7,1766,0.5805235906519342,0.7638333333333334,0.7581666666666667,7961880096
bdsvm,dirichlet_0.1,4026,8,0,1.0,0.4859583333333333,0.4825,7960891104
bdsvm,dirichlet_0.1,4026,9,166,0.5806797402632466,0.763875,0.7583333333333333,7961632848
bdsvm,dirichlet_0.1,4051,0,0,1.0,0.4859583333333333,0.4825,8009598960
bdsvm,dirichlet_0.1,4051,1,1,0.5744625442554757,0.7643333333333333,0.76,8012318688
bdsvm,dirichlet_0.1,4051,2,2711,0.5732416747692496,0.7652916666666667,0.7593333333333333,8011824192
bdsvm,dirichlet_0.1,4051,3,3820,0.5737003751255344,0.76525,0.7595,8010835200
bdsvm,dirichlet_0.1,4051,4,2178,0.5736982261561953,0.7652916666666667,0.759,8011082448
bdsvm,dirichlet_0.1,4051,5,9084,0.5732736734211501,0.7654166666666666,0.7595,8011082448
bdsvm,dirichlet_0.1,4051,6,4274,0.5737011152864239,0.76525,0.7588333333333334,8009846208
bdsvm,dirichlet_0.1,4051,7,1766,0.5738056767156748,0.7651666666666667,0.759,8011329696
bdsvm,dirichlet_0.1,4051,8,0,1.0,0.4859583333333333,0.4825,8010340704
bdsvm,dirichlet_0.1,4051,9,166,0.5734877883749571,0.7651666666666667,0.7595,8011082448
bdsvm,dirichlet_0.1,4076,0,0,1.0,0.4859583333333333,0.4825,8059048560
bdsvm,dirichlet_0.1,4076,1,1,0.5788301572102295,0.7634583333333333,0.7593333333333333,8061768288
bdsvm,dirichlet_0.1,4076,2,2711,0.5785641103551044,0.7643333333333333,0.7581666666666667,8061273792
bdsvm,dirichlet_0.1,4076,3,3820,0.5784489396272006,0.7643333333333333,0.758,8060284800
bdsvm,dirichlet_0.1,4076,4,2178,0.5784641233803312,0.764375,0.7578333333333334,8060532048
bdsvm,dirichlet_0.1,4076,5,9084,0.5783384668574919,0.7642916666666667,0.758,8060532048
bdsvm,dirichlet_0.1,4076,6,4274,0.5784919140559557,0.764375,0.7578333333333334,8059295808
bdsvm,dirichlet_0.1,4076,7,1766,0.5784586527769958,0.7643333333333333,0.758,8060779296
bdsvm,dirichlet_0.1,4076,8,0,1.0,0.4859583333333333,0.4825,8059790304
bdsvm,dirichlet_0.1,4076,9,166,0.5783079931055226,0.76425,0.758,8060532048
bdsvm,dirichlet_0.1,4101,0,0,1.0,0.4859583333333333,0.4825,8108498160
bdsvm,dirichlet_0.1,4101,1,1,0.5726920928555049,0.7655,0.7613333333333333,8111217888
bdsvm,dirichlet_0.1,4101,2,2711,0.5712051433149178,0.7658333333333334,0.7593333333333333,8110723392
bdsvm,dirichlet_0.1,4101,3,3820,0.5710457281043598,0.7658333333333334,0.7596666666666667,8109734400
bdsvm,dirichlet_0.1,4101,4,2178,0.5713349610172435,0.7659166666666667,0.7591666666666667,8109981648
bdsvm,dirichlet_0.1,4101,5,9084,0.5712121640933567,0.7659166666666667,0.7593333333333333,8109981648
bdsvm,dirichlet_0.1,4101,6,4274,0.5712857932708154,0.765875,0.7591666666666667,8108745408
bdsvm,dirichlet_0.1,4101,7,1766,0.5710621925234408,0.7659166666666667,0.7593333333333333,8110228896
bdsvm,dirichlet_0.1,4101,8,0,1.0,0.4859583333333333,0.4825,8109239904
bdsvm,dirichlet_0.1,4101,9,166,0.5710465323651155,0.76575,0.7591666666666667,8109981648
bdsvm,dirichlet_0.1,4126,0,0,1.0,0.4859583333333333,0.4825,8157947760
bdsvm,dirichlet_0.1,4126,1,1,0.5742560988467817,0.764875,0.7603333333333333,8160667488
bdsvm,dirichlet_0.1,4126,2,2711,0.5727255503748141,0.7654583333333334,0.759,8160172992
bdsvm,dirichlet_0.1,4126,3,3820,0.5725548145645126,0.7660416666666666,0.7593333333333333,8159184000
bdsvm,dirichlet_0.1,4126,4,2178,0.5726413361346641,0.765875,0.7596666666666667,8159431248
bdsvm,dirichlet_0.1,4126,5,9084,0.5728738870614943,0.7654166666666666,0.7593333333333333,8159431248
bdsvm,dirichlet_0.1,4126,6,4274,0.5728497966582845,0.76525,0.7593333333333333,8158195008
bdsvm,dirichlet_0.1,4126,7,1766,0.572571314243915,0.7657916666666666,0.7595,8159678496
bdsvm,dirichlet_0.1,4126,8,0,1.0,0.4859583333333333,0.4825,8158689504
bdsvm,dirichlet_0.1,4126,9,166,0.5725465052879913,0.76575,0.7588333333333334,8159431248
bdsvm,dirichlet_0.1,4151,0,0,1.0,0.4859583333333333,0.4825,8207397360
bdsvm,dirichlet_0.1,4151,1,1,0.5809753757183017,0.76375,0.7586666666666667,8210117088
bdsvm,dirichlet_0.1,4151,2,2711,0.5803744238923758,0.7642083333333334,0.7585,8209622592
bdsvm,dirichlet_0.1,4151,3,3820,0.5802138894408215,0.7641666666666667,0.758,8208633600
bdsvm,dirichlet_0.1,4151,4,2178,0.5801082504720685,0.7643333333333333,0.7578333333333334,8208880848
bdsvm,dirichlet_0.1,4151,5,9084,0.5805638502332373,0.7644583333333334,0.758,8208880848
bdsvm,dirichlet_0.1,4151,6,4274,0.5802532564648328,0.764125,0.7578333333333334,8207644608
bdsvm,dirichlet_0.1,4151,7,1766,0.5804278497615124,0.7641666666666667,0.7583333333333333,8209128096
bdsvm,dirichlet_0.1,4151,8,0,1.0,0.4859583333333333,0.4825,8208139104
bdsvm,dirichlet_0.1,4151,9,166,0.5806970364199492,0.76425,0.7576666666666667,8208880848
bdsvm,dirichlet_0.1,4176,0,0,1.0,0.4859583333333333,0.4825,8256846960
bdsvm,dirichlet_0.1,4176,1,1,0.574392539171729,0.7645833333333333,0.7598333333333334,8259566688
bdsvm,dirichlet_0.1,4176,2,2711,0.5710333909421994,0.7655,0.7591666666666667,8259072192
bdsvm,dirichlet_0.1,4176,3,3820,0.5715867980731801,0.7650833333333333,0.7595,8258083200
bdsvm,dirichlet_0.1,4176,4,2178,0.5716502375427702,0.7653333333333333,0.7595,8258330448
bdsvm,dirichlet_0.1,4176,5,9084,0.5708859875021434,0.7655,0.7595,8258330448
bdsvm,dirichlet_0.1,4176,6,4274,0.573250560222762,0.7653333333333333,0.7596666666666667,8257094208
bdsvm,dirichlet_0.1,4176,7,1766,0.5734447104908683,0.76525,0.7601666666666667,8258577696
bdsvm,dirichlet_0.1,4176,8,0,1.0,0.4859583333333333,0.4825,8257588704
bdsvm,dirichlet_0.1,4176,9,166,0.5733315409179858,0.7651666666666667,0.7598333333333334,8258330448
bdsvm,dirichlet_0.1,4201,0,0,1.0,0.4859583333333333,0.4825,8306296560
bdsvm,dirichlet_0.1,4201,1,1,0.5783038167188107,0.7635416666666667,0.7591666666666667,8309016288
bdsvm,dirichlet_0.1,4201,2,2711,0.5780214474684097,0.764875,0.7588333333333334,8308521792
bdsvm,dirichlet_0.1,4201,3,3820,0.5781123529710068,0.764875,0.7585,8307532800
bdsvm,dirichlet_0.1,4201,4,2178,0.5780876560110169,0.7649166666666667,0.7588333333333334,8307780048
bdsvm,dirichlet_0.1,4201,5,9084,0.578185154281834,0.7648333333333334,0.7586666666666667,8307780048
bdsvm,dirichlet_0.1,4201,6,4274,0.5780454010791423,0.764875,0.7585,8306543808
bdsvm,dirichlet_0.1,4201,7,1766,0.5780843995291448,0.764875,0.7585,8308027296
bdsvm,dirichlet_0.1,4201,8,0,1.0,0.4859583333333333,0.4825,8307038304
bdsvm,dirichlet_0.1,4201,9,166,0.5780430323800566,0.764875,0.7588333333333334,8307780048
bdsvm,dirichlet_0.1,4226,0,0,1.0,0.4859583333333333,0.4825,8355746160
bdsvm,dirichlet_0.1,4226,1,1,0.5796235001994315,0.7635,0.7578333333333334,8358465888
bdsvm,dirichlet_0.1,4226,2,2711,0.5794815504512807,0.7645,0.7588333333333334,8357971392
bdsvm,dirichlet_0.1,4226,3,3820,0.5794035504430325,0.7643333333333333,0.7588333333333334,8356982400
bdsvm,dirichlet_0.1,4226,4,2178,0.5794906509581528,0.764375,0.7588333333333334,8357229648
bdsvm,dirichlet_0.1,4226,5,9084,0.5792268931576989,0.7644166666666666,0.7585,8357229648
bdsvm,dirichlet_0.1,4226,6,4274,0.5794150048579304,0.764375,0.7585,8355993408
bdsvm,dirichlet_0.1,4226,7,1766,0.579448854864911,0.764375,0.7588333333333334,8357476896
bdsvm,dirichlet_0.1,4226,8,0,1.0,0.4859583333333333,0.4825,8356487904
bdsvm,dirichlet_0.1,4226,9,166,0.5794376340883571,0.7643333333333333,0.7585,8357229648
bdsvm,dirichlet_0.1,4251,0,0,1.0,0.4859583333333333,0.4825,8405195760
bdsvm,dirichlet_0.1,4251,1,1,0.5830848663184691,0.7612916666666667,0.7576666666666667,8407915488
bdsvm,dirichlet_0.1,4251,2,2711,0.5824647253358414,0.7621666666666667,0.7566666666666667,8407420992
bdsvm,dirichlet_0.1,4251,3,3820,0.582732856319722,0.7623333333333333,0.7566666666666667,8406432000
bdsvm,dirichlet_0.1,4251,4,2178,0.582452909845494,0.762375,0.7575,8406679248
bdsvm,dirichlet_0.1,4251,5,9084,0.5820079913116698,0.7620833333333333,0.757,8406679248
bdsvm,dirichlet_0.1,4251,6,4274,0.5825202975394409,0.7621666666666667,0.7566666666666667,8405443008
bdsvm,dirichlet_0.1,4251,7,1766,0.5818353641332386,0.7625,0.7563333333333333,8406926496
bdsvm,dirichlet_0.1,4251,8,0,1.0,0.4859583333333333,0.4825,8405937504
bdsvm,dirichlet_0.1,4251,9,166,0.5816454429534443,0.7622916666666667,0.757,8406679248
bdsvm,dirichlet_0.1,4276,0,0,1.0,0.4859583333333333,0.4825,8454645360
bdsvm,dirichlet_0.1,4276,1,1,0.5764866641479258,0.7632916666666667,0.7585,8457365088
bdsvm,dirichlet_0.1,4276,2,2711,0.5760416344080459,0.7651666666666667,0.7578333333333334,8456870592
bdsvm,dirichlet_0.1,4276,3,3820,0.5757806923016809,0.7652916666666667,0.7575,8455881600
bdsvm,dirichlet_0.1,4276,4,2178,0.5756835924963349,0.7652083333333334,0.7578333333333334,8456128848
bdsvm,dirichlet_0.1,4276,5,9084,0.5757060263985823,0.7652916666666667,0.7578333333333334,8456128848
bdsvm,dirichlet_0.1,4276,6,4274,0.5757588449036819,0.76525,0.7576666666666667,8454892608
bdsvm,dirichlet_0.1,4276,7,1766,0.5760427315599003,0.7651666666666667,0.7576666666666667,8456376096
bdsvm,dirichlet_0.1,4276,8,0,1.0,0.4859583333333333,0.4825,8455387104
bdsvm,dirichlet_0.1,4276,9,166,0.5757716045165922,0.7652083333333334,0.7581666666666667,8456128848
bdsvm,dirichlet_0.1,4301,0,0,1.0,0.4859583333333333,0.4825,8504094960
bdsvm,dirichlet_0.1,4301,1,1,0.59768711495469,0.7543333333333333,0.7475,8506814688
bdsvm,dirichlet_0.1,4301,2,2711,0.5990653616156116,0.7551666666666667,0.7511666666666666,8506320192
bdsvm,dirichlet_0.1,4301,3,3820,0.5981648698523055,0.7548333333333334,0.75,8505331200
bdsvm,dirichlet_0.1,4301,4,2178,0.6008268230638499,0.7529166666666667,0.7493333333333333,8505578448
bdsvm,dirichlet_0.1,4301,5,9084,0.5988472222300802,0.7552916666666667,0.7521666666666667,8505578448
bdsvm,dirichlet_0.1,4301,6,4274,0.5946033490855147,0.75725,0.7513333333333333,8504342208
bdsvm,dirichlet_0.1,4301,7,1766,0.5965579479401792,0.7566666666666667,0.752,8505825696
bdsvm,dirichlet_0.1,4301,8,0,1.0,0.4859583333333333,0.4825,8504836704
bdsvm,dirichlet_0.1,4301,9,166,0.6032973276872335,0.75225,0.7485,8505578448
bdsvm,dirichlet_0.1,4326,0,0,1.0,0.4859583333333333,0.4825,8553544560
bdsvm,dirichlet_0.1,4326,1,1,0.5758409399839685,0.7640833333333333,0.7581666666666667,8556264288
bdsvm,dirichlet_0.1,4326,2,2711,0.5752553534168268,0.765125,0.7581666666666667,8555769792
bdsvm,dirichlet_0.1,4326,3,3820,0.5755415998968434,0.764875,0.7583333333333333,8554780800
bdsvm,dirichlet_0.1,4326,4,2178,0.5754641830169338,0.765,0.7583333333333333,8555028048
bdsvm,dirichlet_0.1,4326,5,9084,0.5749211436137673,0.76525,0.7591666666666667,8555028048
bdsvm,dirichlet_0.1,4326,6,4274,0.5752710178150122,0.7651666666666667,0.7586666666666667,8553791808
bdsvm,dirichlet_0.1,4326,7,1766,0.5753493778008286,0.7649166666666667,0.7581666666666667,8555275296
bdsvm,dirichlet_0.1,4326,8,0,1.0,0.4859583333333333,0.4825,8554286304
bdsvm,dirichlet_0.1,4326,9,166,0.5747079975452635,0.7652916666666667,0.7595,8555028048
bdsvm,dirichlet_0.1,4351,0,0,1.0,0.4859583333333333,0.4825,8602994160
bdsvm,dirichlet_0.1,4351,1,1,0.5842575357354252,0.7615833333333333,0.7571666666666667,8605713888
bdsvm,dirichlet_0.1,4351,2,2711,0.5843359028420261,0.7622916666666667,0.7568333333333334,8605219392
bdsvm,dirichlet_0.1,4351,3,3820,0.5842761620349177,0.7622916666666667,0.7568333333333334,8604230400
bdsvm,dirichlet_0.1,4351,4,2178,0.5842986474851675,0.7622916666666667,0.757,8604477648
bdsvm,dirichlet_0.1,4351,5,9084,0.5842004538807493,0.7623333333333333,0.757,8604477648
bdsvm,dirichlet_0.1,4351,6,4274,0.5842398592034568,0.7623333333333333,0.7568333333333334,8603241408
bdsvm,dirichlet_0.1,4351,7,1766,0.5840272114124768,0.7622916666666667,0.7573333333333333,8604724896
bdsvm,dirichlet_0.1,4351,8,0,1.0,0.4859583333333333,0.4825,8603735904
bdsvm,dirichlet_0.1,4351,9,166,0.584207642538529,0.7623333333333333,0.757,8604477648
bdsvm,dirichlet_0.1,4376,0,0,1.0,0.4859583333333333,0.4825,8652443760
bdsvm,dirichlet_0.1,4376,1,1,0.5759048910113134,0.7635416666666667,0.7593333333333333,8655163488
bdsvm,dirichlet_0.1,4376,2,2711,0.5754991813537915,0.764375,0.7581666666666667,8654668992
bdsvm,dirichlet_0.1,4376,3,3820,0.5753369220712868,0.7642916666666667,0.7578333333333334,8653680000
bdsvm,dirichlet_0.1,4376,4,2178,0.5750630682765232,0.76425,0.7581666666666667,8653927248
bdsvm,dirichlet_0.1,4376,5,9084,0.5753111438859253,0.7642916666666667,0.7581666666666667,8653927248
bdsvm,dirichlet_0.1,4376,6,4274,0.5750158710125152,0.7642083333333334,0.7581666666666667,8652691008
bdsvm,dirichlet_0.1,4376,7,1766,0.5748868640826617,0.76425,0.7585,8654174496
bdsvm,dirichlet_0.1,4376,8,0,1.0,0.4859583333333333,0.4825,8653185504
bdsvm,dirichlet_0.1,4376,9,166,0.575321360770357,0.7642916666666667,0.7581666666666667,8653927248
bdsvm,dirichlet_0.1,4401,0,0,1.0,0.4859583333333333,0.4825,8701893360
bdsvm,dirichlet_0.1,4401,1,1,0.5793048367927497,0.7632083333333334,0.7588333333333334,8704613088
bdsvm,dirichlet_0.1,4401,2,2711,0.5790771321014638,0.764,0.7583333333333333,8704118592
bdsvm,dirichlet_0.1,4401,3,3820,0.5790744178668177,0.7639583333333333,0.7581666666666667,8703129600
bdsvm,dirichlet_0.1,4401,4,2178,0.5791571993803027,0.764,0.7585,8703376848
bdsvm,dirichlet_0.1,4401,5,9084,0.5789931833578927,0.7639583333333333,0.7581666666666667,8703376848
bdsvm,dirichlet_0.1,4401,6,4274,0.5790853991462679,0.7640416666666666,0.758,8702140608
bdsvm,dirichlet_0.1,4401,7,1766,0.5790982006658133,0.7639583333333333,0.7585,8703624096
bdsvm,dirichlet_0.1,4401,8,0,1.0,0.4859583333333333,0.4825,8702635104
bdsvm,dirichlet_0.1,4401,9,166,0.5790713555583114,0.764,0.7583333333333333,8703376848
bdsvm,dirichlet_0.1,4426,0,0,1.0,0.4859583333333333,0.4825,8751342960
bdsvm,dirichlet_0.1,4426,1,1,0.5722598350565143,0.7645833333333333,0.7603333333333333,8754062688
bdsvm,dirichlet_0.1,4426,2,2711,0.5700789119970497,0.7656666666666667,0.759,8753568192
bdsvm,dirichlet_0.1,4426,3,3820,0.5703371349733475,0.7657083333333333,0.7581666666666667,8752579200
bdsvm,dirichlet_0.1,4426,4,2178,0.5701799390277377,0.765625,0.7585,8752826448
bdsvm,dirichlet_0.1,4426,5,9084,0.5702948760413185,0.76575,0.7583333333333333,8752826448
bdsvm,dirichlet_0.1,4426,6,4274,0.5701995138910405,0.7656666666666667,0.7583333333333333,8751590208
bdsvm,dirichlet_0.1,4426,7,1766,0.5701552439897055,0.765625,0.7585,8753073696
bdsvm,dirichlet_0.1,4426,8,0,1.0,0.4859583333333333,0.4825,8752084704
bdsvm,dirichlet_0.1,4426,9,166,0.5702186642877,0.7656666666666667,0.7583333333333333,8752826448
bdsvm,dirichlet_0.1,4451,0,0,1.0,0.4859583333333333,0.4825,8800792560
bdsvm,dirichlet_0.1,4451,1,1,0.5811571879201021,0.763375,0.7578333333333334,8803512288
bdsvm,dirichlet_0.1,4451,2,2711,0.5809000118600534,0.7640416666666666,0.757,8803017792
bdsvm,dirichlet_0.1,4451,3,3820,0.5808180619749441,0.7639166666666667,0.757,8802028800
bdsvm,dirichlet_0.1,4451,4,2178,0.5808647481828898,0.764,0.757,8802276048
bdsvm,dirichlet_0.1,4451,5,9084,0.5808371419024657,0.7639166666666667,0.7571666666666667,8802276048
bdsvm,dirichlet_0.1,4451,6,4274,0.580840839289822,0.7639583333333333,0.757,8801039808
bdsvm,dirichlet_0.1,4451,7,1766,0.5808889820028109,0.7639166666666667,0.757,8802523296
bdsvm,dirichlet_0.1,4451,8,0,1.0,0.4859583333333333,0.4825,8801534304
bdsvm,dirichlet_0.1,4451,9,166,0.580865235606919,0.7639166666666667,0.7573333333333333,8802276048
bdsvm,dirichlet_0.1,4476,0,0,1.0,0.4859583333333333,0.4825,8850242160
bdsvm,dirichlet_0.1,4476,1,1,0.5766743654678331,0.763625,0.7566666666666667,8852961888
bdsvm,dirichlet_0.1,4476,2,2711,0.5748841006459646,0.7644166666666666,0.7586666666666667,8852467392
bdsvm,dirichlet_0.1,4476,3,3820,0.575431902321407,0.7640416666666666,0.7588333333333334,8851478400
bdsvm,dirichlet_0.1,4476,4,2178,0.5759371096216493,0.76375,0.7585,8851725648
bdsvm,dirichlet_0.1,4476,5,9084,0.5755305786629377,0.7639583333333333,0.7581666666666667,8851725648
bdsvm,dirichlet_0.1,4476,6,4274,0.5761814437073135,0.7639166666666667,0.759,8850489408
bdsvm,dirichlet_0.1,4476,7,1766,0.5759708854526682,0.7636666666666667,0.7586666666666667,8851972896
bdsvm,dirichlet_0.1,4476,8,0,1.0,0.4859583333333333,0.4825,8850983904
bdsvm,dirichlet_0.1,4476,9,166,0.5755481862375248,0.7640833333333333,0.7581666666666667,8851725648
bdsvm,dirichlet_0.1,4501,0,0,1.0,0.4859583333333333,0.4825,8899691760
bdsvm,dirichlet_0.1,4501,1,1,0.5779336990355854,0.763375,0.7595,8902411488
bdsvm,dirichlet_0.1,4501,2,2711,0.5774078153648899,0.76475,0.758,8901916992
bdsvm,dirichlet_0.1,4501,3,3820,0.5772038306423661,0.7648333333333334,0.7576666666666667,8900928000
bdsvm,dirichlet_0.1,4501,4,2178,0.5774230053121907,0.7647916666666666,0.7583333333333333,8901175248
bdsvm,dirichlet_0.1,4501,5,9084,0.5783632937136445,0.7646666666666667,0.7576666666666667,8901175248
bdsvm,dirichlet_0.1,4501,6,4274,0.5798036001200381,0.763875,0.7575,8899939008
bdsvm,dirichlet_0.1,4501,7,1766,0.5785124484994019,0.764625,0.7578333333333334,8901422496
bdsvm,dirichlet_0.1,4501,8,0,1.0,0.4859583333333333,0.4825,8900433504
bdsvm,dirichlet_0.1,4501,9,166,0.5784460265190783,0.7645833333333333,0.7578333333333334,8901175248
bdsvm,dirichlet_0.1,4526,0,0,1.0,0.4859583333333333,0.4825,8949141360
bdsvm,dirichlet_0.1,4526,1,1,0.57837529329901,0.7635833333333333,0.7578333333333334,8951861088
bdsvm,dirichlet_0.1,4526,2,2711,0.5772039257812094,0.763875,0.7576666666666667,8951366592
bdsvm,dirichlet_0.1,4526,3,3820,0.5771975929973392,0.7638333333333334,0.7578333333333334,8950377600
bdsvm,dirichlet_0.1,4526,4,2178,0.5778444550847177,0.7638333333333334,0.758,8950624848
bdsvm,dirichlet_0.1,4526,5,9084,0.5774906685951263,0.7639166666666667,0.7576666666666667,8950624848
bdsvm,dirichlet_0.1,4526,6,4274,0.577840914790596,0.7640416666666666,0.7578333333333334,8949388608
bdsvm,dirichlet_0.1,4526,7,1766,0.5774083145349995,0.7636666666666667,0.7578333333333334,8950872096
bdsvm,dirichlet_0.1,4526,8,0,1.0,0.4859583333333333,0.4825,8949883104
bdsvm,dirichlet_0.1,4526,9,166,0.5771772824231391,0.7640416666666666,0.7578333333333334,8950624848
bdsvm,dirichlet_0.1,4551,0,0,1.0,0.4859583333333333,0.4825,8998590960
bdsvm,dirichlet_0.1,4551,1,1,0.5739723255749885,0.764375,0.76,9001310688
bdsvm,dirichlet_0.1,4551,2,2711,0.5724615616466523,0.76575,0.7598333333333334,9000816192
bdsvm,dirichlet_0.1,4551,3,3820,0.5723122466882966,0.7657083333333333,0.7593333333333333,8999827200
bdsvm,dirichlet_0.1,4551,4,2178,0.5724525690209006,0.7658333333333334,0.7595,9000074448
bdsvm,dirichlet_0.1,4551,5,9084,0.5723503459157094,0.76575,0.7598333333333334,9000074448
bdsvm,dirichlet_0.1,4551,6,4274,0.5723936285703568,0.76575,0.7593333333333333,8998838208
bdsvm,dirichlet_0.1,4551,7,1766,0.5724478276633249,0.7659166666666667,0.7598333333333334,9000321696
bdsvm,dirichlet_0.1,4551,8,0,1.0,0.4859583333333333,0.4825,8999332704
bdsvm,dirichlet_0.1,4551,9,166,0.5725127229980462,0.7659583333333333,0.7595,9000074448
bdsvm,dirichlet_0.1,4576,0,0,1.0,0.4859583333333333,0.4825,9048040560
bdsvm,dirichlet_0.1,4576,1,1,0.5843682090182717,0.7615833333333333,0.7563333333333333,9050760288
bdsvm,dirichlet_0.1,4576,2,2711,0.5839956730398274,0.7622916666666667,0.758,9050265792
bdsvm,dirichlet_0.1,4576,3,3820,0.5841136560695741,0.7620416666666666,0.7576666666666667,9049276800
bdsvm,dirichlet_0.1,4576,4,2178,0.5840479606500183,0.7620416666666666,0.7578333333333334,9049524048
bdsvm,dirichlet_0.1,4576,5,9084,0.5836629379264244,0.7626666666666667,0.7576666666666667,9049524048
bdsvm,dirichlet_0.1,4576,6,4274,0.5839682775016068,0.7623333333333333,0.7578333333333334,9048287808
bdsvm,dirichlet_0.1,4576,7,1766,0.5843093936878464,0.7620833333333333,0.7573333333333333,9049771296
bdsvm,dirichlet_0.1,4576,8,0,1.0,0.4859583333333333,0.4825,9048782304
bdsvm,dirichlet_0.1,4576,9,166,0.5841253249723435,0.76225,0.7576666666666667,9049524048
bdsvm,dirichlet_0.1,4601,0,0,1.0,0.4859583333333333,0.4825,9097490160
bdsvm,dirichlet_0.1,4601,1,1,0.5900045886006325,0.7577083333333333,0.7526666666666667,9100209888
bdsvm,dirichlet_0.1,4601,2,2711,0.5897244894358991,0.7586666666666667,0.7541666666666667,9099715392
bdsvm,dirichlet_0.1,4601,3,3820,0.589824801953649,0.758625,0.7543333333333333,9098726400
bdsvm,dirichlet_0.1,4601,4,2178,0.5896452475569969,0.7587083333333333,0.7543333333333333,9098973648
bdsvm,dirichlet_0.1,4601,5,9084,0.5896764634390425,0.7586666666666667,0.7541666666666667,9098973648
bdsvm,dirichlet_0.1,4601,6,4274,0.5898055290034895,0.7586666666666667,0.754,9097737408
bdsvm,dirichlet_0.1,4601,7,1766,0.5897711643807817,0.758625,0.754,9099220896
bdsvm,dirichlet_0.1,4601,8,0,1.0,0.4859583333333333,0.4825,9098231904
bdsvm,dirichlet_0.1,4601,9,166,0.5897641738234295,0.7587083333333333,0.7541666666666667,9098973648
bdsvm,dirichlet_0.1,4626,0,0,1.0,0.4859583333333333,0.4825,9146939760
bdsvm,dirichlet_0.1,4626,1,1,0.5916588134005885,0.7475416666666667,0.7443333333333333,9149659488
bdsvm,dirichlet_0.1,4626,2,2711,0.590368299052024,0.75275,0.7505,9149164992
bdsvm,dirichlet_0.1,4626,3,3820,0.5917066558288496,0.75025,0.7466666666666667,9148176000
bdsvm,dirichlet_0.1,4626,4,2178,0.5900058380459231,0.75375,0.7516666666666667,9148423248
bdsvm,dirichlet_0.1,4626,5,9084,0.5918635388302652,0.7514583333333333,0.7486666666666667,9148423248
bdsvm,dirichlet_0.1,4626,6,4274,0.5939016823387455,0.7490416666666667,0.7466666666666667,9147187008
bdsvm,dirichlet_0.1,4626,7,1766,0.591630637424678,0.75025,0.7463333333333333,9148670496
bdsvm,dirichlet_0.1,4626,8,0,1.0,0.4859583333333333,0.4825,9147681504
bdsvm,dirichlet_0.1,4626,9,166,0.5931857172831352,0.74925,0.7456666666666667,9148423248
bdsvm,dirichlet_0.1,4651,0,0,1.0,0.4859583333333333,0.4825,9196389360
bdsvm,dirichlet_0.1,4651,1,1,0.5772922029770401,0.764125,0.7585,9199109088
bdsvm,dirichlet_0.1,4651,2,2711,0.5771677082919164,0.764375,0.7578333333333334,9198614592
bdsvm,dirichlet_0.1,4651,3,3820,0.577153621083252,0.76425,0.758,9197625600
bdsvm,dirichlet_0.1,4651,4,2178,0.5771041809282856,0.764375,0.7578333333333334,9197872848
bdsvm,dirichlet_0.1,4651,5,9084,0.5770748820249157,0.7644166666666666,0.7576666666666667,9197872848
bdsvm,dirichlet_0.1,4651,6,4274,0.577032220404861,0.7643333333333333,0.758,9196636608
bdsvm,dirichlet_0.1,4651,7,1766,0.5771270671053065,0.7644166666666666,0.7578333333333334,9198120096
bdsvm,dirichlet_0.1,4651,8,0,1.0,0.4859583333333333,0.4825,9197131104
bdsvm,dirichlet_0.1,4651,9,166,0.5771931972354982,0.7645833333333333,0.7576666666666667,9197872848
bdsvm,dirichlet_0.1,4676,0,0,1.0,0.4859583333333333,0.4825,9245838960
bdsvm,dirichlet_0.1,4676,1,1,0.5812692682516245,0.7628333333333334,0.7568333333333334,9248558688
bdsvm,dirichlet_0.1,4676,2,2711,0.5800050082083944,0.7637083333333333,0.7575,9248064192
bdsvm,dirichlet_0.1,4676,3,3820,0.5795512097454733,0.7639166666666667,0.7566666666666667,9247075200
bdsvm,dirichlet_0.1,4676,4,2178,0.5799230691401366,0.7638333333333334,0.7573333333333333,9247322448
bdsvm,dirichlet_0.1,4676,5,9084,0.5813584731327821,0.763875,0.7566666666666667,9247322448
bdsvm,dirichlet_0.1,4676,6,4274,0.5789016468214939,0.7640833333333333,0.7571666666666667,9246086208
bdsvm,dirichlet_0.1,4676,7,1766,0.5799105857160929,0.763875,0.7571666666666667,9247569696
bdsvm,dirichlet_0.1,4676,8,0,1.0,0.4859583333333333,0.4825,9246580704
bdsvm,dirichlet_0.1,4676,9,166,0.5795369541924545,0.7639166666666667,0.7571666666666667,9247322448
bdsvm,dirichlet_0.1,4701,0,0,1.0,0.4859583333333333,0.4825,9295288560
bdsvm,dirichlet_0.1,4701,1,1,0.5835260117540354,0.7619583333333333,0.7561666666666667,9298008288
bdsvm,dirichlet_0.1,4701,2,2711,0.5825241360739141,0.76375,0.7578333333333334,9297513792
bdsvm,dirichlet_0.1,4701,3,3820,0.5825054289238529,0.7637916666666666,0.7576666666666667,9296524800
bdsvm,dirichlet_0.1,4701,4,2178,0.5825671488087547,0.7636666666666667,0.7575,9296772048
bdsvm,dirichlet_0.1,4701,5,9084,0.5832441536297707,0.7635,0.7573333333333333,9296772048
bdsvm,dirichlet_0.1,4701,6,4274,0.5821555288266682,0.7638333333333334,0.7576666666666667,9295535808
bdsvm,dirichlet_0.1,4701,7,1766,0.5825346844434655,0.7636666666666667,0.7575,9297019296
bdsvm,dirichlet_0.1,4701,8,0,1.0,0.4859583333333333,0.4825,9296030304
bdsvm,dirichlet_0.1,4701,9,166,0.5825333141227677,0.7637083333333333,0.7575,9296772048
bdsvm,dirichlet_0.1,4726,0,0,1.0,0.4859583333333333,0.4825,9344738160
bdsvm,dirichlet_0.1,4726,1,1,0.5962853850759687,0.7549583333333333,0.75,9347457888
bdsvm,dirichlet_0.1,4726,2,2711,0.5878295967707386,0.7605833333333333,0.7546666666666667,9346963392
bdsvm,dirichlet_0.1,4726,3,3820,0.592781758313578,0.7587916666666666,0.7536666666666667,9345974400
bdsvm,dirichlet_0.1,4726,4,2178,0.5881758556556848,0.7602916666666667,0.755,9346221648
bdsvm,dirichlet_0.1,4726,5,9084,0.5917046913929596,0.7598333333333334,0.7541666666666667,9346221648
bdsvm,dirichlet_0.1,4726,6,4274,0.5878288333185677,0.7604583333333333,0.7551666666666667,9344985408
bdsvm,dirichlet_0.1,4726,7,1766,0.5919332286905081,0.7590833333333333,0.7533333333333333,9346468896
bdsvm,dirichlet_0.1,4726,8,0,1.0,0.4859583333333333,0.4825,9345479904
bdsvm,dirichlet_0.1,4726,9,166,0.5926796323191801,0.7592916666666667,0.7548333333333334,9346221648
bdsvm,dirichlet_0.1,4751,0,0,1.0,0.4859583333333333,0.4825,9394187760
bdsvm,dirichlet_0.1,4751,1,1,0.5765017952782499,0.7636666666666667,0.7578333333333334,9396907488
bdsvm,dirichlet_0.1,4751,2,2711,0.5763099095445374,0.765125,0.7576666666666667,9396412992
bdsvm,dirichlet_0.1,4751,3,3820,0.5763850834460683,0.7654166666666666,0.7575,9395424000
bdsvm,dirichlet_0.1,4751,4,2178,0.5764576387989145,0.7651666666666667,0.7573333333333333,9395671248
bdsvm,dirichlet_0.1,4751,5,9084,0.5763104442655773,0.765125,0.7576666666666667,9395671248
bdsvm,dirichlet_0.1,4751,6,4274,0.5765093168540703,0.7652083333333334,0.7573333333333333,9394435008
bdsvm,dirichlet_0.1,4751,7,1766,0.5763662043912741,0.765,0.7571666666666667,9395918496
bdsvm,dirichlet_0.1,4751,8,0,1.0,0.4859583333333333,0.4825,9394929504
bdsvm,dirichlet_0.1,4751,9,166,0.5762632047234381,0.7649583333333333,0.7578333333333334,9395671248
bdsvm,dirichlet_0.1,4776,0,0,1.0,0.4859583333333333,0.4825,9443637360
bdsvm,dirichlet_0.1,4776,1,1,0.580011630667106,0.76325,0.758,9446357088
bdsvm,dirichlet_0.1,4776,2,2711,0.5797680194430019,0.76475,0.7575,9445862592
bdsvm,dirichlet_0.1,4776,3,3820,0.5797733564875239,0.7647083333333333,0.7578333333333334,9444873600
bdsvm,dirichlet_0.1,4776,4,2178,0.5794381654733136,0.7645416666666667,0.758,9445120848
bdsvm,dirichlet_0.1,4776,5,9084,0.5797601859866225,0.7647916666666666,0.7576666666666667,9445120848
bdsvm,dirichlet_0.1,4776,6,4274,0.5797429280661577,0.76475,0.7575,9443884608
bdsvm,dirichlet_0.1,4776,7,1766,0.5797027964725349,0.7646666666666667,0.7575,9445368096
bdsvm,dirichlet_0.1,4776,8,0,1.0,0.4859583333333333,0.4825,9444379104
bdsvm,dirichlet_0.1,4776,9,166,0.5806164087047558,0.764125,0.7583333333333333,9445120848
bdsvm,dirichlet_0.1,4801,0,0,1.0,0.4859583333333333,0.4825,9493086960
bdsvm,dirichlet_0.1,4801,1,1,0.5794290357016634,0.76325,0.7591666666666667,9495806688
bdsvm,dirichlet_0.1,4801,2,2711,0.5792128946294575,0.764375,0.7581666666666667,9495312192
bdsvm,dirichlet_0.1,4801,3,3820,0.5791184631076239,0.76425,0.758,9494323200
bdsvm,dirichlet_0.1,4801,4,2178,0.5791729686925465,0.7643333333333333,0.758,9494570448
bdsvm,dirichlet_0.1,4801,5,9084,0.5791510999685361,0.7643333333333333,0.758,9494570448
bdsvm,dirichlet_0.1,4801,6,4274,0.5791712554991837,0.7643333333333333,0.7581666666666667,9493334208
bdsvm,dirichlet_0.1,4801,7,1766,0.57917517930833,0.7643333333333333,0.7581666666666667,9494817696
bdsvm,dirichlet_0.1,4801,8,0,1.0,0.4859583333333333,0.4825,9493828704
bdsvm,dirichlet_0.1,4801,9,166,0.5791690340036315,0.7643333333333333,0.758,9494570448
bdsvm,dirichlet_0.1,4826,0,0,1.0,0.4859583333333333,0.4825,9542536560
bdsvm,dirichlet_0.1,4826,1,1,0.5722239132943004,0.764875,0.7605,9545256288
bdsvm,dirichlet_0.1,4826,2,2711,0.5701646889887563,0.7659583333333333,0.758,9544761792
bdsvm,dirichlet_0.1,4826,3,3820,0.570483350914308,0.766,0.7585,9543772800
bdsvm,dirichlet_0.1,4826,4,2178,0.5705500290112849,0.76625,0.7586666666666667,9544020048
bdsvm,dirichlet_0.1,4826,5,9084,0.5699880555708229,0.766,0.758,9544020048
bdsvm,dirichlet_0.1,4826,6,4274,0.5704724086108115,0.766,0.7586666666666667,9542783808
bdsvm,dirichlet_0.1,4826,7,1766,0.5704815402415411,0.766,0.7585,9544267296
bdsvm,dirichlet_0.1,4826,8,0,1.0,0.4859583333333333,0.4825,9543278304
bdsvm,dirichlet_0.1,4826,9,166,0.5699268239411437,0.766125,0.7583333333333333,9544020048
bdsvm,dirichlet_0.1,4851,0,0,1.0,0.4859583333333333,0.4825,9591986160
bdsvm,dirichlet_0.1,4851,1,1,0.574574358420191,0.7637083333333333,0.7586666666666667,9594705888
bdsvm,dirichlet_0.1,4851,2,2711,0.5737141269237737,0.7654166666666666,0.76,9594211392
bdsvm,dirichlet_0.1,4851,3,3820,0.5737039644893961,0.765625,0.7595,9593222400
bdsvm,dirichlet_0.1,4851,4,2178,0.5744113818431414,0.7655833333333333,0.7593333333333333,9593469648
bdsvm,dirichlet_0.1,4851,5,9084,0.5736459636703435,0.7654583333333334,0.7601666666666667,9593469648
bdsvm,dirichlet_0.1,4851,6,4274,0.5739699740749205,0.765625,0.7591666666666667,9592233408
bdsvm,dirichlet_0.1,4851,7,1766,0.5740491430338525,0.7654583333333334,0.7596666666666667,9593716896
bdsvm,dirichlet_0.1,4851,8,0,1.0,0.4859583333333333,0.4825,9592727904
bdsvm,dirichlet_0.1,4851,9,166,0.5736896398838044,0.7654166666666666,0.7601666666666667,9593469648
bdsvm,dirichlet_0.1,4876,0,0,1.0,0.4859583333333333,0.4825,9641435760
bdsvm,dirichlet_0.1,4876,1,1,0.5823725459206252,0.7629583333333333,0.759,9644155488
bdsvm,dirichlet_0.1,4876,2,2711,0.5822787514924616,0.7632083333333334,0.7575,9643660992
bdsvm,dirichlet_0.1,4876,3,3820,0.5820992621551547,0.763375,0.7573333333333333,9642672000
bdsvm,dirichlet_0.1,4876,4,2178,0.5828298754753788,0.7632916666666667,0.7573333333333333,9642919248
bdsvm,dirichlet_0.1,4876,5,9084,0.581738059923136,0.7634166666666666,0.7575,9642919248
bdsvm,dirichlet_0.1,4876,6,4274,0.5817250599385279,0.7634166666666666,0.7571666666666667,9641683008
bdsvm,dirichlet_0.1,4876,7,1766,0.5821290824012556,0.7634166666666666,0.7576666666666667,9643166496
bdsvm,dirichlet_0.1,4876,8,0,1.0,0.4859583333333333,0.4825,9642177504
bdsvm,dirichlet_0.1,4876,9,166,0.5821516849697337,0.7632916666666667,0.7578333333333334,9642919248
bdsvm,dirichlet_0.1,4901,0,0,1.0,0.4859583333333333,0.4825,9690885360
bdsvm,dirichlet_0.1,4901,1,1,0.5769037480044411,0.7634166666666666,0.7588333333333334,9693605088
bdsvm,dirichlet_0.1,4901,2,2711,0.5757159353358104,0.764625,0.7573333333333333,9693110592
bdsvm,dirichlet_0.1,4901,3,3820,0.5770292138482173,0.764125,0.7575,9692121600
bdsvm,dirichlet_0.1,4901,4,2178,0.5763048102188989,0.7647083333333333,0.7578333333333334,9692368848
bdsvm,dirichlet_0.1,4901,5,9084,0.5755752337171236,0.7645833333333333,0.7578333333333334,9692368848
bdsvm,dirichlet_0.1,4901,6,4274,0.5744681433183193,0.7647916666666666,0.7585,9691132608
bdsvm,dirichlet_0.1,4901,7,1766,0.5757864406496886,0.7648333333333334,0.7576666666666667,9692616096
bdsvm,dirichlet_0.1,4901,8,0,1.0,0.4859583333333333,0.4825,9691627104
bdsvm,dirichlet_0.1,4901,9,166,0.5764483187808943,0.7645,0.7575,9692368848
bdsvm,dirichlet_0.1,4926,0,0,1.0,0.4859583333333333,0.4825,9740334960
bdsvm,dirichlet_0.1,4926,1,1,0.5725900414291027,0.7645416666666667,0.7603333333333333,9743054688
bdsvm,dirichlet_0.1,4926,2,2711,0.5707124234858056,0.7655833333333333,0.759,9742560192
bdsvm,dirichlet_0.1,4926,3,3820,0.5706852164552926,0.7653333333333333,0.7593333333333333,9741571200
bdsvm,dirichlet_0.1,4926,4,2178,0.5708024594103678,0.7653333333333333,0.7591666666666667,9741818448
bdsvm,dirichlet_0.1,4926,5,9084,0.5707776607559124,0.7651666666666667,0.7591666666666667,9741818448
bdsvm,dirichlet_0.1,4926,6,4274,0.5707398857555647,0.7652083333333334,0.759,9740582208
bdsvm,dirichlet_0.1,4926,7,1766,0.5708304729007715,0.7652083333333334,0.7595,9742065696
bdsvm,dirichlet_0.1,4926,8,0,1.0,0.4859583333333333,0.4825,9741076704
bdsvm,dirichlet_0.1,4926,9,166,0.5706349933330662,0.7653333333333333,0.7596666666666667,9741818448
bdsvm,dirichlet_0.1,4951,0,0,1.0,0.4859583333333333,0.4825,9789784560
bdsvm,dirichlet_0.1,4951,1,1,0.5739617326242835,0.764375,0.7581666666666667,9792504288
bdsvm,dirichlet_0.1,4951,2,2711,0.5732137366764924,0.7652083333333334,0.76,9792009792
bdsvm,dirichlet_0.1,4951,3,3820,0.5731113796432146,0.7650416666666666,0.7598333333333334,9791020800
bdsvm,dirichlet_0.1,4951,4,2178,0.5729241131160343,0.765125,0.76,9791268048
bdsvm,dirichlet_0.1,4951,5,9084,0.5731220166867553,0.7650833333333333,0.76,9791268048
bdsvm,dirichlet_0.1,4951,6,4274,0.5730240650904178,0.7649583333333333,0.7596666666666667,9790031808
bdsvm,dirichlet_0.1,4951,7,1766,0.5730720709300737,0.7650833333333333,0.7595,9791515296
bdsvm,dirichlet_0.1,4951,8,0,1.0,0.4859583333333333,0.4825,9790526304
bdsvm,dirichlet_0.1,4951,9,166,0.5729897880671215,0.7649583333333333,0.76,9791268048
bdsvm,dirichlet_0.1,4976,0,0,1.0,0.4859583333333333,0.4825,9839234160
bdsvm,dirichlet_0.1,4976,1,1,0.5845357015105127,0.7618333333333334,0.7571666666666667,9841953888
bdsvm,dirichlet_0.1,4976,2,2711,0.5843184232422577,0.762875,0.7586666666666667,9841459392
bdsvm,dirichlet_0.1,4976,3,3820,0.5843232298960861,0.7626666666666667,0.7581666666666667,9840470400
bdsvm,dirichlet_0.1,4976,4,2178,0.5848702525509445,0.7625,0.758,9840717648
bdsvm,dirichlet_0.1,4976,5,9084,0.5846547528350957,0.7627083333333333,0.758,9840717648
bdsvm,dirichlet_0.1,4976,6,4274,0.5839724577414469,0.7629166666666667,0.7581666666666667,9839481408
bdsvm,dirichlet_0.1,4976,7,1766,0.5841996380277408,0.762625,0.758,9840964896
bdsvm,dirichlet_0.1,4976,8,0,1.0,0.4859583333333333,0.4825,9839975904
bdsvm,dirichlet_0.1,4976,9,166,0.5847530328119196,0.7625,0.7581666666666667,9840717648
bdsvm,dirichlet_0.1,5000,0,0,1.0,0.4859583333333333,0.4825,9886705776
bdsvm,dirichlet_0.1,5000,1,1,0.5751504157313604,0.763875,0.759,9889425504
bdsvm,dirichlet_0.1,5000,2,2711,0.5752151579686163,0.7654166666666666,0.758,9888931008
bdsvm,dirichlet_0.1,5000,3,3820,0.5746414586129573,0.765375,0.7586666666666667,9887942016
bdsvm,dirichlet_0.1,5000,4,2178,0.5752199229789033,0.7654166666666666,0.7581666666666667,9888189264
bdsvm,dirichlet_0.1,5000,5,9084,0.5742757035613639,0.765625,0.7585,9888189264
bdsvm,dirichlet_0.1,5000,6,4274,0.5745609008576223,0.7655833333333333,0.7588333333333334,9886953024
bdsvm,dirichlet_0.1,5000,7,1766,0.5746190196415732,0.7654166666666666,0.759,9888436512
bdsvm,dirichlet_0.1,5000,8,0,1.0,0.4859583333333333,0.4825,9887447520
bdsvm,dirichlet_0.1,5000,9,166,0.5743979862492247,0.7654583333333334,0.7585,9888189264
