method,scheme,round,node,n_local,hinge_loss,train_acc,test_acc,comm_bytes
bdsvm,dirichlet_0.3,1,0,63,0.9784440172659122,0.5140416666666666,0.5175,494496
bdsvm,dirichlet_0.3,1,1,229,0.842101160257894,0.732625,0.733,1977984
bdsvm,dirichlet_0.3,1,2,3623,0.844341054030287,0.7377916666666666,0.7348333333333333,1236240
bdsvm,dirichlet_0.3,1,3,2851,0.8500657781281967,0.7142916666666667,0.7105,494496
bdsvm,dirichlet_0.3,1,4,2684,0.8511334924945411,0.7287916666666666,0.7255,741744
bdsvm,dirichlet_0.3,1,5,7691,0.8996913318457082,0.56875,0.5675,741744
bdsvm,dirichlet_0.3,1,6,3655,0.9856742036979828,0.5140416666666666,0.5175,247248
bdsvm,dirichlet_0.3,1,7,2159,0.8785729377862064,0.63175,0.6336666666666667,494496
bdsvm,dirichlet_0.3,1,8,0,1.0,0.4859583333333333,0.4825,741744
bdsvm,dirichlet_0.3,1,9,1045,0.9236662513301699,0.5617083333333334,0.5633333333333334,247248
bdsvm,dirichlet_0.3,26,0,63,0.5795092173061247,0.7652083333333334,0.757,54641808
bdsvm,dirichlet_0.3,26,1,229,0.5800384533716657,0.7652083333333334,0.758,57361536
bdsvm,dirichlet_0.3,26,2,3623,0.5797022206371979,0.7653333333333333,0.7581666666666667,56867040
bdsvm,dirichlet_0.3,26,3,2851,0.5797867878567284,0.7654166666666666,0.7586666666666667,55630800
bdsvm,dirichlet_0.3,26,4,2684,0.5799728294446536,0.7651666666666667,0.7581666666666667,55878048
bdsvm,dirichlet_0.3,26,5,7691,0.5797232897404508,0.7653333333333333,0.7583333333333333,56125296
bdsvm,dirichlet_0.3,26,6,3655,0.5800440980586974,0.7655833333333333,0.7581666666666667,54394560
bdsvm,dirichlet_0.3,26,7,2159,0.5801027302330356,0.7652083333333334,0.758,56125296
bdsvm,dirichlet_0.3,26,8,0,1.0,0.4859583333333333,0.4825,54889056
bdsvm,dirichlet_0.3,26,9,1045,0.579920517996197,0.7654583333333334,0.7578333333333334,55878048
bdsvm,dirichlet_0.3,51,0,63,0.5772102821705987,0.7647916666666666,0.7583333333333333,110272608
bdsvm,dirichlet_0.3,51,1,229,0.577354008423345,0.76475,0.7586666666666667,112992336
bdsvm,dirichlet_0.3,51,2,3623,0.5775101451430136,0.7648333333333334,0.7586666666666667,112497840
bdsvm,dirichlet_0.3,51,3,2851,0.5774798647351342,0.7648333333333334,0.7586666666666667,111261600
bdsvm,dirichlet_0.3,51,4,2684,0.5775361071650182,0.7648333333333334,0.7586666666666667,111508848
bdsvm,dirichlet_0.3,51,5,7691,0.577241395075521,0.7647083333333333,0.759,111756096
bdsvm,dirichlet_0.3,51,6,3655,0.5772134307835752,0.7647083333333333,0.7588333333333334,110025360
bdsvm,dirichlet_0.3,51,7,2159,0.5776741998851598,0.7649166666666667,0.7588333333333334,111756096
bdsvm,dirichlet_0.3,51,8,0,1.0,0.4859583333333333,0.4825,110519856
bdsvm,dirichlet_0.3,51,9,1045,0.5775262756366919,0.7648333333333334,0.7586666666666667,111508848
bdsvm,dirichlet_0.3,76,0,63,0.5832373726560669,0.7632916666666667,0.7578333333333334,165903408
bdsvm,dirichlet_0.3,76,1,229,0.5837869939563419,0.763375,0.757,168623136
bdsvm,dirichlet_0.3,76,2,3623,0.5836988457340372,0.7632916666666667,0.757,168128640
bdsvm,dirichlet_0.3,76,3,2851,0.5832626743273033,0.7632916666666667,0.758,166892400
bdsvm,dirichlet_0.3,76,4,2684,0.5827512174670949,0.7634166666666666,0.7583333333333333,167139648
bdsvm,dirichlet_0.3,76,5,7691,0.5829329908820563,0.7635833333333333,0.7578333333333334,167386896
bdsvm,dirichlet_0.3,76,6,3655,0.5831002830455081,0.7634166666666666,0.758,165656160
bdsvm,dirichlet_0.3,76,7,2159,0.5830904565265955,0.7634583333333333,0.758,167386896
bdsvm,dirichlet_0.3,76,8,0,1.0,0.4859583333333333,0.4825,166150656
bdsvm,dirichlet_0.3,76,9,1045,0.5830966865390643,0.7633333333333333,0.7578333333333334,167139648
bdsvm,dirichlet_0.3,101,0,63,0.5770077889798406,0.7644583333333334,0.7566666666666667,221534208
bdsvm,dirichlet_0.3,101,1,229,0.576882125143281,0.7649166666666667,0.7575,224253936
bdsvm,dirichlet_0.3,101,2,3623,0.5769744604581456,0.765,0.7573333333333333,223759440
bdsvm,dirichlet_0.3,101,3,2851,0.5769069869185862,0.7649583333333333,0.7573333333333333,222523200
bdsvm,dirichlet_0.3,101,4,2684,0.5769343320715035,0.7647083333333333,0.757,222770448
bdsvm,dirichlet_0.3,101,5,7691,0.5768294210393277,0.7650416666666666,0.7576666666666667,223017696
bdsvm,dirichlet_0.3,101,6,3655,0.5768488824752113,0.7649166666666667,0.7575,221286960
bdsvm,dirichlet_0.3,101,7,2159,0.5768362595433965,0.7649166666666667,0.7573333333333333,223017696
bdsvm,dirichlet_0.3,101,8,0,1.0,0.4859583333333333,0.4825,221781456
bdsvm,dirichlet_0.3,101,9,1045,0.5769573742684725,0.765,0.7571666666666667,222770448
bdsvm,dirichlet_0.3,126,0,63,0.5759306943197564,0.7649583333333333,0.7583333333333333,277165008
bdsvm,dirichlet_0.3,126,1,229,0.5784535629912858,0.764375,0.7581666666666667,279884736
bdsvm,dirichlet_0.3,126,2,3623,0.5793574382968069,0.7641666666666667,0.7568333333333334,279390240
bdsvm,dirichlet_0.3,126,3,2851,0.578654748539157,0.76425,0.7581666666666667,278154000
bdsvm,dirichlet_0.3,126,4,2684,0.5783559441209387,0.76425,0.758,278401248
bdsvm,dirichlet_0.3,126,5,7691,0.5783096143827109,0.7644166666666666,0.7581666666666667,278648496
bdsvm,dirichlet_0.3,126,6,3655,0.5786735491496503,0.7642083333333334,0.7581666666666667,276917760
bdsvm,dirichlet_0.3,126,7,2159,0.579659521280991,0.764375,0.758,278648496
bdsvm,dirichlet_0.3,126,8,0,1.0,0.4859583333333333,0.4825,277412256
bdsvm,dirichlet_0.3,126,9,1045,0.5786441058093557,0.7642083333333334,0.7576666666666667,278401248
bdsvm,dirichlet_0.3,151,0,63,0.5779709670544549,0.7650833333333333,0.759,332795808
bdsvm,dirichlet_0.3,151,1,229,0.5793125404192364,0.7645833333333333,0.7573333333333333,335515536
bdsvm,dirichlet_0.3,151,2,3623,0.578343700107129,0.7645,0.759,335021040
bdsvm,dirichlet_0.3,151,3,2851,0.5783542039228418,0.7647916666666666,0.7585,333784800
bdsvm,dirichlet_0.3,151,4,2684,0.5800730950254586,0.7637083333333333,0.7585,334032048
bdsvm,dirichlet_0.3,151,5,7691,0.5788144312320184,0.7645,0.7593333333333333,334279296
bdsvm,dirichlet_0.3,151,6,3655,0.5776739154963181,0.7645416666666667,0.759,332548560
bdsvm,dirichlet_0.3,151,7,2159,0.5785935663049572,0.7647916666666666,0.7586666666666667,334279296
bdsvm,dirichlet_0.3,151,8,0,1.0,0.4859583333333333,0.4825,333043056
bdsvm,dirichlet_0.3,151,9,1045,0.5788612884197796,0.764125,0.7585,334032048
bdsvm,dirichlet_0.3,176,0,63,0.5770236070675675,0.765375,0.7581666666666667,388426608
bdsvm,dirichlet_0.3,176,1,229,0.5768854163714081,0.7657083333333333,0.7581666666666667,391146336
bdsvm,dirichlet_0.3,176,2,3623,0.5769205467419192,0.765625,0.7581666666666667,390651840
bdsvm,dirichlet_0.3,176,3,2851,0.5769590560742105,0.765625,0.7581666666666667,389415600
bdsvm,dirichlet_0.3,176,4,2684,0.576591053512862,0.765625,0.7581666666666667,389662848
bdsvm,dirichlet_0.3,176,5,7691,0.5768529183778952,0.765625,0.7583333333333333,389910096
bdsvm,dirichlet_0.3,176,6,3655,0.5769887818876652,0.765625,0.7583333333333333,388179360
bdsvm,dirichlet_0.3,176,7,2159,0.5767910623307289,0.7657916666666666,0.7583333333333333,389910096
bdsvm,dirichlet_0.3,176,8,0,1.0,0.4859583333333333,0.4825,388673856
bdsvm,dirichlet_0.3,176,9,1045,0.576897311292718,0.7656666666666667,0.7583333333333333,389662848
bdsvm,dirichlet_0.3,201,0,63,0.5882426109353637,0.7595,0.7558333333333334,444057408
bdsvm,dirichlet_0.3,201,1,229,0.5864841410357603,0.7613333333333333,0.755,446777136
bdsvm,dirichlet_0.3,201,2,3623,0.5871384799954888,0.7605416666666667,0.7551666666666667,446282640
bdsvm,dirichlet_0.3,201,3,2851,0.5884297778888617,0.7598333333333334,0.7551666666666667,445046400
bdsvm,dirichlet_0.3,201,4,2684,0.5910894209724,0.7585833333333334,0.7538333333333334,445293648
bdsvm,dirichlet_0.3,201,5,7691,0.5881185756066218,0.76,0.755,445540896
bdsvm,dirichlet_0.3,201,6,3655,0.5912507188672388,0.7585416666666667,0.7538333333333334,443810160
bdsvm,dirichlet_0.3,201,7,2159,0.5909891366780584,0.7585833333333334,0.754,445540896
bdsvm,dirichlet_0.3,201,8,0,1.0,0.4859583333333333,0.4825,444304656
bdsvm,dirichlet_0.3,201,9,1045,0.5881002653221076,0.7600833333333333,0.7553333333333333,445293648
bdsvm,dirichlet_0.3,226,0,63,0.5775240227951515,0.7644583333333334,0.7576666666666667,499688208
bdsvm,dirichlet_0.3,226,1,229,0.5775268418781213,0.7644583333333334,0.7576666666666667,502407936
bdsvm,dirichlet_0.3,226,2,3623,0.5775581263529802,0.764375,0.7578333333333334,501913440
bdsvm,dirichlet_0.3,226,3,2851,0.5774989967677695,0.7645416666666667,0.7578333333333334,500677200
bdsvm,dirichlet_0.3,226,4,2684,0.5774968363441928,0.7645,0.7578333333333334,500924448
bdsvm,dirichlet_0.3,226,5,7691,0.5775614017712997,0.7644583333333334,0.758,501171696
bdsvm,dirichlet_0.3,226,6,3655,0.5774121326648858,0.7643333333333333,0.7578333333333334,499440960
bdsvm,dirichlet_0.3,226,7,2159,0.5774644312022122,0.7644166666666666,0.7578333333333334,501171696
bdsvm,dirichlet_0.3,226,8,0,1.0,0.4859583333333333,0.4825,499935456
bdsvm,dirichlet_0.3,226,9,1045,0.5775684022882347,0.7644583333333334,0.7578333333333334,500924448
bdsvm,dirichlet_0.3,251,0,63,0.5779855172323896,0.7642083333333334,0.7576666666666667,555319008
bdsvm,dirichlet_0.3,251,1,229,0.578246513884986,0.7645833333333333,0.7571666666666667,558038736
bdsvm,dirichlet_0.3,251,2,3623,0.5782496895743858,0.7645833333333333,0.757,557544240
bdsvm,dirichlet_0.3,251,3,2851,0.5781585340153756,0.7645833333333333,0.757,556308000
bdsvm,dirichlet_0.3,251,4,2684,0.5779508640206279,0.7644166666666666,0.7571666666666667,556555248
bdsvm,dirichlet_0.3,251,5,7691,0.5782455672104668,0.7645416666666667,0.7573333333333333,556802496
bdsvm,dirichlet_0.3,251,6,3655,0.577979191650811,0.7647083333333333,0.7573333333333333,555071760
bdsvm,dirichlet_0.3,251,7,2159,0.5781220140608242,0.7645,0.7571666666666667,556802496
bdsvm,dirichlet_0.3,251,8,0,1.0,0.4859583333333333,0.4825,555566256
bdsvm,dirichlet_0.3,251,9,1045,0.5784623233143146,0.7644166666666666,0.7573333333333333,556555248
bdsvm,dirichlet_0.3,276,0,63,0.5868641432472432,0.7598333333333334,0.7545,610949808
bdsvm,dirichlet_0.3,276,1,229,0.5885559766867697,0.7589166666666667,0.7528333333333334,613669536
bdsvm,dirichlet_0.3,276,2,3623,0.5852693981662014,0.7609166666666667,0.755,613175040
bdsvm,dirichlet_0.3,276,3,2851,0.5845460789422263,0.7621666666666667,0.7571666666666667,611938800
bdsvm,dirichlet_0.3,276,4,2684,0.5867942257301038,0.7604583333333333,0.7541666666666667,612186048
bdsvm,dirichlet_0.3,276,5,7691,0.5911414255935976,0.7589166666666667,0.752,612433296
bdsvm,dirichlet_0.3,276,6,3655,0.5868250892383681,0.7607083333333333,0.755,610702560
bdsvm,dirichlet_0.3,276,7,2159,0.5869279967783696,0.7605416666666667,0.755,612433296
bdsvm,dirichlet_0.3,276,8,0,1.0,0.4859583333333333,0.4825,611197056
bdsvm,dirichlet_0.3,276,9,1045,0.5853269150500602,0.7613333333333333,0.7553333333333333,612186048
bdsvm,dirichlet_0.3,301,0,63,0.5783857874290522,0.7640833333333333,0.7586666666666667,666580608
bdsvm,dirichlet_0.3,301,1,229,0.5784443424605002,0.764,0.7595,669300336
bdsvm,dirichlet_0.3,301,2,3623,0.5783684755114588,0.7640833333333333,0.7595,668805840
bdsvm,dirichlet_0.3,301,3,2851,0.5784217279857315,0.76425,0.7596666666666667,667569600
bdsvm,dirichlet_0.3,301,4,2684,0.5784322522494447,0.7641666666666667,0.7595,667816848
bdsvm,dirichlet_0.3,301,5,7691,0.5784438139696216,0.7642083333333334,0.7596666666666667,668064096
bdsvm,dirichlet_0.3,301,6,3655,0.5783696859139451,0.7641666666666667,0.7595,666333360
bdsvm,dirichlet_0.3,301,7,2159,0.5783898489439816,0.7641666666666667,0.7595,668064096
bdsvm,dirichlet_0.3,301,8,0,1.0,0.4859583333333333,0.4825,666827856
bdsvm,dirichlet_0.3,301,9,1045,0.57842259638749,0.7642083333333334,0.7596666666666667,667816848
bdsvm,dirichlet_0.3,326,0,63,0.575013968439145,0.7649166666666667,0.7595,722211408
bdsvm,dirichlet_0.3,326,1,229,0.5752101680261159,0.7649583333333333,0.7586666666666667,724931136
bdsvm,dirichlet_0.3,326,2,3623,0.5748004771640396,0.765125,0.7583333333333333,724436640
bdsvm,dirichlet_0.3,326,3,2851,0.5749749572629407,0.7652916666666667,0.7585,723200400
bdsvm,dirichlet_0.3,326,4,2684,0.5753352900281081,0.7647916666666666,0.7581666666666667,723447648
bdsvm,dirichlet_0.3,326,5,7691,0.5757292442188271,0.764875,0.7586666666666667,723694896
bdsvm,dirichlet_0.3,326,6,3655,0.5753443920512262,0.7649166666666667,0.7585,721964160
bdsvm,dirichlet_0.3,326,7,2159,0.5746140545801103,0.7652083333333334,0.7585,723694896
bdsvm,dirichlet_0.3,326,8,0,1.0,0.4859583333333333,0.4825,722458656
bdsvm,dirichlet_0.3,326,9,1045,0.5749113428841223,0.7650833333333333,0.7583333333333333,723447648
bdsvm,dirichlet_0.3,351,0,63,0.5803283157060821,0.7644583333333334,0.7578333333333334,777842208
bdsvm,dirichlet_0.3,351,1,229,0.5803345184901162,0.7639166666666667,0.758,780561936
bdsvm,dirichlet_0.3,351,2,3623,0.5803430884386765,0.7640416666666666,0.758,780067440
bdsvm,dirichlet_0.3,351,3,2851,0.5803013851991722,0.7640416666666666,0.7578333333333334,778831200
bdsvm,dirichlet_0.3,351,4,2684,0.5802767734112906,0.7640416666666666,0.7578333333333334,779078448
bdsvm,dirichlet_0.3,351,5,7691,0.5802848210977345,0.7640416666666666,0.7578333333333334,779325696
bdsvm,dirichlet_0.3,351,6,3655,0.5803488895999633,0.764,0.758,777594960
bdsvm,dirichlet_0.3,351,7,2159,0.5803005690067868,0.7640416666666666,0.7578333333333334,779325696
bdsvm,dirichlet_0.3,351,8,0,1.0,0.4859583333333333,0.4825,778089456
bdsvm,dirichlet_0.3,351,9,1045,0.5803149169504183,0.7639583333333333,0.7578333333333334,779078448
bdsvm,dirichlet_0.3,376,0,63,0.5739519303378349,0.76475,0.7586666666666667,833473008
bdsvm,dirichlet_0.3,376,1,229,0.5770854731831061,0.7642916666666667,0.7568333333333334,836192736
bdsvm,dirichlet_0.3,376,2,3623,0.5770811246995725,0.764,0.7581666666666667,835698240
bdsvm,dirichlet_0.3,376,3,2851,0.5760467116779369,0.76425,0.7575,834462000
bdsvm,dirichlet_0.3,376,4,2684,0.5779805992886987,0.7641666666666667,0.7576666666666667,834709248
bdsvm,dirichlet_0.3,376,5,7691,0.5738707003004803,0.7648333333333334,0.7593333333333333,834956496
bdsvm,dirichlet_0.3,376,6,3655,0.5764141304292111,0.76425,0.758,833225760
bdsvm,dirichlet_0.3,376,7,2159,0.5769506785039832,0.7637083333333333,0.7578333333333334,834956496
bdsvm,dirichlet_0.3,376,8,0,1.0,0.4859583333333333,0.4825,833720256
bdsvm,dirichlet_0.3,376,9,1045,0.5782744793913714,0.763875,0.7573333333333333,834709248
bdsvm,dirichlet_0.3,401,0,63,0.5786957344588627,0.7643333333333333,0.758,889103808
bdsvm,dirichlet_0.3,401,1,229,0.5787176995039862,0.7640416666666666,0.7576666666666667,891823536
bdsvm,dirichlet_0.3,401,2,3623,0.578647162475794,0.7639583333333333,0.7575,891329040
bdsvm,dirichlet_0.3,401,3,2851,0.5797856577870396,0.764625,0.7575,890092800
bdsvm,dirichlet_0.3,401,4,2684,0.5789438624442812,0.7645,0.7573333333333333,890340048
bdsvm,dirichlet_0.3,401,5,7691,0.5805098249987911,0.764125,0.757,890587296
bdsvm,dirichlet_0.3,401,6,3655,0.5786108798798937,0.76425,0.7576666666666667,888856560
bdsvm,dirichlet_0.3,401,7,2159,0.5790649558799049,0.7645416666666667,0.7578333333333334,890587296
bdsvm,dirichlet_0.3,401,8,0,1.0,0.4859583333333333,0.4825,889351056
bdsvm,dirichlet_0.3,401,9,1045,0.5796401556588824,0.7643333333333333,0.757,890340048
bdsvm,dirichlet_0.3,426,0,63,0.5775980994945212,0.766125,0.7588333333333334,944734608
bdsvm,dirichlet_0.3,426,1,229,0.577534548078565,0.766,0.7591666666666667,947454336
bdsvm,dirichlet_0.3,426,2,3623,0.5775848817480008,0.7659583333333333,0.7593333333333333,946959840
bdsvm,dirichlet_0.3,426,3,2851,0.5784532620842878,0.7655416666666667,0.7593333333333333,945723600
bdsvm,dirichlet_0.3,426,4,2684,0.5775698813639217,0.7659166666666667,0.7596666666666667,945970848
bdsvm,dirichlet_0.3,426,5,7691,0.57757290454492,0.7656666666666667,0.7593333333333333,946218096
bdsvm,dirichlet_0.3,426,6,3655,0.5782810860815506,0.7655833333333333,0.7588333333333334,944487360
bdsvm,dirichlet_0.3,426,7,2159,0.5775462254503582,0.7659166666666667,0.7596666666666667,946218096
bdsvm,dirichlet_0.3,426,8,0,1.0,0.4859583333333333,0.4825,944981856
bdsvm,dirichlet_0.3,426,9,1045,0.5775372353253249,0.7659166666666667,0.7593333333333333,945970848
bdsvm,dirichlet_0.3,451,0,63,0.5827369527937791,0.763625,0.7575,1000365408
bdsvm,dirichlet_0.3,451,1,229,0.5826797368272437,0.76375,0.7581666666666667,1003085136
bdsvm,dirichlet_0.3,451,2,3623,0.5827411835621562,0.7635416666666667,0.758,1002590640
bdsvm,dirichlet_0.3,451,3,2851,0.5827430503325736,0.7635416666666667,0.758,1001354400
bdsvm,dirichlet_0.3,451,4,2684,0.5827293702508729,0.763625,0.758,1001601648
bdsvm,dirichlet_0.3,451,5,7691,0.5825258890988405,0.76375,0.7581666666666667,1001848896
bdsvm,dirichlet_0.3,451,6,3655,0.5828481760206439,0.7635833333333333,0.758,1000118160
bdsvm,dirichlet_0.3,451,7,2159,0.582727290566949,0.7635416666666667,0.7575,1001848896
bdsvm,dirichlet_0.3,451,8,0,1.0,0.4859583333333333,0.4825,1000612656
bdsvm,dirichlet_0.3,451,9,1045,0.582521234411525,0.7635416666666667,0.758,1001601648
bdsvm,dirichlet_0.3,476,0,63,0.5840865383662087,0.7621666666666667,0.7558333333333334,1055996208
bdsvm,dirichlet_0.3,476,1,229,0.5852102092724083,0.7613333333333333,0.7556666666666667,1058715936
bdsvm,dirichlet_0.3,476,2,3623,0.5850870911856876,0.761625,0.7558333333333334,1058221440
bdsvm,dirichlet_0.3,476,3,2851,0.5853046492655717,0.7614166666666666,0.7558333333333334,1056985200
bdsvm,dirichlet_0.3,476,4,2684,0.5861072426635541,0.761625,0.7556666666666667,1057232448
bdsvm,dirichlet_0.3,476,5,7691,0.5849393592143782,0.761625,0.7555,1057479696
bdsvm,dirichlet_0.3,476,6,3655,0.585001126578469,0.7615416666666667,0.756,1055748960
bdsvm,dirichlet_0.3,476,7,2159,0.5847380365520385,0.7615,0.7558333333333334,1057479696
bdsvm,dirichlet_0.3,476,8,0,1.0,0.4859583333333333,0.4825,1056243456
bdsvm,dirichlet_0.3,476,9,1045,0.5848087661182604,0.7617916666666666,0.7555,1057232448
bdsvm,dirichlet_0.3,501,0,63,0.5878072437023484,0.7599166666666667,0.7546666666666667,1111627008
bdsvm,dirichlet_0.3,501,1,229,0.5875899693920729,0.7604583333333333,0.755,1114346736
bdsvm,dirichlet_0.3,501,2,3623,0.5877431435721273,0.7601666666666667,0.7546666666666667,1113852240
bdsvm,dirichlet_0.3,501,3,2851,0.5877173539924458,0.7601666666666667,0.7546666666666667,1112616000
bdsvm,dirichlet_0.3,501,4,2684,0.5875389073888974,0.760375,0.755,1112863248
bdsvm,dirichlet_0.3,501,5,7691,0.5877538997127014,0.7601666666666667,0.7548333333333334,1113110496
bdsvm,dirichlet_0.3,501,6,3655,0.5877219105233834,0.7602916666666667,0.7548333333333334,1111379760
bdsvm,dirichlet_0.3,501,7,2159,0.5876443150974311,0.7602916666666667,0.755,1113110496
bdsvm,dirichlet_0.3,501,8,0,1.0,0.4859583333333333,0.4825,1111874256
bdsvm,dirichlet_0.3,501,9,1045,0.5878805844200587,0.76,0.7545,1112863248
bdsvm,dirichlet_0.3,526,0,63,0.5843348406917895,0.75125,0.7481666666666666,1167257808
bdsvm,dirichlet_0.3,526,1,229,0.586307574307145,0.7481666666666666,0.7453333333333333,1169977536
bdsvm,dirichlet_0.3,526,2,3623,0.5850150199939198,0.7504583333333333,0.7473333333333333,1169483040
bdsvm,dirichlet_0.3,526,3,2851,0.5855370473495696,0.7497083333333333,0.747,1168246800
bdsvm,dirichlet_0.3,526,4,2684,0.5878744524985535,0.74525,0.742,1168494048
bdsvm,dirichlet_0.3,526,5,7691,0.5861605062857207,0.7497083333333333,0.7471666666666666,1168741296
bdsvm,dirichlet_0.3,526,6,3655,0.5863693515504906,0.7484583333333333,0.7458333333333333,1167010560
bdsvm,dirichlet_0.3,526,7,2159,0.5856731188652281,0.749625,0.7471666666666666,1168741296
bdsvm,dirichlet_0.3,526,8,0,1.0,0.4859583333333333,0.4825,1167505056
bdsvm,dirichlet_0.3,526,9,1045,0.5863195725260488,0.7480833333333333,0.7453333333333333,1168494048
bdsvm,dirichlet_0.3,551,0,63,0.5787464509747736,0.7638333333333334,0.7578333333333334,1222888608
bdsvm,dirichlet_0.3,551,1,229,0.5788747547272682,0.7639583333333333,0.7576666666666667,1225608336
bdsvm,dirichlet_0.3,551,2,3623,0.578715594103704,0.7638333333333334,0.7576666666666667,1225113840
bdsvm,dirichlet_0.3,551,3,2851,0.5786494172927114,0.7637916666666666,0.7576666666666667,1223877600
bdsvm,dirichlet_0.3,551,4,2684,0.5786541001911246,0.76375,0.7576666666666667,1224124848
bdsvm,dirichlet_0.3,551,5,7691,0.5788724982806408,0.7639166666666667,0.7578333333333334,1224372096
bdsvm,dirichlet_0.3,551,6,3655,0.5787095590699908,0.7638333333333334,0.7576666666666667,1222641360
bdsvm,dirichlet_0.3,551,7,2159,0.5786608134040133,0.7637916666666666,0.7578333333333334,1224372096
bdsvm,dirichlet_0.3,551,8,0,1.0,0.4859583333333333,0.4825,1223135856
bdsvm,dirichlet_0.3,551,9,1045,0.5788735747618522,0.764,0.7576666666666667,1224124848
bdsvm,dirichlet_0.3,576,0,63,0.5777557526362742,0.7641666666666667,0.757,1278519408
bdsvm,dirichlet_0.3,576,1,229,0.5781454971920569,0.7642083333333334,0.7575,1281239136
bdsvm,dirichlet_0.3,576,2,3623,0.5775991114713556,0.7642083333333334,0.7576666666666667,1280744640
bdsvm,dirichlet_0.3,576,3,2851,0.5781126277382352,0.7642083333333334,0.7575,1279508400
bdsvm,dirichlet_0.3,576,4,2684,0.5780510953929696,0.7642916666666667,0.7573333333333333,1279755648
bdsvm,dirichlet_0.3,576,5,7691,0.5776812719925236,0.7642083333333334,0.7576666666666667,1280002896
bdsvm,dirichlet_0.3,576,6,3655,0.5776098432212666,0.7642083333333334,0.7578333333333334,1278272160
bdsvm,dirichlet_0.3,576,7,2159,0.5780368115923958,0.7642083333333334,0.7575,1280002896
bdsvm,dirichlet_0.3,576,8,0,1.0,0.4859583333333333,0.4825,1278766656
bdsvm,dirichlet_0.3,576,9,1045,0.5782144581968199,0.76425,0.7571666666666667,1279755648
bdsvm,dirichlet_0.3,601,0,63,0.5817984280799589,0.7634583333333333,0.7571666666666667,1334150208
bdsvm,dirichlet_0.3,601,1,229,0.5820730300896829,0.763625,0.757,1336869936
bdsvm,dirichlet_0.3,601,2,3623,0.5816948246878357,0.7638333333333334,0.7568333333333334,1336375440
bdsvm,dirichlet_0.3,601,3,2851,0.5815840487639586,0.763875,0.7566666666666667,1335139200
bdsvm,dirichlet_0.3,601,4,2684,0.5816363383919876,0.7636666666666667,0.7571666666666667,1335386448
bdsvm,dirichlet_0.3,601,5,7691,0.5814384235658956,0.7640416666666666,0.757,1335633696
bdsvm,dirichlet_0.3,601,6,3655,0.58136090666982,0.7636666666666667,0.7571666666666667,1333902960
bdsvm,dirichlet_0.3,601,7,2159,0.5814596992925111,0.7636666666666667,0.757,1335633696
bdsvm,dirichlet_0.3,601,8,0,1.0,0.4859583333333333,0.4825,1334397456
bdsvm,dirichlet_0.3,601,9,1045,0.5816500530285368,0.7638333333333334,0.757,1335386448
bdsvm,dirichlet_0.3,626,0,63,0.5765400841737084,0.7649166666666667,0.7578333333333334,1389781008
bdsvm,dirichlet_0.3,626,1,229,0.576535358581954,0.7648333333333334,0.758,1392500736
bdsvm,dirichlet_0.3,626,2,3623,0.5765090541724264,0.765,0.7578333333333334,1392006240
bdsvm,dirichlet_0.3,626,3,2851,0.5764841861056018,0.765,0.7575,1390770000
bdsvm,dirichlet_0.3,626,4,2684,0.5765063781375455,0.7649583333333333,0.7576666666666667,1391017248
bdsvm,dirichlet_0.3,626,5,7691,0.5765074556571517,0.765125,0.7575,1391264496
bdsvm,dirichlet_0.3,626,6,3655,0.5764552821712897,0.7650416666666666,0.7576666666666667,1389533760
bdsvm,dirichlet_0.3,626,7,2159,0.5764603346033043,0.7649166666666667,0.7576666666666667,1391264496
bdsvm,dirichlet_0.3,626,8,0,1.0,0.4859583333333333,0.4825,1390028256
bdsvm,dirichlet_0.3,626,9,1045,0.5764959774845563,0.764875,0.7576666666666667,1391017248
bdsvm,dirichlet_0.3,651,0,63,0.5781163125248919,0.7647083333333333,0.7578333333333334,1445411808
bdsvm,dirichlet_0.3,651,1,229,0.5780797860723128,0.764875,0.7588333333333334,1448131536
bdsvm,dirichlet_0.3,651,2,3623,0.5780540334575953,0.764875,0.7586666666666667,1447637040
bdsvm,dirichlet_0.3,651,3,2851,0.5780487049370143,0.7649583333333333,0.7588333333333334,1446400800
bdsvm,dirichlet_0.3,651,4,2684,0.5780083606694464,0.76475,0.7588333333333334,1446648048
bdsvm,dirichlet_0.3,651,5,7691,0.5780350417363046,0.764875,0.7586666666666667,1446895296
bdsvm,dirichlet_0.3,651,6,3655,0.578088508992132,0.76475,0.7588333333333334,1445164560
bdsvm,dirichlet_0.3,651,7,2159,0.5781418905124015,0.76475,0.7588333333333334,1446895296
bdsvm,dirichlet_0.3,651,8,0,1.0,0.4859583333333333,0.4825,1445659056
bdsvm,dirichlet_0.3,651,9,1045,0.5780224562246022,0.7648333333333334,0.7586666666666667,1446648048
bdsvm,dirichlet_0.3,676,0,63,0.5913076310358781,0.7580833333333333,0.753,1501042608
bdsvm,dirichlet_0.3,676,1,229,0.5899256252873992,0.759,0.7535,1503762336
bdsvm,dirichlet_0.3,676,2,3623,0.6032339842676806,0.7439583333333334,0.7393333333333333,1503267840
bdsvm,dirichlet_0.3,676,3,2851,0.5899073000449154,0.7592916666666667,0.7535,1502031600
bdsvm,dirichlet_0.3,676,4,2684,0.5900405524707784,0.7589583333333333,0.7538333333333334,1502278848
bdsvm,dirichlet_0.3,676,5,7691,0.5913491742465147,0.7582916666666667,0.7528333333333334,1502526096
bdsvm,dirichlet_0.3,676,6,3655,0.5900769919892499,0.7592083333333334,0.7533333333333333,1500795360
bdsvm,dirichlet_0.3,676,7,2159,0.6037891120773097,0.7445833333333334,0.7396666666666667,1502526096
bdsvm,dirichlet_0.3,676,8,0,1.0,0.4859583333333333,0.4825,1501289856
bdsvm,dirichlet_0.3,676,9,1045,0.6036931042181636,0.7431666666666666,0.7393333333333333,1502278848
bdsvm,dirichlet_0.3,701,0,63,0.5757269941624235,0.7640833333333333,0.7581666666666667,1556673408
bdsvm,dirichlet_0.3,701,1,229,0.5759465550579796,0.7643333333333333,0.7576666666666667,1559393136
bdsvm,dirichlet_0.3,701,2,3623,0.5757017911692872,0.7639166666666667,0.7575,1558898640
bdsvm,dirichlet_0.3,701,3,2851,0.5755144966924716,0.7638333333333334,0.757,1557662400
bdsvm,dirichlet_0.3,701,4,2684,0.5758348690240308,0.7635833333333333,0.7575,1557909648
bdsvm,dirichlet_0.3,701,5,7691,0.5745001766373119,0.7645416666666667,0.7576666666666667,1558156896
bdsvm,dirichlet_0.3,701,6,3655,0.5735501390683418,0.764375,0.7573333333333333,1556426160
bdsvm,dirichlet_0.3,701,7,2159,0.5747593916944763,0.7645833333333333,0.7575,1558156896
bdsvm,dirichlet_0.3,701,8,0,1.0,0.4859583333333333,0.4825,1556920656
bdsvm,dirichlet_0.3,701,9,1045,0.5755820352205051,0.7638333333333334,0.757,1557909648
bdsvm,dirichlet_0.3,726,0,63,0.5786026084305819,0.7644583333333334,0.7568333333333334,1612304208
bdsvm,dirichlet_0.3,726,1,229,0.5785320809049252,0.7642916666666667,0.7576666666666667,1615023936
bdsvm,dirichlet_0.3,726,2,3623,0.5789278316525799,0.7644166666666666,0.7571666666666667,1614529440
bdsvm,dirichlet_0.3,726,3,2851,0.5788303120244562,0.7643333333333333,0.7571666666666667,1613293200
bdsvm,dirichlet_0.3,726,4,2684,0.5787875348321501,0.7644166666666666,0.757,1613540448
bdsvm,dirichlet_0.3,726,5,7691,0.5788067209033283,0.764375,0.7571666666666667,1613787696
bdsvm,dirichlet_0.3,726,6,3655,0.5787866277464324,0.7644166666666666,0.7573333333333333,1612056960
bdsvm,dirichlet_0.3,726,7,2159,0.5788173558839883,0.7644583333333334,0.7573333333333333,1613787696
bdsvm,dirichlet_0.3,726,8,0,1.0,0.4859583333333333,0.4825,1612551456
bdsvm,dirichlet_0.3,726,9,1045,0.5788268847521331,0.7644583333333334,0.757,1613540448
bdsvm,dirichlet_0.3,751,0,63,0.5738226361257366,0.765125,0.7593333333333333,1667935008
bdsvm,dirichlet_0.3,751,1,229,0.5743398894241778,0.76525,0.759,1670654736
bdsvm,dirichlet_0.3,751,2,3623,0.5742950259973456,0.7652916666666667,0.759,1670160240
bdsvm,dirichlet_0.3,751,3,2851,0.5742819081646693,0.765375,0.759,1668924000
bdsvm,dirichlet_0.3,751,4,2684,0.5736811218585706,0.7654166666666666,0.7588333333333334,1669171248
bdsvm,dirichlet_0.3,751,5,7691,0.5739085853832548,0.765625,0.759,1669418496
bdsvm,dirichlet_0.3,751,6,3655,0.5733916335715826,0.765375,0.7595,1667687760
bdsvm,dirichlet_0.3,751,7,2159,0.5737237567545963,0.7655833333333333,0.7591666666666667,1669418496
bdsvm,dirichlet_0.3,751,8,0,1.0,0.4859583333333333,0.4825,1668182256
bdsvm,dirichlet_0.3,751,9,1045,0.5739790363196584,0.7655,0.7586666666666667,1669171248
bdsvm,dirichlet_0.3,776,0,63,0.5830622808694977,0.7632083333333334,0.7576666666666667,1723565808
bdsvm,dirichlet_0.3,776,1,229,0.5830065829937902,0.7632083333333334,0.7565,1726285536
bdsvm,dirichlet_0.3,776,2,3623,0.5824516525975342,0.7635833333333333,0.7575,1725791040
bdsvm,dirichlet_0.3,776,3,2851,0.5828108458609668,0.76325,0.7573333333333333,1724554800
bdsvm,dirichlet_0.3,776,4,2684,0.5823954258367398,0.7635,0.7576666666666667,1724802048
bdsvm,dirichlet_0.3,776,5,7691,0.5827469127576489,0.7634583333333333,0.758,1725049296
bdsvm,dirichlet_0.3,776,6,3655,0.5825484313746266,0.7634583333333333,0.7576666666666667,1723318560
bdsvm,dirichlet_0.3,776,7,2159,0.5824557935404201,0.7635,0.7575,1725049296
bdsvm,dirichlet_0.3,776,8,0,1.0,0.4859583333333333,0.4825,1723813056
bdsvm,dirichlet_0.3,776,9,1045,0.5824000400888952,0.763625,0.7575,1724802048
bdsvm,dirichlet_0.3,801,0,63,0.5826370919739461,0.763125,0.7583333333333333,1779196608
bdsvm,dirichlet_0.3,801,1,229,0.5827040542954844,0.76325,0.7586666666666667,1781916336
bdsvm,dirichlet_0.3,801,2,3623,0.582970781851311,0.7630833333333333,0.759,1781421840
bdsvm,dirichlet_0.3,801,3,2851,0.5828535937400843,0.7630833333333333,0.7588333333333334,1780185600
bdsvm,dirichlet_0.3,801,4,2684,0.5821184186118227,0.763375,0.7581666666666667,1780432848
bdsvm,dirichlet_0.3,801,5,7691,0.5821117118399161,0.7630416666666666,0.758,1780680096
bdsvm,dirichlet_0.3,801,6,3655,0.5828953439635248,0.7632083333333334,0.7588333333333334,1778949360
bdsvm,dirichlet_0.3,801,7,2159,0.5815019555427074,0.7634166666666666,0.7581666666666667,1780680096
bdsvm,dirichlet_0.3,801,8,0,1.0,0.4859583333333333,0.4825,1779443856
bdsvm,dirichlet_0.3,801,9,1045,0.5827686551753879,0.7630833333333333,0.7585,1780432848
bdsvm,dirichlet_0.3,826,0,63,0.574220513850256,0.7652916666666667,0.7585,1834827408
bdsvm,dirichlet_0.3,826,1,229,0.574506583893824,0.7652083333333334,0.7586666666666667,1837547136
bdsvm,dirichlet_0.3,826,2,3623,0.5736270600152678,0.7652083333333334,0.7585,1837052640
bdsvm,dirichlet_0.3,826,3,2851,0.5741929616707981,0.7652916666666667,0.7586666666666667,1835816400
bdsvm,dirichlet_0.3,826,4,2684,0.5731297986959621,0.765625,0.7595,1836063648
bdsvm,dirichlet_0.3,826,5,7691,0.5743397464926285,0.765375,0.7586666666666667,1836310896
bdsvm,dirichlet_0.3,826,6,3655,0.5731567033488851,0.7654583333333334,0.7595,1834580160
bdsvm,dirichlet_0.3,826,7,2159,0.5730483132337044,0.7655,0.7591666666666667,1836310896
bdsvm,dirichlet_0.3,826,8,0,1.0,0.4859583333333333,0.4825,1835074656
bdsvm,dirichlet_0.3,826,9,1045,0.5743505489412153,0.7652916666666667,0.7586666666666667,1836063648
bdsvm,dirichlet_0.3,851,0,63,0.5785641603638138,0.7643333333333333,0.758,1890458208
bdsvm,dirichlet_0.3,851,1,229,0.5785487420347641,0.7644166666666666,0.7576666666666667,1893177936
bdsvm,dirichlet_0.3,851,2,3623,0.5787256951669636,0.7644166666666666,0.7576666666666667,1892683440
bdsvm,dirichlet_0.3,851,3,2851,0.578581715077699,0.7645,0.7576666666666667,1891447200
bdsvm,dirichlet_0.3,851,4,2684,0.5787109760052624,0.7644166666666666,0.7573333333333333,1891694448
bdsvm,dirichlet_0.3,851,5,7691,0.5785876827006412,0.7644583333333334,0.7576666666666667,1891941696
bdsvm,dirichlet_0.3,851,6,3655,0.5785447022962114,0.764375,0.7576666666666667,1890210960
bdsvm,dirichlet_0.3,851,7,2159,0.5785119722613958,0.7645,0.7576666666666667,1891941696
bdsvm,dirichlet_0.3,851,8,0,1.0,0.4859583333333333,0.4825,1890705456
bdsvm,dirichlet_0.3,851,9,1045,0.5785422377019093,0.7645,0.7575,1891694448
bdsvm,dirichlet_0.3,876,0,63,0.578805011857638,0.7642916666666667,0.7581666666666667,1946089008
bdsvm,dirichlet_0.3,876,1,229,0.5788234314331775,0.7644166666666666,0.7578333333333334,1948808736
bdsvm,dirichlet_0.3,876,2,3623,0.5787767538942262,0.7645,0.758,1948314240
bdsvm,dirichlet_0.3,876,3,2851,0.5788080462875218,0.7644583333333334,0.758,1947078000
bdsvm,dirichlet_0.3,876,4,2684,0.5786661005750666,0.7645,0.7581666666666667,1947325248
bdsvm,dirichlet_0.3,876,5,7691,0.5787519818387875,0.7645,0.7581666666666667,1947572496
bdsvm,dirichlet_0.3,876,6,3655,0.578489842904176,0.7645416666666667,0.7586666666666667,1945841760
bdsvm,dirichlet_0.3,876,7,2159,0.5787417702286582,0.7644166666666666,0.758,1947572496
bdsvm,dirichlet_0.3,876,8,0,1.0,0.4859583333333333,0.4825,1946336256
bdsvm,dirichlet_0.3,876,9,1045,0.5788247766753256,0.76425,0.758,1947325248
bdsvm,dirichlet_0.3,901,0,63,0.570349185355786,0.766,0.7595,2001719808
bdsvm,dirichlet_0.3,901,1,229,0.5699935799638651,0.7658333333333334,0.7595,2004439536
bdsvm,dirichlet_0.3,901,2,3623,0.5702732707760118,0.7657083333333333,0.7595,2003945040
bdsvm,dirichlet_0.3,901,3,2851,0.5705787864225593,0.76575,0.7596666666666667,2002708800
bdsvm,dirichlet_0.3,901,4,2684,0.5706011796962179,0.7657916666666666,0.7591666666666667,2002956048
bdsvm,dirichlet_0.3,901,5,7691,0.570519646968302,0.7658333333333334,0.7596666666666667,2003203296
bdsvm,dirichlet_0.3,901,6,3655,0.5704138689928012,0.7657916666666666,0.7591666666666667,2001472560
bdsvm,dirichlet_0.3,901,7,2159,0.5704886047622175,0.7657916666666666,0.7595,2003203296
bdsvm,dirichlet_0.3,901,8,0,1.0,0.4859583333333333,0.4825,2001967056
bdsvm,dirichlet_0.3,901,9,1045,0.5703477754748861,0.7656666666666667,0.7598333333333334,2002956048
bdsvm,dirichlet_0.3,926,0,63,0.5812770161996781,0.7632083333333334,0.7588333333333334,2057350608
bdsvm,dirichlet_0.3,926,1,229,0.5824094390538482,0.7632083333333334,0.7575,2060070336
bdsvm,dirichlet_0.3,926,2,3623,0.5831598757819477,0.7630833333333333,0.7578333333333334,2059575840
bdsvm,dirichlet_0.3,926,3,2851,0.5818663100772569,0.7635833333333333,0.7588333333333334,2058339600
bdsvm,dirichlet_0.3,926,4,2684,0.5816641757622514,0.7637916666666666,0.7575,2058586848
bdsvm,dirichlet_0.3,926,5,7691,0.5813471816958655,0.764125,0.758,2058834096
bdsvm,dirichlet_0.3,926,6,3655,0.5830754888673834,0.7628333333333334,0.7581666666666667,2057103360
bdsvm,dirichlet_0.3,926,7,2159,0.5802855698018349,0.7637083333333333,0.7583333333333333,2058834096
bdsvm,dirichlet_0.3,926,8,0,1.0,0.4859583333333333,0.4825,2057597856
bdsvm,dirichlet_0.3,926,9,1045,0.5841877361324983,0.7622916666666667,0.7576666666666667,2058586848
bdsvm,dirichlet_0.3,951,0,63,0.576929771295009,0.7645,0.7578333333333334,2112981408
bdsvm,dirichlet_0.3,951,1,229,0.575913422720809,0.764625,0.7573333333333333,2115701136
bdsvm,dirichlet_0.3,951,2,3623,0.5770112897084708,0.764375,0.7578333333333334,2115206640
bdsvm,dirichlet_0.3,951,3,2851,0.5770871177432718,0.7644583333333334,0.758,2113970400
bdsvm,dirichlet_0.3,951,4,2684,0.5762224211069782,0.7646666666666667,0.7575,2114217648
bdsvm,dirichlet_0.3,951,5,7691,0.5756816725035636,0.7647083333333333,0.7576666666666667,2114464896
bdsvm,dirichlet_0.3,951,6,3655,0.5759982068753885,0.7644583333333334,0.7571666666666667,2112734160
bdsvm,dirichlet_0.3,951,7,2159,0.5762202673497226,0.7645833333333333,0.7575,2114464896
bdsvm,dirichlet_0.3,951,8,0,1.0,0.4859583333333333,0.4825,2113228656
bdsvm,dirichlet_0.3,951,9,1045,0.5754951890224247,0.765,0.7585,2114217648
bdsvm,dirichlet_0.3,976,0,63,0.5778630595648584,0.7649166666666667,0.7583333333333333,2168612208
bdsvm,dirichlet_0.3,976,1,229,0.5778486129162284,0.7647916666666666,0.7588333333333334,2171331936
bdsvm,dirichlet_0.3,976,2,3623,0.5778714202036589,0.7649166666666667,0.7588333333333334,2170837440
bdsvm,dirichlet_0.3,976,3,2851,0.5778591798258813,0.7647916666666666,0.7588333333333334,2169601200
bdsvm,dirichlet_0.3,976,4,2684,0.5776045268766073,0.765125,0.759,2169848448
bdsvm,dirichlet_0.3,976,5,7691,0.5778655352794052,0.764875,0.759,2170095696
bdsvm,dirichlet_0.3,976,6,3655,0.5775703691651983,0.765375,0.7588333333333334,2168364960
bdsvm,dirichlet_0.3,976,7,2159,0.5776477616978742,0.7651666666666667,0.7586666666666667,2170095696
bdsvm,dirichlet_0.3,976,8,0,1.0,0.4859583333333333,0.4825,2168859456
bdsvm,dirichlet_0.3,976,9,1045,0.57780056586867,0.7650416666666666,0.7588333333333334,2169848448
bdsvm,dirichlet_0.3,1001,0,63,0.5789006287551975,0.764125,0.7581666666666667,2224243008
bdsvm,dirichlet_0.3,1001,1,229,0.579528869014456,0.7639166666666667,0.7578333333333334,2226962736
bdsvm,dirichlet_0.3,1001,2,3623,0.5794225974393469,0.763875,0.758,2226468240
bdsvm,dirichlet_0.3,1001,3,2851,0.5788404917576444,0.764,0.758,2225232000
bdsvm,dirichlet_0.3,1001,4,2684,0.5793111959800205,0.7640416666666666,0.7581666666666667,2225479248
bdsvm,dirichlet_0.3,1001,5,7691,0.5795677480177136,0.7638333333333334,0.758,2225726496
bdsvm,dirichlet_0.3,1001,6,3655,0.5790106401215027,0.7639166666666667,0.7581666666666667,2223995760
bdsvm,dirichlet_0.3,1001,7,2159,0.5795181002541534,0.7638333333333334,0.7581666666666667,2225726496
bdsvm,dirichlet_0.3,1001,8,0,1.0,0.4859583333333333,0.4825,2224490256
bdsvm,dirichlet_0.3,1001,9,1045,0.5796735950018693,0.7640416666666666,0.758,2225479248
bdsvm,dirichlet_0.3,1026,0,63,0.5821361609019619,0.7635833333333333,0.7578333333333334,2279873808
bdsvm,dirichlet_0.3,1026,1,229,0.5821430083988955,0.7635833333333333,0.7573333333333333,2282593536
bdsvm,dirichlet_0.3,1026,2,3623,0.5821518604533268,0.7635833333333333,0.7571666666666667,2282099040
bdsvm,dirichlet_0.3,1026,3,2851,0.5820875232911805,0.763625,0.7571666666666667,2280862800
bdsvm,dirichlet_0.3,1026,4,2684,0.5820677528655934,0.7635833333333333,0.757,2281110048
bdsvm,dirichlet_0.3,1026,5,7691,0.5820382764822266,0.763625,0.757,2281357296
bdsvm,dirichlet_0.3,1026,6,3655,0.5816076047028679,0.763875,0.7566666666666667,2279626560
bdsvm,dirichlet_0.3,1026,7,2159,0.5816125929849638,0.7638333333333334,0.7568333333333334,2281357296
bdsvm,dirichlet_0.3,1026,8,0,1.0,0.4859583333333333,0.4825,2280121056
bdsvm,dirichlet_0.3,1026,9,1045,0.5816620899043997,0.7639166666666667,0.7568333333333334,2281110048
bdsvm,dirichlet_0.3,1051,0,63,0.5776026457243855,0.7644583333333334,0.7573333333333333,2335504608
bdsvm,dirichlet_0.3,1051,1,229,0.5775434302454933,0.7646666666666667,0.7568333333333334,2338224336
bdsvm,dirichlet_0.3,1051,2,3623,0.5775152141354145,0.7647083333333333,0.757,2337729840
bdsvm,dirichlet_0.3,1051,3,2851,0.5774947089383218,0.7645833333333333,0.757,2336493600
bdsvm,dirichlet_0.3,1051,4,2684,0.5775597275145359,0.764625,0.7568333333333334,2336740848
bdsvm,dirichlet_0.3,1051,5,7691,0.5774203433423833,0.7646666666666667,0.7568333333333334,2336988096
bdsvm,dirichlet_0.3,1051,6,3655,0.5774719379685181,0.7647083333333333,0.7568333333333334,2335257360
bdsvm,dirichlet_0.3,1051,7,2159,0.5773366737495991,0.7645833333333333,0.757,2336988096
bdsvm,dirichlet_0.3,1051,8,0,1.0,0.4859583333333333,0.4825,2335751856
bdsvm,dirichlet_0.3,1051,9,1045,0.5774233658383949,0.7646666666666667,0.7568333333333334,2336740848
bdsvm,dirichlet_0.3,1076,0,63,0.5757801342962054,0.766,0.7598333333333334,2391135408
bdsvm,dirichlet_0.3,1076,1,229,0.5757608542646498,0.7660833333333333,0.7588333333333334,2393855136
bdsvm,dirichlet_0.3,1076,2,3623,0.5756196397592946,0.7658333333333334,0.759,2393360640
bdsvm,dirichlet_0.3,1076,3,2851,0.5758788785956978,0.76575,0.7586666666666667,2392124400
bdsvm,dirichlet_0.3,1076,4,2684,0.5763113044279891,0.7657916666666666,0.7593333333333333,2392371648
bdsvm,dirichlet_0.3,1076,5,7691,0.5762430478830707,0.7660416666666666,0.7591666666666667,2392618896
bdsvm,dirichlet_0.3,1076,6,3655,0.5760032649896681,0.76625,0.759,2390888160
bdsvm,dirichlet_0.3,1076,7,2159,0.5757077191548016,0.766,0.7591666666666667,2392618896
bdsvm,dirichlet_0.3,1076,8,0,1.0,0.4859583333333333,0.4825,2391382656
bdsvm,dirichlet_0.3,1076,9,1045,0.5759441044182997,0.7660833333333333,0.7593333333333333,2392371648
bdsvm,dirichlet_0.3,1101,0,63,0.584505598120723,0.76175,0.7571666666666667,2446766208
bdsvm,dirichlet_0.3,1101,1,229,0.5844699644787056,0.761625,0.7578333333333334,2449485936
bdsvm,dirichlet_0.3,1101,2,3623,0.5844838929456504,0.761625,0.7578333333333334,2448991440
bdsvm,dirichlet_0.3,1101,3,2851,0.5844809321197918,0.7615833333333333,0.758,2447755200
bdsvm,dirichlet_0.3,1101,4,2684,0.5844347640993881,0.7615833333333333,0.7578333333333334,2448002448
bdsvm,dirichlet_0.3,1101,5,7691,0.5844761576615456,0.761625,0.7578333333333334,2448249696
bdsvm,dirichlet_0.3,1101,6,3655,0.584416863806684,0.7617083333333333,0.7578333333333334,2446518960
bdsvm,dirichlet_0.3,1101,7,2159,0.5844824309541564,0.7615416666666667,0.758,2448249696
bdsvm,dirichlet_0.3,1101,8,0,1.0,0.4859583333333333,0.4825,2447013456
bdsvm,dirichlet_0.3,1101,9,1045,0.5845165028334166,0.7615833333333333,0.7578333333333334,2448002448
bdsvm,dirichlet_0.3,1126,0,63,0.5746215334164634,0.7652083333333334,0.7595,2502397008
bdsvm,dirichlet_0.3,1126,1,229,0.5742621169315912,0.7653333333333333,0.7591666666666667,2505116736
bdsvm,dirichlet_0.3,1126,2,3623,0.5744816238612229,0.7654166666666666,0.7595,2504622240
bdsvm,dirichlet_0.3,1126,3,2851,0.5744284584533061,0.7654166666666666,0.7591666666666667,2503386000
bdsvm,dirichlet_0.3,1126,4,2684,0.5742930774490903,0.765375,0.759,2503633248
bdsvm,dirichlet_0.3,1126,5,7691,0.5745667385205144,0.76525,0.7593333333333333,2503880496
bdsvm,dirichlet_0.3,1126,6,3655,0.5747404139229335,0.7651666666666667,0.7595,2502149760
bdsvm,dirichlet_0.3,1126,7,2159,0.574081866974979,0.7653333333333333,0.759,2503880496
bdsvm,dirichlet_0.3,1126,8,0,1.0,0.4859583333333333,0.4825,2502644256
bdsvm,dirichlet_0.3,1126,9,1045,0.5745854905889534,0.7654166666666666,0.7593333333333333,2503633248
bdsvm,dirichlet_0.3,1151,0,63,0.5775530764878938,0.764875,0.7578333333333334,2558027808
bdsvm,dirichlet_0.3,1151,1,229,0.5777733181007564,0.7646666666666667,0.7578333333333334,2560747536
bdsvm,dirichlet_0.3,1151,2,3623,0.577751813367444,0.7647916666666666,0.7581666666666667,2560253040
bdsvm,dirichlet_0.3,1151,3,2851,0.5773562378061448,0.7650416666666666,0.7583333333333333,2559016800
bdsvm,dirichlet_0.3,1151,4,2684,0.5774253594681055,0.7650416666666666,0.7583333333333333,2559264048
bdsvm,dirichlet_0.3,1151,5,7691,0.577386050709246,0.764875,0.7578333333333334,2559511296
bdsvm,dirichlet_0.3,1151,6,3655,0.5778532622098761,0.7646666666666667,0.7581666666666667,2557780560
bdsvm,dirichlet_0.3,1151,7,2159,0.5776798340117868,0.7645833333333333,0.7581666666666667,2559511296
bdsvm,dirichlet_0.3,1151,8,0,1.0,0.4859583333333333,0.4825,2558275056
bdsvm,dirichlet_0.3,1151,9,1045,0.5774237436874283,0.7649583333333333,0.7583333333333333,2559264048
bdsvm,dirichlet_0.3,1176,0,63,0.5761068055272538,0.7642083333333334,0.758,2613658608
bdsvm,dirichlet_0.3,1176,1,229,0.5762093405692118,0.7644166666666666,0.7585,2616378336
bdsvm,dirichlet_0.3,1176,2,3623,0.576114629003615,0.7642916666666667,0.7586666666666667,2615883840
bdsvm,dirichlet_0.3,1176,3,2851,0.5771498041128438,0.763875,0.7578333333333334,2614647600
bdsvm,dirichlet_0.3,1176,4,2684,0.5768527040970739,0.764,0.7578333333333334,2614894848
bdsvm,dirichlet_0.3,1176,5,7691,0.5764055228765949,0.7640833333333333,0.7578333333333334,2615142096
bdsvm,dirichlet_0.3,1176,6,3655,0.5761743459032977,0.7642916666666667,0.7586666666666667,2613411360
bdsvm,dirichlet_0.3,1176,7,2159,0.5763682547287531,0.7642083333333334,0.7583333333333333,2615142096
bdsvm,dirichlet_0.3,1176,8,0,1.0,0.4859583333333333,0.4825,2613905856
bdsvm,dirichlet_0.3,1176,9,1045,0.5758560122869832,0.7644583333333334,0.7583333333333333,2614894848
bdsvm,dirichlet_0.3,1201,0,63,0.5777742184365303,0.7643333333333333,0.758,2669289408
bdsvm,dirichlet_0.3,1201,1,229,0.5778179561322054,0.7642083333333334,0.758,2672009136
bdsvm,dirichlet_0.3,1201,2,3623,0.577760869276193,0.76425,0.758,2671514640
bdsvm,dirichlet_0.3,1201,3,2851,0.5777514634247018,0.76425,0.7578333333333334,2670278400
bdsvm,dirichlet_0.3,1201,4,2684,0.5777892693571977,0.7643333333333333,0.758,2670525648
bdsvm,dirichlet_0.3,1201,5,7691,0.5777556201980926,0.7642083333333334,0.758,2670772896
bdsvm,dirichlet_0.3,1201,6,3655,0.5777817162215078,0.7641666666666667,0.7578333333333334,2669042160
bdsvm,dirichlet_0.3,1201,7,2159,0.5778176174463254,0.7642083333333334,0.7581666666666667,2670772896
bdsvm,dirichlet_0.3,1201,8,0,1.0,0.4859583333333333,0.4825,2669536656
bdsvm,dirichlet_0.3,1201,9,1045,0.5777662512589691,0.7642916666666667,0.758,2670525648
bdsvm,dirichlet_0.3,1226,0,63,0.5779337051536135,0.76525,0.7578333333333334,2724920208
bdsvm,dirichlet_0.3,1226,1,229,0.577941379919877,0.7652083333333334,0.7573333333333333,2727639936
bdsvm,dirichlet_0.3,1226,2,3623,0.5777721112692115,0.7654166666666666,0.7576666666666667,2727145440
bdsvm,dirichlet_0.3,1226,3,2851,0.577827502131798,0.765375,0.7573333333333333,2725909200
bdsvm,dirichlet_0.3,1226,4,2684,0.5778696852258296,0.7653333333333333,0.7576666666666667,2726156448
bdsvm,dirichlet_0.3,1226,5,7691,0.5778860370872042,0.7651666666666667,0.7573333333333333,2726403696
bdsvm,dirichlet_0.3,1226,6,3655,0.5776659454880867,0.7653333333333333,0.7575,2724672960
bdsvm,dirichlet_0.3,1226,7,2159,0.5779203433753493,0.7650416666666666,0.7571666666666667,2726403696
bdsvm,dirichlet_0.3,1226,8,0,1.0,0.4859583333333333,0.4825,2725167456
bdsvm,dirichlet_0.3,1226,9,1045,0.5779808885247868,0.765125,0.7575,2726156448
bdsvm,dirichlet_0.3,1251,0,63,0.5845706375141811,0.76225,0.7578333333333334,2780551008
bdsvm,dirichlet_0.3,1251,1,229,0.5847163212627319,0.76225,0.7576666666666667,2783270736
bdsvm,dirichlet_0.3,1251,2,3623,0.5847086033285974,0.7623333333333333,0.7573333333333333,2782776240
bdsvm,dirichlet_0.3,1251,3,2851,0.5845858173632008,0.7625,0.7575,2781540000
bdsvm,dirichlet_0.3,1251,4,2684,0.5846790862851527,0.7622916666666667,0.7578333333333334,2781787248
bdsvm,dirichlet_0.3,1251,5,7691,0.5845259136761929,0.7624166666666666,0.7576666666666667,2782034496
bdsvm,dirichlet_0.3,1251,6,3655,0.5846870504273507,0.76225,0.7573333333333333,2780303760
bdsvm,dirichlet_0.3,1251,7,2159,0.5846682819813314,0.7623333333333333,0.7571666666666667,2782034496
bdsvm,dirichlet_0.3,1251,8,0,1.0,0.4859583333333333,0.4825,2780798256
bdsvm,dirichlet_0.3,1251,9,1045,0.5845834446152713,0.762375,0.7575,2781787248
bdsvm,dirichlet_0.3,1276,0,63,0.5862621463669664,0.7609583333333333,0.7553333333333333,2836181808
bdsvm,dirichlet_0.3,1276,1,229,0.586920720554895,0.760625,0.7556666666666667,2838901536
bdsvm,dirichlet_0.3,1276,2,3623,0.5871830786759895,0.7605,0.7555,2838407040
bdsvm,dirichlet_0.3,1276,3,2851,0.5877492431770837,0.7602916666666667,0.7558333333333334,2837170800
bdsvm,dirichlet_0.3,1276,4,2684,0.5871819211255597,0.7602916666666667,0.7555,2837418048
bdsvm,dirichlet_0.3,1276,5,7691,0.5867065040970616,0.7610833333333333,0.7556666666666667,2837665296
bdsvm,dirichlet_0.3,1276,6,3655,0.5860811197931551,0.7609166666666667,0.7558333333333334,2835934560
bdsvm,dirichlet_0.3,1276,7,2159,0.5870132273417964,0.7605416666666667,0.7553333333333333,2837665296
bdsvm,dirichlet_0.3,1276,8,0,1.0,0.4859583333333333,0.4825,2836429056
bdsvm,dirichlet_0.3,1276,9,1045,0.5867818116692131,0.7607083333333333,0.7553333333333333,2837418048
bdsvm,dirichlet_0.3,1301,0,63,0.5918870288803982,0.75675,0.752,2891812608
bdsvm,dirichlet_0.3,1301,1,229,0.5915787223596298,0.75775,0.7515,2894532336
bdsvm,dirichlet_0.3,1301,2,3623,0.5915923166661818,0.75775,0.7513333333333333,2894037840
bdsvm,dirichlet_0.3,1301,3,2851,0.5915328326709607,0.7577916666666666,0.7513333333333333,2892801600
bdsvm,dirichlet_0.3,1301,4,2684,0.5918116671044085,0.7573333333333333,0.7518333333333334,2893048848
bdsvm,dirichlet_0.3,1301,5,7691,0.5914507073432879,0.7578333333333334,0.7515,2893296096
bdsvm,dirichlet_0.3,1301,6,3655,0.591456840617463,0.75775,0.7513333333333333,2891565360
bdsvm,dirichlet_0.3,1301,7,2159,0.5912398061512196,0.7579166666666667,0.7513333333333333,2893296096
bdsvm,dirichlet_0.3,1301,8,0,1.0,0.4859583333333333,0.4825,2892059856
bdsvm,dirichlet_0.3,1301,9,1045,0.59148785299838,0.75775,0.7511666666666666,2893048848
bdsvm,dirichlet_0.3,1326,0,63,0.5716831941409634,0.7654583333333334,0.7585,2947443408
bdsvm,dirichlet_0.3,1326,1,229,0.572238812530749,0.7652916666666667,0.7586666666666667,2950163136
bdsvm,dirichlet_0.3,1326,2,3623,0.5717405200166039,0.7655,0.7586666666666667,2949668640
bdsvm,dirichlet_0.3,1326,3,2851,0.5717964515563403,0.7655416666666667,0.7586666666666667,2948432400
bdsvm,dirichlet_0.3,1326,4,2684,0.5716655711440396,0.765375,0.7588333333333334,2948679648
bdsvm,dirichlet_0.3,1326,5,7691,0.5719503453973138,0.7655,0.7586666666666667,2948926896
bdsvm,dirichlet_0.3,1326,6,3655,0.5717368259244272,0.7657083333333333,0.7586666666666667,2947196160
bdsvm,dirichlet_0.3,1326,7,2159,0.5715724383320757,0.7655416666666667,0.7585,2948926896
bdsvm,dirichlet_0.3,1326,8,0,1.0,0.4859583333333333,0.4825,2947690656
bdsvm,dirichlet_0.3,1326,9,1045,0.5718834478734534,0.7655416666666667,0.7585,2948679648
bdsvm,dirichlet_0.3,1351,0,63,0.5776707371235386,0.7647916666666666,0.7576666666666667,3003074208
bdsvm,dirichlet_0.3,1351,1,229,0.5776569820603846,0.7645416666666667,0.7583333333333333,3005793936
bdsvm,dirichlet_0.3,1351,2,3623,0.5777396004504268,0.7646666666666667,0.7583333333333333,3005299440
bdsvm,dirichlet_0.3,1351,3,2851,0.5776880697568945,0.7645416666666667,0.7583333333333333,3004063200
bdsvm,dirichlet_0.3,1351,4,2684,0.5776859594050494,0.7645833333333333,0.7581666666666667,3004310448
bdsvm,dirichlet_0.3,1351,5,7691,0.5776504510679786,0.7646666666666667,0.7585,3004557696
bdsvm,dirichlet_0.3,1351,6,3655,0.5776559779719322,0.7646666666666667,0.7585,3002826960
bdsvm,dirichlet_0.3,1351,7,2159,0.5776782447329285,0.7645416666666667,0.7583333333333333,3004557696
bdsvm,dirichlet_0.3,1351,8,0,1.0,0.4859583333333333,0.4825,3003321456
bdsvm,dirichlet_0.3,1351,9,1045,0.5776940928606521,0.7645833333333333,0.7583333333333333,3004310448
bdsvm,dirichlet_0.3,1376,0,63,0.5805739383317259,0.7635,0.7575,3058705008
bdsvm,dirichlet_0.3,1376,1,229,0.5805553882049796,0.7640833333333333,0.7576666666666667,3061424736
bdsvm,dirichlet_0.3,1376,2,3623,0.5805751375222344,0.764,0.7578333333333334,3060930240
bdsvm,dirichlet_0.3,1376,3,2851,0.5804294029856631,0.7640833333333333,0.7578333333333334,3059694000
bdsvm,dirichlet_0.3,1376,4,2684,0.5804280818923677,0.76425,0.7575,3059941248
bdsvm,dirichlet_0.3,1376,5,7691,0.5803019372958101,0.7642916666666667,0.7578333333333334,3060188496
bdsvm,dirichlet_0.3,1376,6,3655,0.5804819694768071,0.7640833333333333,0.758,3058457760
bdsvm,dirichlet_0.3,1376,7,2159,0.580507220530291,0.764,0.7576666666666667,3060188496
bdsvm,dirichlet_0.3,1376,8,0,1.0,0.4859583333333333,0.4825,3058952256
bdsvm,dirichlet_0.3,1376,9,1045,0.5805113003321917,0.764125,0.758,3059941248
bdsvm,dirichlet_0.3,1401,0,63,0.5776746119563101,0.764,0.7583333333333333,3114335808
bdsvm,dirichlet_0.3,1401,1,229,0.5790412885552747,0.764125,0.7583333333333333,3117055536
bdsvm,dirichlet_0.3,1401,2,3623,0.576941687522013,0.764875,0.7583333333333333,3116561040
bdsvm,dirichlet_0.3,1401,3,2851,0.5784449220274414,0.7643333333333333,0.7583333333333333,3115324800
bdsvm,dirichlet_0.3,1401,4,2684,0.5766285943652891,0.764625,0.7588333333333334,3115572048
bdsvm,dirichlet_0.3,1401,5,7691,0.5779057724052022,0.7643333333333333,0.7583333333333333,3115819296
bdsvm,dirichlet_0.3,1401,6,3655,0.5769209076119397,0.7647916666666666,0.7583333333333333,3114088560
bdsvm,dirichlet_0.3,1401,7,2159,0.5766827470279241,0.7646666666666667,0.7585,3115819296
bdsvm,dirichlet_0.3,1401,8,0,1.0,0.4859583333333333,0.4825,3114583056
bdsvm,dirichlet_0.3,1401,9,1045,0.5784285633360121,0.7644166666666666,0.7586666666666667,3115572048
bdsvm,dirichlet_0.3,1426,0,63,0.581990055020184,0.7636666666666667,0.7576666666666667,3169966608
bdsvm,dirichlet_0.3,1426,1,229,0.5819443548993816,0.7639583333333333,0.7575,3172686336
bdsvm,dirichlet_0.3,1426,2,3623,0.581896086581485,0.7640416666666666,0.757,3172191840
bdsvm,dirichlet_0.3,1426,3,2851,0.5816889144548141,0.7640833333333333,0.7573333333333333,3170955600
bdsvm,dirichlet_0.3,1426,4,2684,0.5816788979496771,0.7639583333333333,0.7575,3171202848
bdsvm,dirichlet_0.3,1426,5,7691,0.5817288588238906,0.7640416666666666,0.7573333333333333,3171450096
bdsvm,dirichlet_0.3,1426,6,3655,0.5816738039243908,0.764,0.757,3169719360
bdsvm,dirichlet_0.3,1426,7,2159,0.5816505656605565,0.7640833333333333,0.7573333333333333,3171450096
bdsvm,dirichlet_0.3,1426,8,0,1.0,0.4859583333333333,0.4825,3170213856
bdsvm,dirichlet_0.3,1426,9,1045,0.5817773263956325,0.764125,0.7573333333333333,3171202848
bdsvm,dirichlet_0.3,1451,0,63,0.586217401873044,0.7615416666666667,0.7553333333333333,3225597408
bdsvm,dirichlet_0.3,1451,1,229,0.5849544878006767,0.7619583333333333,0.7565,3228317136
bdsvm,dirichlet_0.3,1451,2,3623,0.5861601014143498,0.7617083333333333,0.7555,3227822640
bdsvm,dirichlet_0.3,1451,3,2851,0.5841830041336308,0.7624166666666666,0.7575,3226586400
bdsvm,dirichlet_0.3,1451,4,2684,0.5839848208078521,0.7623333333333333,0.7576666666666667,3226833648
bdsvm,dirichlet_0.3,1451,5,7691,0.5847254809441186,0.762,0.7561666666666667,3227080896
bdsvm,dirichlet_0.3,1451,6,3655,0.5855484589307132,0.761875,0.7561666666666667,3225350160
bdsvm,dirichlet_0.3,1451,7,2159,0.58486191489446,0.7617916666666666,0.7561666666666667,3227080896
bdsvm,dirichlet_0.3,1451,8,0,1.0,0.4859583333333333,0.4825,3225844656
bdsvm,dirichlet_0.3,1451,9,1045,0.5842530296697795,0.7619166666666667,0.7568333333333334,3226833648
bdsvm,dirichlet_0.3,1476,0,63,0.5786122078913122,0.7642916666666667,0.7566666666666667,3281228208
bdsvm,dirichlet_0.3,1476,1,229,0.5793448805979298,0.7643333333333333,0.7573333333333333,3283947936
bdsvm,dirichlet_0.3,1476,2,3623,0.5788158434885516,0.7644583333333334,0.7558333333333334,3283453440
bdsvm,dirichlet_0.3,1476,3,2851,0.5794509241573187,0.7643333333333333,0.7573333333333333,3282217200
bdsvm,dirichlet_0.3,1476,4,2684,0.5784048672534844,0.7644166666666666,0.7561666666666667,3282464448
bdsvm,dirichlet_0.3,1476,5,7691,0.576780173551868,0.7645833333333333,0.7583333333333333,3282711696
bdsvm,dirichlet_0.3,1476,6,3655,0.5786189223648096,0.7644166666666666,0.7566666666666667,3280980960
bdsvm,dirichlet_0.3,1476,7,2159,0.5785278874710523,0.764375,0.756,3282711696
bdsvm,dirichlet_0.3,1476,8,0,1.0,0.4859583333333333,0.4825,3281475456
bdsvm,dirichlet_0.3,1476,9,1045,0.5786202098585105,0.7644166666666666,0.7566666666666667,3282464448
bdsvm,dirichlet_0.3,1501,0,63,0.5856565121953125,0.7617916666666666,0.7543333333333333,3336859008
bdsvm,dirichlet_0.3,1501,1,229,0.585565292268544,0.762,0.7555,3339578736
bdsvm,dirichlet_0.3,1501,2,3623,0.5854907133841818,0.761875,0.7555,3339084240
bdsvm,dirichlet_0.3,1501,3,2851,0.5853753865235057,0.7622083333333334,0.7556666666666667,3337848000
bdsvm,dirichlet_0.3,1501,4,2684,0.5854615915981333,0.7620416666666666,0.7553333333333333,3338095248
bdsvm,dirichlet_0.3,1501,5,7691,0.5853972590886909,0.762375,0.7556666666666667,3338342496
bdsvm,dirichlet_0.3,1501,6,3655,0.585608773809302,0.7617916666666666,0.7556666666666667,3336611760
bdsvm,dirichlet_0.3,1501,7,2159,0.5855409502175942,0.761875,0.7555,3338342496
bdsvm,dirichlet_0.3,1501,8,0,1.0,0.4859583333333333,0.4825,3337106256
bdsvm,dirichlet_0.3,1501,9,1045,0.5855596737357057,0.7620833333333333,0.7553333333333333,3338095248
bdsvm,dirichlet_0.3,1526,0,63,0.5868261350926821,0.76,0.7541666666666667,3392489808
bdsvm,dirichlet_0.3,1526,1,229,0.5868434368505298,0.7601666666666667,0.754,3395209536
bdsvm,dirichlet_0.3,1526,2,3623,0.5887654483029563,0.7590416666666666,0.754,3394715040
bdsvm,dirichlet_0.3,1526,3,2851,0.5868473897170772,0.7599166666666667,0.7545,3393478800
bdsvm,dirichlet_0.3,1526,4,2684,0.586767952226461,0.7599166666666667,0.7541666666666667,3393726048
bdsvm,dirichlet_0.3,1526,5,7691,0.5897121070002991,0.7588333333333334,0.7535,3393973296
bdsvm,dirichlet_0.3,1526,6,3655,0.586702636795315,0.7604166666666666,0.7543333333333333,3392242560
bdsvm,dirichlet_0.3,1526,7,2159,0.5895482499582912,0.7587083333333333,0.7533333333333333,3393973296
bdsvm,dirichlet_0.3,1526,8,0,1.0,0.4859583333333333,0.4825,3392737056
bdsvm,dirichlet_0.3,1526,9,1045,0.5887540917845779,0.75925,0.754,3393726048
bdsvm,dirichlet_0.3,1551,0,63,0.5907538235308736,0.7579583333333333,0.752,3448120608
bdsvm,dirichlet_0.3,1551,1,229,0.5904167028538353,0.7580833333333333,0.7521666666666667,3450840336
bdsvm,dirichlet_0.3,1551,2,3623,0.5902711460632462,0.758,0.7521666666666667,3450345840
bdsvm,dirichlet_0.3,1551,3,2851,0.5905838750673907,0.7578333333333334,0.7518333333333334,3449109600
bdsvm,dirichlet_0.3,1551,4,2684,0.5905188892442652,0.7577916666666666,0.7518333333333334,3449356848
bdsvm,dirichlet_0.3,1551,5,7691,0.590202295291576,0.7580833333333333,0.7521666666666667,3449604096
bdsvm,dirichlet_0.3,1551,6,3655,0.5905642433237522,0.7578333333333334,0.752,3447873360
bdsvm,dirichlet_0.3,1551,7,2159,0.5905543954958921,0.7578333333333334,0.7521666666666667,3449604096
bdsvm,dirichlet_0.3,1551,8,0,1.0,0.4859583333333333,0.4825,3448367856
bdsvm,dirichlet_0.3,1551,9,1045,0.5905578189737036,0.75775,0.7515,3449356848
bdsvm,dirichlet_0.3,1576,0,63,0.5738592675096741,0.7650416666666666,0.758,3503751408
bdsvm,dirichlet_0.3,1576,1,229,0.5737911496926945,0.765375,0.7578333333333334,3506471136
bdsvm,dirichlet_0.3,1576,2,3623,0.5736451406236267,0.7652916666666667,0.7578333333333334,3505976640
bdsvm,dirichlet_0.3,1576,3,2851,0.5737048131448699,0.7653333333333333,0.758,3504740400
bdsvm,dirichlet_0.3,1576,4,2684,0.5736060993833954,0.765375,0.7578333333333334,3504987648
bdsvm,dirichlet_0.3,1576,5,7691,0.5737038075810373,0.7654166666666666,0.7581666666666667,3505234896
bdsvm,dirichlet_0.3,1576,6,3655,0.573631829116303,0.76525,0.758,3503504160
bdsvm,dirichlet_0.3,1576,7,2159,0.5737331678914935,0.7654166666666666,0.758,3505234896
bdsvm,dirichlet_0.3,1576,8,0,1.0,0.4859583333333333,0.4825,3503998656
bdsvm,dirichlet_0.3,1576,9,1045,0.5738039175862762,0.7654166666666666,0.758,3504987648
bdsvm,dirichlet_0.3,1601,0,63,0.5781317976894743,0.7647083333333333,0.7575,3559382208
bdsvm,dirichlet_0.3,1601,1,229,0.578252432180991,0.7643333333333333,0.7578333333333334,3562101936
bdsvm,dirichlet_0.3,1601,2,3623,0.5777327824548577,0.7649166666666667,0.758,3561607440
bdsvm,dirichlet_0.3,1601,3,2851,0.5780540904206246,0.7645,0.758,3560371200
bdsvm,dirichlet_0.3,1601,4,2684,0.5777161267142052,0.7649583333333333,0.758,3560618448
bdsvm,dirichlet_0.3,1601,5,7691,0.5781092519423181,0.7644583333333334,0.7578333333333334,3560865696
bdsvm,dirichlet_0.3,1601,6,3655,0.5780788657235306,0.7645833333333333,0.7576666666666667,3559134960
bdsvm,dirichlet_0.3,1601,7,2159,0.577957006652459,0.7647083333333333,0.7576666666666667,3560865696
bdsvm,dirichlet_0.3,1601,8,0,1.0,0.4859583333333333,0.4825,3559629456
bdsvm,dirichlet_0.3,1601,9,1045,0.577995215836041,0.7645416666666667,0.7581666666666667,3560618448
bdsvm,dirichlet_0.3,1626,0,63,0.5796425439500165,0.76425,0.7571666666666667,3615013008
bdsvm,dirichlet_0.3,1626,1,229,0.579638026903251,0.7645416666666667,0.757,3617732736
bdsvm,dirichlet_0.3,1626,2,3623,0.5795279153739612,0.7645,0.7573333333333333,3617238240
bdsvm,dirichlet_0.3,1626,3,2851,0.5795306129058388,0.7644166666666666,0.7573333333333333,3616002000
bdsvm,dirichlet_0.3,1626,4,2684,0.5795385870641457,0.764375,0.7573333333333333,3616249248
bdsvm,dirichlet_0.3,1626,5,7691,0.5796345058657477,0.7645416666666667,0.7575,3616496496
bdsvm,dirichlet_0.3,1626,6,3655,0.5794990998647669,0.7644583333333334,0.7576666666666667,3614765760
bdsvm,dirichlet_0.3,1626,7,2159,0.5796657445569277,0.7644166666666666,0.757,3616496496
bdsvm,dirichlet_0.3,1626,8,0,1.0,0.4859583333333333,0.4825,3615260256
bdsvm,dirichlet_0.3,1626,9,1045,0.5795472114433936,0.7645,0.7573333333333333,3616249248
bdsvm,dirichlet_0.3,1651,0,63,0.5729020201587294,0.765125,0.7596666666666667,3670643808
bdsvm,dirichlet_0.3,1651,1,229,0.5729182785843717,0.7655,0.759,3673363536
bdsvm,dirichlet_0.3,1651,2,3623,0.5728132857960073,0.765375,0.7591666666666667,3672869040
bdsvm,dirichlet_0.3,1651,3,2851,0.5727403710704734,0.7653333333333333,0.759,3671632800
bdsvm,dirichlet_0.3,1651,4,2684,0.5728567491666566,0.765375,0.7595,3671880048
bdsvm,dirichlet_0.3,1651,5,7691,0.5728679523501573,0.765375,0.7588333333333334,3672127296
bdsvm,dirichlet_0.3,1651,6,3655,0.5725960547820367,0.7652083333333334,0.7591666666666667,3670396560
bdsvm,dirichlet_0.3,1651,7,2159,0.5726641162128816,0.7653333333333333,0.7595,3672127296
bdsvm,dirichlet_0.3,1651,8,0,1.0,0.4859583333333333,0.4825,3670891056
bdsvm,dirichlet_0.3,1651,9,1045,0.5728274505757001,0.765375,0.7593333333333333,3671880048
bdsvm,dirichlet_0.3,1676,0,63,0.57590660440208,0.7646666666666667,0.7583333333333333,3726274608
bdsvm,dirichlet_0.3,1676,1,229,0.5759700648752182,0.7645416666666667,0.7583333333333333,3728994336
bdsvm,dirichlet_0.3,1676,2,3623,0.5758938625992764,0.7644583333333334,0.7583333333333333,3728499840
bdsvm,dirichlet_0.3,1676,3,2851,0.575827266824798,0.7644583333333334,0.7585,3727263600
bdsvm,dirichlet_0.3,1676,4,2684,0.5758469186657971,0.764625,0.7581666666666667,3727510848
bdsvm,dirichlet_0.3,1676,5,7691,0.5758652314503299,0.7644166666666666,0.7585,3727758096
bdsvm,dirichlet_0.3,1676,6,3655,0.5758499207782551,0.7645833333333333,0.7583333333333333,3726027360
bdsvm,dirichlet_0.3,1676,7,2159,0.5758477343656473,0.7644166666666666,0.7585,3727758096
bdsvm,dirichlet_0.3,1676,8,0,1.0,0.4859583333333333,0.4825,3726521856
bdsvm,dirichlet_0.3,1676,9,1045,0.5759904583761492,0.7645416666666667,0.7578333333333334,3727510848
bdsvm,dirichlet_0.3,1701,0,63,0.5862572815867803,0.7611666666666667,0.7553333333333333,3781905408
bdsvm,dirichlet_0.3,1701,1,229,0.5863640716784643,0.761125,0.7553333333333333,3784625136
bdsvm,dirichlet_0.3,1701,2,3623,0.5863746009597953,0.7611666666666667,0.7555,3784130640
bdsvm,dirichlet_0.3,1701,3,2851,0.5863712086665672,0.761125,0.7555,3782894400
bdsvm,dirichlet_0.3,1701,4,2684,0.5863408244705074,0.761125,0.7551666666666667,3783141648
bdsvm,dirichlet_0.3,1701,5,7691,0.5864719765257838,0.7610416666666666,0.7553333333333333,3783388896
bdsvm,dirichlet_0.3,1701,6,3655,0.5863936899861864,0.761125,0.7553333333333333,3781658160
bdsvm,dirichlet_0.3,1701,7,2159,0.5863755939914121,0.7612083333333334,0.7553333333333333,3783388896
bdsvm,dirichlet_0.3,1701,8,0,1.0,0.4859583333333333,0.4825,3782152656
bdsvm,dirichlet_0.3,1701,9,1045,0.5863365628853237,0.761125,0.7553333333333333,3783141648
bdsvm,dirichlet_0.3,1726,0,63,0.5880149196807509,0.759375,0.7536666666666667,3837536208
bdsvm,dirichlet_0.3,1726,1,229,0.5876642315722939,0.75925,0.7543333333333333,3840255936
bdsvm,dirichlet_0.3,1726,2,3623,0.588051187852562,0.7595,0.7543333333333333,3839761440
bdsvm,dirichlet_0.3,1726,3,2851,0.5881123639393196,0.7592916666666667,0.7543333333333333,3838525200
bdsvm,dirichlet_0.3,1726,4,2684,0.5894774556881415,0.7589583333333333,0.7536666666666667,3838772448
bdsvm,dirichlet_0.3,1726,5,7691,0.588386787730712,0.75925,0.754,3839019696
bdsvm,dirichlet_0.3,1726,6,3655,0.5893386607143263,0.7592083333333334,0.754,3837288960
bdsvm,dirichlet_0.3,1726,7,2159,0.5895057786874756,0.7589583333333333,0.7538333333333334,3839019696
bdsvm,dirichlet_0.3,1726,8,0,1.0,0.4859583333333333,0.4825,3837783456
bdsvm,dirichlet_0.3,1726,9,1045,0.5881598194555419,0.7592916666666667,0.754,3838772448
bdsvm,dirichlet_0.3,1751,0,63,0.5892685576400258,0.7587916666666666,0.753,3893167008
bdsvm,dirichlet_0.3,1751,1,229,0.5879090439582603,0.7592083333333334,0.7538333333333334,3895886736
bdsvm,dirichlet_0.3,1751,2,3623,0.588699676519562,0.7589583333333333,0.753,3895392240
bdsvm,dirichlet_0.3,1751,3,2851,0.5900277060103452,0.75825,0.7518333333333334,3894156000
bdsvm,dirichlet_0.3,1751,4,2684,0.5881667660765187,0.75925,0.7536666666666667,3894403248
bdsvm,dirichlet_0.3,1751,5,7691,0.5889156567578958,0.7590416666666666,0.7526666666666667,3894650496
bdsvm,dirichlet_0.3,1751,6,3655,0.5889965641230268,0.7587083333333333,0.7528333333333334,3892919760
bdsvm,dirichlet_0.3,1751,7,2159,0.5878363214359628,0.7590416666666666,0.754,3894650496
bdsvm,dirichlet_0.3,1751,8,0,1.0,0.4859583333333333,0.4825,3893414256
bdsvm,dirichlet_0.3,1751,9,1045,0.5901358694318997,0.75825,0.7523333333333333,3894403248
bdsvm,dirichlet_0.3,1776,0,63,0.5709132074204002,0.7657916666666666,0.7581666666666667,3948797808
bdsvm,dirichlet_0.3,1776,1,229,0.5707648761085293,0.7655833333333333,0.7581666666666667,3951517536
bdsvm,dirichlet_0.3,1776,2,3623,0.5709342489818938,0.7655833333333333,0.7576666666666667,3951023040
bdsvm,dirichlet_0.3,1776,3,2851,0.5709193829972239,0.7655416666666667,0.7578333333333334,3949786800
bdsvm,dirichlet_0.3,1776,4,2684,0.5709766066223552,0.7654583333333334,0.7581666666666667,3950034048
bdsvm,dirichlet_0.3,1776,5,7691,0.5709998552488555,0.7656666666666667,0.758,3950281296
bdsvm,dirichlet_0.3,1776,6,3655,0.5710214115767389,0.7655416666666667,0.7581666666666667,3948550560
bdsvm,dirichlet_0.3,1776,7,2159,0.5709511627732295,0.765625,0.758,3950281296
bdsvm,dirichlet_0.3,1776,8,0,1.0,0.4859583333333333,0.4825,3949045056
bdsvm,dirichlet_0.3,1776,9,1045,0.5707877605374034,0.765625,0.7581666666666667,3950034048
bdsvm,dirichlet_0.3,1801,0,63,0.5963740616179288,0.75325,0.7493333333333333,4004428608
bdsvm,dirichlet_0.3,1801,1,229,0.5947576278690078,0.7574583333333333,0.7526666666666667,4007148336
bdsvm,dirichlet_0.3,1801,2,3623,0.6008360568529025,0.752375,0.7483333333333333,4006653840
bdsvm,dirichlet_0.3,1801,3,2851,0.594312529800162,0.7570833333333333,0.7531666666666667,4005417600
bdsvm,dirichlet_0.3,1801,4,2684,0.5955996400168142,0.7557083333333333,0.7498333333333334,4005664848
bdsvm,dirichlet_0.3,1801,5,7691,0.5944375652180375,0.7566666666666667,0.7531666666666667,4005912096
bdsvm,dirichlet_0.3,1801,6,3655,0.5942884589129745,0.7569583333333333,0.7538333333333334,4004181360
bdsvm,dirichlet_0.3,1801,7,2159,0.5944391111836874,0.7567916666666666,0.7536666666666667,4005912096
bdsvm,dirichlet_0.3,1801,8,0,1.0,0.4859583333333333,0.4825,4004675856
bdsvm,dirichlet_0.3,1801,9,1045,0.6026363068113831,0.7479583333333333,0.7451666666666666,4005664848
bdsvm,dirichlet_0.3,1826,0,63,0.5943320089837959,0.7535833333333334,0.7503333333333333,4060059408
bdsvm,dirichlet_0.3,1826,1,229,0.5942365966028739,0.753875,0.7505,4062779136
bdsvm,dirichlet_0.3,1826,2,3623,0.5942018214284688,0.7539583333333333,0.7506666666666667,4062284640
bdsvm,dirichlet_0.3,1826,3,2851,0.5940467859467381,0.7543333333333333,0.7508333333333334,4061048400
bdsvm,dirichlet_0.3,1826,4,2684,0.5958847405811991,0.751625,0.749,4061295648
bdsvm,dirichlet_0.3,1826,5,7691,0.5930847401388334,0.7552916666666667,0.7513333333333333,4061542896
bdsvm,dirichlet_0.3,1826,6,3655,0.5931493377234524,0.755375,0.7513333333333333,4059812160
bdsvm,dirichlet_0.3,1826,7,2159,0.5936544912090613,0.7546666666666667,0.751,4061542896
bdsvm,dirichlet_0.3,1826,8,0,1.0,0.4859583333333333,0.4825,4060306656
bdsvm,dirichlet_0.3,1826,9,1045,0.5941900086506056,0.7541666666666667,0.7506666666666667,4061295648
bdsvm,dirichlet_0.3,1851,0,63,0.5750698911390147,0.7645416666666667,0.7576666666666667,4115690208
bdsvm,dirichlet_0.3,1851,1,229,0.5750314242421676,0.7648333333333334,0.7578333333333334,4118409936
bdsvm,dirichlet_0.3,1851,2,3623,0.5749780634963951,0.7647083333333333,0.7576666666666667,4117915440
bdsvm,dirichlet_0.3,1851,3,2851,0.5750417413589427,0.7647916666666666,0.7576666666666667,4116679200
bdsvm,dirichlet_0.3,1851,4,2684,0.5749223682037238,0.7650416666666666,0.7575,4116926448
bdsvm,dirichlet_0.3,1851,5,7691,0.5750846502546357,0.7649166666666667,0.7571666666666667,4117173696
bdsvm,dirichlet_0.3,1851,6,3655,0.5749509898815145,0.7650416666666666,0.7578333333333334,4115442960
bdsvm,dirichlet_0.3,1851,7,2159,0.5749774273907419,0.7649166666666667,0.758,4117173696
bdsvm,dirichlet_0.3,1851,8,0,1.0,0.4859583333333333,0.4825,4115937456
bdsvm,dirichlet_0.3,1851,9,1045,0.5750182222517193,0.764875,0.7571666666666667,4116926448
bdsvm,dirichlet_0.3,1876,0,63,0.5790962424060938,0.763875,0.7575,4171321008
bdsvm,dirichlet_0.3,1876,1,229,0.5791669734004695,0.764125,0.7573333333333333,4174040736
bdsvm,dirichlet_0.3,1876,2,3623,0.5791919577755225,0.7640416666666666,0.7573333333333333,4173546240
bdsvm,dirichlet_0.3,1876,3,2851,0.5793244099602272,0.7639166666666667,0.7576666666666667,4172310000
bdsvm,dirichlet_0.3,1876,4,2684,0.5793225921352229,0.7639166666666667,0.7576666666666667,4172557248
bdsvm,dirichlet_0.3,1876,5,7691,0.5792855883001171,0.7640416666666666,0.7578333333333334,4172804496
bdsvm,dirichlet_0.3,1876,6,3655,0.5791988780331602,0.7640833333333333,0.7573333333333333,4171073760
bdsvm,dirichlet_0.3,1876,7,2159,0.5791257383530073,0.7640416666666666,0.7573333333333333,4172804496
bdsvm,dirichlet_0.3,1876,8,0,1.0,0.4859583333333333,0.4825,4171568256
bdsvm,dirichlet_0.3,1876,9,1045,0.5791996332146526,0.764125,0.7573333333333333,4172557248
bdsvm,dirichlet_0.3,1901,0,63,0.5774590799905829,0.7640416666666666,0.7595,4226951808
bdsvm,dirichlet_0.3,1901,1,229,0.5773515788042275,0.7644583333333334,0.7588333333333334,4229671536
bdsvm,dirichlet_0.3,1901,2,3623,0.5771483770934538,0.7642083333333334,0.7586666666666667,4229177040
bdsvm,dirichlet_0.3,1901,3,2851,0.577327569525836,0.76425,0.759,4227940800
bdsvm,dirichlet_0.3,1901,4,2684,0.5771078773615124,0.7641666666666667,0.7591666666666667,4228188048
bdsvm,dirichlet_0.3,1901,5,7691,0.5772590863054502,0.76425,0.7588333333333334,4228435296
bdsvm,dirichlet_0.3,1901,6,3655,0.5773046202805688,0.764375,0.7588333333333334,4226704560
bdsvm,dirichlet_0.3,1901,7,2159,0.5772099133459573,0.76425,0.7588333333333334,4228435296
bdsvm,dirichlet_0.3,1901,8,0,1.0,0.4859583333333333,0.4825,4227199056
bdsvm,dirichlet_0.3,1901,9,1045,0.577425957291213,0.7642083333333334,0.759,4228188048
bdsvm,dirichlet_0.3,1926,0,63,0.5803340323856275,0.7638333333333334,0.7575,4282582608
bdsvm,dirichlet_0.3,1926,1,229,0.5798302860767239,0.7641666666666667,0.7573333333333333,4285302336
bdsvm,dirichlet_0.3,1926,2,3623,0.5797312517162079,0.7642916666666667,0.7573333333333333,4284807840
bdsvm,dirichlet_0.3,1926,3,2851,0.5795910963952895,0.7643333333333333,0.7571666666666667,4283571600
bdsvm,dirichlet_0.3,1926,4,2684,0.5797162394049201,0.76425,0.7571666666666667,4283818848
bdsvm,dirichlet_0.3,1926,5,7691,0.5796760336004393,0.7640833333333333,0.757,4284066096
bdsvm,dirichlet_0.3,1926,6,3655,0.5791942093957925,0.7640833333333333,0.757,4282335360
bdsvm,dirichlet_0.3,1926,7,2159,0.5796037284552253,0.7641666666666667,0.7575,4284066096
bdsvm,dirichlet_0.3,1926,8,0,1.0,0.4859583333333333,0.4825,4282829856
bdsvm,dirichlet_0.3,1926,9,1045,0.5800725785066111,0.764375,0.7571666666666667,4283818848
bdsvm,dirichlet_0.3,1951,0,63,0.5813141145857502,0.7631666666666667,0.758,4338213408
bdsvm,dirichlet_0.3,1951,1,229,0.5813459258454253,0.7632916666666667,0.7578333333333334,4340933136
bdsvm,dirichlet_0.3,1951,2,3623,0.5813920210212927,0.7632083333333334,0.7576666666666667,4340438640
bdsvm,dirichlet_0.3,1951,3,2851,0.5814430747688338,0.7631666666666667,0.7575,4339202400
bdsvm,dirichlet_0.3,1951,4,2684,0.5813388946519715,0.76325,0.7578333333333334,4339449648
bdsvm,dirichlet_0.3,1951,5,7691,0.5813709656496733,0.76325,0.7578333333333334,4339696896
bdsvm,dirichlet_0.3,1951,6,3655,0.5813211547740569,0.76325,0.7578333333333334,4337966160
bdsvm,dirichlet_0.3,1951,7,2159,0.581254213139986,0.7633333333333333,0.7578333333333334,4339696896
bdsvm,dirichlet_0.3,1951,8,0,1.0,0.4859583333333333,0.4825,4338460656
bdsvm,dirichlet_0.3,1951,9,1045,0.5814722651896731,0.763125,0.7573333333333333,4339449648
bdsvm,dirichlet_0.3,1976,0,63,0.5863436021113921,0.7615,0.7561666666666667,4393844208
bdsvm,dirichlet_0.3,1976,1,229,0.58636881910204,0.7615833333333333,0.7563333333333333,4396563936
bdsvm,dirichlet_0.3,1976,2,3623,0.5843735752882715,0.7620416666666666,0.7571666666666667,4396069440
bdsvm,dirichlet_0.3,1976,3,2851,0.58449077715034,0.762,0.7573333333333333,4394833200
bdsvm,dirichlet_0.3,1976,4,2684,0.584387814271212,0.76225,0.7575,4395080448
bdsvm,dirichlet_0.3,1976,5,7691,0.584887487865563,0.7617916666666666,0.7571666666666667,4395327696
bdsvm,dirichlet_0.3,1976,6,3655,0.5847101406563665,0.7614166666666666,0.757,4393596960
bdsvm,dirichlet_0.3,1976,7,2159,0.5857309019830794,0.7620416666666666,0.7568333333333334,4395327696
bdsvm,dirichlet_0.3,1976,8,0,1.0,0.4859583333333333,0.4825,4394091456
bdsvm,dirichlet_0.3,1976,9,1045,0.5859277026983538,0.76225,0.7575,4395080448
bdsvm,dirichlet_0.3,2001,0,63,0.5774724900673134,0.7647083333333333,0.7571666666666667,4449475008
bdsvm,dirichlet_0.3,2001,1,229,0.5775658083188369,0.7647916666666666,0.7575,4452194736
bdsvm,dirichlet_0.3,2001,2,3623,0.5774963665821706,0.7647916666666666,0.7575,4451700240
bdsvm,dirichlet_0.3,2001,3,2851,0.5775602834582331,0.7647916666666666,0.7575,4450464000
bdsvm,dirichlet_0.3,2001,4,2684,0.5774506314607072,0.7647083333333333,0.7576666666666667,4450711248
bdsvm,dirichlet_0.3,2001,5,7691,0.5775345081517118,0.7647916666666666,0.7576666666666667,4450958496
bdsvm,dirichlet_0.3,2001,6,3655,0.5775599140352773,0.7647916666666666,0.7575,4449227760
bdsvm,dirichlet_0.3,2001,7,2159,0.5775175941181767,0.7647916666666666,0.7575,4450958496
bdsvm,dirichlet_0.3,2001,8,0,1.0,0.4859583333333333,0.4825,4449722256
bdsvm,dirichlet_0.3,2001,9,1045,0.5775055576941653,0.76475,0.7575,4450711248
bdsvm,dirichlet_0.3,2026,0,63,0.575574939428819,0.7649166666666667,0.7583333333333333,4505105808
bdsvm,dirichlet_0.3,2026,1,229,0.5755047854956421,0.76475,0.7568333333333334,4507825536
bdsvm,dirichlet_0.3,2026,2,3623,0.5754485037308387,0.7648333333333334,0.7571666666666667,4507331040
bdsvm,dirichlet_0.3,2026,3,2851,0.5756446569810277,0.7650416666666666,0.757,4506094800
bdsvm,dirichlet_0.3,2026,4,2684,0.5754534638063854,0.7649583333333333,0.7568333333333334,4506342048
bdsvm,dirichlet_0.3,2026,5,7691,0.5755571752417158,0.7648333333333334,0.757,4506589296
bdsvm,dirichlet_0.3,2026,6,3655,0.5754192968239389,0.7647083333333333,0.7571666666666667,4504858560
bdsvm,dirichlet_0.3,2026,7,2159,0.5753824387500701,0.7648333333333334,0.7571666666666667,4506589296
bdsvm,dirichlet_0.3,2026,8,0,1.0,0.4859583333333333,0.4825,4505353056
bdsvm,dirichlet_0.3,2026,9,1045,0.5755066763511733,0.7649583333333333,0.757,4506342048
bdsvm,dirichlet_0.3,2051,0,63,0.5737477324571358,0.7659583333333333,0.759,4560736608
bdsvm,dirichlet_0.3,2051,1,229,0.5734527786208146,0.7655416666666667,0.759,4563456336
bdsvm,dirichlet_0.3,2051,2,3623,0.5732815274304933,0.7653333333333333,0.7586666666666667,4562961840
bdsvm,dirichlet_0.3,2051,3,2851,0.5732338462797717,0.7652083333333334,0.7586666666666667,4561725600
bdsvm,dirichlet_0.3,2051,4,2684,0.5735929181874202,0.7654583333333334,0.7591666666666667,4561972848
bdsvm,dirichlet_0.3,2051,5,7691,0.5738485318588626,0.7654166666666666,0.759,4562220096
bdsvm,dirichlet_0.3,2051,6,3655,0.573602527964325,0.7655416666666667,0.7591666666666667,4560489360
bdsvm,dirichlet_0.3,2051,7,2159,0.5733096762543476,0.7654583333333334,0.7585,4562220096
bdsvm,dirichlet_0.3,2051,8,0,1.0,0.4859583333333333,0.4825,4560983856
bdsvm,dirichlet_0.3,2051,9,1045,0.5735209486861149,0.7655416666666667,0.759,4561972848
bdsvm,dirichlet_0.3,2076,0,63,0.5768872397680976,0.764875,0.7576666666666667,4616367408
bdsvm,dirichlet_0.3,2076,1,229,0.5769022215338917,0.7655,0.7586666666666667,4619087136
bdsvm,dirichlet_0.3,2076,2,3623,0.5767132117551597,0.7657083333333333,0.7586666666666667,4618592640
bdsvm,dirichlet_0.3,2076,3,2851,0.57674566479427,0.7654583333333334,0.7585,4617356400
bdsvm,dirichlet_0.3,2076,4,2684,0.5768013163747848,0.7655,0.7585,4617603648
bdsvm,dirichlet_0.3,2076,5,7691,0.5766853094121085,0.7654583333333334,0.7586666666666667,4617850896
bdsvm,dirichlet_0.3,2076,6,3655,0.5769695353682741,0.7655416666666667,0.759,4616120160
bdsvm,dirichlet_0.3,2076,7,2159,0.5768274245716808,0.7656666666666667,0.7585,4617850896
bdsvm,dirichlet_0.3,2076,8,0,1.0,0.4859583333333333,0.4825,4616614656
bdsvm,dirichlet_0.3,2076,9,1045,0.5768874895198723,0.7655,0.7585,4617603648
bdsvm,dirichlet_0.3,2101,0,63,0.577081796649769,0.7650833333333333,0.7581666666666667,4671998208
bdsvm,dirichlet_0.3,2101,1,229,0.5769975930908565,0.7654166666666666,0.7586666666666667,4674717936
bdsvm,dirichlet_0.3,2101,2,3623,0.5772916274472333,0.7653333333333333,0.7585,4674223440
bdsvm,dirichlet_0.3,2101,3,2851,0.5773570766834568,0.76525,0.7585,4672987200
bdsvm,dirichlet_0.3,2101,4,2684,0.5771140172295086,0.7653333333333333,0.7581666666666667,4673234448
bdsvm,dirichlet_0.3,2101,5,7691,0.577105326876114,0.765375,0.7586666666666667,4673481696
bdsvm,dirichlet_0.3,2101,6,3655,0.5769895406793466,0.765375,0.7591666666666667,4671750960
bdsvm,dirichlet_0.3,2101,7,2159,0.5769710716348955,0.7654583333333334,0.7591666666666667,4673481696
bdsvm,dirichlet_0.3,2101,8,0,1.0,0.4859583333333333,0.4825,4672245456
bdsvm,dirichlet_0.3,2101,9,1045,0.5770519111778762,0.7654166666666666,0.7585,4673234448
bdsvm,dirichlet_0.3,2126,0,63,0.5794323224251428,0.7645416666666667,0.7576666666666667,4727629008
bdsvm,dirichlet_0.3,2126,1,229,0.5794597399862911,0.7647083333333333,0.7581666666666667,4730348736
bdsvm,dirichlet_0.3,2126,2,3623,0.5797275306982973,0.7647083333333333,0.758,4729854240
bdsvm,dirichlet_0.3,2126,3,2851,0.5794067896471845,0.7646666666666667,0.7581666666666667,4728618000
bdsvm,dirichlet_0.3,2126,4,2684,0.5794047189911007,0.7647083333333333,0.758,4728865248
bdsvm,dirichlet_0.3,2126,5,7691,0.579848569105886,0.7646666666666667,0.7575,4729112496
bdsvm,dirichlet_0.3,2126,6,3655,0.5796336131431031,0.7647083333333333,0.7581666666666667,4727381760
bdsvm,dirichlet_0.3,2126,7,2159,0.5791092597733152,0.7643333333333333,0.7581666666666667,4729112496
bdsvm,dirichlet_0.3,2126,8,0,1.0,0.4859583333333333,0.4825,4727876256
bdsvm,dirichlet_0.3,2126,9,1045,0.5794356631239962,0.7647916666666666,0.7581666666666667,4728865248
bdsvm,dirichlet_0.3,2151,0,63,0.5812727453892633,0.7638333333333334,0.7571666666666667,4783259808
bdsvm,dirichlet_0.3,2151,1,229,0.5819049870805417,0.7634583333333333,0.7565,4785979536
bdsvm,dirichlet_0.3,2151,2,3623,0.5817603106759347,0.7635,0.7568333333333334,4785485040
bdsvm,dirichlet_0.3,2151,3,2851,0.5816736268129252,0.76375,0.7565,4784248800
bdsvm,dirichlet_0.3,2151,4,2684,0.5816186590001123,0.7637916666666666,0.7571666666666667,4784496048
bdsvm,dirichlet_0.3,2151,5,7691,0.5807017919285772,0.7642916666666667,0.7575,4784743296
bdsvm,dirichlet_0.3,2151,6,3655,0.5818173446084355,0.7637083333333333,0.7565,4783012560
bdsvm,dirichlet_0.3,2151,7,2159,0.5813586591132057,0.7637916666666666,0.7568333333333334,4784743296
bdsvm,dirichlet_0.3,2151,8,0,1.0,0.4859583333333333,0.4825,4783507056
bdsvm,dirichlet_0.3,2151,9,1045,0.5811327538623431,0.7637083333333333,0.7571666666666667,4784496048
bdsvm,dirichlet_0.3,2176,0,63,0.5893178679729251,0.7594166666666666,0.7548333333333334,4838890608
bdsvm,dirichlet_0.3,2176,1,229,0.5891657261310015,0.7592083333333334,0.755,4841610336
bdsvm,dirichlet_0.3,2176,2,3623,0.5892517095959163,0.7591666666666667,0.7548333333333334,4841115840
bdsvm,dirichlet_0.3,2176,3,2851,0.58930634451047,0.7590416666666666,0.7546666666666667,4839879600
bdsvm,dirichlet_0.3,2176,4,2684,0.5892381745204657,0.7592916666666667,0.7548333333333334,4840126848
bdsvm,dirichlet_0.3,2176,5,7691,0.5893502134862245,0.759125,0.7548333333333334,4840374096
bdsvm,dirichlet_0.3,2176,6,3655,0.5893816884014114,0.7592916666666667,0.7546666666666667,4838643360
bdsvm,dirichlet_0.3,2176,7,2159,0.5892253599863024,0.7592083333333334,0.7548333333333334,4840374096
bdsvm,dirichlet_0.3,2176,8,0,1.0,0.4859583333333333,0.4825,4839137856
bdsvm,dirichlet_0.3,2176,9,1045,0.5894779436941935,0.75925,0.7548333333333334,4840126848
bdsvm,dirichlet_0.3,2201,0,63,0.5709159296698377,0.76575,0.7593333333333333,4894521408
bdsvm,dirichlet_0.3,2201,1,229,0.5705914969301366,0.7655,0.7595,4897241136
bdsvm,dirichlet_0.3,2201,2,3623,0.5723840059672117,0.7652083333333334,0.7596666666666667,4896746640
bdsvm,dirichlet_0.3,2201,3,2851,0.5723688470887963,0.7650416666666666,0.7593333333333333,4895510400
bdsvm,dirichlet_0.3,2201,4,2684,0.5708914104587787,0.7654583333333334,0.7595,4895757648
bdsvm,dirichlet_0.3,2201,5,7691,0.5704765356936485,0.7656666666666667,0.759,4896004896
bdsvm,dirichlet_0.3,2201,6,3655,0.5705370644920453,0.7656666666666667,0.7591666666666667,4894274160
bdsvm,dirichlet_0.3,2201,7,2159,0.5709637596506972,0.7655,0.7593333333333333,4896004896
bdsvm,dirichlet_0.3,2201,8,0,1.0,0.4859583333333333,0.4825,4894768656
bdsvm,dirichlet_0.3,2201,9,1045,0.5709460690308351,0.7654583333333334,0.76,4895757648
bdsvm,dirichlet_0.3,2226,0,63,0.5777844876181476,0.764375,0.7578333333333334,4950152208
bdsvm,dirichlet_0.3,2226,1,229,0.5775726072730429,0.7642916666666667,0.7583333333333333,4952871936
bdsvm,dirichlet_0.3,2226,2,3623,0.5775360695317808,0.7645416666666667,0.7588333333333334,4952377440
bdsvm,dirichlet_0.3,2226,3,2851,0.5772317710161229,0.764625,0.7585,4951141200
bdsvm,dirichlet_0.3,2226,4,2684,0.5785962072366394,0.7643333333333333,0.7578333333333334,4951388448
bdsvm,dirichlet_0.3,2226,5,7691,0.5778175990074274,0.7645,0.7581666666666667,4951635696
bdsvm,dirichlet_0.3,2226,6,3655,0.5785287150787825,0.7642083333333334,0.7575,4949904960
bdsvm,dirichlet_0.3,2226,7,2159,0.5790541906398681,0.7642083333333334,0.7583333333333333,4951635696
bdsvm,dirichlet_0.3,2226,8,0,1.0,0.4859583333333333,0.4825,4950399456
bdsvm,dirichlet_0.3,2226,9,1045,0.577804198467761,0.7645416666666667,0.7583333333333333,4951388448
bdsvm,dirichlet_0.3,2251,0,63,0.5788771058323906,0.7647916666666666,0.7578333333333334,5005783008
bdsvm,dirichlet_0.3,2251,1,229,0.5788406975949609,0.7647916666666666,0.758,5008502736
bdsvm,dirichlet_0.3,2251,2,3623,0.5785019921205903,0.765,0.7583333333333333,5008008240
bdsvm,dirichlet_0.3,2251,3,2851,0.5784659872492266,0.7650416666666666,0.7585,5006772000
bdsvm,dirichlet_0.3,2251,4,2684,0.5784463869554917,0.764875,0.7583333333333333,5007019248
bdsvm,dirichlet_0.3,2251,5,7691,0.5788428934427118,0.764875,0.7578333333333334,5007266496
bdsvm,dirichlet_0.3,2251,6,3655,0.5783361225033351,0.7650833333333333,0.7581666666666667,5005535760
bdsvm,dirichlet_0.3,2251,7,2159,0.5784925524486114,0.7649166666666667,0.7583333333333333,5007266496
bdsvm,dirichlet_0.3,2251,8,0,1.0,0.4859583333333333,0.4825,5006030256
bdsvm,dirichlet_0.3,2251,9,1045,0.578570971070032,0.7650416666666666,0.7581666666666667,5007019248
bdsvm,dirichlet_0.3,2276,0,63,0.571132470109853,0.76575,0.7598333333333334,5061413808
bdsvm,dirichlet_0.3,2276,1,229,0.5709824072792672,0.7657083333333333,0.7591666666666667,5064133536
bdsvm,dirichlet_0.3,2276,2,3623,0.5709400144286088,0.7656666666666667,0.7591666666666667,5063639040
bdsvm,dirichlet_0.3,2276,3,2851,0.5710716061362925,0.7655833333333333,0.7595,5062402800
bdsvm,dirichlet_0.3,2276,4,2684,0.5710162802143128,0.765875,0.7593333333333333,5062650048
bdsvm,dirichlet_0.3,2276,5,7691,0.5710701449891729,0.7655,0.7593333333333333,5062897296
bdsvm,dirichlet_0.3,2276,6,3655,0.5712553005401729,0.7657916666666666,0.7591666666666667,5061166560
bdsvm,dirichlet_0.3,2276,7,2159,0.5712312923701405,0.76575,0.7593333333333333,5062897296
bdsvm,dirichlet_0.3,2276,8,0,1.0,0.4859583333333333,0.4825,5061661056
bdsvm,dirichlet_0.3,2276,9,1045,0.571135024661534,0.7657916666666666,0.7598333333333334,5062650048
bdsvm,dirichlet_0.3,2301,0,63,0.5809477980347902,0.763875,0.757,5117044608
bdsvm,dirichlet_0.3,2301,1,229,0.5809215196247225,0.7639166666666667,0.7578333333333334,5119764336
bdsvm,dirichlet_0.3,2301,2,3623,0.5809037417111422,0.7639583333333333,0.7578333333333334,5119269840
bdsvm,dirichlet_0.3,2301,3,2851,0.5807905872341846,0.764,0.7575,5118033600
bdsvm,dirichlet_0.3,2301,4,2684,0.5809154432276717,0.7639583333333333,0.7575,5118280848
bdsvm,dirichlet_0.3,2301,5,7691,0.5807664210409454,0.764,0.7578333333333334,5118528096
bdsvm,dirichlet_0.3,2301,6,3655,0.5808064155323412,0.764125,0.7576666666666667,5116797360
bdsvm,dirichlet_0.3,2301,7,2159,0.5808531695380414,0.7639583333333333,0.7575,5118528096
bdsvm,dirichlet_0.3,2301,8,0,1.0,0.4859583333333333,0.4825,5117291856
bdsvm,dirichlet_0.3,2301,9,1045,0.5808069941650186,0.7639583333333333,0.7576666666666667,5118280848
bdsvm,dirichlet_0.3,2326,0,63,0.5764382518225434,0.765,0.7581666666666667,5172675408
bdsvm,dirichlet_0.3,2326,1,229,0.5763188737285662,0.7655,0.758,5175395136
bdsvm,dirichlet_0.3,2326,2,3623,0.5763182570995046,0.7655,0.758,5174900640
bdsvm,dirichlet_0.3,2326,3,2851,0.5764174329401179,0.7654166666666666,0.758,5173664400
bdsvm,dirichlet_0.3,2326,4,2684,0.5765068451880428,0.7653333333333333,0.758,5173911648
bdsvm,dirichlet_0.3,2326,5,7691,0.5764103189033597,0.7654583333333334,0.7581666666666667,5174158896
bdsvm,dirichlet_0.3,2326,6,3655,0.5763663149862743,0.7655,0.7581666666666667,5172428160
bdsvm,dirichlet_0.3,2326,7,2159,0.5764292883292471,0.7653333333333333,0.758,5174158896
bdsvm,dirichlet_0.3,2326,8,0,1.0,0.4859583333333333,0.4825,5172922656
bdsvm,dirichlet_0.3,2326,9,1045,0.5764767416002915,0.765375,0.7578333333333334,5173911648
bdsvm,dirichlet_0.3,2351,0,63,0.5779979765229034,0.764125,0.7586666666666667,5228306208
bdsvm,dirichlet_0.3,2351,1,229,0.5785385829272001,0.764,0.7586666666666667,5231025936
bdsvm,dirichlet_0.3,2351,2,3623,0.5779167655916716,0.76425,0.7591666666666667,5230531440
bdsvm,dirichlet_0.3,2351,3,2851,0.5776700190731509,0.7644583333333334,0.7588333333333334,5229295200
bdsvm,dirichlet_0.3,2351,4,2684,0.5779247191614884,0.7641666666666667,0.759,5229542448
bdsvm,dirichlet_0.3,2351,5,7691,0.5780597590650403,0.7643333333333333,0.7593333333333333,5229789696
bdsvm,dirichlet_0.3,2351,6,3655,0.578751313618339,0.7637916666666666,0.7588333333333334,5228058960
bdsvm,dirichlet_0.3,2351,7,2159,0.5779889521549572,0.7642916666666667,0.7591666666666667,5229789696
bdsvm,dirichlet_0.3,2351,8,0,1.0,0.4859583333333333,0.4825,5228553456
bdsvm,dirichlet_0.3,2351,9,1045,0.578549074321194,0.7642916666666667,0.7591666666666667,5229542448
bdsvm,dirichlet_0.3,2376,0,63,0.5777437750791655,0.7644583333333334,0.758,5283937008
bdsvm,dirichlet_0.3,2376,1,229,0.5777441000434043,0.76475,0.7581666666666667,5286656736
bdsvm,dirichlet_0.3,2376,2,3623,0.5777356847105328,0.76475,0.7581666666666667,5286162240
bdsvm,dirichlet_0.3,2376,3,2851,0.577738553445385,0.76475,0.7581666666666667,5284926000
bdsvm,dirichlet_0.3,2376,4,2684,0.5777354511760674,0.7647083333333333,0.7581666666666667,5285173248
bdsvm,dirichlet_0.3,2376,5,7691,0.5777307613899738,0.7647916666666666,0.7581666666666667,5285420496
bdsvm,dirichlet_0.3,2376,6,3655,0.5777050802518094,0.7647916666666666,0.7578333333333334,5283689760
bdsvm,dirichlet_0.3,2376,7,2159,0.5777427539061598,0.7647083333333333,0.7581666666666667,5285420496
bdsvm,dirichlet_0.3,2376,8,0,1.0,0.4859583333333333,0.4825,5284184256
bdsvm,dirichlet_0.3,2376,9,1045,0.5777221875505676,0.76475,0.7581666666666667,5285173248
bdsvm,dirichlet_0.3,2401,0,63,0.5834579908542064,0.7619166666666667,0.757,5339567808
bdsvm,dirichlet_0.3,2401,1,229,0.5889171644203278,0.7611666666666667,0.7541666666666667,5342287536
bdsvm,dirichlet_0.3,2401,2,3623,0.5888244059760943,0.7606666666666667,0.7543333333333333,5341793040
bdsvm,dirichlet_0.3,2401,3,2851,0.5893263818934887,0.7606666666666667,0.755,5340556800
bdsvm,dirichlet_0.3,2401,4,2684,0.5825771925593239,0.7621666666666667,0.7568333333333334,5340804048
bdsvm,dirichlet_0.3,2401,5,7691,0.587381181511441,0.761875,0.7553333333333333,5341051296
bdsvm,dirichlet_0.3,2401,6,3655,0.5879504499961269,0.7617916666666666,0.7551666666666667,5339320560
bdsvm,dirichlet_0.3,2401,7,2159,0.582745805584928,0.7622916666666667,0.7578333333333334,5341051296
bdsvm,dirichlet_0.3,2401,8,0,1.0,0.4859583333333333,0.4825,5339815056
bdsvm,dirichlet_0.3,2401,9,1045,0.5850245119026061,0.7615,0.7568333333333334,5340804048
bdsvm,dirichlet_0.3,2426,0,63,0.5732913055399408,0.765,0.7581666666666667,5395198608
bdsvm,dirichlet_0.3,2426,1,229,0.5731218912744229,0.7652916666666667,0.7588333333333334,5397918336
bdsvm,dirichlet_0.3,2426,2,3623,0.5735031065848635,0.7652083333333334,0.7583333333333333,5397423840
bdsvm,dirichlet_0.3,2426,3,2851,0.5736731646087455,0.764875,0.7581666666666667,5396187600
bdsvm,dirichlet_0.3,2426,4,2684,0.5737516208312521,0.7650416666666666,0.7583333333333333,5396434848
bdsvm,dirichlet_0.3,2426,5,7691,0.5734870709710994,0.7650833333333333,0.7581666666666667,5396682096
bdsvm,dirichlet_0.3,2426,6,3655,0.5737169397096575,0.7649583333333333,0.758,5394951360
bdsvm,dirichlet_0.3,2426,7,2159,0.5736748475432464,0.764875,0.758,5396682096
bdsvm,dirichlet_0.3,2426,8,0,1.0,0.4859583333333333,0.4825,5395445856
bdsvm,dirichlet_0.3,2426,9,1045,0.5735276430799137,0.7648333333333334,0.7585,5396434848
bdsvm,dirichlet_0.3,2451,0,63,0.5805399127916578,0.763875,0.7578333333333334,5450829408
bdsvm,dirichlet_0.3,2451,1,229,0.580559234160845,0.764125,0.7581666666666667,5453549136
bdsvm,dirichlet_0.3,2451,2,3623,0.5805355781558601,0.7641666666666667,0.7581666666666667,5453054640
bdsvm,dirichlet_0.3,2451,3,2851,0.5805538741432577,0.7640833333333333,0.7581666666666667,5451818400
bdsvm,dirichlet_0.3,2451,4,2684,0.5804768920838088,0.764125,0.7583333333333333,5452065648
bdsvm,dirichlet_0.3,2451,5,7691,0.5804166128515666,0.76425,0.7583333333333333,5452312896
bdsvm,dirichlet_0.3,2451,6,3655,0.580483466466761,0.7641666666666667,0.7581666666666667,5450582160
bdsvm,dirichlet_0.3,2451,7,2159,0.5805361501725638,0.7642083333333334,0.7581666666666667,5452312896
bdsvm,dirichlet_0.3,2451,8,0,1.0,0.4859583333333333,0.4825,5451076656
bdsvm,dirichlet_0.3,2451,9,1045,0.5805668030395162,0.7642083333333334,0.7581666666666667,5452065648
bdsvm,dirichlet_0.3,2476,0,63,0.5835625389623571,0.7615833333333333,0.7563333333333333,5506460208
bdsvm,dirichlet_0.3,2476,1,229,0.5822334862481225,0.7623333333333333,0.7575,5509179936
bdsvm,dirichlet_0.3,2476,2,3623,0.5838584815736148,0.7618333333333334,0.7561666666666667,5508685440
bdsvm,dirichlet_0.3,2476,3,2851,0.584061334769325,0.7618333333333334,0.7558333333333334,5507449200
bdsvm,dirichlet_0.3,2476,4,2684,0.5828036601402121,0.762125,0.7571666666666667,5507696448
bdsvm,dirichlet_0.3,2476,5,7691,0.5832752634990499,0.7621666666666667,0.7563333333333333,5507943696
bdsvm,dirichlet_0.3,2476,6,3655,0.5835773547216189,0.7623333333333333,0.757,5506212960
bdsvm,dirichlet_0.3,2476,7,2159,0.5823021736444279,0.7621666666666667,0.7575,5507943696
bdsvm,dirichlet_0.3,2476,8,0,1.0,0.4859583333333333,0.4825,5506707456
bdsvm,dirichlet_0.3,2476,9,1045,0.5836870861158922,0.7620833333333333,0.756,5507696448
bdsvm,dirichlet_0.3,2501,0,63,0.5771506449014286,0.764375,0.7578333333333334,5562091008
bdsvm,dirichlet_0.3,2501,1,229,0.5771987945863458,0.7645,0.7573333333333333,5564810736
bdsvm,dirichlet_0.3,2501,2,3623,0.5771508651631014,0.764625,0.7573333333333333,5564316240
bdsvm,dirichlet_0.3,2501,3,2851,0.5769289187150902,0.7645416666666667,0.7578333333333334,5563080000
bdsvm,dirichlet_0.3,2501,4,2684,0.5769427493197848,0.7645833333333333,0.7578333333333334,5563327248
bdsvm,dirichlet_0.3,2501,5,7691,0.5770886916000653,0.7644166666666666,0.7578333333333334,5563574496
bdsvm,dirichlet_0.3,2501,6,3655,0.5771411833366065,0.7646666666666667,0.7575,5561843760
bdsvm,dirichlet_0.3,2501,7,2159,0.577122050653669,0.7644166666666666,0.7576666666666667,5563574496
bdsvm,dirichlet_0.3,2501,8,0,1.0,0.4859583333333333,0.4825,5562338256
bdsvm,dirichlet_0.3,2501,9,1045,0.5771223961060736,0.7644166666666666,0.7575,5563327248
bdsvm,dirichlet_0.3,2526,0,63,0.5751585878972578,0.7645833333333333,0.7585,5617721808
bdsvm,dirichlet_0.3,2526,1,229,0.5742875290834656,0.765,0.7591666666666667,5620441536
bdsvm,dirichlet_0.3,2526,2,3623,0.5742833179673043,0.7648333333333334,0.7593333333333333,5619947040
bdsvm,dirichlet_0.3,2526,3,2851,0.5746827836693513,0.7645,0.759,5618710800
bdsvm,dirichlet_0.3,2526,4,2684,0.5743922246219295,0.7647083333333333,0.7591666666666667,5618958048
bdsvm,dirichlet_0.3,2526,5,7691,0.5756008212421104,0.7643333333333333,0.7583333333333333,5619205296
bdsvm,dirichlet_0.3,2526,6,3655,0.57546156446172,0.7642916666666667,0.7586666666666667,5617474560
bdsvm,dirichlet_0.3,2526,7,2159,0.575352922969527,0.7644166666666666,0.7586666666666667,5619205296
bdsvm,dirichlet_0.3,2526,8,0,1.0,0.4859583333333333,0.4825,5617969056
bdsvm,dirichlet_0.3,2526,9,1045,0.5741722388376533,0.7648333333333334,0.7588333333333334,5618958048
bdsvm,dirichlet_0.3,2551,0,63,0.5738843540502194,0.7655,0.7595,5673352608
bdsvm,dirichlet_0.3,2551,1,229,0.5743534912022654,0.765,0.7583333333333333,5676072336
bdsvm,dirichlet_0.3,2551,2,3623,0.5743333864751619,0.765,0.7583333333333333,5675577840
bdsvm,dirichlet_0.3,2551,3,2851,0.5741863027914836,0.76525,0.7586666666666667,5674341600
bdsvm,dirichlet_0.3,2551,4,2684,0.5738754329671237,0.765375,0.7588333333333334,5674588848
bdsvm,dirichlet_0.3,2551,5,7691,0.5747729787492356,0.7649166666666667,0.7583333333333333,5674836096
bdsvm,dirichlet_0.3,2551,6,3655,0.5747599894597376,0.7649166666666667,0.7585,5673105360
bdsvm,dirichlet_0.3,2551,7,2159,0.574296209482142,0.7650416666666666,0.7583333333333333,5674836096
bdsvm,dirichlet_0.3,2551,8,0,1.0,0.4859583333333333,0.4825,5673599856
bdsvm,dirichlet_0.3,2551,9,1045,0.5743225272476384,0.7649166666666667,0.7583333333333333,5674588848
bdsvm,dirichlet_0.3,2576,0,63,0.577569698178757,0.76475,0.7571666666666667,5728983408
bdsvm,dirichlet_0.3,2576,1,229,0.577548442610306,0.7649583333333333,0.758,5731703136
bdsvm,dirichlet_0.3,2576,2,3623,0.5775548474497594,0.765125,0.758,5731208640
bdsvm,dirichlet_0.3,2576,3,2851,0.5775603312768401,0.7650416666666666,0.758,5729972400
bdsvm,dirichlet_0.3,2576,4,2684,0.5775324237287306,0.764875,0.758,5730219648
bdsvm,dirichlet_0.3,2576,5,7691,0.5775652050035259,0.765125,0.7581666666666667,5730466896
bdsvm,dirichlet_0.3,2576,6,3655,0.5775113364092608,0.76525,0.7581666666666667,5728736160
bdsvm,dirichlet_0.3,2576,7,2159,0.5774971017824285,0.765,0.758,5730466896
bdsvm,dirichlet_0.3,2576,8,0,1.0,0.4859583333333333,0.4825,5729230656
bdsvm,dirichlet_0.3,2576,9,1045,0.5775804163872498,0.764875,0.758,5730219648
bdsvm,dirichlet_0.3,2601,0,63,0.5782321618724088,0.7645,0.7578333333333334,5784614208
bdsvm,dirichlet_0.3,2601,1,229,0.5781949764266457,0.7647916666666666,0.758,5787333936
bdsvm,dirichlet_0.3,2601,2,3623,0.5782364855627836,0.7647916666666666,0.7578333333333334,5786839440
bdsvm,dirichlet_0.3,2601,3,2851,0.5783331873169062,0.7647083333333333,0.7581666666666667,5785603200
bdsvm,dirichlet_0.3,2601,4,2684,0.5784288910347868,0.7645416666666667,0.758,5785850448
bdsvm,dirichlet_0.3,2601,5,7691,0.5780935900713949,0.765,0.7581666666666667,5786097696
bdsvm,dirichlet_0.3,2601,6,3655,0.5782919161266195,0.76475,0.7578333333333334,5784366960
bdsvm,dirichlet_0.3,2601,7,2159,0.5782844224521928,0.76475,0.7581666666666667,5786097696
bdsvm,dirichlet_0.3,2601,8,0,1.0,0.4859583333333333,0.4825,5784861456
bdsvm,dirichlet_0.3,2601,9,1045,0.5782012365089699,0.76475,0.758,5785850448
bdsvm,dirichlet_0.3,2626,0,63,0.5740500484062985,0.7645833333333333,0.7588333333333334,5840245008
bdsvm,dirichlet_0.3,2626,1,229,0.5740305704588812,0.7648333333333334,0.7583333333333333,5842964736
bdsvm,dirichlet_0.3,2626,2,3623,0.5738905400878991,0.76475,0.7586666666666667,5842470240
bdsvm,dirichlet_0.3,2626,3,2851,0.5738392814901803,0.7648333333333334,0.7585,5841234000
bdsvm,dirichlet_0.3,2626,4,2684,0.5740199461945199,0.76475,0.7585,5841481248
bdsvm,dirichlet_0.3,2626,5,7691,0.5740730960562805,0.7648333333333334,0.7581666666666667,5841728496
bdsvm,dirichlet_0.3,2626,6,3655,0.574148457314017,0.7645416666666667,0.758,5839997760
bdsvm,dirichlet_0.3,2626,7,2159,0.5738102950070033,0.76475,0.7576666666666667,5841728496
bdsvm,dirichlet_0.3,2626,8,0,1.0,0.4859583333333333,0.4825,5840492256
bdsvm,dirichlet_0.3,2626,9,1045,0.574095092521909,0.7647916666666666,0.7581666666666667,5841481248
bdsvm,dirichlet_0.3,2651,0,63,0.5773292890988593,0.76525,0.7576666666666667,5895875808
bdsvm,dirichlet_0.3,2651,1,229,0.5773205117309793,0.7651666666666667,0.7586666666666667,5898595536
bdsvm,dirichlet_0.3,2651,2,3623,0.5773194392852236,0.76525,0.7586666666666667,5898101040
bdsvm,dirichlet_0.3,2651,3,2851,0.5773196618116426,0.7651666666666667,0.7586666666666667,5896864800
bdsvm,dirichlet_0.3,2651,4,2684,0.5772359255759314,0.765375,0.7585,5897112048
bdsvm,dirichlet_0.3,2651,5,7691,0.5772520355297432,0.7654583333333334,0.7586666666666667,5897359296
bdsvm,dirichlet_0.3,2651,6,3655,0.5772864722021811,0.7654583333333334,0.7586666666666667,5895628560
bdsvm,dirichlet_0.3,2651,7,2159,0.5771409405973374,0.7654583333333334,0.7583333333333333,5897359296
bdsvm,dirichlet_0.3,2651,8,0,1.0,0.4859583333333333,0.4825,5896123056
bdsvm,dirichlet_0.3,2651,9,1045,0.5773099886519245,0.7652083333333334,0.7586666666666667,5897112048
bdsvm,dirichlet_0.3,2676,0,63,0.5772225573236024,0.7640833333333333,0.7585,5951506608
bdsvm,dirichlet_0.3,2676,1,229,0.5772227633641732,0.764125,0.7586666666666667,5954226336
bdsvm,dirichlet_0.3,2676,2,3623,0.5776613054194577,0.7637916666666666,0.7581666666666667,5953731840
bdsvm,dirichlet_0.3,2676,3,2851,0.577721409950134,0.7637916666666666,0.7581666666666667,5952495600
bdsvm,dirichlet_0.3,2676,4,2684,0.5775710441511143,0.764,0.7583333333333333,5952742848
bdsvm,dirichlet_0.3,2676,5,7691,0.5772197292073042,0.7638333333333334,0.7586666666666667,5952990096
bdsvm,dirichlet_0.3,2676,6,3655,0.5779083834872171,0.7635,0.758,5951259360
bdsvm,dirichlet_0.3,2676,7,2159,0.5775734887291959,0.76375,0.7581666666666667,5952990096
bdsvm,dirichlet_0.3,2676,8,0,1.0,0.4859583333333333,0.4825,5951753856
bdsvm,dirichlet_0.3,2676,9,1045,0.5778197760192019,0.7637083333333333,0.758,5952742848
bdsvm,dirichlet_0.3,2701,0,63,0.5779977337634353,0.7646666666666667,0.7573333333333333,6007137408
bdsvm,dirichlet_0.3,2701,1,229,0.5780159301589449,0.7648333333333334,0.7571666666666667,6009857136
bdsvm,dirichlet_0.3,2701,2,3623,0.5781447487170038,0.7648333333333334,0.7571666666666667,6009362640
bdsvm,dirichlet_0.3,2701,3,2851,0.5781026959424206,0.7648333333333334,0.7571666666666667,6008126400
bdsvm,dirichlet_0.3,2701,4,2684,0.5778704911035226,0.7648333333333334,0.7576666666666667,6008373648
bdsvm,dirichlet_0.3,2701,5,7691,0.5780772015557775,0.764875,0.7575,6008620896
bdsvm,dirichlet_0.3,2701,6,3655,0.5779528013389401,0.7649583333333333,0.7575,6006890160
bdsvm,dirichlet_0.3,2701,7,2159,0.5779528085896941,0.7649166666666667,0.7573333333333333,6008620896
bdsvm,dirichlet_0.3,2701,8,0,1.0,0.4859583333333333,0.4825,6007384656
bdsvm,dirichlet_0.3,2701,9,1045,0.5781012774446902,0.7647916666666666,0.7571666666666667,6008373648
bdsvm,dirichlet_0.3,2726,0,63,0.5736958935537977,0.764875,0.759,6062768208
bdsvm,dirichlet_0.3,2726,1,229,0.5738441485916272,0.7650416666666666,0.7593333333333333,6065487936
bdsvm,dirichlet_0.3,2726,2,3623,0.5740056134398492,0.7649166666666667,0.7595,6064993440
bdsvm,dirichlet_0.3,2726,3,2851,0.5731472950901247,0.765625,0.7591666666666667,6063757200
bdsvm,dirichlet_0.3,2726,4,2684,0.5731168671662271,0.7654583333333334,0.7591666666666667,6064004448
bdsvm,dirichlet_0.3,2726,5,7691,0.5745419650902777,0.764875,0.7591666666666667,6064251696
bdsvm,dirichlet_0.3,2726,6,3655,0.5736367793842578,0.765125,0.7591666666666667,6062520960
bdsvm,dirichlet_0.3,2726,7,2159,0.5730855634013823,0.7655416666666667,0.7593333333333333,6064251696
bdsvm,dirichlet_0.3,2726,8,0,1.0,0.4859583333333333,0.4825,6063015456
bdsvm,dirichlet_0.3,2726,9,1045,0.5742025056882906,0.76475,0.7593333333333333,6064004448
bdsvm,dirichlet_0.3,2751,0,63,0.5745745929495949,0.7647916666666666,0.7585,6118399008
bdsvm,dirichlet_0.3,2751,1,229,0.5744002030498161,0.7647083333333333,0.7593333333333333,6121118736
bdsvm,dirichlet_0.3,2751,2,3623,0.5747201245079392,0.7646666666666667,0.7591666666666667,6120624240
bdsvm,dirichlet_0.3,2751,3,2851,0.5746739310817092,0.7645833333333333,0.759,6119388000
bdsvm,dirichlet_0.3,2751,4,2684,0.5753849960127875,0.7647083333333333,0.7591666666666667,6119635248
bdsvm,dirichlet_0.3,2751,5,7691,0.5746713816255073,0.7647083333333333,0.7591666666666667,6119882496
bdsvm,dirichlet_0.3,2751,6,3655,0.5748554801530644,0.76475,0.759,6118151760
bdsvm,dirichlet_0.3,2751,7,2159,0.5748678361865254,0.76475,0.7591666666666667,6119882496
bdsvm,dirichlet_0.3,2751,8,0,1.0,0.4859583333333333,0.4825,6118646256
bdsvm,dirichlet_0.3,2751,9,1045,0.5745311130257885,0.7647083333333333,0.7591666666666667,6119635248
bdsvm,dirichlet_0.3,2776,0,63,0.572341227712482,0.7652083333333334,0.7585,6174029808
bdsvm,dirichlet_0.3,2776,1,229,0.5724153421492696,0.7655,0.7588333333333334,6176749536
bdsvm,dirichlet_0.3,2776,2,3623,0.5724524095420487,0.7657083333333333,0.7583333333333333,6176255040
bdsvm,dirichlet_0.3,2776,3,2851,0.5725275653400917,0.7657083333333333,0.7588333333333334,6175018800
bdsvm,dirichlet_0.3,2776,4,2684,0.5723495690675059,0.7652916666666667,0.759,6175266048
bdsvm,dirichlet_0.3,2776,5,7691,0.5723852665862323,0.7655416666666667,0.759,6175513296
bdsvm,dirichlet_0.3,2776,6,3655,0.5723944381695727,0.7654583333333334,0.759,6173782560
bdsvm,dirichlet_0.3,2776,7,2159,0.572271797557901,0.7654166666666666,0.7586666666666667,6175513296
bdsvm,dirichlet_0.3,2776,8,0,1.0,0.4859583333333333,0.4825,6174277056
bdsvm,dirichlet_0.3,2776,9,1045,0.5723611626611821,0.765625,0.7588333333333334,6175266048
bdsvm,dirichlet_0.3,2801,0,63,0.5723098662533086,0.7657083333333333,0.7586666666666667,6229660608
bdsvm,dirichlet_0.3,2801,1,229,0.5724443828274159,0.76575,0.7591666666666667,6232380336
bdsvm,dirichlet_0.3,2801,2,3623,0.5724081041035559,0.7657916666666666,0.759,6231885840
bdsvm,dirichlet_0.3,2801,3,2851,0.5721947956947898,0.7659583333333333,0.7593333333333333,6230649600
bdsvm,dirichlet_0.3,2801,4,2684,0.5724956422056457,0.76575,0.7591666666666667,6230896848
bdsvm,dirichlet_0.3,2801,5,7691,0.5727318017801082,0.7657083333333333,0.7593333333333333,6231144096
bdsvm,dirichlet_0.3,2801,6,3655,0.572611680019239,0.7657083333333333,0.7586666666666667,6229413360
bdsvm,dirichlet_0.3,2801,7,2159,0.5724970635124546,0.765625,0.7591666666666667,6231144096
bdsvm,dirichlet_0.3,2801,8,0,1.0,0.4859583333333333,0.4825,6229907856
bdsvm,dirichlet_0.3,2801,9,1045,0.5727096739568439,0.7655416666666667,0.759,6230896848
bdsvm,dirichlet_0.3,2826,0,63,0.5789639645725745,0.7645,0.758,6285291408
bdsvm,dirichlet_0.3,2826,1,229,0.5787611822453131,0.76475,0.7575,6288011136
bdsvm,dirichlet_0.3,2826,2,3623,0.5787081006886489,0.7648333333333334,0.7575,6287516640
bdsvm,dirichlet_0.3,2826,3,2851,0.5786704619291393,0.7648333333333334,0.7576666666666667,6286280400
bdsvm,dirichlet_0.3,2826,4,2684,0.5786353624667786,0.764625,0.7575,6286527648
bdsvm,dirichlet_0.3,2826,5,7691,0.5783547361728976,0.7645833333333333,0.7578333333333334,6286774896
bdsvm,dirichlet_0.3,2826,6,3655,0.5787681523377345,0.764875,0.7575,6285044160
bdsvm,dirichlet_0.3,2826,7,2159,0.5788991211085541,0.76475,0.7575,6286774896
bdsvm,dirichlet_0.3,2826,8,0,1.0,0.4859583333333333,0.4825,6285538656
bdsvm,dirichlet_0.3,2826,9,1045,0.5787193624147104,0.7647083333333333,0.7575,6286527648
bdsvm,dirichlet_0.3,2851,0,63,0.5802014784125652,0.7642083333333334,0.7571666666666667,6340922208
bdsvm,dirichlet_0.3,2851,1,229,0.5802306395637146,0.7642083333333334,0.7573333333333333,6343641936
bdsvm,dirichlet_0.3,2851,2,3623,0.5802164696212547,0.76425,0.7573333333333333,6343147440
bdsvm,dirichlet_0.3,2851,3,2851,0.5801727015146376,0.76425,0.7576666666666667,6341911200
bdsvm,dirichlet_0.3,2851,4,2684,0.5802291516911906,0.76425,0.7573333333333333,6342158448
bdsvm,dirichlet_0.3,2851,5,7691,0.5801230487269122,0.7644166666666666,0.7576666666666667,6342405696
bdsvm,dirichlet_0.3,2851,6,3655,0.5802272671748662,0.7643333333333333,0.7575,6340674960
bdsvm,dirichlet_0.3,2851,7,2159,0.580187136605708,0.7642916666666667,0.7571666666666667,6342405696
bdsvm,dirichlet_0.3,2851,8,0,1.0,0.4859583333333333,0.4825,6341169456
bdsvm,dirichlet_0.3,2851,9,1045,0.5802569161982112,0.76425,0.7575,6342158448
bdsvm,dirichlet_0.3,2876,0,63,0.570545998828624,0.765625,0.7591666666666667,6396553008
bdsvm,dirichlet_0.3,2876,1,229,0.5706410931770116,0.7664166666666666,0.7593333333333333,6399272736
bdsvm,dirichlet_0.3,2876,2,3623,0.570507173243808,0.7662916666666667,0.7595,6398778240
bdsvm,dirichlet_0.3,2876,3,2851,0.5704791407946916,0.766375,0.7596666666666667,6397542000
bdsvm,dirichlet_0.3,2876,4,2684,0.5706520244925828,0.7660416666666666,0.7596666666666667,6397789248
bdsvm,dirichlet_0.3,2876,5,7691,0.5706709041328369,0.7663333333333333,0.7596666666666667,6398036496
bdsvm,dirichlet_0.3,2876,6,3655,0.5707545964669142,0.7662083333333334,0.7595,6396305760
bdsvm,dirichlet_0.3,2876,7,2159,0.5706495592266136,0.7663333333333333,0.7593333333333333,6398036496
bdsvm,dirichlet_0.3,2876,8,0,1.0,0.4859583333333333,0.4825,6396800256
bdsvm,dirichlet_0.3,2876,9,1045,0.5705288751839606,0.7662916666666667,0.7595,6397789248
bdsvm,dirichlet_0.3,2901,0,63,0.5766578559983199,0.7650833333333333,0.7578333333333334,6452183808
bdsvm,dirichlet_0.3,2901,1,229,0.5765937028357078,0.7652916666666667,0.7583333333333333,6454903536
bdsvm,dirichlet_0.3,2901,2,3623,0.5765046302870126,0.7654583333333334,0.7586666666666667,6454409040
bdsvm,dirichlet_0.3,2901,3,2851,0.5766904845177072,0.7653333333333333,0.7581666666666667,6453172800
bdsvm,dirichlet_0.3,2901,4,2684,0.5763684830193263,0.7654583333333334,0.7583333333333333,6453420048
bdsvm,dirichlet_0.3,2901,5,7691,0.576575936983681,0.7654166666666666,0.7585,6453667296
bdsvm,dirichlet_0.3,2901,6,3655,0.5765598469828218,0.7653333333333333,0.7585,6451936560
bdsvm,dirichlet_0.3,2901,7,2159,0.5764247131374077,0.7653333333333333,0.7586666666666667,6453667296
bdsvm,dirichlet_0.3,2901,8,0,1.0,0.4859583333333333,0.4825,6452431056
bdsvm,dirichlet_0.3,2901,9,1045,0.5767184345798934,0.76525,0.758,6453420048
bdsvm,dirichlet_0.3,2926,0,63,0.5795937653165023,0.7642916666666667,0.758,6507814608
bdsvm,dirichlet_0.3,2926,1,229,0.5800314807492867,0.764625,0.7578333333333334,6510534336
bdsvm,dirichlet_0.3,2926,2,3623,0.5799762627999425,0.7646666666666667,0.7578333333333334,6510039840
bdsvm,dirichlet_0.3,2926,3,2851,0.5795736102146909,0.76425,0.758,6508803600
bdsvm,dirichlet_0.3,2926,4,2684,0.5797348443390076,0.7643333333333333,0.758,6509050848
bdsvm,dirichlet_0.3,2926,5,7691,0.5795098464520173,0.764375,0.7586666666666667,6509298096
bdsvm,dirichlet_0.3,2926,6,3655,0.5799204864165782,0.7645,0.7578333333333334,6507567360
bdsvm,dirichlet_0.3,2926,7,2159,0.5796188611617065,0.7645,0.758,6509298096
bdsvm,dirichlet_0.3,2926,8,0,1.0,0.4859583333333333,0.4825,6508061856
bdsvm,dirichlet_0.3,2926,9,1045,0.5797999546613001,0.7645416666666667,0.758,6509050848
bdsvm,dirichlet_0.3,2951,0,63,0.5741737465396307,0.7649166666666667,0.7591666666666667,6563445408
bdsvm,dirichlet_0.3,2951,1,229,0.5744531896333601,0.765125,0.7583333333333333,6566165136
bdsvm,dirichlet_0.3,2951,2,3623,0.5745384697178937,0.7650833333333333,0.7585,6565670640
bdsvm,dirichlet_0.3,2951,3,2851,0.5744776623786303,0.7651666666666667,0.7585,6564434400
bdsvm,dirichlet_0.3,2951,4,2684,0.5747469922638185,0.764875,0.7586666666666667,6564681648
bdsvm,dirichlet_0.3,2951,5,7691,0.5746221593441618,0.7650833333333333,0.7583333333333333,6564928896
bdsvm,dirichlet_0.3,2951,6,3655,0.5743972474817576,0.765125,0.7588333333333334,6563198160
bdsvm,dirichlet_0.3,2951,7,2159,0.5744243726904796,0.7652083333333334,0.7585,6564928896
bdsvm,dirichlet_0.3,2951,8,0,1.0,0.4859583333333333,0.4825,6563692656
bdsvm,dirichlet_0.3,2951,9,1045,0.5742570460258727,0.76525,0.7588333333333334,6564681648
bdsvm,dirichlet_0.3,2976,0,63,0.5848123005030748,0.7619583333333333,0.7571666666666667,6619076208
bdsvm,dirichlet_0.3,2976,1,229,0.5849013183621572,0.7620833333333333,0.7571666666666667,6621795936
bdsvm,dirichlet_0.3,2976,2,3623,0.584718634279288,0.7619583333333333,0.7576666666666667,6621301440
bdsvm,dirichlet_0.3,2976,3,2851,0.5847938003103317,0.7619166666666667,0.7573333333333333,6620065200
bdsvm,dirichlet_0.3,2976,4,2684,0.5845710333811763,0.7619166666666667,0.7573333333333333,6620312448
bdsvm,dirichlet_0.3,2976,5,7691,0.5848964716073624,0.7620416666666666,0.7573333333333333,6620559696
bdsvm,dirichlet_0.3,2976,6,3655,0.5846881916257133,0.762125,0.7575,6618828960
bdsvm,dirichlet_0.3,2976,7,2159,0.5847150339630444,0.7619583333333333,0.7575,6620559696
bdsvm,dirichlet_0.3,2976,8,0,1.0,0.4859583333333333,0.4825,6619323456
bdsvm,dirichlet_0.3,2976,9,1045,0.5847649848030285,0.7619583333333333,0.757,6620312448
bdsvm,dirichlet_0.3,3001,0,63,0.5701904532839456,0.7655833333333333,0.759,6674707008
bdsvm,dirichlet_0.3,3001,1,229,0.5700836199907138,0.7659166666666667,0.759,6677426736
bdsvm,dirichlet_0.3,3001,2,3623,0.570283821567442,0.766125,0.7588333333333334,6676932240
bdsvm,dirichlet_0.3,3001,3,2851,0.5701013638448055,0.7659166666666667,0.759,6675696000
bdsvm,dirichlet_0.3,3001,4,2684,0.570255850355898,0.76575,0.7591666666666667,6675943248
bdsvm,dirichlet_0.3,3001,5,7691,0.5703462658065703,0.766,0.7591666666666667,6676190496
bdsvm,dirichlet_0.3,3001,6,3655,0.5702279969869338,0.765875,0.7588333333333334,6674459760
bdsvm,dirichlet_0.3,3001,7,2159,0.5702205180494055,0.7660416666666666,0.759,6676190496
bdsvm,dirichlet_0.3,3001,8,0,1.0,0.4859583333333333,0.4825,6674954256
bdsvm,dirichlet_0.3,3001,9,1045,0.5701976075318269,0.7659583333333333,0.759,6675943248
bdsvm,dirichlet_0.3,3026,0,63,0.5769938730204774,0.764375,0.7581666666666667,6730337808
bdsvm,dirichlet_0.3,3026,1,229,0.576253911896995,0.7650416666666666,0.7593333333333333,6733057536
bdsvm,dirichlet_0.3,3026,2,3623,0.5774983832340445,0.7644583333333334,0.7583333333333333,6732563040
bdsvm,dirichlet_0.3,3026,3,2851,0.577010944436331,0.764875,0.7585,6731326800
bdsvm,dirichlet_0.3,3026,4,2684,0.5773373810911782,0.7644583333333334,0.7583333333333333,6731574048
bdsvm,dirichlet_0.3,3026,5,7691,0.5767355206874932,0.7650833333333333,0.7588333333333334,6731821296
bdsvm,dirichlet_0.3,3026,6,3655,0.5772662298863822,0.7647083333333333,0.7581666666666667,6730090560
bdsvm,dirichlet_0.3,3026,7,2159,0.5764398939097809,0.7649583333333333,0.759,6731821296
bdsvm,dirichlet_0.3,3026,8,0,1.0,0.4859583333333333,0.4825,6730585056
bdsvm,dirichlet_0.3,3026,9,1045,0.5773687700318093,0.7644583333333334,0.7585,6731574048
bdsvm,dirichlet_0.3,3051,0,63,0.5754293906153521,0.7645833333333333,0.7576666666666667,6785968608
bdsvm,dirichlet_0.3,3051,1,229,0.5753708326126211,0.7645833333333333,0.7585,6788688336
bdsvm,dirichlet_0.3,3051,2,3623,0.5753471059541494,0.7645833333333333,0.7585,6788193840
bdsvm,dirichlet_0.3,3051,3,2851,0.5753415715630295,0.7647083333333333,0.7583333333333333,6786957600
bdsvm,dirichlet_0.3,3051,4,2684,0.5752137562305791,0.764625,0.759,6787204848
bdsvm,dirichlet_0.3,3051,5,7691,0.5753657106096428,0.7645416666666667,0.7583333333333333,6787452096
bdsvm,dirichlet_0.3,3051,6,3655,0.5750834953139607,0.76425,0.7585,6785721360
bdsvm,dirichlet_0.3,3051,7,2159,0.5747957071965865,0.7647083333333333,0.7583333333333333,6787452096
bdsvm,dirichlet_0.3,3051,8,0,1.0,0.4859583333333333,0.4825,6786215856
bdsvm,dirichlet_0.3,3051,9,1045,0.5754205537216075,0.7645416666666667,0.7581666666666667,6787204848
bdsvm,dirichlet_0.3,3076,0,63,0.580155579202349,0.7642916666666667,0.7583333333333333,6841599408
bdsvm,dirichlet_0.3,3076,1,229,0.5801161605908571,0.7645,0.758,6844319136
bdsvm,dirichlet_0.3,3076,2,3623,0.5800731652856389,0.7643333333333333,0.7576666666666667,6843824640
bdsvm,dirichlet_0.3,3076,3,2851,0.5800841839225988,0.7644583333333334,0.7578333333333334,6842588400
bdsvm,dirichlet_0.3,3076,4,2684,0.5800849152934271,0.7644583333333334,0.7576666666666667,6842835648
bdsvm,dirichlet_0.3,3076,5,7691,0.5800737981795856,0.7643333333333333,0.7576666666666667,6843082896
bdsvm,dirichlet_0.3,3076,6,3655,0.5801293920742423,0.7643333333333333,0.7576666666666667,6841352160
bdsvm,dirichlet_0.3,3076,7,2159,0.5801140338386218,0.7645416666666667,0.7578333333333334,6843082896
bdsvm,dirichlet_0.3,3076,8,0,1.0,0.4859583333333333,0.4825,6841846656
bdsvm,dirichlet_0.3,3076,9,1045,0.5801303941176145,0.7644166666666666,0.758,6842835648
bdsvm,dirichlet_0.3,3101,0,63,0.574390726464114,0.7649166666666667,0.7585,6897230208
bdsvm,dirichlet_0.3,3101,1,229,0.5742318907678344,0.765125,0.758,6899949936
bdsvm,dirichlet_0.3,3101,2,3623,0.5741247845272482,0.76525,0.7583333333333333,6899455440
bdsvm,dirichlet_0.3,3101,3,2851,0.5741790444749544,0.765125,0.7581666666666667,6898219200
bdsvm,dirichlet_0.3,3101,4,2684,0.573967735431545,0.7652083333333334,0.7585,6898466448
bdsvm,dirichlet_0.3,3101,5,7691,0.5738686825227178,0.7651666666666667,0.759,6898713696
bdsvm,dirichlet_0.3,3101,6,3655,0.5741412881409617,0.76525,0.7583333333333333,6896982960
bdsvm,dirichlet_0.3,3101,7,2159,0.5738249536970743,0.7653333333333333,0.7588333333333334,6898713696
bdsvm,dirichlet_0.3,3101,8,0,1.0,0.4859583333333333,0.4825,6897477456
bdsvm,dirichlet_0.3,3101,9,1045,0.5742001146069193,0.76525,0.7583333333333333,6898466448
bdsvm,dirichlet_0.3,3126,0,63,0.5829709714298112,0.7634166666666666,0.758,6952861008
bdsvm,dirichlet_0.3,3126,1,229,0.5826659429278033,0.7632083333333334,0.7578333333333334,6955580736
bdsvm,dirichlet_0.3,3126,2,3623,0.5827906080354375,0.76325,0.758,6955086240
bdsvm,dirichlet_0.3,3126,3,2851,0.5828368770566486,0.763125,0.7581666666666667,6953850000
bdsvm,dirichlet_0.3,3126,4,2684,0.582901635510237,0.7631666666666667,0.7583333333333333,6954097248
bdsvm,dirichlet_0.3,3126,5,7691,0.5818458178347118,0.7634583333333333,0.7575,6954344496
bdsvm,dirichlet_0.3,3126,6,3655,0.5829132144761823,0.7631666666666667,0.7583333333333333,6952613760
bdsvm,dirichlet_0.3,3126,7,2159,0.582622298227132,0.76325,0.758,6954344496
bdsvm,dirichlet_0.3,3126,8,0,1.0,0.4859583333333333,0.4825,6953108256
bdsvm,dirichlet_0.3,3126,9,1045,0.5829392758669163,0.76325,0.7585,6954097248
bdsvm,dirichlet_0.3,3151,0,63,0.5772306961931428,0.7650833333333333,0.758,7008491808
bdsvm,dirichlet_0.3,3151,1,229,0.5772734341983469,0.7650833333333333,0.7578333333333334,7011211536
bdsvm,dirichlet_0.3,3151,2,3623,0.577313658189872,0.7650833333333333,0.7581666666666667,7010717040
bdsvm,dirichlet_0.3,3151,3,2851,0.5770734445290421,0.7652083333333334,0.7581666666666667,7009480800
bdsvm,dirichlet_0.3,3151,4,2684,0.5772472366662366,0.7651666666666667,0.7581666666666667,7009728048
bdsvm,dirichlet_0.3,3151,5,7691,0.5771969652426151,0.76525,0.758,7009975296
bdsvm,dirichlet_0.3,3151,6,3655,0.5769928588179382,0.7651666666666667,0.7581666666666667,7008244560
bdsvm,dirichlet_0.3,3151,7,2159,0.5769665494254886,0.765375,0.7581666666666667,7009975296
bdsvm,dirichlet_0.3,3151,8,0,1.0,0.4859583333333333,0.4825,7008739056
bdsvm,dirichlet_0.3,3151,9,1045,0.5771414487906356,0.7651666666666667,0.7581666666666667,7009728048
bdsvm,dirichlet_0.3,3176,0,63,0.5771759653828749,0.764875,0.7588333333333334,7064122608
bdsvm,dirichlet_0.3,3176,1,229,0.5771164768917914,0.7649166666666667,0.7585,7066842336
bdsvm,dirichlet_0.3,3176,2,3623,0.5770105773923229,0.7650416666666666,0.7583333333333333,7066347840
bdsvm,dirichlet_0.3,3176,3,2851,0.5770681466128488,0.7649166666666667,0.7581666666666667,7065111600
bdsvm,dirichlet_0.3,3176,4,2684,0.5771442513360441,0.7647916666666666,0.7588333333333334,7065358848
bdsvm,dirichlet_0.3,3176,5,7691,0.5770094851584264,0.7649583333333333,0.758,7065606096
bdsvm,dirichlet_0.3,3176,6,3655,0.5770580713845327,0.765,0.7585,7063875360
bdsvm,dirichlet_0.3,3176,7,2159,0.5771971920207017,0.76475,0.7583333333333333,7065606096
bdsvm,dirichlet_0.3,3176,8,0,1.0,0.4859583333333333,0.4825,7064369856
bdsvm,dirichlet_0.3,3176,9,1045,0.5771874576295629,0.7646666666666667,0.7581666666666667,7065358848
bdsvm,dirichlet_0.3,3201,0,63,0.589675673576647,0.759625,0.7546666666666667,7119753408
bdsvm,dirichlet_0.3,3201,1,229,0.5876415985290157,0.7607083333333333,0.7545,7122473136
bdsvm,dirichlet_0.3,3201,2,3623,0.5886112134546087,0.7605,0.7555,7121978640
bdsvm,dirichlet_0.3,3201,3,2851,0.587651655201191,0.7610416666666666,0.7548333333333334,7120742400
bdsvm,dirichlet_0.3,3201,4,2684,0.5890809003416143,0.7599583333333333,0.7548333333333334,7120989648
bdsvm,dirichlet_0.3,3201,5,7691,0.5879131279941424,0.7611666666666667,0.755,7121236896
bdsvm,dirichlet_0.3,3201,6,3655,0.5896537181803357,0.75925,0.7545,7119506160
bdsvm,dirichlet_0.3,3201,7,2159,0.5889435839399906,0.760125,0.755,7121236896
bdsvm,dirichlet_0.3,3201,8,0,1.0,0.4859583333333333,0.4825,7120000656
bdsvm,dirichlet_0.3,3201,9,1045,0.5890679532503236,0.7599583333333333,0.7546666666666667,7120989648
bdsvm,dirichlet_0.3,3226,0,63,0.5850582121274215,0.7612083333333334,0.7548333333333334,7175384208
bdsvm,dirichlet_0.3,3226,1,229,0.5896424427232534,0.7572083333333334,0.752,7178103936
bdsvm,dirichlet_0.3,3226,2,3623,0.5864671162389673,0.7602083333333334,0.7536666666666667,7177609440
bdsvm,dirichlet_0.3,3226,3,2851,0.5845599298157456,0.7612916666666667,0.7546666666666667,7176373200
bdsvm,dirichlet_0.3,3226,4,2684,0.5856466223990602,0.7607916666666666,0.7545,7176620448
bdsvm,dirichlet_0.3,3226,5,7691,0.5862441337619044,0.7604166666666666,0.7541666666666667,7176867696
bdsvm,dirichlet_0.3,3226,6,3655,0.5874169656151245,0.7595416666666667,0.7531666666666667,7175136960
bdsvm,dirichlet_0.3,3226,7,2159,0.5858377367451741,0.761,0.7543333333333333,7176867696
bdsvm,dirichlet_0.3,3226,8,0,1.0,0.4859583333333333,0.4825,7175631456
bdsvm,dirichlet_0.3,3226,9,1045,0.5885707535572451,0.7577083333333333,0.7521666666666667,7176620448
bdsvm,dirichlet_0.3,3251,0,63,0.5818726053691571,0.7635,0.7581666666666667,7231015008
bdsvm,dirichlet_0.3,3251,1,229,0.5810942451307776,0.7634583333333333,0.7583333333333333,7233734736
bdsvm,dirichlet_0.3,3251,2,3623,0.5810964203185977,0.763625,0.7583333333333333,7233240240
bdsvm,dirichlet_0.3,3251,3,2851,0.5810441311211769,0.7635833333333333,0.7583333333333333,7232004000
bdsvm,dirichlet_0.3,3251,4,2684,0.5811130422299978,0.7635416666666667,0.758,7232251248
bdsvm,dirichlet_0.3,3251,5,7691,0.581047552710684,0.7637083333333333,0.7583333333333333,7232498496
bdsvm,dirichlet_0.3,3251,6,3655,0.5811156253865771,0.763625,0.7583333333333333,7230767760
bdsvm,dirichlet_0.3,3251,7,2159,0.5818359732147497,0.7635,0.7575,7232498496
bdsvm,dirichlet_0.3,3251,8,0,1.0,0.4859583333333333,0.4825,7231262256
bdsvm,dirichlet_0.3,3251,9,1045,0.5811450854926936,0.7635,0.7578333333333334,7232251248
bdsvm,dirichlet_0.3,3276,0,63,0.5702712820874188,0.7659166666666667,0.7586666666666667,7286645808
bdsvm,dirichlet_0.3,3276,1,229,0.5701866418872854,0.7659583333333333,0.7585,7289365536
bdsvm,dirichlet_0.3,3276,2,3623,0.5703352105524058,0.766,0.7586666666666667,7288871040
bdsvm,dirichlet_0.3,3276,3,2851,0.5701935930150749,0.7660833333333333,0.7583333333333333,7287634800
bdsvm,dirichlet_0.3,3276,4,2684,0.5704027971792732,0.7658333333333334,0.7593333333333333,7287882048
bdsvm,dirichlet_0.3,3276,5,7691,0.5703586522157869,0.766,0.7585,7288129296
bdsvm,dirichlet_0.3,3276,6,3655,0.5703501026395772,0.766,0.7588333333333334,7286398560
bdsvm,dirichlet_0.3,3276,7,2159,0.5703870473020721,0.7659583333333333,0.7588333333333334,7288129296
bdsvm,dirichlet_0.3,3276,8,0,1.0,0.4859583333333333,0.4825,7286893056
bdsvm,dirichlet_0.3,3276,9,1045,0.5703274554944483,0.766,0.7585,7287882048
bdsvm,dirichlet_0.3,3301,0,63,0.5780227900133067,0.764375,0.758,7342276608
bdsvm,dirichlet_0.3,3301,1,229,0.5781744966100847,0.7644166666666666,0.7583333333333333,7344996336
bdsvm,dirichlet_0.3,3301,2,3623,0.5779136565913805,0.764625,0.758,7344501840
bdsvm,dirichlet_0.3,3301,3,2851,0.5780570102732832,0.7645,0.758,7343265600
bdsvm,dirichlet_0.3,3301,4,2684,0.5777020705235686,0.764625,0.758,7343512848
bdsvm,dirichlet_0.3,3301,5,7691,0.5781019963659331,0.7645,0.7581666666666667,7343760096
bdsvm,dirichlet_0.3,3301,6,3655,0.5776657484248111,0.7647083333333333,0.758,7342029360
bdsvm,dirichlet_0.3,3301,7,2159,0.5778502971861917,0.764625,0.758,7343760096
bdsvm,dirichlet_0.3,3301,8,0,1.0,0.4859583333333333,0.4825,7342523856
bdsvm,dirichlet_0.3,3301,9,1045,0.57799415734786,0.7645833333333333,0.758,7343512848
bdsvm,dirichlet_0.3,3326,0,63,0.5877011985649002,0.7624166666666666,0.7545,7397907408
bdsvm,dirichlet_0.3,3326,1,229,0.5787641696339427,0.7645416666666667,0.758,7400627136
bdsvm,dirichlet_0.3,3326,2,3623,0.578667002204091,0.7645833333333333,0.7581666666666667,7400132640
bdsvm,dirichlet_0.3,3326,3,2851,0.5876662434395085,0.7625833333333333,0.755,7398896400
bdsvm,dirichlet_0.3,3326,4,2684,0.58836465059291,0.7615416666666667,0.7543333333333333,7399143648
bdsvm,dirichlet_0.3,3326,5,7691,0.5876869319404024,0.7624583333333333,0.755,7399390896
bdsvm,dirichlet_0.3,3326,6,3655,0.5789344654133102,0.7645416666666667,0.7583333333333333,7397660160
bdsvm,dirichlet_0.3,3326,7,2159,0.5875623269765394,0.7625416666666667,0.755,7399390896
bdsvm,dirichlet_0.3,3326,8,0,1.0,0.4859583333333333,0.4825,7398154656
bdsvm,dirichlet_0.3,3326,9,1045,0.5786595992685545,0.7645,0.7581666666666667,7399143648
bdsvm,dirichlet_0.3,3351,0,63,0.572426815050062,0.7658333333333334,0.7596666666666667,7453538208
bdsvm,dirichlet_0.3,3351,1,229,0.5724173025699972,0.766,0.7596666666666667,7456257936
bdsvm,dirichlet_0.3,3351,2,3623,0.5723280590295937,0.766125,0.76,7455763440
bdsvm,dirichlet_0.3,3351,3,2851,0.5723709172393744,0.7660833333333333,0.76,7454527200
bdsvm,dirichlet_0.3,3351,4,2684,0.5723771208241228,0.7659583333333333,0.7601666666666667,7454774448
bdsvm,dirichlet_0.3,3351,5,7691,0.5724229421646151,0.7659583333333333,0.7598333333333334,7455021696
bdsvm,dirichlet_0.3,3351,6,3655,0.5724558362149431,0.7659583333333333,0.76,7453290960
bdsvm,dirichlet_0.3,3351,7,2159,0.5724977408382831,0.7659166666666667,0.7598333333333334,7455021696
bdsvm,dirichlet_0.3,3351,8,0,1.0,0.4859583333333333,0.4825,7453785456
bdsvm,dirichlet_0.3,3351,9,1045,0.5723744768283506,0.7660833333333333,0.7603333333333333,7454774448
bdsvm,dirichlet_0.3,3376,0,63,0.577306490609719,0.7650416666666666,0.7591666666666667,7509169008
bdsvm,dirichlet_0.3,3376,1,229,0.5772150584616931,0.7649583333333333,0.7586666666666667,7511888736
bdsvm,dirichlet_0.3,3376,2,3623,0.5770120799419509,0.7651666666666667,0.7585,7511394240
bdsvm,dirichlet_0.3,3376,3,2851,0.5773395517076091,0.7648333333333334,0.7586666666666667,7510158000
bdsvm,dirichlet_0.3,3376,4,2684,0.5769985544426399,0.7650833333333333,0.7585,7510405248
bdsvm,dirichlet_0.3,3376,5,7691,0.5769770829712538,0.7652083333333334,0.7585,7510652496
bdsvm,dirichlet_0.3,3376,6,3655,0.5771720857905611,0.7649166666666667,0.7586666666666667,7508921760
bdsvm,dirichlet_0.3,3376,7,2159,0.5771729941955642,0.7649583333333333,0.7585,7510652496
bdsvm,dirichlet_0.3,3376,8,0,1.0,0.4859583333333333,0.4825,7509416256
bdsvm,dirichlet_0.3,3376,9,1045,0.577059526407064,0.7650416666666666,0.7586666666666667,7510405248
bdsvm,dirichlet_0.3,3401,0,63,0.5781477195116846,0.7645,0.7581666666666667,7564799808
bdsvm,dirichlet_0.3,3401,1,229,0.5781240211642206,0.76475,0.7583333333333333,7567519536
bdsvm,dirichlet_0.3,3401,2,3623,0.5780808173341861,0.76475,0.758,7567025040
bdsvm,dirichlet_0.3,3401,3,2851,0.5781300219473866,0.764625,0.7581666666666667,7565788800
bdsvm,dirichlet_0.3,3401,4,2684,0.578124206771977,0.7647083333333333,0.7581666666666667,7566036048
bdsvm,dirichlet_0.3,3401,5,7691,0.5780662432183424,0.7647916666666666,0.758,7566283296
bdsvm,dirichlet_0.3,3401,6,3655,0.5780429274478597,0.7647916666666666,0.758,7564552560
bdsvm,dirichlet_0.3,3401,7,2159,0.5781150893081268,0.7647083333333333,0.7583333333333333,7566283296
bdsvm,dirichlet_0.3,3401,8,0,1.0,0.4859583333333333,0.4825,7565047056
bdsvm,dirichlet_0.3,3401,9,1045,0.578071808995887,0.7647916666666666,0.7583333333333333,7566036048
bdsvm,dirichlet_0.3,3426,0,63,0.5843655520117736,0.762375,0.7568333333333334,7620430608
bdsvm,dirichlet_0.3,3426,1,229,0.5866370150944559,0.761375,0.7561666666666667,7623150336
bdsvm,dirichlet_0.3,3426,2,3623,0.5848112847758739,0.7625,0.7563333333333333,7622655840
bdsvm,dirichlet_0.3,3426,3,2851,0.5844246383604937,0.7625,0.756,7621419600
bdsvm,dirichlet_0.3,3426,4,2684,0.5846511292145713,0.762625,0.7561666666666667,7621666848
bdsvm,dirichlet_0.3,3426,5,7691,0.5863488387560716,0.7619583333333333,0.7561666666666667,7621914096
bdsvm,dirichlet_0.3,3426,6,3655,0.5848517799990689,0.7626666666666667,0.756,7620183360
bdsvm,dirichlet_0.3,3426,7,2159,0.5842019977269042,0.7625833333333333,0.7565,7621914096
bdsvm,dirichlet_0.3,3426,8,0,1.0,0.4859583333333333,0.4825,7620677856
bdsvm,dirichlet_0.3,3426,9,1045,0.5843848674053717,0.7625833333333333,0.7563333333333333,7621666848
bdsvm,dirichlet_0.3,3451,0,63,0.5877617987807604,0.7594583333333333,0.7536666666666667,7676061408
bdsvm,dirichlet_0.3,3451,1,229,0.5877584653030047,0.7595833333333334,0.754,7678781136
bdsvm,dirichlet_0.3,3451,2,3623,0.5876354252304704,0.7597916666666666,0.7541666666666667,7678286640
bdsvm,dirichlet_0.3,3451,3,2851,0.5877789872840984,0.7597083333333333,0.754,7677050400
bdsvm,dirichlet_0.3,3451,4,2684,0.5877862320033913,0.7595416666666667,0.754,7677297648
bdsvm,dirichlet_0.3,3451,5,7691,0.5878959546414426,0.7595833333333334,0.7538333333333334,7677544896
bdsvm,dirichlet_0.3,3451,6,3655,0.587800117529502,0.7596666666666667,0.7541666666666667,7675814160
bdsvm,dirichlet_0.3,3451,7,2159,0.5876324853325484,0.7597916666666666,0.7541666666666667,7677544896
bdsvm,dirichlet_0.3,3451,8,0,1.0,0.4859583333333333,0.4825,7676308656
bdsvm,dirichlet_0.3,3451,9,1045,0.5878005935800004,0.759625,0.7538333333333334,7677297648
bdsvm,dirichlet_0.3,3476,0,63,0.5769513421125109,0.7641666666666667,0.7596666666666667,7731692208
bdsvm,dirichlet_0.3,3476,1,229,0.5766357095379373,0.764375,0.7591666666666667,7734411936
bdsvm,dirichlet_0.3,3476,2,3623,0.5779017025653868,0.7637916666666666,0.7588333333333334,7733917440
bdsvm,dirichlet_0.3,3476,3,2851,0.5771619670413539,0.76425,0.7588333333333334,7732681200
bdsvm,dirichlet_0.3,3476,4,2684,0.5779700286909755,0.7637916666666666,0.7588333333333334,7732928448
bdsvm,dirichlet_0.3,3476,5,7691,0.5780090813766919,0.7635,0.7586666666666667,7733175696
bdsvm,dirichlet_0.3,3476,6,3655,0.5770856928291396,0.7643333333333333,0.7591666666666667,7731444960
bdsvm,dirichlet_0.3,3476,7,2159,0.5774649348351122,0.764125,0.7593333333333333,7733175696
bdsvm,dirichlet_0.3,3476,8,0,1.0,0.4859583333333333,0.4825,7731939456
bdsvm,dirichlet_0.3,3476,9,1045,0.5775525758403961,0.7642083333333334,0.7591666666666667,7732928448
bdsvm,dirichlet_0.3,3501,0,63,0.5779714868027741,0.76425,0.757,7787323008
bdsvm,dirichlet_0.3,3501,1,229,0.5779516569561183,0.7644583333333334,0.757,7790042736
bdsvm,dirichlet_0.3,3501,2,3623,0.5779600921475236,0.764375,0.757,7789548240
bdsvm,dirichlet_0.3,3501,3,2851,0.5779584622140126,0.7644166666666666,0.757,7788312000
bdsvm,dirichlet_0.3,3501,4,2684,0.5779511759587641,0.764375,0.7571666666666667,7788559248
bdsvm,dirichlet_0.3,3501,5,7691,0.5780166947447652,0.7643333333333333,0.7571666666666667,7788806496
bdsvm,dirichlet_0.3,3501,6,3655,0.5779559025789123,0.7644166666666666,0.7571666666666667,7787075760
bdsvm,dirichlet_0.3,3501,7,2159,0.578019904588761,0.7645,0.7571666666666667,7788806496
bdsvm,dirichlet_0.3,3501,8,0,1.0,0.4859583333333333,0.4825,7787570256
bdsvm,dirichlet_0.3,3501,9,1045,0.577960705182944,0.7644583333333334,0.757,7788559248
bdsvm,dirichlet_0.3,3526,0,63,0.5777329614928564,0.7641666666666667,0.7576666666666667,7842953808
bdsvm,dirichlet_0.3,3526,1,229,0.5779829734878362,0.7644166666666666,0.7578333333333334,7845673536
bdsvm,dirichlet_0.3,3526,2,3623,0.5785686870053327,0.7640416666666666,0.7575,7845179040
bdsvm,dirichlet_0.3,3526,3,2851,0.5791281612605165,0.764,0.758,7843942800
bdsvm,dirichlet_0.3,3526,4,2684,0.5779853413712661,0.7640416666666666,0.7575,7844190048
bdsvm,dirichlet_0.3,3526,5,7691,0.5782970644855204,0.764,0.7578333333333334,7844437296
bdsvm,dirichlet_0.3,3526,6,3655,0.5784767366192267,0.763875,0.7581666666666667,7842706560
bdsvm,dirichlet_0.3,3526,7,2159,0.5786028980491317,0.7638333333333334,0.7575,7844437296
bdsvm,dirichlet_0.3,3526,8,0,1.0,0.4859583333333333,0.4825,7843201056
bdsvm,dirichlet_0.3,3526,9,1045,0.5787408232466369,0.7638333333333334,0.7576666666666667,7844190048
bdsvm,dirichlet_0.3,3551,0,63,0.5781373163205074,0.7644166666666666,0.757,7898584608
bdsvm,dirichlet_0.3,3551,1,229,0.578389455968464,0.764625,0.7576666666666667,7901304336
bdsvm,dirichlet_0.3,3551,2,3623,0.578443350937604,0.764625,0.7576666666666667,7900809840
bdsvm,dirichlet_0.3,3551,3,2851,0.5782684759144221,0.764625,0.7578333333333334,7899573600
bdsvm,dirichlet_0.3,3551,4,2684,0.578429851675095,0.7645,0.7575,7899820848
bdsvm,dirichlet_0.3,3551,5,7691,0.5782218127687389,0.7647916666666666,0.7576666666666667,7900068096
bdsvm,dirichlet_0.3,3551,6,3655,0.5781277294832472,0.764875,0.7576666666666667,7898337360
bdsvm,dirichlet_0.3,3551,7,2159,0.578434038551672,0.7645833333333333,0.7576666666666667,7900068096
bdsvm,dirichlet_0.3,3551,8,0,1.0,0.4859583333333333,0.4825,7898831856
bdsvm,dirichlet_0.3,3551,9,1045,0.5782974794544746,0.7645833333333333,0.7575,7899820848
bdsvm,dirichlet_0.3,3576,0,63,0.5768726400474031,0.7653333333333333,0.7585,7954215408
bdsvm,dirichlet_0.3,3576,1,229,0.5771979959542655,0.7653333333333333,0.759,7956935136
bdsvm,dirichlet_0.3,3576,2,3623,0.57709547738523,0.765375,0.7588333333333334,7956440640
bdsvm,dirichlet_0.3,3576,3,2851,0.5769309056582641,0.7654166666666666,0.759,7955204400
bdsvm,dirichlet_0.3,3576,4,2684,0.5769311449485256,0.7654166666666666,0.759,7955451648
bdsvm,dirichlet_0.3,3576,5,7691,0.576906238264529,0.7655416666666667,0.7588333333333334,7955698896
bdsvm,dirichlet_0.3,3576,6,3655,0.5770187291908356,0.765375,0.759,7953968160
bdsvm,dirichlet_0.3,3576,7,2159,0.5770901369739428,0.7653333333333333,0.7591666666666667,7955698896
bdsvm,dirichlet_0.3,3576,8,0,1.0,0.4859583333333333,0.4825,7954462656
bdsvm,dirichlet_0.3,3576,9,1045,0.5769092618235634,0.765375,0.759,7955451648
bdsvm,dirichlet_0.3,3601,0,63,0.5784447879487522,0.7640833333333333,0.7588333333333334,8009846208
bdsvm,dirichlet_0.3,3601,1,229,0.5783157537815925,0.7640416666666666,0.7581666666666667,8012565936
bdsvm,dirichlet_0.3,3601,2,3623,0.5797243568442012,0.7642083333333334,0.759,8012071440
bdsvm,dirichlet_0.3,3601,3,2851,0.5788025044130667,0.764,0.7591666666666667,8010835200
bdsvm,dirichlet_0.3,3601,4,2684,0.5792979288760791,0.76375,0.759,8011082448
bdsvm,dirichlet_0.3,3601,5,7691,0.5799614672862986,0.7639166666666667,0.7591666666666667,8011329696
bdsvm,dirichlet_0.3,3601,6,3655,0.5786098773383245,0.7642916666666667,0.759,8009598960
bdsvm,dirichlet_0.3,3601,7,2159,0.5797138634123447,0.7638333333333334,0.7593333333333333,8011329696
bdsvm,dirichlet_0.3,3601,8,0,1.0,0.4859583333333333,0.4825,8010093456
bdsvm,dirichlet_0.3,3601,9,1045,0.5785562589931526,0.764375,0.759,8011082448
bdsvm,dirichlet_0.3,3626,0,63,0.5773843460280234,0.7645416666666667,0.7578333333333334,8065477008
bdsvm,dirichlet_0.3,3626,1,229,0.57738422814663,0.764375,0.7581666666666667,8068196736
bdsvm,dirichlet_0.3,3626,2,3623,0.5773982789244785,0.7644583333333334,0.7583333333333333,8067702240
bdsvm,dirichlet_0.3,3626,3,2851,0.577364527437548,0.7644583333333334,0.7581666666666667,8066466000
bdsvm,dirichlet_0.3,3626,4,2684,0.5774148500604044,0.7645416666666667,0.7581666666666667,8066713248
bdsvm,dirichlet_0.3,3626,5,7691,0.5773486112366383,0.7645,0.7581666666666667,8066960496
bdsvm,dirichlet_0.3,3626,6,3655,0.5773632813759068,0.7645,0.7581666666666667,8065229760
bdsvm,dirichlet_0.3,3626,7,2159,0.5773937336100939,0.764375,0.7583333333333333,8066960496
bdsvm,dirichlet_0.3,3626,8,0,1.0,0.4859583333333333,0.4825,8065724256
bdsvm,dirichlet_0.3,3626,9,1045,0.577373362416383,0.7644166666666666,0.7583333333333333,8066713248
bdsvm,dirichlet_0.3,3651,0,63,0.579742383902387,0.7639166666666667,0.7581666666666667,8121107808
bdsvm,dirichlet_0.3,3651,1,229,0.579732281797892,0.764,0.7573333333333333,8123827536
bdsvm,dirichlet_0.3,3651,2,3623,0.5797382012750258,0.7639583333333333,0.757,8123333040
bdsvm,dirichlet_0.3,3651,3,2851,0.5795804567341829,0.76425,0.757,8122096800
bdsvm,dirichlet_0.3,3651,4,2684,0.5797658804457619,0.763875,0.7568333333333334,8122344048
bdsvm,dirichlet_0.3,3651,5,7691,0.579687061710229,0.764,0.757,8122591296
bdsvm,dirichlet_0.3,3651,6,3655,0.5795083292555104,0.7642083333333334,0.757,8120860560
bdsvm,dirichlet_0.3,3651,7,2159,0.5794571087376309,0.7642083333333334,0.7568333333333334,8122591296
bdsvm,dirichlet_0.3,3651,8,0,1.0,0.4859583333333333,0.4825,8121355056
bdsvm,dirichlet_0.3,3651,9,1045,0.5794869558180359,0.7640833333333333,0.7571666666666667,8122344048
bdsvm,dirichlet_0.3,3676,0,63,0.5707008759361005,0.7655,0.7591666666666667,8176738608
bdsvm,dirichlet_0.3,3676,1,229,0.5703898232055736,0.765875,0.7591666666666667,8179458336
bdsvm,dirichlet_0.3,3676,2,3623,0.570291429286265,0.766125,0.7593333333333333,8178963840
bdsvm,dirichlet_0.3,3676,3,2851,0.5705983249975438,0.7660416666666666,0.7591666666666667,8177727600
bdsvm,dirichlet_0.3,3676,4,2684,0.5705582106560524,0.766125,0.7591666666666667,8177974848
bdsvm,dirichlet_0.3,3676,5,7691,0.5711454808086658,0.765875,0.7596666666666667,8178222096
bdsvm,dirichlet_0.3,3676,6,3655,0.5705875450208814,0.766125,0.759,8176491360
bdsvm,dirichlet_0.3,3676,7,2159,0.5705975351581216,0.7659583333333333,0.759,8178222096
bdsvm,dirichlet_0.3,3676,8,0,1.0,0.4859583333333333,0.4825,8176985856
bdsvm,dirichlet_0.3,3676,9,1045,0.570639393053293,0.7659583333333333,0.7593333333333333,8177974848
bdsvm,dirichlet_0.3,3701,0,63,0.5776959079481413,0.7647916666666666,0.7571666666666667,8232369408
bdsvm,dirichlet_0.3,3701,1,229,0.5775678922774328,0.764625,0.7575,8235089136
bdsvm,dirichlet_0.3,3701,2,3623,0.5776206480850696,0.7645416666666667,0.7576666666666667,8234594640
bdsvm,dirichlet_0.3,3701,3,2851,0.5775915011606709,0.7646666666666667,0.7575,8233358400
bdsvm,dirichlet_0.3,3701,4,2684,0.577561567043702,0.7647083333333333,0.7575,8233605648
bdsvm,dirichlet_0.3,3701,5,7691,0.5774981798148999,0.7645833333333333,0.7576666666666667,8233852896
bdsvm,dirichlet_0.3,3701,6,3655,0.5776880178473394,0.7645416666666667,0.7576666666666667,8232122160
bdsvm,dirichlet_0.3,3701,7,2159,0.5775545076402882,0.7645833333333333,0.7575,8233852896
bdsvm,dirichlet_0.3,3701,8,0,1.0,0.4859583333333333,0.4825,8232616656
bdsvm,dirichlet_0.3,3701,9,1045,0.5776330702032918,0.76475,0.7573333333333333,8233605648
bdsvm,dirichlet_0.3,3726,0,63,0.5842987052837524,0.763375,0.7563333333333333,8288000208
bdsvm,dirichlet_0.3,3726,1,229,0.5842616750599487,0.7635,0.7565,8290719936
bdsvm,dirichlet_0.3,3726,2,3623,0.5840640790244277,0.7635,0.756,8290225440
bdsvm,dirichlet_0.3,3726,3,2851,0.5840935628134174,0.763625,0.7565,8288989200
bdsvm,dirichlet_0.3,3726,4,2684,0.5832855956107308,0.7636666666666667,0.757,8289236448
bdsvm,dirichlet_0.3,3726,5,7691,0.5832769067497079,0.7639583333333333,0.7568333333333334,8289483696
bdsvm,dirichlet_0.3,3726,6,3655,0.5832135278155753,0.7638333333333334,0.7568333333333334,8287752960
bdsvm,dirichlet_0.3,3726,7,2159,0.5841712603798771,0.7637083333333333,0.7568333333333334,8289483696
bdsvm,dirichlet_0.3,3726,8,0,1.0,0.4859583333333333,0.4825,8288247456
bdsvm,dirichlet_0.3,3726,9,1045,0.5833104678298897,0.76375,0.7566666666666667,8289236448
bdsvm,dirichlet_0.3,3751,0,63,0.5779801220481474,0.7648333333333334,0.7583333333333333,8343631008
bdsvm,dirichlet_0.3,3751,1,229,0.5773679536894385,0.7647083333333333,0.7581666666666667,8346350736
bdsvm,dirichlet_0.3,3751,2,3623,0.5769809315348096,0.7650416666666666,0.758,8345856240
bdsvm,dirichlet_0.3,3751,3,2851,0.5769436317208112,0.765,0.7581666666666667,8344620000
bdsvm,dirichlet_0.3,3751,4,2684,0.5755379744922547,0.7652083333333334,0.7578333333333334,8344867248
bdsvm,dirichlet_0.3,3751,5,7691,0.5759122067544208,0.765125,0.7585,8345114496
bdsvm,dirichlet_0.3,3751,6,3655,0.576418558916457,0.7650833333333333,0.758,8343383760
bdsvm,dirichlet_0.3,3751,7,2159,0.5770120113822937,0.7650416666666666,0.7583333333333333,8345114496
bdsvm,dirichlet_0.3,3751,8,0,1.0,0.4859583333333333,0.4825,8343878256
bdsvm,dirichlet_0.3,3751,9,1045,0.5765556934307194,0.7649583333333333,0.758,8344867248
bdsvm,dirichlet_0.3,3776,0,63,0.5814409495323883,0.76375,0.7578333333333334,8399261808
bdsvm,dirichlet_0.3,3776,1,229,0.5815040682994045,0.764,0.758,8401981536
bdsvm,dirichlet_0.3,3776,2,3623,0.5815159385365329,0.764125,0.7578333333333334,8401487040
bdsvm,dirichlet_0.3,3776,3,2851,0.5816249096496156,0.76375,0.7581666666666667,8400250800
bdsvm,dirichlet_0.3,3776,4,2684,0.5811535488680435,0.7641666666666667,0.7583333333333333,8400498048
bdsvm,dirichlet_0.3,3776,5,7691,0.5811171443598978,0.764,0.7583333333333333,8400745296
bdsvm,dirichlet_0.3,3776,6,3655,0.5813459828091971,0.7642916666666667,0.758,8399014560
bdsvm,dirichlet_0.3,3776,7,2159,0.5818277990274549,0.7637083333333333,0.7585,8400745296
bdsvm,dirichlet_0.3,3776,8,0,1.0,0.4859583333333333,0.4825,8399509056
bdsvm,dirichlet_0.3,3776,9,1045,0.5814164883834524,0.7640416666666666,0.7583333333333333,8400498048
bdsvm,dirichlet_0.3,3801,0,63,0.5745368809346932,0.765375,0.7603333333333333,8454892608
bdsvm,dirichlet_0.3,3801,1,229,0.5736334936847487,0.765375,0.7593333333333333,8457612336
bdsvm,dirichlet_0.3,3801,2,3623,0.5732256503741749,0.7653333333333333,0.7598333333333334,8457117840
bdsvm,dirichlet_0.3,3801,3,2851,0.572894949824835,0.7654166666666666,0.76,8455881600
bdsvm,dirichlet_0.3,3801,4,2684,0.5723214402114525,0.7655,0.7598333333333334,8456128848
bdsvm,dirichlet_0.3,3801,5,7691,0.5727525795603385,0.765625,0.76,8456376096
bdsvm,dirichlet_0.3,3801,6,3655,0.5730817769137933,0.7655,0.7596666666666667,8454645360
bdsvm,dirichlet_0.3,3801,7,2159,0.5729655246017522,0.765625,0.7596666666666667,8456376096
bdsvm,dirichlet_0.3,3801,8,0,1.0,0.4859583333333333,0.4825,8455139856
bdsvm,dirichlet_0.3,3801,9,1045,0.5732825489209403,0.7652916666666667,0.7595,8456128848
bdsvm,dirichlet_0.3,3826,0,63,0.5786693014279428,0.76425,0.7581666666666667,8510523408
bdsvm,dirichlet_0.3,3826,1,229,0.5785245959095195,0.7643333333333333,0.7583333333333333,8513243136
bdsvm,dirichlet_0.3,3826,2,3623,0.5784619416251734,0.7645,0.7585,8512748640
bdsvm,dirichlet_0.3,3826,3,2851,0.5784509067234785,0.76425,0.758,8511512400
bdsvm,dirichlet_0.3,3826,4,2684,0.5784702954656632,0.764375,0.758,8511759648
bdsvm,dirichlet_0.3,3826,5,7691,0.5784622038517643,0.7644583333333334,0.7585,8512006896
bdsvm,dirichlet_0.3,3826,6,3655,0.5786677140656132,0.7645833333333333,0.7581666666666667,8510276160
bdsvm,dirichlet_0.3,3826,7,2159,0.5787458880405035,0.764375,0.7581666666666667,8512006896
bdsvm,dirichlet_0.3,3826,8,0,1.0,0.4859583333333333,0.4825,8510770656
bdsvm,dirichlet_0.3,3826,9,1045,0.5783705812550943,0.7644583333333334,0.7581666666666667,8511759648
bdsvm,dirichlet_0.3,3851,0,63,0.5836707144534126,0.7627916666666666,0.7571666666666667,8566154208
bdsvm,dirichlet_0.3,3851,1,229,0.5836423234244982,0.7630416666666666,0.7563333333333333,8568873936
bdsvm,dirichlet_0.3,3851,2,3623,0.5834373482226236,0.7633333333333333,0.7563333333333333,8568379440
bdsvm,dirichlet_0.3,3851,3,2851,0.5838595636904435,0.763,0.757,8567143200
bdsvm,dirichlet_0.3,3851,4,2684,0.5835356448131573,0.7629166666666667,0.7561666666666667,8567390448
bdsvm,dirichlet_0.3,3851,5,7691,0.5842578216849355,0.762375,0.7566666666666667,8567637696
bdsvm,dirichlet_0.3,3851,6,3655,0.5820170295818099,0.7634166666666666,0.7575,8565906960
bdsvm,dirichlet_0.3,3851,7,2159,0.5835616303149754,0.763125,0.7563333333333333,8567637696
bdsvm,dirichlet_0.3,3851,8,0,1.0,0.4859583333333333,0.4825,8566401456
bdsvm,dirichlet_0.3,3851,9,1045,0.583632239218896,0.7635,0.7561666666666667,8567390448
bdsvm,dirichlet_0.3,3876,0,63,0.6057597252797756,0.7395416666666667,0.7341666666666666,8621785008
bdsvm,dirichlet_0.3,3876,1,229,0.6049606082356138,0.7443333333333333,0.7388333333333333,8624504736
bdsvm,dirichlet_0.3,3876,2,3623,0.6056027776697227,0.743625,0.7378333333333333,8624010240
bdsvm,dirichlet_0.3,3876,3,2851,0.6040811970869651,0.7425,0.7365,8622774000
bdsvm,dirichlet_0.3,3876,4,2684,0.6040669437617084,0.746625,0.741,8623021248
bdsvm,dirichlet_0.3,3876,5,7691,0.6043767752980987,0.7452083333333334,0.7395,8623268496
bdsvm,dirichlet_0.3,3876,6,3655,0.6057552053127352,0.7435416666666667,0.7375,8621537760
bdsvm,dirichlet_0.3,3876,7,2159,0.6057711167526489,0.73675,0.7313333333333333,8623268496
bdsvm,dirichlet_0.3,3876,8,0,1.0,0.4859583333333333,0.4825,8622032256
bdsvm,dirichlet_0.3,3876,9,1045,0.6042934045396614,0.7450416666666667,0.7393333333333333,8623021248
bdsvm,dirichlet_0.3,3901,0,63,0.5777375603959988,0.7641666666666667,0.758,8677415808
bdsvm,dirichlet_0.3,3901,1,229,0.5775159282997491,0.76425,0.7573333333333333,8680135536
bdsvm,dirichlet_0.3,3901,2,3623,0.577524075631721,0.764375,0.7571666666666667,8679641040
bdsvm,dirichlet_0.3,3901,3,2851,0.5775256679407845,0.764375,0.7571666666666667,8678404800
bdsvm,dirichlet_0.3,3901,4,2684,0.5776682549113078,0.7641666666666667,0.7575,8678652048
bdsvm,dirichlet_0.3,3901,5,7691,0.5774082599971164,0.7643333333333333,0.7573333333333333,8678899296
bdsvm,dirichlet_0.3,3901,6,3655,0.5775190023542945,0.764375,0.7573333333333333,8677168560
bdsvm,dirichlet_0.3,3901,7,2159,0.5776000922872705,0.76425,0.7571666666666667,8678899296
bdsvm,dirichlet_0.3,3901,8,0,1.0,0.4859583333333333,0.4825,8677663056
bdsvm,dirichlet_0.3,3901,9,1045,0.5777160821617668,0.7640833333333333,0.7573333333333333,8678652048
bdsvm,dirichlet_0.3,3926,0,63,0.5902130824366559,0.7589583333333333,0.7546666666666667,8733046608
bdsvm,dirichlet_0.3,3926,1,229,0.5902880922788271,0.7591666666666667,0.7541666666666667,8735766336
bdsvm,dirichlet_0.3,3926,2,3623,0.5903761296568029,0.7590833333333333,0.754,8735271840
bdsvm,dirichlet_0.3,3926,3,2851,0.5902595624789492,0.7592083333333334,0.7541666666666667,8734035600
bdsvm,dirichlet_0.3,3926,4,2684,0.5903903354095646,0.7590833333333333,0.7546666666666667,8734282848
bdsvm,dirichlet_0.3,3926,5,7691,0.5901464708643286,0.75925,0.7545,8734530096
bdsvm,dirichlet_0.3,3926,6,3655,0.5902108575752645,0.75925,0.7546666666666667,8732799360
bdsvm,dirichlet_0.3,3926,7,2159,0.5901600856021568,0.7592083333333334,0.7545,8734530096
bdsvm,dirichlet_0.3,3926,8,0,1.0,0.4859583333333333,0.4825,8733293856
bdsvm,dirichlet_0.3,3926,9,1045,0.5903983490329656,0.759125,0.7541666666666667,8734282848
bdsvm,dirichlet_0.3,3951,0,63,0.5899764930502125,0.7583333333333333,0.7528333333333334,8788677408
bdsvm,dirichlet_0.3,3951,1,229,0.5899057657170788,0.7584583333333333,0.7526666666666667,8791397136
bdsvm,dirichlet_0.3,3951,2,3623,0.5902406930055415,0.7580833333333333,0.7525,8790902640
bdsvm,dirichlet_0.3,3951,3,2851,0.5903944739926604,0.75825,0.7525,8789666400
bdsvm,dirichlet_0.3,3951,4,2684,0.5899901179151719,0.7584583333333333,0.7528333333333334,8789913648
bdsvm,dirichlet_0.3,3951,5,7691,0.5897846969912175,0.7584583333333333,0.7531666666666667,8790160896
bdsvm,dirichlet_0.3,3951,6,3655,0.5901129743269944,0.7584583333333333,0.7528333333333334,8788430160
bdsvm,dirichlet_0.3,3951,7,2159,0.5901670662971086,0.7583333333333333,0.7523333333333333,8790160896
bdsvm,dirichlet_0.3,3951,8,0,1.0,0.4859583333333333,0.4825,8788924656
bdsvm,dirichlet_0.3,3951,9,1045,0.5900233092663665,0.7584166666666666,0.7528333333333334,8789913648
bdsvm,dirichlet_0.3,3976,0,63,0.5776407564154752,0.7634166666666666,0.7585,8844308208
bdsvm,dirichlet_0.3,3976,1,229,0.5777658630587855,0.7635,0.7591666666666667,8847027936
bdsvm,dirichlet_0.3,3976,2,3623,0.5779813530856287,0.763625,0.7591666666666667,8846533440
bdsvm,dirichlet_0.3,3976,3,2851,0.5775751684635305,0.7634166666666666,0.759,8845297200
bdsvm,dirichlet_0.3,3976,4,2684,0.5787746393051453,0.7635,0.7583333333333333,8845544448
bdsvm,dirichlet_0.3,3976,5,7691,0.5781906042525613,0.7635416666666667,0.7583333333333333,8845791696
bdsvm,dirichlet_0.3,3976,6,3655,0.5783981440004923,0.7633333333333333,0.7593333333333333,8844060960
bdsvm,dirichlet_0.3,3976,7,2159,0.5781152391536383,0.7635416666666667,0.7588333333333334,8845791696
bdsvm,dirichlet_0.3,3976,8,0,1.0,0.4859583333333333,0.4825,8844555456
bdsvm,dirichlet_0.3,3976,9,1045,0.5776912655942567,0.7633333333333333,0.7591666666666667,8845544448
bdsvm,dirichlet_0.3,4001,0,63,0.5783306494967189,0.7639583333333333,0.7573333333333333,8899939008
bdsvm,dirichlet_0.3,4001,1,229,0.578146648972569,0.7642916666666667,0.7575,8902658736
bdsvm,dirichlet_0.3,4001,2,3623,0.5780951551333738,0.7642083333333334,0.7575,8902164240
bdsvm,dirichlet_0.3,4001,3,2851,0.5784222846803119,0.7642916666666667,0.7571666666666667,8900928000
bdsvm,dirichlet_0.3,4001,4,2684,0.5783142718012442,0.7643333333333333,0.7571666666666667,8901175248
bdsvm,dirichlet_0.3,4001,5,7691,0.578425818251166,0.76425,0.7571666666666667,8901422496
bdsvm,dirichlet_0.3,4001,6,3655,0.5783620992970187,0.7643333333333333,0.7571666666666667,8899691760
bdsvm,dirichlet_0.3,4001,7,2159,0.5783078174213843,0.7642083333333334,0.7571666666666667,8901422496
bdsvm,dirichlet_0.3,4001,8,0,1.0,0.4859583333333333,0.4825,8900186256
bdsvm,dirichlet_0.3,4001,9,1045,0.5782700928284726,0.7641666666666667,0.7575,8901175248
bdsvm,dirichlet_0.3,4026,0,63,0.5725901391794114,0.7652916666666667,0.7588333333333334,8955569808
bdsvm,dirichlet_0.3,4026,1,229,0.5725274888229706,0.7655416666666667,0.7595,8958289536
bdsvm,dirichlet_0.3,4026,2,3623,0.572493230909063,0.7654166666666666,0.7596666666666667,8957795040
bdsvm,dirichlet_0.3,4026,3,2851,0.5724426347449866,0.765375,0.7596666666666667,8956558800
bdsvm,dirichlet_0.3,4026,4,2684,0.5728644311752314,0.76525,0.7595,8956806048
bdsvm,dirichlet_0.3,4026,5,7691,0.5727734558206691,0.7654583333333334,0.7595,8957053296
bdsvm,dirichlet_0.3,4026,6,3655,0.5722832631844722,0.7654583333333334,0.7593333333333333,8955322560
bdsvm,dirichlet_0.3,4026,7,2159,0.5726050207066762,0.7652916666666667,0.7591666666666667,8957053296
bdsvm,dirichlet_0.3,4026,8,0,1.0,0.4859583333333333,0.4825,8955817056
bdsvm,dirichlet_0.3,4026,9,1045,0.5724705016826749,0.7654583333333334,0.7595,8956806048
bdsvm,dirichlet_0.3,4051,0,63,0.5773928864938793,0.764625,0.7573333333333333,9011200608
bdsvm,dirichlet_0.3,4051,1,229,0.5772740909605681,0.7644166666666666,0.7578333333333334,9013920336
bdsvm,dirichlet_0.3,4051,2,3623,0.5783505181615964,0.7644166666666666,0.7578333333333334,9013425840
bdsvm,dirichlet_0.3,4051,3,2851,0.5775524255901578,0.7645,0.7578333333333334,9012189600
bdsvm,dirichlet_0.3,4051,4,2684,0.5784464486652556,0.7644583333333334,0.7578333333333334,9012436848
bdsvm,dirichlet_0.3,4051,5,7691,0.5774206978121328,0.7644583333333334,0.7583333333333333,9012684096
bdsvm,dirichlet_0.3,4051,6,3655,0.5785065571641985,0.7644166666666666,0.7576666666666667,9010953360
bdsvm,dirichlet_0.3,4051,7,2159,0.5772145295333517,0.7644583333333334,0.7578333333333334,9012684096
bdsvm,dirichlet_0.3,4051,8,0,1.0,0.4859583333333333,0.4825,9011447856
bdsvm,dirichlet_0.3,4051,9,1045,0.5773962947921585,0.7645,0.758,9012436848
bdsvm,dirichlet_0.3,4076,0,63,0.5937951045882928,0.7567083333333333,0.7515,9066831408
bdsvm,dirichlet_0.3,4076,1,229,0.5962405129686924,0.7544166666666666,0.7488333333333334,9069551136
bdsvm,dirichlet_0.3,4076,2,3623,0.59368396498427,0.7574583333333333,0.7518333333333334,9069056640
bdsvm,dirichlet_0.3,4076,3,2851,0.5928050448404519,0.7577083333333333,0.7526666666666667,9067820400
bdsvm,dirichlet_0.3,4076,4,2684,0.5943587923687198,0.7575833333333334,0.7516666666666667,9068067648
bdsvm,dirichlet_0.3,4076,5,7691,0.5920937757611259,0.7584583333333333,0.7533333333333333,9068314896
bdsvm,dirichlet_0.3,4076,6,3655,0.595173129583967,0.75675,0.752,9066584160
bdsvm,dirichlet_0.3,4076,7,2159,0.5936740776019398,0.757375,0.7515,9068314896
bdsvm,dirichlet_0.3,4076,8,0,1.0,0.4859583333333333,0.4825,9067078656
bdsvm,dirichlet_0.3,4076,9,1045,0.595809946708087,0.7552083333333334,0.7513333333333333,9068067648
bdsvm,dirichlet_0.3,4101,0,63,0.5763637811046076,0.7645416666666667,0.7576666666666667,9122462208
bdsvm,dirichlet_0.3,4101,1,229,0.5765335455021322,0.7647916666666666,0.7566666666666667,9125181936
bdsvm,dirichlet_0.3,4101,2,3623,0.5766731804171011,0.76475,0.757,9124687440
bdsvm,dirichlet_0.3,4101,3,2851,0.5765247104756643,0.7649583333333333,0.757,9123451200
bdsvm,dirichlet_0.3,4101,4,2684,0.5765111760241092,0.7647916666666666,0.7568333333333334,9123698448
bdsvm,dirichlet_0.3,4101,5,7691,0.5762159548228174,0.7649583333333333,0.7568333333333334,9123945696
bdsvm,dirichlet_0.3,4101,6,3655,0.5764418243240224,0.765125,0.7568333333333334,9122214960
bdsvm,dirichlet_0.3,4101,7,2159,0.5765662902358712,0.7649166666666667,0.7571666666666667,9123945696
bdsvm,dirichlet_0.3,4101,8,0,1.0,0.4859583333333333,0.4825,9122709456
bdsvm,dirichlet_0.3,4101,9,1045,0.5764444118351045,0.7647916666666666,0.7568333333333334,9123698448
bdsvm,dirichlet_0.3,4126,0,63,0.585228799459721,0.7620833333333333,0.7565,9178093008
bdsvm,dirichlet_0.3,4126,1,229,0.5846751157342014,0.7622916666666667,0.7578333333333334,9180812736
bdsvm,dirichlet_0.3,4126,2,3623,0.5852466081453123,0.7620416666666666,0.7566666666666667,9180318240
bdsvm,dirichlet_0.3,4126,3,2851,0.5855121201250443,0.761875,0.7566666666666667,9179082000
bdsvm,dirichlet_0.3,4126,4,2684,0.5851279401667964,0.7620833333333333,0.757,9179329248
bdsvm,dirichlet_0.3,4126,5,7691,0.585165908304386,0.7620416666666666,0.7566666666666667,9179576496
bdsvm,dirichlet_0.3,4126,6,3655,0.5853310580424242,0.76225,0.7568333333333334,9177845760
bdsvm,dirichlet_0.3,4126,7,2159,0.5851597319279087,0.7621666666666667,0.7565,9179576496
bdsvm,dirichlet_0.3,4126,8,0,1.0,0.4859583333333333,0.4825,9178340256
bdsvm,dirichlet_0.3,4126,9,1045,0.5852460314916947,0.7620833333333333,0.7566666666666667,9179329248
bdsvm,dirichlet_0.3,4151,0,63,0.5703100640451909,0.7660416666666666,0.7595,9233723808
bdsvm,dirichlet_0.3,4151,1,229,0.5702592272469884,0.765875,0.7595,9236443536
bdsvm,dirichlet_0.3,4151,2,3623,0.5701504394199172,0.7657916666666666,0.7593333333333333,9235949040
bdsvm,dirichlet_0.3,4151,3,2851,0.5703033711667747,0.7657916666666666,0.7593333333333333,9234712800
bdsvm,dirichlet_0.3,4151,4,2684,0.5703213499540897,0.7659583333333333,0.7591666666666667,9234960048
bdsvm,dirichlet_0.3,4151,5,7691,0.5703660643313494,0.7659166666666667,0.7598333333333334,9235207296
bdsvm,dirichlet_0.3,4151,6,3655,0.5703006666213454,0.7657083333333333,0.7598333333333334,9233476560
bdsvm,dirichlet_0.3,4151,7,2159,0.5702190757768697,0.76575,0.7591666666666667,9235207296
bdsvm,dirichlet_0.3,4151,8,0,1.0,0.4859583333333333,0.4825,9233971056
bdsvm,dirichlet_0.3,4151,9,1045,0.5702486593627141,0.765875,0.7593333333333333,9234960048
bdsvm,dirichlet_0.3,4176,0,63,0.5807299866061976,0.7635416666666667,0.7571666666666667,9289354608
bdsvm,dirichlet_0.3,4176,1,229,0.5790320239174216,0.7640833333333333,0.7581666666666667,9292074336
bdsvm,dirichlet_0.3,4176,2,3623,0.580965318091865,0.763875,0.7581666666666667,9291579840
bdsvm,dirichlet_0.3,4176,3,2851,0.5824074640344432,0.76325,0.757,9290343600
bdsvm,dirichlet_0.3,4176,4,2684,0.5824995174092191,0.7635,0.7578333333333334,9290590848
bdsvm,dirichlet_0.3,4176,5,7691,0.5809665231647907,0.764,0.7575,9290838096
bdsvm,dirichlet_0.3,4176,6,3655,0.5826107423973033,0.763875,0.7571666666666667,9289107360
bdsvm,dirichlet_0.3,4176,7,2159,0.5788441491277041,0.76425,0.7578333333333334,9290838096
bdsvm,dirichlet_0.3,4176,8,0,1.0,0.4859583333333333,0.4825,9289601856
bdsvm,dirichlet_0.3,4176,9,1045,0.5814853212547,0.76375,0.758,9290590848
bdsvm,dirichlet_0.3,4201,0,63,0.5774321113793028,0.7648333333333334,0.7581666666666667,9344985408
bdsvm,dirichlet_0.3,4201,1,229,0.577717570222546,0.7649583333333333,0.7585,9347705136
bdsvm,dirichlet_0.3,4201,2,3623,0.5776200155858372,0.7652916666666667,0.7583333333333333,9347210640
bdsvm,dirichlet_0.3,4201,3,2851,0.577524117852034,0.765375,0.7583333333333333,9345974400
bdsvm,dirichlet_0.3,4201,4,2684,0.5774844570567728,0.7652083333333334,0.7586666666666667,9346221648
bdsvm,dirichlet_0.3,4201,5,7691,0.577806314414092,0.7648333333333334,0.7585,9346468896
bdsvm,dirichlet_0.3,4201,6,3655,0.577346507964686,0.7654166666666666,0.7586666666666667,9344738160
bdsvm,dirichlet_0.3,4201,7,2159,0.5775058924203139,0.765375,0.7586666666666667,9346468896
bdsvm,dirichlet_0.3,4201,8,0,1.0,0.4859583333333333,0.4825,9345232656
bdsvm,dirichlet_0.3,4201,9,1045,0.5775906846574084,0.765125,0.7585,9346221648
bdsvm,dirichlet_0.3,4226,0,63,0.6072360978580629,0.7338333333333333,0.73,9400616208
bdsvm,dirichlet_0.3,4226,1,229,0.6017537873848768,0.7439583333333334,0.7398333333333333,9403335936
bdsvm,dirichlet_0.3,4226,2,3623,0.6069698386083281,0.7356666666666667,0.7318333333333333,9402841440
bdsvm,dirichlet_0.3,4226,3,2851,0.604094103058704,0.7405416666666667,0.7378333333333333,9401605200
bdsvm,dirichlet_0.3,4226,4,2684,0.6035635211809011,0.742125,0.7378333333333333,9401852448
bdsvm,dirichlet_0.3,4226,5,7691,0.6020044356060347,0.7465833333333334,0.7425,9402099696
bdsvm,dirichlet_0.3,4226,6,3655,0.6045851503978098,0.7399166666666667,0.736,9400368960
bdsvm,dirichlet_0.3,4226,7,2159,0.5991434486449978,0.7495833333333334,0.7461666666666666,9402099696
bdsvm,dirichlet_0.3,4226,8,0,1.0,0.4859583333333333,0.4825,9400863456
bdsvm,dirichlet_0.3,4226,9,1045,0.601455751267944,0.7439583333333334,0.7401666666666666,9401852448
bdsvm,dirichlet_0.3,4251,0,63,0.5755538415287126,0.7647916666666666,0.7586666666666667,9456247008
bdsvm,dirichlet_0.3,4251,1,229,0.5750847083009218,0.765375,0.7588333333333334,9458966736
bdsvm,dirichlet_0.3,4251,2,3623,0.5757444289685545,0.7647083333333333,0.7591666666666667,9458472240
bdsvm,dirichlet_0.3,4251,3,2851,0.5759037563928704,0.7649583333333333,0.7591666666666667,9457236000
bdsvm,dirichlet_0.3,4251,4,2684,0.5755956905801216,0.7649583333333333,0.759,9457483248
bdsvm,dirichlet_0.3,4251,5,7691,0.5756896921947046,0.7649583333333333,0.7591666666666667,9457730496
bdsvm,dirichlet_0.3,4251,6,3655,0.5750748855448461,0.7650416666666666,0.7591666666666667,9455999760
bdsvm,dirichlet_0.3,4251,7,2159,0.5755274877688363,0.765,0.7588333333333334,9457730496
bdsvm,dirichlet_0.3,4251,8,0,1.0,0.4859583333333333,0.4825,9456494256
bdsvm,dirichlet_0.3,4251,9,1045,0.5753811670963261,0.765125,0.7588333333333334,9457483248
bdsvm,dirichlet_0.3,4276,0,63,0.5805471049661505,0.764,0.7573333333333333,9511877808
bdsvm,dirichlet_0.3,4276,1,229,0.5806355900772031,0.7638333333333334,0.7573333333333333,9514597536
bdsvm,dirichlet_0.3,4276,2,3623,0.5805500609238852,0.763875,0.7573333333333333,9514103040
bdsvm,dirichlet_0.3,4276,3,2851,0.5799277155637762,0.764,0.7573333333333333,9512866800
bdsvm,dirichlet_0.3,4276,4,2684,0.5797543255052998,0.7639583333333333,0.7575,9513114048
bdsvm,dirichlet_0.3,4276,5,7691,0.5799860277100173,0.7640833333333333,0.7576666666666667,9513361296
bdsvm,dirichlet_0.3,4276,6,3655,0.5799172731701806,0.7642083333333334,0.7576666666666667,9511630560
bdsvm,dirichlet_0.3,4276,7,2159,0.5805839870706834,0.7639583333333333,0.7571666666666667,9513361296
bdsvm,dirichlet_0.3,4276,8,0,1.0,0.4859583333333333,0.4825,9512125056
bdsvm,dirichlet_0.3,4276,9,1045,0.5801282294677685,0.7639583333333333,0.7578333333333334,9513114048
bdsvm,dirichlet_0.3,4301,0,63,0.5698931591864187,0.76575,0.7588333333333334,9567508608
bdsvm,dirichlet_0.3,4301,1,229,0.569909149876969,0.7654583333333334,0.7595,9570228336
bdsvm,dirichlet_0.3,4301,2,3623,0.5698561451058888,0.7657916666666666,0.7598333333333334,9569733840
bdsvm,dirichlet_0.3,4301,3,2851,0.5702815375580772,0.765625,0.7591666666666667,9568497600
bdsvm,dirichlet_0.3,4301,4,2684,0.5700683272934124,0.765875,0.759,9568744848
bdsvm,dirichlet_0.3,4301,5,7691,0.570051164777218,0.7656666666666667,0.7595,9568992096
bdsvm,dirichlet_0.3,4301,6,3655,0.5700451322382392,0.7657916666666666,0.7596666666666667,9567261360
bdsvm,dirichlet_0.3,4301,7,2159,0.5700078139077337,0.7655833333333333,0.7593333333333333,9568992096
bdsvm,dirichlet_0.3,4301,8,0,1.0,0.4859583333333333,0.4825,9567755856
bdsvm,dirichlet_0.3,4301,9,1045,0.5701259907378889,0.7657083333333333,0.7595,9568744848
bdsvm,dirichlet_0.3,4326,0,63,0.5752894905710125,0.7650833333333333,0.7585,9623139408
bdsvm,dirichlet_0.3,4326,1,229,0.5753717727856883,0.76525,0.7595,9625859136
bdsvm,dirichlet_0.3,4326,2,3623,0.5752893259576789,0.7651666666666667,0.7593333333333333,9625364640
bdsvm,dirichlet_0.3,4326,3,2851,0.5753564558470533,0.765125,0.7595,9624128400
bdsvm,dirichlet_0.3,4326,4,2684,0.5752548274435038,0.7652083333333334,0.7591666666666667,9624375648
bdsvm,dirichlet_0.3,4326,5,7691,0.5752041623221728,0.7652083333333334,0.7596666666666667,9624622896
bdsvm,dirichlet_0.3,4326,6,3655,0.5751411637717296,0.76525,0.7596666666666667,9622892160
bdsvm,dirichlet_0.3,4326,7,2159,0.5767851127949978,0.764875,0.7595,9624622896
bdsvm,dirichlet_0.3,4326,8,0,1.0,0.4859583333333333,0.4825,9623386656
bdsvm,dirichlet_0.3,4326,9,1045,0.5751431069756335,0.765125,0.7595,9624375648
bdsvm,dirichlet_0.3,4351,0,63,0.5806056381577445,0.76425,0.7583333333333333,9678770208
bdsvm,dirichlet_0.3,4351,1,229,0.5802483667748227,0.7643333333333333,0.7588333333333334,9681489936
bdsvm,dirichlet_0.3,4351,2,3623,0.5802702113727296,0.7642916666666667,0.7586666666666667,9680995440
bdsvm,dirichlet_0.3,4351,3,2851,0.5805894172203827,0.7641666666666667,0.7585,9679759200
bdsvm,dirichlet_0.3,4351,4,2684,0.5805940189843659,0.7641666666666667,0.7585,9680006448
bdsvm,dirichlet_0.3,4351,5,7691,0.58033991217388,0.764125,0.7585,9680253696
bdsvm,dirichlet_0.3,4351,6,3655,0.5806216189032142,0.76425,0.7585,9678522960
bdsvm,dirichlet_0.3,4351,7,2159,0.5805101355581016,0.764125,0.7583333333333333,9680253696
bdsvm,dirichlet_0.3,4351,8,0,1.0,0.4859583333333333,0.4825,9679017456
bdsvm,dirichlet_0.3,4351,9,1045,0.5805486703685253,0.7641666666666667,0.7586666666666667,9680006448
bdsvm,dirichlet_0.3,4376,0,63,0.5785175814230079,0.7637083333333333,0.7578333333333334,9734401008
bdsvm,dirichlet_0.3,4376,1,229,0.5783478749691396,0.764,0.7578333333333334,9737120736
bdsvm,dirichlet_0.3,4376,2,3623,0.5784510557918472,0.7643333333333333,0.7578333333333334,9736626240
bdsvm,dirichlet_0.3,4376,3,2851,0.5785241073381728,0.7639583333333333,0.758,9735390000
bdsvm,dirichlet_0.3,4376,4,2684,0.5791087430106947,0.7637916666666666,0.7578333333333334,9735637248
bdsvm,dirichlet_0.3,4376,5,7691,0.5783486702469103,0.7641666666666667,0.7576666666666667,9735884496
bdsvm,dirichlet_0.3,4376,6,3655,0.5793703437416989,0.763625,0.7581666666666667,9734153760
bdsvm,dirichlet_0.3,4376,7,2159,0.579459356007007,0.7635,0.758,9735884496
bdsvm,dirichlet_0.3,4376,8,0,1.0,0.4859583333333333,0.4825,9734648256
bdsvm,dirichlet_0.3,4376,9,1045,0.579391142523074,0.76375,0.7578333333333334,9735637248
bdsvm,dirichlet_0.3,4401,0,63,0.5778852171188325,0.7649583333333333,0.7576666666666667,9790031808
bdsvm,dirichlet_0.3,4401,1,229,0.5781873077100995,0.76475,0.7581666666666667,9792751536
bdsvm,dirichlet_0.3,4401,2,3623,0.5780294944698875,0.764875,0.7583333333333333,9792257040
bdsvm,dirichlet_0.3,4401,3,2851,0.5780980463611609,0.7647916666666666,0.7581666666666667,9791020800
bdsvm,dirichlet_0.3,4401,4,2684,0.5779121415195672,0.764875,0.7585,9791268048
bdsvm,dirichlet_0.3,4401,5,7691,0.5780807011762266,0.7648333333333334,0.7581666666666667,9791515296
bdsvm,dirichlet_0.3,4401,6,3655,0.5778595602470334,0.764875,0.7581666666666667,9789784560
bdsvm,dirichlet_0.3,4401,7,2159,0.5782205145163966,0.7647083333333333,0.7581666666666667,9791515296
bdsvm,dirichlet_0.3,4401,8,0,1.0,0.4859583333333333,0.4825,9790279056
bdsvm,dirichlet_0.3,4401,9,1045,0.5780423306094233,0.7648333333333334,0.7581666666666667,9791268048
bdsvm,dirichlet_0.3,4426,0,63,0.5732940764396496,0.76525,0.7596666666666667,9845662608
bdsvm,dirichlet_0.3,4426,1,229,0.573458222035187,0.7652083333333334,0.759,9848382336
bdsvm,dirichlet_0.3,4426,2,3623,0.5734005246640423,0.7651666666666667,0.759,9847887840
bdsvm,dirichlet_0.3,4426,3,2851,0.573115888552289,0.7651666666666667,0.759,9846651600
bdsvm,dirichlet_0.3,4426,4,2684,0.5730426709110693,0.7651666666666667,0.7596666666666667,9846898848
bdsvm,dirichlet_0.3,4426,5,7691,0.5730549383611118,0.7650416666666666,0.7588333333333334,9847146096
bdsvm,dirichlet_0.3,4426,6,3655,0.5731770589646146,0.7649166666666667,0.7586666666666667,9845415360
bdsvm,dirichlet_0.3,4426,7,2159,0.5732145068774078,0.7652916666666667,0.7593333333333333,9847146096
bdsvm,dirichlet_0.3,4426,8,0,1.0,0.4859583333333333,0.4825,9845909856
bdsvm,dirichlet_0.3,4426,9,1045,0.5730821153958713,0.7652083333333334,0.7591666666666667,9846898848
bdsvm,dirichlet_0.3,4451,0,63,0.5785193232394178,0.7647083333333333,0.758,9901293408
bdsvm,dirichlet_0.3,4451,1,229,0.5784487071273372,0.764625,0.758,9904013136
bdsvm,dirichlet_0.3,4451,2,3623,0.5786292589031546,0.764625,0.758,9903518640
bdsvm,dirichlet_0.3,4451,3,2851,0.5782945618825958,0.764625,0.7576666666666667,9902282400
bdsvm,dirichlet_0.3,4451,4,2684,0.5784676402287401,0.7644583333333334,0.7576666666666667,9902529648
bdsvm,dirichlet_0.3,4451,5,7691,0.5782967960054816,0.7646666666666667,0.7575,9902776896
bdsvm,dirichlet_0.3,4451,6,3655,0.5785258396252089,0.764625,0.7578333333333334,9901046160
bdsvm,dirichlet_0.3,4451,7,2159,0.5786401546997283,0.7644166666666666,0.7575,9902776896
bdsvm,dirichlet_0.3,4451,8,0,1.0,0.4859583333333333,0.4825,9901540656
bdsvm,dirichlet_0.3,4451,9,1045,0.5783085818268425,0.7647083333333333,0.758,9902529648
bdsvm,dirichlet_0.3,4476,0,63,0.580666784520488,0.764125,0.7576666666666667,9956924208
bdsvm,dirichlet_0.3,4476,1,229,0.5811877426356528,0.764,0.7571666666666667,9959643936
bdsvm,dirichlet_0.3,4476,2,3623,0.5811827150085328,0.7640416666666666,0.7578333333333334,9959149440
bdsvm,dirichlet_0.3,4476,3,2851,0.5810789306729399,0.76425,0.7575,9957913200
bdsvm,dirichlet_0.3,4476,4,2684,0.5806324083588723,0.7642916666666667,0.7575,9958160448
bdsvm,dirichlet_0.3,4476,5,7691,0.5807970415236618,0.7643333333333333,0.7573333333333333,9958407696
bdsvm,dirichlet_0.3,4476,6,3655,0.5804878985807962,0.7642083333333334,0.758,9956676960
bdsvm,dirichlet_0.3,4476,7,2159,0.5805278633956631,0.7644166666666666,0.7576666666666667,9958407696
bdsvm,dirichlet_0.3,4476,8,0,1.0,0.4859583333333333,0.4825,9957171456
bdsvm,dirichlet_0.3,4476,9,1045,0.5805625216265383,0.7642916666666667,0.7575,9958160448
bdsvm,dirichlet_0.3,4501,0,63,0.5747786181208567,0.765,0.7573333333333333,10012555008
bdsvm,dirichlet_0.3,4501,1,229,0.5749849444648277,0.765,0.758,10015274736
bdsvm,dirichlet_0.3,4501,2,3623,0.5762026711301952,0.7647916666666666,0.7581666666666667,10014780240
bdsvm,dirichlet_0.3,4501,3,2851,0.5746460501223173,0.765125,0.758,10013544000
bdsvm,dirichlet_0.3,4501,4,2684,0.5753368005317979,0.764875,0.758,10013791248
bdsvm,dirichlet_0.3,4501,5,7691,0.5757248119934458,0.7650416666666666,0.7583333333333333,10014038496
bdsvm,dirichlet_0.3,4501,6,3655,0.5746447520093745,0.7647916666666666,0.758,10012307760
bdsvm,dirichlet_0.3,4501,7,2159,0.5747158276224339,0.7650416666666666,0.758,10014038496
bdsvm,dirichlet_0.3,4501,8,0,1.0,0.4859583333333333,0.4825,10012802256
bdsvm,dirichlet_0.3,4501,9,1045,0.5745389089719732,0.7650833333333333,0.758,10013791248
bdsvm,dirichlet_0.3,4526,0,63,0.5775482235957573,0.7645416666666667,0.759,10068185808
bdsvm,dirichlet_0.3,4526,1,229,0.5775733569236754,0.7647916666666666,0.7596666666666667,10070905536
bdsvm,dirichlet_0.3,4526,2,3623,0.5775215087578347,0.764875,0.7596666666666667,10070411040
bdsvm,dirichlet_0.3,4526,3,2851,0.5775497803844734,0.7648333333333334,0.7598333333333334,10069174800
bdsvm,dirichlet_0.3,4526,4,2684,0.577467470311435,0.7647083333333333,0.7598333333333334,10069422048
bdsvm,dirichlet_0.3,4526,5,7691,0.5775707597786357,0.764875,0.7593333333333333,10069669296
bdsvm,dirichlet_0.3,4526,6,3655,0.5774571876204017,0.764875,0.7596666666666667,10067938560
bdsvm,dirichlet_0.3,4526,7,2159,0.5774495054833807,0.7647916666666666,0.7596666666666667,10069669296
bdsvm,dirichlet_0.3,4526,8,0,1.0,0.4859583333333333,0.4825,10068433056
bdsvm,dirichlet_0.3,4526,9,1045,0.5775321252553164,0.7648333333333334,0.7598333333333334,10069422048
bdsvm,dirichlet_0.3,4551,0,63,0.5804256029770787,0.764375,0.7573333333333333,10123816608
bdsvm,dirichlet_0.3,4551,1,229,0.5803798515068324,0.7641666666666667,0.7575,10126536336
bdsvm,dirichlet_0.3,4551,2,3623,0.5804465618083683,0.7641666666666667,0.7576666666666667,10126041840
bdsvm,dirichlet_0.3,4551,3,2851,0.5804522672031451,0.7640833333333333,0.7576666666666667,10124805600
bdsvm,dirichlet_0.3,4551,4,2684,0.580447546968388,0.7641666666666667,0.7575,10125052848
bdsvm,dirichlet_0.3,4551,5,7691,0.5803630637175278,0.764125,0.7575,10125300096
bdsvm,dirichlet_0.3,4551,6,3655,0.5804947139893285,0.7642083333333334,0.7576666666666667,10123569360
bdsvm,dirichlet_0.3,4551,7,2159,0.5803939174762585,0.7642083333333334,0.7575,10125300096
bdsvm,dirichlet_0.3,4551,8,0,1.0,0.4859583333333333,0.4825,10124063856
bdsvm,dirichlet_0.3,4551,9,1045,0.5804049252776199,0.7641666666666667,0.7575,10125052848
bdsvm,dirichlet_0.3,4576,0,63,0.5858771929857131,0.7618333333333334,0.7553333333333333,10179447408
bdsvm,dirichlet_0.3,4576,1,229,0.585838318244916,0.7615,0.7553333333333333,10182167136
bdsvm,dirichlet_0.3,4576,2,3623,0.5873047252104563,0.7608333333333334,0.7541666666666667,10181672640
bdsvm,dirichlet_0.3,4576,3,2851,0.5864009127128805,0.7615,0.7548333333333334,10180436400
bdsvm,dirichlet_0.3,4576,4,2684,0.5861636219565333,0.7615833333333333,0.7553333333333333,10180683648
bdsvm,dirichlet_0.3,4576,5,7691,0.5860213152526371,0.7615833333333333,0.7548333333333334,10180930896
bdsvm,dirichlet_0.3,4576,6,3655,0.5861258094048666,0.7615416666666667,0.755,10179200160
bdsvm,dirichlet_0.3,4576,7,2159,0.5868491648846497,0.7612083333333334,0.7543333333333333,10180930896
bdsvm,dirichlet_0.3,4576,8,0,1.0,0.4859583333333333,0.4825,10179694656
bdsvm,dirichlet_0.3,4576,9,1045,0.5868363487071485,0.76125,0.7546666666666667,10180683648
bdsvm,dirichlet_0.3,4601,0,63,0.5959292381473897,0.750125,0.7465,10235078208
bdsvm,dirichlet_0.3,4601,1,229,0.5958992312383102,0.75075,0.7473333333333333,10237797936
bdsvm,dirichlet_0.3,4601,2,3623,0.5957617039990815,0.7509166666666667,0.7481666666666666,10237303440
bdsvm,dirichlet_0.3,4601,3,2851,0.595918844905639,0.750625,0.7473333333333333,10236067200
bdsvm,dirichlet_0.3,4601,4,2684,0.5956974260565607,0.750875,0.748,10236314448
bdsvm,dirichlet_0.3,4601,5,7691,0.5956769295748111,0.751125,0.7486666666666667,10236561696
bdsvm,dirichlet_0.3,4601,6,3655,0.5959443588685968,0.7505416666666667,0.7471666666666666,10234830960
bdsvm,dirichlet_0.3,4601,7,2159,0.595925120347603,0.75075,0.7473333333333333,10236561696
bdsvm,dirichlet_0.3,4601,8,0,1.0,0.4859583333333333,0.4825,10235325456
bdsvm,dirichlet_0.3,4601,9,1045,0.5959710733542195,0.750625,0.7468333333333333,10236314448
bdsvm,dirichlet_0.3,4626,0,63,0.572290458609714,0.7653333333333333,0.7591666666666667,10290709008
bdsvm,dirichlet_0.3,4626,1,229,0.5724850411165304,0.7647916666666666,0.7588333333333334,10293428736
bdsvm,dirichlet_0.3,4626,2,3623,0.5721870708326208,0.7646666666666667,0.7583333333333333,10292934240
bdsvm,dirichlet_0.3,4626,3,2851,0.5724189068555718,0.7646666666666667,0.7588333333333334,10291698000
bdsvm,dirichlet_0.3,4626,4,2684,0.5723712387204837,0.7649166666666667,0.7591666666666667,10291945248
bdsvm,dirichlet_0.3,4626,5,7691,0.5728723040001524,0.7645833333333333,0.7583333333333333,10292192496
bdsvm,dirichlet_0.3,4626,6,3655,0.5729729396210376,0.7647083333333333,0.7588333333333334,10290461760
bdsvm,dirichlet_0.3,4626,7,2159,0.5726593907815176,0.7646666666666667,0.759,10292192496
bdsvm,dirichlet_0.3,4626,8,0,1.0,0.4859583333333333,0.4825,10290956256
bdsvm,dirichlet_0.3,4626,9,1045,0.572615894079383,0.76475,0.7588333333333334,10291945248
bdsvm,dirichlet_0.3,4651,0,63,0.5850730495307636,0.76175,0.7565,10346339808
bdsvm,dirichlet_0.3,4651,1,229,0.5834046459777783,0.7630833333333333,0.7581666666666667,10349059536
bdsvm,dirichlet_0.3,4651,2,3623,0.5834551213148075,0.7630833333333333,0.7581666666666667,10348565040
bdsvm,dirichlet_0.3,4651,3,2851,0.5829183694530081,0.7633333333333333,0.7583333333333333,10347328800
bdsvm,dirichlet_0.3,4651,4,2684,0.5834132071806915,0.7630416666666666,0.7583333333333333,10347576048
bdsvm,dirichlet_0.3,4651,5,7691,0.5847334751063292,0.762125,0.7575,10347823296
bdsvm,dirichlet_0.3,4651,6,3655,0.5825449914018667,0.763125,0.7575,10346092560
bdsvm,dirichlet_0.3,4651,7,2159,0.5835731939250279,0.7632083333333334,0.7586666666666667,10347823296
bdsvm,dirichlet_0.3,4651,8,0,1.0,0.4859583333333333,0.4825,10346587056
bdsvm,dirichlet_0.3,4651,9,1045,0.5835698007088453,0.7630833333333333,0.7583333333333333,10347576048
bdsvm,dirichlet_0.3,4676,0,63,0.5767583332295911,0.7650833333333333,0.7581666666666667,10401970608
bdsvm,dirichlet_0.3,4676,1,229,0.576515588694652,0.7652916666666667,0.7586666666666667,10404690336
bdsvm,dirichlet_0.3,4676,2,3623,0.5766605987542048,0.7652083333333334,0.7588333333333334,10404195840
bdsvm,dirichlet_0.3,4676,3,2851,0.5766049075957801,0.76525,0.7583333333333333,10402959600
bdsvm,dirichlet_0.3,4676,4,2684,0.5765323303561245,0.7650416666666666,0.7586666666666667,10403206848
bdsvm,dirichlet_0.3,4676,5,7691,0.5767212421060762,0.7652083333333334,0.7586666666666667,10403454096
bdsvm,dirichlet_0.3,4676,6,3655,0.5766678171285518,0.765,0.7585,10401723360
bdsvm,dirichlet_0.3,4676,7,2159,0.5767196848283721,0.7652083333333334,0.7585,10403454096
bdsvm,dirichlet_0.3,4676,8,0,1.0,0.4859583333333333,0.4825,10402217856
bdsvm,dirichlet_0.3,4676,9,1045,0.5768191088795352,0.7650833333333333,0.759,10403206848
bdsvm,dirichlet_0.3,4701,0,63,0.5773277627478993,0.765,0.7578333333333334,10457601408
bdsvm,dirichlet_0.3,4701,1,229,0.5779433506151287,0.7649166666666667,0.7585,10460321136
bdsvm,dirichlet_0.3,4701,2,3623,0.5774461409922057,0.76475,0.7578333333333334,10459826640
bdsvm,dirichlet_0.3,4701,3,2851,0.5778094853084423,0.76475,0.758,10458590400
bdsvm,dirichlet_0.3,4701,4,2684,0.5773595911615348,0.76475,0.758,10458837648
bdsvm,dirichlet_0.3,4701,5,7691,0.5774611169893792,0.7647083333333333,0.7586666666666667,10459084896
bdsvm,dirichlet_0.3,4701,6,3655,0.5778204925332643,0.76475,0.7586666666666667,10457354160
bdsvm,dirichlet_0.3,4701,7,2159,0.5774111303626238,0.7647083333333333,0.758,10459084896
bdsvm,dirichlet_0.3,4701,8,0,1.0,0.4859583333333333,0.4825,10457848656
bdsvm,dirichlet_0.3,4701,9,1045,0.5775073614118131,0.76475,0.7583333333333333,10458837648
bdsvm,dirichlet_0.3,4726,0,63,0.5716157475668346,0.7659583333333333,0.7586666666666667,10513232208
bdsvm,dirichlet_0.3,4726,1,229,0.5716903850532387,0.7660416666666666,0.7595,10515951936
bdsvm,dirichlet_0.3,4726,2,3623,0.5721227628381149,0.7659166666666667,0.7591666666666667,10515457440
bdsvm,dirichlet_0.3,4726,3,2851,0.5720301601964753,0.765875,0.759,10514221200
bdsvm,dirichlet_0.3,4726,4,2684,0.5715425786607784,0.7660416666666666,0.7595,10514468448
bdsvm,dirichlet_0.3,4726,5,7691,0.5718223793181281,0.766125,0.7598333333333334,10514715696
bdsvm,dirichlet_0.3,4726,6,3655,0.5721056770802532,0.765875,0.7593333333333333,10512984960
bdsvm,dirichlet_0.3,4726,7,2159,0.5715900835327857,0.7662083333333334,0.7601666666666667,10514715696
bdsvm,dirichlet_0.3,4726,8,0,1.0,0.4859583333333333,0.4825,10513479456
bdsvm,dirichlet_0.3,4726,9,1045,0.5716201770682405,0.7659583333333333,0.7593333333333333,10514468448
bdsvm,dirichlet_0.3,4751,0,63,0.5775364873201321,0.764375,0.757,10568863008
bdsvm,dirichlet_0.3,4751,1,229,0.5774732645978361,0.7648333333333334,0.758,10571582736
bdsvm,dirichlet_0.3,4751,2,3623,0.5775155176105614,0.7647916666666666,0.758,10571088240
bdsvm,dirichlet_0.3,4751,3,2851,0.5774999774447946,0.7647916666666666,0.758,10569852000
bdsvm,dirichlet_0.3,4751,4,2684,0.5775122784704779,0.7646666666666667,0.758,10570099248
bdsvm,dirichlet_0.3,4751,5,7691,0.5774923409942433,0.76475,0.758,10570346496
bdsvm,dirichlet_0.3,4751,6,3655,0.5774713578569549,0.7648333333333334,0.7581666666666667,10568615760
bdsvm,dirichlet_0.3,4751,7,2159,0.5775424768702928,0.764625,0.758,10570346496
bdsvm,dirichlet_0.3,4751,8,0,1.0,0.4859583333333333,0.4825,10569110256
bdsvm,dirichlet_0.3,4751,9,1045,0.57744604472306,0.76475,0.758,10570099248
bdsvm,dirichlet_0.3,4776,0,63,0.5731710077533758,0.76425,0.7588333333333334,10624493808
bdsvm,dirichlet_0.3,4776,1,229,0.5732373012198576,0.7640416666666666,0.758,10627213536
bdsvm,dirichlet_0.3,4776,2,3623,0.5733823564845671,0.7640833333333333,0.7586666666666667,10626719040
bdsvm,dirichlet_0.3,4776,3,2851,0.5733684207729273,0.7640416666666666,0.7581666666666667,10625482800
bdsvm,dirichlet_0.3,4776,4,2684,0.5734324758915338,0.764125,0.7585,10625730048
bdsvm,dirichlet_0.3,4776,5,7691,0.5733959836267905,0.7642083333333334,0.7586666666666667,10625977296
bdsvm,dirichlet_0.3,4776,6,3655,0.5735833175665946,0.7641666666666667,0.7583333333333333,10624246560
bdsvm,dirichlet_0.3,4776,7,2159,0.573554010344212,0.7640416666666666,0.7581666666666667,10625977296
bdsvm,dirichlet_0.3,4776,8,0,1.0,0.4859583333333333,0.4825,10624741056
bdsvm,dirichlet_0.3,4776,9,1045,0.572877898830406,0.764375,0.7585,10625730048
bdsvm,dirichlet_0.3,4801,0,63,0.5738606370347914,0.7655416666666667,0.7593333333333333,10680124608
bdsvm,dirichlet_0.3,4801,1,229,0.573559558973794,0.7655833333333333,0.7591666666666667,10682844336
bdsvm,dirichlet_0.3,4801,2,3623,0.5741572470568687,0.7654166666666666,0.7593333333333333,10682349840
bdsvm,dirichlet_0.3,4801,3,2851,0.5741229116343163,0.7653333333333333,0.7598333333333334,10681113600
bdsvm,dirichlet_0.3,4801,4,2684,0.5741564079867245,0.765625,0.7593333333333333,10681360848
bdsvm,dirichlet_0.3,4801,5,7691,0.5741375508461709,0.7654166666666666,0.7595,10681608096
bdsvm,dirichlet_0.3,4801,6,3655,0.5741836535089792,0.765375,0.7591666666666667,10679877360
bdsvm,dirichlet_0.3,4801,7,2159,0.574164016533966,0.7651666666666667,0.7596666666666667,10681608096
bdsvm,dirichlet_0.3,4801,8,0,1.0,0.4859583333333333,0.4825,10680371856
bdsvm,dirichlet_0.3,4801,9,1045,0.573888098480618,0.765625,0.7593333333333333,10681360848
bdsvm,dirichlet_0.3,4826,0,63,0.5773611101194016,0.765,0.7585,10735755408
bdsvm,dirichlet_0.3,4826,1,229,0.5773671625287721,0.7651666666666667,0.7581666666666667,10738475136
bdsvm,dirichlet_0.3,4826,2,3623,0.5773267902915176,0.7651666666666667,0.758,10737980640
bdsvm,dirichlet_0.3,4826,3,2851,0.5773369780361938,0.7651666666666667,0.7581666666666667,10736744400
bdsvm,dirichlet_0.3,4826,4,2684,0.577340565670752,0.7651666666666667,0.7581666666666667,10736991648
bdsvm,dirichlet_0.3,4826,5,7691,0.5773439705102833,0.7652083333333334,0.758,10737238896
bdsvm,dirichlet_0.3,4826,6,3655,0.5773347459777047,0.76525,0.758,10735508160
bdsvm,dirichlet_0.3,4826,7,2159,0.5773547639085459,0.765125,0.7581666666666667,10737238896
bdsvm,dirichlet_0.3,4826,8,0,1.0,0.4859583333333333,0.4825,10736002656
bdsvm,dirichlet_0.3,4826,9,1045,0.5773212190041032,0.7650833333333333,0.7581666666666667,10736991648
bdsvm,dirichlet_0.3,4851,0,63,0.580258323105416,0.76425,0.7576666666666667,10791386208
bdsvm,dirichlet_0.3,4851,1,229,0.5803143268722698,0.7644166666666666,0.758,10794105936
bdsvm,dirichlet_0.3,4851,2,3623,0.5803069474162352,0.7644583333333334,0.758,10793611440
bdsvm,dirichlet_0.3,4851,3,2851,0.5802569058640232,0.7644166666666666,0.7576666666666667,10792375200
bdsvm,dirichlet_0.3,4851,4,2684,0.5803174081846547,0.7643333333333333,0.758,10792622448
bdsvm,dirichlet_0.3,4851,5,7691,0.5800573044798887,0.7645,0.7583333333333333,10792869696
bdsvm,dirichlet_0.3,4851,6,3655,0.5802094374176299,0.7645,0.7581666666666667,10791138960
bdsvm,dirichlet_0.3,4851,7,2159,0.5807784979764821,0.7639166666666667,0.758,10792869696
bdsvm,dirichlet_0.3,4851,8,0,1.0,0.4859583333333333,0.4825,10791633456
bdsvm,dirichlet_0.3,4851,9,1045,0.5802862518593142,0.764375,0.7576666666666667,10792622448
bdsvm,dirichlet_0.3,4876,0,63,0.5721358495736459,0.765875,0.7595,10847017008
bdsvm,dirichlet_0.3,4876,1,229,0.5720403786850843,0.7655833333333333,0.7591666666666667,10849736736
bdsvm,dirichlet_0.3,4876,2,3623,0.5719490204564885,0.7655833333333333,0.7586666666666667,10849242240
bdsvm,dirichlet_0.3,4876,3,2851,0.5719898629981606,0.7655833333333333,0.759,10848006000
bdsvm,dirichlet_0.3,4876,4,2684,0.5719555346897285,0.765625,0.7593333333333333,10848253248
bdsvm,dirichlet_0.3,4876,5,7691,0.5720365588771184,0.7656666666666667,0.7586666666666667,10848500496
bdsvm,dirichlet_0.3,4876,6,3655,0.5715515679890535,0.7656666666666667,0.7588333333333334,10846769760
bdsvm,dirichlet_0.3,4876,7,2159,0.5717873245560812,0.765625,0.7591666666666667,10848500496
bdsvm,dirichlet_0.3,4876,8,0,1.0,0.4859583333333333,0.4825,10847264256
bdsvm,dirichlet_0.3,4876,9,1045,0.5720272534051545,0.7654583333333334,0.7591666666666667,10848253248
bdsvm,dirichlet_0.3,4901,0,63,0.5799497821285211,0.7642083333333334,0.7575,10902647808
bdsvm,dirichlet_0.3,4901,1,229,0.5799501637294178,0.7644583333333334,0.7571666666666667,10905367536
bdsvm,dirichlet_0.3,4901,2,3623,0.5803343675528707,0.764625,0.7576666666666667,10904873040
bdsvm,dirichlet_0.3,4901,3,2851,0.5801705336256298,0.76425,0.757,10903636800
bdsvm,dirichlet_0.3,4901,4,2684,0.5803555868449805,0.7642916666666667,0.7575,10903884048
bdsvm,dirichlet_0.3,4901,5,7691,0.5799259705911983,0.7645,0.7576666666666667,10904131296
bdsvm,dirichlet_0.3,4901,6,3655,0.579014378767307,0.764,0.758,10902400560
bdsvm,dirichlet_0.3,4901,7,2159,0.5803708537983915,0.764375,0.7576666666666667,10904131296
bdsvm,dirichlet_0.3,4901,8,0,1.0,0.4859583333333333,0.4825,10902895056
bdsvm,dirichlet_0.3,4901,9,1045,0.5799215557344414,0.7644583333333334,0.7578333333333334,10903884048
bdsvm,dirichlet_0.3,4926,0,63,0.5778162402595616,0.7645,0.7578333333333334,10958278608
bdsvm,dirichlet_0.3,4926,1,229,0.577808592627152,0.7644583333333334,0.7581666666666667,10960998336
bdsvm,dirichlet_0.3,4926,2,3623,0.5778193928140742,0.764375,0.7583333333333333,10960503840
bdsvm,dirichlet_0.3,4926,3,2851,0.5777994312954942,0.7644583333333334,0.758,10959267600
bdsvm,dirichlet_0.3,4926,4,2684,0.5778074922281324,0.7644166666666666,0.7578333333333334,10959514848
bdsvm,dirichlet_0.3,4926,5,7691,0.577810308979809,0.7644583333333334,0.7583333333333333,10959762096
bdsvm,dirichlet_0.3,4926,6,3655,0.5778009565969778,0.7644583333333334,0.7583333333333333,10958031360
bdsvm,dirichlet_0.3,4926,7,2159,0.5777948030341787,0.7644583333333334,0.758,10959762096
bdsvm,dirichlet_0.3,4926,8,0,1.0,0.4859583333333333,0.4825,10958525856
bdsvm,dirichlet_0.3,4926,9,1045,0.577800505331291,0.7644583333333334,0.758,10959514848
bdsvm,dirichlet_0.3,4951,0,63,0.5888943694745825,0.7592083333333334,0.7536666666666667,11013909408
bdsvm,dirichlet_0.3,4951,1,229,0.5883371079780221,0.7604166666666666,0.7546666666666667,11016629136
bdsvm,dirichlet_0.3,4951,2,3623,0.5848651630968403,0.76125,0.7556666666666667,11016134640
bdsvm,dirichlet_0.3,4951,3,2851,0.5885447681898988,0.7604583333333333,0.7548333333333334,11014898400
bdsvm,dirichlet_0.3,4951,4,2684,0.5878308065546843,0.7605416666666667,0.7553333333333333,11015145648
bdsvm,dirichlet_0.3,4951,5,7691,0.5888020272980843,0.760625,0.7551666666666667,11015392896
bdsvm,dirichlet_0.3,4951,6,3655,0.5920510369729053,0.7584583333333333,0.7536666666666667,11013662160
bdsvm,dirichlet_0.3,4951,7,2159,0.5851310590133516,0.7614583333333333,0.7565,11015392896
bdsvm,dirichlet_0.3,4951,8,0,1.0,0.4859583333333333,0.4825,11014156656
bdsvm,dirichlet_0.3,4951,9,1045,0.5878882596635913,0.7605833333333333,0.755,11015145648
bdsvm,dirichlet_0.3,4976,0,63,0.5765497868310754,0.764875,0.7581666666666667,11069540208
bdsvm,dirichlet_0.3,4976,1,229,0.5766427552704483,0.7649583333333333,0.7581666666666667,11072259936
bdsvm,dirichlet_0.3,4976,2,3623,0.576830058540022,0.7647083333333333,0.7583333333333333,11071765440
bdsvm,dirichlet_0.3,4976,3,2851,0.5765638759512912,0.7654166666666666,0.7585,11070529200
bdsvm,dirichlet_0.3,4976,4,2684,0.576433374226063,0.7650833333333333,0.7585,11070776448
bdsvm,dirichlet_0.3,4976,5,7691,0.5765812925581671,0.76525,0.7583333333333333,11071023696
bdsvm,dirichlet_0.3,4976,6,3655,0.575636223338963,0.7654166666666666,0.7586666666666667,11069292960
bdsvm,dirichlet_0.3,4976,7,2159,0.5767128504839129,0.76525,0.7585,11071023696
bdsvm,dirichlet_0.3,4976,8,0,1.0,0.4859583333333333,0.4825,11069787456
bdsvm,dirichlet_0.3,4976,9,1045,0.5767295237319808,0.7651666666666667,0.7583333333333333,11070776448
bdsvm,dirichlet_0.3,5000,0,63,0.577039732757903,0.764875,0.758,11122945776
bdsvm,dirichlet_0.3,5000,1,229,0.5770204518594044,0.764625,0.7581666666666667,11125665504
bdsvm,dirichlet_0.3,5000,2,3623,0.5772010245950461,0.7647916666666666,0.7583333333333333,11125171008
bdsvm,dirichlet_0.3,5000,3,2851,0.577098912235045,0.7647916666666666,0.7581666666666667,11123934768
bdsvm,dirichlet_0.3,5000,4,2684,0.5769456287910367,0.764875,0.7581666666666667,11124182016
bdsvm,dirichlet_0.3,5000,5,7691,0.5770120717637751,0.7645833333333333,0.7581666666666667,11124429264
bdsvm,dirichlet_0.3,5000,6,3655,0.5769270087235094,0.7647083333333333,0.7581666666666667,11122698528
bdsvm,dirichlet_0.3,5000,7,2159,0.5769792946867326,0.764625,0.7581666666666667,11124429264
bdsvm,dirichlet_0.3,5000,8,0,1.0,0.4859583333333333,0.4825,11123193024
bdsvm,dirichlet_0.3,5000,9,1045,0.5769194133805764,0.7646666666666667,0.7581666666666667,11124182016
