method,scheme,round,node,n_local,hinge_loss,train_acc,test_acc,comm_bytes
bdsvm,label_skew,1,0,2468,0.9859583443752244,0.5140416666666666,0.5175,494496
bdsvm,label_skew,1,1,2333,0.840812381420542,0.7547083333333333,0.7516666666666667,1977984
bdsvm,label_skew,1,2,2468,0.8448767658088379,0.756125,0.7523333333333333,1236240
bdsvm,label_skew,1,3,2333,1.014041657437941,0.4859583333333333,0.4825,494496
bdsvm,label_skew,1,4,2467,0.8600402267156086,0.671875,0.6733333333333333,741744
bdsvm,label_skew,1,5,2333,0.879641917092105,0.6108333333333333,0.6133333333333333,741744
bdsvm,label_skew,1,6,2467,0.985958341922832,0.5140416666666666,0.5175,247248
bdsvm,label_skew,1,7,2332,0.8575621810767967,0.7199583333333334,0.7196666666666667,494496
bdsvm,label_skew,1,8,2467,0.8753196662436749,0.6170833333333333,0.6213333333333333,988992
bdsvm,label_skew,1,9,2332,1.0140416586331273,0.4859583333333333,0.4825,247248
bdsvm,label_skew,26,0,2468,0.5839038684803226,0.7635416666666667,0.7556666666666667,60575760
bdsvm,label_skew,26,1,2333,0.5839698723202073,0.7635416666666667,0.756,63295488
bdsvm,label_skew,26,2,2468,0.5838483289412281,0.7635833333333333,0.7556666666666667,63048240
bdsvm,label_skew,26,3,2333,0.5840167136178681,0.7635,0.7556666666666667,61812000
bdsvm,label_skew,26,4,2467,0.583949256515195,0.7637083333333333,0.7555,62059248
bdsvm,label_skew,26,5,2333,0.5841930957543809,0.76375,0.7551666666666667,62059248
bdsvm,label_skew,26,6,2467,0.5841490571643579,0.7640416666666666,0.7555,60575760
bdsvm,label_skew,26,7,2332,0.5839296029982146,0.7635416666666667,0.7561666666666667,62306496
bdsvm,label_skew,26,8,2467,0.5839059301273102,0.7635833333333333,0.7556666666666667,61317504
bdsvm,label_skew,26,9,2332,0.5841079824671802,0.7635416666666667,0.7553333333333333,62059248
bdsvm,label_skew,51,0,2468,0.5763930116274067,0.7653333333333333,0.7613333333333333,122387760
bdsvm,label_skew,51,1,2333,0.5752606407145018,0.7651666666666667,0.761,125107488
bdsvm,label_skew,51,2,2468,0.5753200071503662,0.7650833333333333,0.7613333333333333,124860240
bdsvm,label_skew,51,3,2333,0.5767970152194958,0.764875,0.7608333333333334,123624000
bdsvm,label_skew,51,4,2467,0.575313777614794,0.76525,0.7608333333333334,123871248
bdsvm,label_skew,51,5,2333,0.575700476683413,0.7650833333333333,0.7608333333333334,123871248
bdsvm,label_skew,51,6,2467,0.5757068031404775,0.76525,0.761,122387760
bdsvm,label_skew,51,7,2332,0.5767040137951167,0.7649166666666667,0.7606666666666667,124118496
bdsvm,label_skew,51,8,2467,0.5753664884370726,0.7651666666666667,0.7611666666666667,123129504
bdsvm,label_skew,51,9,2332,0.575373584807953,0.7651666666666667,0.7608333333333334,123871248
bdsvm,label_skew,76,0,2468,0.5767324129526016,0.7650833333333333,0.7603333333333333,184199760
bdsvm,label_skew,76,1,2333,0.5767654353984193,0.7647083333333333,0.76,186919488
bdsvm,label_skew,76,2,2468,0.5766950947404818,0.7647083333333333,0.7603333333333333,186672240
bdsvm,label_skew,76,3,2333,0.5767296920806613,0.7648333333333334,0.7601666666666667,185436000
bdsvm,label_skew,76,4,2467,0.5767241223056986,0.76475,0.7603333333333333,185683248
bdsvm,label_skew,76,5,2333,0.5767481156071316,0.7648333333333334,0.7601666666666667,185683248
bdsvm,label_skew,76,6,2467,0.5767082300833872,0.765125,0.7603333333333333,184199760
bdsvm,label_skew,76,7,2332,0.5767891008218224,0.7646666666666667,0.7603333333333333,185930496
bdsvm,label_skew,76,8,2467,0.5766782449275099,0.7650416666666666,0.7601666666666667,184941504
bdsvm,label_skew,76,9,2332,0.5766995829969561,0.76475,0.7603333333333333,185683248
bdsvm,label_skew,101,0,2468,0.5780584815976585,0.76475,0.7603333333333333,246011760
bdsvm,label_skew,101,1,2333,0.5780379417686734,0.76475,0.76,248731488
bdsvm,label_skew,101,2,2468,0.5780971076696132,0.764625,0.7598333333333334,248484240
bdsvm,label_skew,101,3,2333,0.5781721120281448,0.7645416666666667,0.7601666666666667,247248000
bdsvm,label_skew,101,4,2467,0.578175190296291,0.7645416666666667,0.76,247495248
bdsvm,label_skew,101,5,2333,0.5783222517998241,0.764625,0.7601666666666667,247495248
bdsvm,label_skew,101,6,2467,0.5780230231435619,0.7647083333333333,0.7603333333333333,246011760
bdsvm,label_skew,101,7,2332,0.578038946516954,0.76475,0.7598333333333334,247742496
bdsvm,label_skew,101,8,2467,0.5778092988295772,0.764875,0.7601666666666667,246753504
bdsvm,label_skew,101,9,2332,0.5782285022275332,0.7644166666666666,0.7598333333333334,247495248
bdsvm,label_skew,126,0,2468,0.588749375856765,0.7604583333333333,0.7553333333333333,307823760
bdsvm,label_skew,126,1,2333,0.5886604096182738,0.7605833333333333,0.7555,310543488
bdsvm,label_skew,126,2,2468,0.5886533141702452,0.760625,0.7553333333333333,310296240
bdsvm,label_skew,126,3,2333,0.5887496867046992,0.7605833333333333,0.7553333333333333,309060000
bdsvm,label_skew,126,4,2467,0.5887542663438827,0.7605416666666667,0.7553333333333333,309307248
bdsvm,label_skew,126,5,2333,0.5886750773943203,0.760625,0.7551666666666667,309307248
bdsvm,label_skew,126,6,2467,0.5887585256153645,0.7605,0.7551666666666667,307823760
bdsvm,label_skew,126,7,2332,0.5886689708335794,0.7605833333333333,0.7556666666666667,309554496
bdsvm,label_skew,126,8,2467,0.588804497518006,0.7605416666666667,0.7553333333333333,308565504
bdsvm,label_skew,126,9,2332,0.5887814249113545,0.7605416666666667,0.7553333333333333,309307248
bdsvm,label_skew,151,0,2468,0.5737266978269703,0.765,0.7591666666666667,369635760
bdsvm,label_skew,151,1,2333,0.5740396291436155,0.7647083333333333,0.7601666666666667,372355488
bdsvm,label_skew,151,2,2468,0.5742363047190968,0.7647083333333333,0.76,372108240
bdsvm,label_skew,151,3,2333,0.5737435755459389,0.7649166666666667,0.7598333333333334,370872000
bdsvm,label_skew,151,4,2467,0.5736732913421078,0.7649583333333333,0.7598333333333334,371119248
bdsvm,label_skew,151,5,2333,0.5741497049678671,0.764875,0.7596666666666667,371119248
bdsvm,label_skew,151,6,2467,0.5743301803895496,0.7645416666666667,0.7596666666666667,369635760
bdsvm,label_skew,151,7,2332,0.5735433968414525,0.7652916666666667,0.7598333333333334,371366496
bdsvm,label_skew,151,8,2467,0.5742297904209867,0.7647083333333333,0.7598333333333334,370377504
bdsvm,label_skew,151,9,2332,0.5736676970356971,0.7647916666666666,0.7598333333333334,371119248
bdsvm,label_skew,176,0,2468,0.5764254949373793,0.7647916666666666,0.7605,431447760
bdsvm,label_skew,176,1,2333,0.5769747485746677,0.764875,0.7606666666666667,434167488
bdsvm,label_skew,176,2,2468,0.5772735009955211,0.7647083333333333,0.7608333333333334,433920240
bdsvm,label_skew,176,3,2333,0.5774230775977741,0.764625,0.7603333333333333,432684000
bdsvm,label_skew,176,4,2467,0.5770367268355989,0.7647916666666666,0.7603333333333333,432931248
bdsvm,label_skew,176,5,2333,0.5774178589409945,0.7646666666666667,0.7603333333333333,432931248
bdsvm,label_skew,176,6,2467,0.5769069627955111,0.76475,0.7605,431447760
bdsvm,label_skew,176,7,2332,0.5767991516100244,0.7647083333333333,0.7608333333333334,433178496
bdsvm,label_skew,176,8,2467,0.5773629354044643,0.7647083333333333,0.7606666666666667,432189504
bdsvm,label_skew,176,9,2332,0.5770030529783993,0.7647916666666666,0.7606666666666667,432931248
bdsvm,label_skew,201,0,2468,0.5792527627609694,0.76425,0.76,493259760
bdsvm,label_skew,201,1,2333,0.5792554742419928,0.764,0.7598333333333334,495979488
bdsvm,label_skew,201,2,2468,0.5792730305510261,0.7642083333333334,0.7598333333333334,495732240
bdsvm,label_skew,201,3,2333,0.5792774516233948,0.7642083333333334,0.7603333333333333,494496000
bdsvm,label_skew,201,4,2467,0.5792839239125958,0.7642083333333334,0.7603333333333333,494743248
bdsvm,label_skew,201,5,2333,0.579217353484057,0.76425,0.7601666666666667,494743248
bdsvm,label_skew,201,6,2467,0.5792804164047763,0.7642083333333334,0.7601666666666667,493259760
bdsvm,label_skew,201,7,2332,0.5792677879785535,0.7639583333333333,0.7601666666666667,494990496
bdsvm,label_skew,201,8,2467,0.5793022963831126,0.76425,0.7603333333333333,494001504
bdsvm,label_skew,201,9,2332,0.5792957823783382,0.764125,0.7601666666666667,494743248
bdsvm,label_skew,226,0,2468,0.5867839596958949,0.76125,0.7566666666666667,555071760
bdsvm,label_skew,226,1,2333,0.5865177092676174,0.761125,0.7565,557791488
bdsvm,label_skew,226,2,2468,0.5865537094870398,0.761125,0.7565,557544240
bdsvm,label_skew,226,3,2333,0.5862197167969447,0.7619583333333333,0.7563333333333333,556308000
bdsvm,label_skew,226,4,2467,0.5862423987887467,0.761875,0.7566666666666667,556555248
bdsvm,label_skew,226,5,2333,0.5860613390136533,0.762125,0.7565,556555248
bdsvm,label_skew,226,6,2467,0.5852450088223783,0.762125,0.757,555071760
bdsvm,label_skew,226,7,2332,0.5863846183389528,0.7610833333333333,0.7568333333333334,556802496
bdsvm,label_skew,226,8,2467,0.5865845095521195,0.761375,0.7566666666666667,555813504
bdsvm,label_skew,226,9,2332,0.5864943951601898,0.7615833333333333,0.7565,556555248
bdsvm,label_skew,251,0,2468,0.5717999432494649,0.7657916666666666,0.7606666666666667,616883760
bdsvm,label_skew,251,1,2333,0.5713360820063795,0.7660416666666666,0.7608333333333334,619603488
bdsvm,label_skew,251,2,2468,0.5718446522743662,0.76575,0.7613333333333333,619356240
bdsvm,label_skew,251,3,2333,0.5719246875075414,0.7655833333333333,0.7613333333333333,618120000
bdsvm,label_skew,251,4,2467,0.5719682897237707,0.7655,0.7615,618367248
bdsvm,label_skew,251,5,2333,0.5713359765510576,0.7657916666666666,0.7608333333333334,618367248
bdsvm,label_skew,251,6,2467,0.5718063381033183,0.765625,0.7613333333333333,616883760
bdsvm,label_skew,251,7,2332,0.572059272696238,0.766,0.761,618614496
bdsvm,label_skew,251,8,2467,0.5714843429501064,0.765875,0.761,617625504
bdsvm,label_skew,251,9,2332,0.571486521858405,0.7660833333333333,0.7615,618367248
bdsvm,label_skew,276,0,2468,0.5900110784395565,0.7601666666666667,0.7563333333333333,678695760
bdsvm,label_skew,276,1,2333,0.5899812024466867,0.7601666666666667,0.7561666666666667,681415488
bdsvm,label_skew,276,2,2468,0.590229883992754,0.7602083333333334,0.7561666666666667,681168240
bdsvm,label_skew,276,3,2333,0.590009456537036,0.7602083333333334,0.7558333333333334,679932000
bdsvm,label_skew,276,4,2467,0.589954434774926,0.7602916666666667,0.7558333333333334,680179248
bdsvm,label_skew,276,5,2333,0.5897812249241882,0.760625,0.7565,680179248
bdsvm,label_skew,276,6,2467,0.5900256291532094,0.7601666666666667,0.7561666666666667,678695760
bdsvm,label_skew,276,7,2332,0.5901338430003522,0.760125,0.7558333333333334,680426496
bdsvm,label_skew,276,8,2467,0.5898670112987556,0.7604166666666666,0.7561666666666667,679437504
bdsvm,label_skew,276,9,2332,0.5898591068217792,0.76025,0.7565,680179248
bdsvm,label_skew,301,0,2468,0.5926902061238358,0.755625,0.7505,740507760
bdsvm,label_skew,301,1,2333,0.5924732301128761,0.7557916666666666,0.7511666666666666,743227488
bdsvm,label_skew,301,2,2468,0.5925359887023968,0.7555833333333334,0.7508333333333334,742980240
bdsvm,label_skew,301,3,2333,0.5930022746806182,0.755125,0.751,741744000
bdsvm,label_skew,301,4,2467,0.5924947220179146,0.7556666666666667,0.751,741991248
bdsvm,label_skew,301,5,2333,0.5924786255572988,0.7555416666666667,0.7511666666666666,741991248
bdsvm,label_skew,301,6,2467,0.5925885259424669,0.7555,0.7506666666666667,740507760
bdsvm,label_skew,301,7,2332,0.5926185606607834,0.7557083333333333,0.751,742238496
bdsvm,label_skew,301,8,2467,0.5924234319063918,0.7557083333333333,0.7511666666666666,741249504
bdsvm,label_skew,301,9,2332,0.5924533794440894,0.7557916666666666,0.7513333333333333,741991248
bdsvm,label_skew,326,0,2468,0.5783948028258336,0.7647083333333333,0.7581666666666667,802319760
bdsvm,label_skew,326,1,2333,0.5784747083792791,0.7647083333333333,0.7585,805039488
bdsvm,label_skew,326,2,2468,0.578491446902941,0.7645416666666667,0.7585,804792240
bdsvm,label_skew,326,3,2333,0.5783918807213492,0.7645833333333333,0.7585,803556000
bdsvm,label_skew,326,4,2467,0.5782595920145447,0.7644166666666666,0.7583333333333333,803803248
bdsvm,label_skew,326,5,2333,0.5783205980004495,0.7645833333333333,0.7583333333333333,803803248
bdsvm,label_skew,326,6,2467,0.5783954038688162,0.7646666666666667,0.758,802319760
bdsvm,label_skew,326,7,2332,0.5784787762576628,0.7645833333333333,0.7586666666666667,804050496
bdsvm,label_skew,326,8,2467,0.5783692241012223,0.7645,0.7578333333333334,803061504
bdsvm,label_skew,326,9,2332,0.5784222431311051,0.7645833333333333,0.7585,803803248
bdsvm,label_skew,351,0,2468,0.5791662704474351,0.7644166666666666,0.7606666666666667,864131760
bdsvm,label_skew,351,1,2333,0.5791432803426754,0.7645416666666667,0.7593333333333333,866851488
bdsvm,label_skew,351,2,2468,0.5792569405511573,0.7644583333333334,0.7595,866604240
bdsvm,label_skew,351,3,2333,0.5792110232139834,0.7645416666666667,0.7603333333333333,865368000
bdsvm,label_skew,351,4,2467,0.5791475123748382,0.7644166666666666,0.76,865615248
bdsvm,label_skew,351,5,2333,0.579368438430425,0.7643333333333333,0.76,865615248
bdsvm,label_skew,351,6,2467,0.5791718736003174,0.7645833333333333,0.7606666666666667,864131760
bdsvm,label_skew,351,7,2332,0.5794186521573289,0.7643333333333333,0.7595,865862496
bdsvm,label_skew,351,8,2467,0.5792525816435731,0.7644583333333334,0.7605,864873504
bdsvm,label_skew,351,9,2332,0.5792916537254232,0.764375,0.76,865615248
bdsvm,label_skew,376,0,2468,0.5800917919223239,0.76375,0.7593333333333333,925943760
bdsvm,label_skew,376,1,2333,0.5800951443212075,0.763875,0.759,928663488
bdsvm,label_skew,376,2,2468,0.5802186635617015,0.7639583333333333,0.759,928416240
bdsvm,label_skew,376,3,2333,0.5801921321543498,0.764,0.759,927180000
bdsvm,label_skew,376,4,2467,0.5800703502792053,0.7639166666666667,0.7593333333333333,927427248
bdsvm,label_skew,376,5,2333,0.580168439819959,0.763875,0.759,927427248
bdsvm,label_skew,376,6,2467,0.5800253844526927,0.76375,0.7596666666666667,925943760
bdsvm,label_skew,376,7,2332,0.580257272524191,0.7635416666666667,0.7593333333333333,927674496
bdsvm,label_skew,376,8,2467,0.5801644253116273,0.7639166666666667,0.759,926685504
bdsvm,label_skew,376,9,2332,0.5799540276607401,0.7638333333333334,0.7595,927427248
bdsvm,label_skew,401,0,2468,0.5891799997016673,0.7597083333333333,0.7546666666666667,987755760
bdsvm,label_skew,401,1,2333,0.5896363107657425,0.7593333333333333,0.7548333333333334,990475488
bdsvm,label_skew,401,2,2468,0.588989823322277,0.75975,0.7543333333333333,990228240
bdsvm,label_skew,401,3,2333,0.5892031046723404,0.7596666666666667,0.7545,988992000
bdsvm,label_skew,401,4,2467,0.5894805191400092,0.7594583333333333,0.7546666666666667,989239248
bdsvm,label_skew,401,5,2333,0.5889906713661355,0.7598333333333334,0.7543333333333333,989239248
bdsvm,label_skew,401,6,2467,0.5889790944658935,0.759875,0.7545,987755760
bdsvm,label_skew,401,7,2332,0.5894547654843845,0.7594166666666666,0.7548333333333334,989486496
bdsvm,label_skew,401,8,2467,0.5888381307578149,0.76,0.7546666666666667,988497504
bdsvm,label_skew,401,9,2332,0.5893308106189453,0.7595416666666667,0.7546666666666667,989239248
bdsvm,label_skew,426,0,2468,0.5904457190260922,0.7584583333333333,0.7526666666666667,1049567760
bdsvm,label_skew,426,1,2333,0.5905009747888518,0.7582916666666667,0.7521666666666667,1052287488
bdsvm,label_skew,426,2,2468,0.5905455998518098,0.758125,0.7525,1052040240
bdsvm,label_skew,426,3,2333,0.5905595978875241,0.758125,0.7526666666666667,1050804000
bdsvm,label_skew,426,4,2467,0.5905809893165027,0.758125,0.7525,1051051248
bdsvm,label_skew,426,5,2333,0.5904347511498007,0.7584583333333333,0.7526666666666667,1051051248
bdsvm,label_skew,426,6,2467,0.5905530543486911,0.75825,0.7523333333333333,1049567760
bdsvm,label_skew,426,7,2332,0.5905385511845709,0.7580833333333333,0.7523333333333333,1051298496
bdsvm,label_skew,426,8,2467,0.5905538112806802,0.7582083333333334,0.7525,1050309504
bdsvm,label_skew,426,9,2332,0.5905279109209017,0.7581666666666667,0.7525,1051051248
bdsvm,label_skew,451,0,2468,0.5925756648993147,0.754625,0.749,1111379760
bdsvm,label_skew,451,1,2333,0.5928340005723381,0.7539583333333333,0.7495,1114099488
bdsvm,label_skew,451,2,2468,0.5926784761450453,0.7543333333333333,0.749,1113852240
bdsvm,label_skew,451,3,2333,0.5928418170542225,0.754,0.7495,1112616000
bdsvm,label_skew,451,4,2467,0.5925699567917183,0.7545833333333334,0.7491666666666666,1112863248
bdsvm,label_skew,451,5,2333,0.5927319613987464,0.7543333333333333,0.7491666666666666,1112863248
bdsvm,label_skew,451,6,2467,0.5925972803669388,0.7546666666666667,0.749,1111379760
bdsvm,label_skew,451,7,2332,0.5925380039245474,0.7547083333333333,0.7491666666666666,1113110496
bdsvm,label_skew,451,8,2467,0.592583700314248,0.754625,0.7491666666666666,1112121504
bdsvm,label_skew,451,9,2332,0.5926767854757969,0.7545,0.7488333333333334,1112863248
bdsvm,label_skew,476,0,2468,0.5770775397896583,0.7637916666666666,0.7581666666666667,1173191760
bdsvm,label_skew,476,1,2333,0.577426093699046,0.7634166666666666,0.7578333333333334,1175911488
bdsvm,label_skew,476,2,2468,0.5769223873833845,0.763875,0.758,1175664240
bdsvm,label_skew,476,3,2333,0.5772951352233958,0.76375,0.758,1174428000
bdsvm,label_skew,476,4,2467,0.5769762898988441,0.7635416666666667,0.7573333333333333,1174675248
bdsvm,label_skew,476,5,2333,0.577296274293582,0.7639166666666667,0.7578333333333334,1174675248
bdsvm,label_skew,476,6,2467,0.5767993164721793,0.7638333333333334,0.758,1173191760
bdsvm,label_skew,476,7,2332,0.5767532018135406,0.763625,0.7578333333333334,1174922496
bdsvm,label_skew,476,8,2467,0.5771023671122143,0.76375,0.758,1173933504
bdsvm,label_skew,476,9,2332,0.5773979528373775,0.7635,0.7578333333333334,1174675248
bdsvm,label_skew,501,0,2468,0.574496078859581,0.765,0.7601666666666667,1235003760
bdsvm,label_skew,501,1,2333,0.5746439201737544,0.7649583333333333,0.7598333333333334,1237723488
bdsvm,label_skew,501,2,2468,0.5743614922443925,0.764875,0.7595,1237476240
bdsvm,label_skew,501,3,2333,0.574499573367894,0.7647916666666666,0.7593333333333333,1236240000
bdsvm,label_skew,501,4,2467,0.5741820704763562,0.764875,0.7595,1236487248
bdsvm,label_skew,501,5,2333,0.5747032209921967,0.7648333333333334,0.7591666666666667,1236487248
bdsvm,label_skew,501,6,2467,0.5741185850214212,0.7648333333333334,0.7596666666666667,1235003760
bdsvm,label_skew,501,7,2332,0.5740116711537068,0.765125,0.7593333333333333,1236734496
bdsvm,label_skew,501,8,2467,0.5740694140548416,0.7647083333333333,0.7591666666666667,1235745504
bdsvm,label_skew,501,9,2332,0.5743405747173672,0.764875,0.7595,1236487248
bdsvm,label_skew,526,0,2468,0.5782262127635294,0.7640416666666666,0.7605,1296815760
bdsvm,label_skew,526,1,2333,0.5781850315041717,0.7642083333333334,0.7601666666666667,1299535488
bdsvm,label_skew,526,2,2468,0.5781369695464263,0.7642916666666667,0.7601666666666667,1299288240
bdsvm,label_skew,526,3,2333,0.5781383213468324,0.7643333333333333,0.761,1298052000
bdsvm,label_skew,526,4,2467,0.5782434395110617,0.76425,0.7605,1298299248
bdsvm,label_skew,526,5,2333,0.5781611953605892,0.76425,0.761,1298299248
bdsvm,label_skew,526,6,2467,0.5782438255922834,0.7641666666666667,0.7605,1296815760
bdsvm,label_skew,526,7,2332,0.5782212580227156,0.764375,0.7601666666666667,1298546496
bdsvm,label_skew,526,8,2467,0.578187176562466,0.7641666666666667,0.7606666666666667,1297557504
bdsvm,label_skew,526,9,2332,0.5781609010319348,0.76425,0.7603333333333333,1298299248
bdsvm,label_skew,551,0,2468,0.5794389005763206,0.764625,0.759,1358627760
bdsvm,label_skew,551,1,2333,0.5795069665169159,0.7643333333333333,0.7591666666666667,1361347488
bdsvm,label_skew,551,2,2468,0.5794861398139116,0.7646666666666667,0.7588333333333334,1361100240
bdsvm,label_skew,551,3,2333,0.5794967257470534,0.76475,0.7591666666666667,1359864000
bdsvm,label_skew,551,4,2467,0.5794829098304178,0.7646666666666667,0.7591666666666667,1360111248
bdsvm,label_skew,551,5,2333,0.5794879940190444,0.7647083333333333,0.759,1360111248
bdsvm,label_skew,551,6,2467,0.5794719510365068,0.7646666666666667,0.759,1358627760
bdsvm,label_skew,551,7,2332,0.5795120208273185,0.7643333333333333,0.759,1360358496
bdsvm,label_skew,551,8,2467,0.579501880929482,0.7646666666666667,0.7591666666666667,1359369504
bdsvm,label_skew,551,9,2332,0.5794938595570484,0.7645,0.759,1360111248
bdsvm,label_skew,576,0,2468,0.5781015547665108,0.76475,0.7598333333333334,1420439760
bdsvm,label_skew,576,1,2333,0.57815220717551,0.76475,0.7595,1423159488
bdsvm,label_skew,576,2,2468,0.5773124022819501,0.7647916666666666,0.7603333333333333,1422912240
bdsvm,label_skew,576,3,2333,0.5780933486811112,0.7645833333333333,0.7598333333333334,1421676000
bdsvm,label_skew,576,4,2467,0.57810869935453,0.764625,0.7598333333333334,1421923248
bdsvm,label_skew,576,5,2333,0.5782255503165915,0.7646666666666667,0.7598333333333334,1421923248
bdsvm,label_skew,576,6,2467,0.5769280893076919,0.765,0.7606666666666667,1420439760
bdsvm,label_skew,576,7,2332,0.578105772925091,0.7644166666666666,0.7593333333333333,1422170496
bdsvm,label_skew,576,8,2467,0.5774439054249765,0.7648333333333334,0.7595,1421181504
bdsvm,label_skew,576,9,2332,0.5788908178157234,0.7642916666666667,0.7596666666666667,1421923248
bdsvm,label_skew,601,0,2468,0.5863566398127658,0.7616666666666667,0.7571666666666667,1482251760
bdsvm,label_skew,601,1,2333,0.5867423866310841,0.7615833333333333,0.7566666666666667,1484971488
bdsvm,label_skew,601,2,2468,0.5861921362638383,0.761875,0.7566666666666667,1484724240
bdsvm,label_skew,601,3,2333,0.5864184554288201,0.761625,0.757,1483488000
bdsvm,label_skew,601,4,2467,0.5864523833925227,0.7616666666666667,0.7573333333333333,1483735248
bdsvm,label_skew,601,5,2333,0.5859902843070753,0.76175,0.7566666666666667,1483735248
bdsvm,label_skew,601,6,2467,0.586293351512055,0.7617083333333333,0.7566666666666667,1482251760
bdsvm,label_skew,601,7,2332,0.586149923903036,0.7618333333333334,0.757,1483982496
bdsvm,label_skew,601,8,2467,0.5867841279173204,0.7615833333333333,0.757,1482993504
bdsvm,label_skew,601,9,2332,0.5863875549388573,0.7618333333333334,0.7573333333333333,1483735248
bdsvm,label_skew,626,0,2468,0.5930467955877681,0.7559166666666667,0.7501666666666666,1544063760
bdsvm,label_skew,626,1,2333,0.5928062358308639,0.7558333333333334,0.7505,1546783488
bdsvm,label_skew,626,2,2468,0.5912320914188538,0.758125,0.7521666666666667,1546536240
bdsvm,label_skew,626,3,2333,0.5911297697884551,0.758375,0.7525,1545300000
bdsvm,label_skew,626,4,2467,0.5911889935658313,0.75825,0.7521666666666667,1545547248
bdsvm,label_skew,626,5,2333,0.591221193581735,0.75825,0.7525,1545547248
bdsvm,label_skew,626,6,2467,0.592858827788778,0.7560416666666666,0.7503333333333333,1544063760
bdsvm,label_skew,626,7,2332,0.5927622541291644,0.756,0.7506666666666667,1545794496
bdsvm,label_skew,626,8,2467,0.5911442937276232,0.7584166666666666,0.7525,1544805504
bdsvm,label_skew,626,9,2332,0.5928008487778823,0.7559583333333333,0.75,1545547248
bdsvm,label_skew,651,0,2468,0.5777381608189716,0.7641666666666667,0.7605,1605875760
bdsvm,label_skew,651,1,2333,0.5776219264751313,0.76425,0.7595,1608595488
bdsvm,label_skew,651,2,2468,0.5776570695571615,0.7642916666666667,0.76,1608348240
bdsvm,label_skew,651,3,2333,0.577402333938495,0.7642916666666667,0.76,1607112000
bdsvm,label_skew,651,4,2467,0.5767257461933482,0.76425,0.76,1607359248
bdsvm,label_skew,651,5,2333,0.5770010822857756,0.76425,0.7601666666666667,1607359248
bdsvm,label_skew,651,6,2467,0.5772668026846103,0.7644166666666666,0.7601666666666667,1605875760
bdsvm,label_skew,651,7,2332,0.577531515064989,0.764375,0.7598333333333334,1607606496
bdsvm,label_skew,651,8,2467,0.5771906632475555,0.7642916666666667,0.7598333333333334,1606617504
bdsvm,label_skew,651,9,2332,0.5774712873528521,0.7644166666666666,0.76,1607359248
bdsvm,label_skew,676,0,2468,0.5780407698066969,0.7644583333333334,0.7601666666666667,1667687760
bdsvm,label_skew,676,1,2333,0.5780755337061757,0.7644583333333334,0.76,1670407488
bdsvm,label_skew,676,2,2468,0.5780798822335319,0.7645,0.7601666666666667,1670160240
bdsvm,label_skew,676,3,2333,0.5780678966800257,0.7645,0.76,1668924000
bdsvm,label_skew,676,4,2467,0.5780468353879535,0.7644166666666666,0.7603333333333333,1669171248
bdsvm,label_skew,676,5,2333,0.5780026066901963,0.7644166666666666,0.7601666666666667,1669171248
bdsvm,label_skew,676,6,2467,0.5780776377515233,0.7643333333333333,0.76,1667687760
bdsvm,label_skew,676,7,2332,0.578088373845979,0.7645416666666667,0.7601666666666667,1669418496
bdsvm,label_skew,676,8,2467,0.5780641417559684,0.7644583333333334,0.7601666666666667,1668429504
bdsvm,label_skew,676,9,2332,0.5781242238833735,0.764375,0.76,1669171248
bdsvm,label_skew,701,0,2468,0.5784472034544538,0.76425,0.7603333333333333,1729499760
bdsvm,label_skew,701,1,2333,0.5787992132492031,0.764125,0.7596666666666667,1732219488
bdsvm,label_skew,701,2,2468,0.5784408527461044,0.76425,0.7598333333333334,1731972240
bdsvm,label_skew,701,3,2333,0.5784936770635507,0.7641666666666667,0.7601666666666667,1730736000
bdsvm,label_skew,701,4,2467,0.5783231242041894,0.76425,0.7601666666666667,1730983248
bdsvm,label_skew,701,5,2333,0.5787075540400151,0.7640833333333333,0.76,1730983248
bdsvm,label_skew,701,6,2467,0.5785198638333887,0.7640416666666666,0.7601666666666667,1729499760
bdsvm,label_skew,701,7,2332,0.5786378378578584,0.7642916666666667,0.7596666666666667,1731230496
bdsvm,label_skew,701,8,2467,0.5787083701572316,0.7640833333333333,0.7601666666666667,1730241504
bdsvm,label_skew,701,9,2332,0.5787271184652913,0.7640833333333333,0.7598333333333334,1730983248
bdsvm,label_skew,726,0,2468,0.5781960588799058,0.7646666666666667,0.7603333333333333,1791311760
bdsvm,label_skew,726,1,2333,0.5780724657417188,0.7644166666666666,0.7605,1794031488
bdsvm,label_skew,726,2,2468,0.578230519880566,0.7645416666666667,0.7601666666666667,1793784240
bdsvm,label_skew,726,3,2333,0.5781408692075747,0.7647083333333333,0.7603333333333333,1792548000
bdsvm,label_skew,726,4,2467,0.5781992609424197,0.7645,0.7601666666666667,1792795248
bdsvm,label_skew,726,5,2333,0.5782153325468955,0.7647083333333333,0.7603333333333333,1792795248
bdsvm,label_skew,726,6,2467,0.578258517696469,0.76475,0.7603333333333333,1791311760
bdsvm,label_skew,726,7,2332,0.5781006884570612,0.7644583333333334,0.7606666666666667,1793042496
bdsvm,label_skew,726,8,2467,0.578216133500947,0.7647916666666666,0.7603333333333333,1792053504
bdsvm,label_skew,726,9,2332,0.5781830347783874,0.7645,0.7601666666666667,1792795248
bdsvm,label_skew,751,0,2468,0.5879192368765698,0.7610833333333333,0.7571666666666667,1853123760
bdsvm,label_skew,751,1,2333,0.588525629705167,0.7604166666666666,0.7561666666666667,1855843488
bdsvm,label_skew,751,2,2468,0.5885165451516802,0.7605,0.756,1855596240
bdsvm,label_skew,751,3,2333,0.588620556868049,0.7605416666666667,0.756,1854360000
bdsvm,label_skew,751,4,2467,0.5887681149713945,0.760375,0.7563333333333333,1854607248
bdsvm,label_skew,751,5,2333,0.58810612285957,0.7607083333333333,0.7565,1854607248
bdsvm,label_skew,751,6,2467,0.589274313006912,0.760125,0.7558333333333334,1853123760
bdsvm,label_skew,751,7,2332,0.5878604486761682,0.7609583333333333,0.7563333333333333,1854854496
bdsvm,label_skew,751,8,2467,0.5880602195986024,0.760875,0.7563333333333333,1853865504
bdsvm,label_skew,751,9,2332,0.5882824362208571,0.7608333333333334,0.7563333333333333,1854607248
bdsvm,label_skew,776,0,2468,0.5907478894817199,0.758375,0.7521666666666667,1914935760
bdsvm,label_skew,776,1,2333,0.5907551123812685,0.7586666666666667,0.7516666666666667,1917655488
bdsvm,label_skew,776,2,2468,0.590735100680986,0.75875,0.7518333333333334,1917408240
bdsvm,label_skew,776,3,2333,0.5907211854460007,0.7586666666666667,0.7521666666666667,1916172000
bdsvm,label_skew,776,4,2467,0.5907145038293063,0.7586666666666667,0.752,1916419248
bdsvm,label_skew,776,5,2333,0.5907016899155507,0.7585,0.7523333333333333,1916419248
bdsvm,label_skew,776,6,2467,0.5907283231014878,0.7584583333333333,0.7521666666666667,1914935760
bdsvm,label_skew,776,7,2332,0.5907438371265682,0.7587916666666666,0.7516666666666667,1916666496
bdsvm,label_skew,776,8,2467,0.5907323257836236,0.7585416666666667,0.7521666666666667,1915677504
bdsvm,label_skew,776,9,2332,0.5907319342188362,0.758625,0.752,1916419248
bdsvm,label_skew,801,0,2468,0.6039996121566222,0.7209583333333334,0.7173333333333334,1976747760
bdsvm,label_skew,801,1,2333,0.6039112630075758,0.72125,0.718,1979467488
bdsvm,label_skew,801,2,2468,0.6039560014159927,0.721,0.7173333333333334,1979220240
bdsvm,label_skew,801,3,2333,0.603918708825342,0.7211666666666666,0.718,1977984000
bdsvm,label_skew,801,4,2467,0.6040877187793925,0.7209583333333334,0.717,1978231248
bdsvm,label_skew,801,5,2333,0.6041377304225752,0.7208333333333333,0.7168333333333333,1978231248
bdsvm,label_skew,801,6,2467,0.6039205203867726,0.7210833333333333,0.7178333333333333,1976747760
bdsvm,label_skew,801,7,2332,0.6041591544357398,0.7206666666666667,0.717,1978478496
bdsvm,label_skew,801,8,2467,0.6040027794832746,0.721125,0.7173333333333334,1977489504
bdsvm,label_skew,801,9,2332,0.6039118701042278,0.7212083333333333,0.7178333333333333,1978231248
bdsvm,label_skew,826,0,2468,0.5969159611724566,0.711125,0.7095,2038559760
bdsvm,label_skew,826,1,2333,0.5969241774032894,0.7095,0.7095,2041279488
bdsvm,label_skew,826,2,2468,0.5965613194864626,0.7113333333333334,0.7105,2041032240
bdsvm,label_skew,826,3,2333,0.5960178304894826,0.7125833333333333,0.7128333333333333,2039796000
bdsvm,label_skew,826,4,2467,0.5982732156334493,0.7070833333333333,0.7041666666666667,2040043248
bdsvm,label_skew,826,5,2333,0.5976179102483702,0.709375,0.708,2040043248
bdsvm,label_skew,826,6,2467,0.5984908636102809,0.70675,0.7038333333333333,2038559760
bdsvm,label_skew,826,7,2332,0.5980094730589619,0.7079583333333334,0.705,2040290496
bdsvm,label_skew,826,8,2467,0.5973784860698862,0.7091666666666666,0.7078333333333333,2039301504
bdsvm,label_skew,826,9,2332,0.5973645415718891,0.7084583333333333,0.7073333333333334,2040043248
bdsvm,label_skew,851,0,2468,0.5739720127308724,0.7644166666666666,0.7581666666666667,2100371760
bdsvm,label_skew,851,1,2333,0.5739574500809151,0.7645416666666667,0.7581666666666667,2103091488
bdsvm,label_skew,851,2,2468,0.5737381031240998,0.7645416666666667,0.7585,2102844240
bdsvm,label_skew,851,3,2333,0.573701504619773,0.7644583333333334,0.7583333333333333,2101608000
bdsvm,label_skew,851,4,2467,0.5736257289915678,0.764625,0.7586666666666667,2101855248
bdsvm,label_skew,851,5,2333,0.5734493576296801,0.7643333333333333,0.7588333333333334,2101855248
bdsvm,label_skew,851,6,2467,0.5734391576481233,0.7644166666666666,0.7583333333333333,2100371760
bdsvm,label_skew,851,7,2332,0.5738178044722628,0.7648333333333334,0.7586666666666667,2102102496
bdsvm,label_skew,851,8,2467,0.5736373752560062,0.764375,0.7586666666666667,2101113504
bdsvm,label_skew,851,9,2332,0.5739155267553332,0.7645,0.7585,2101855248
bdsvm,label_skew,876,0,2468,0.5769854756996747,0.764375,0.76,2162183760
bdsvm,label_skew,876,1,2333,0.5769265835462495,0.7645833333333333,0.7596666666666667,2164903488
bdsvm,label_skew,876,2,2468,0.5769975552514368,0.7646666666666667,0.7598333333333334,2164656240
bdsvm,label_skew,876,3,2333,0.5768408524124211,0.7645833333333333,0.7596666666666667,2163420000
bdsvm,label_skew,876,4,2467,0.5768215760868972,0.764625,0.7596666666666667,2163667248
bdsvm,label_skew,876,5,2333,0.5770669499537523,0.7644166666666666,0.7596666666666667,2163667248
bdsvm,label_skew,876,6,2467,0.5770377785966985,0.7645,0.7601666666666667,2162183760
bdsvm,label_skew,876,7,2332,0.5769411969025081,0.7644166666666666,0.7601666666666667,2163914496
bdsvm,label_skew,876,8,2467,0.5769680999914012,0.7645416666666667,0.7596666666666667,2162925504
bdsvm,label_skew,876,9,2332,0.5769259128537159,0.7645833333333333,0.7598333333333334,2163667248
bdsvm,label_skew,901,0,2468,0.5861350952608753,0.761,0.7566666666666667,2223995760
bdsvm,label_skew,901,1,2333,0.586001025116098,0.761125,0.7565,2226715488
bdsvm,label_skew,901,2,2468,0.5862255623913379,0.761,0.7568333333333334,2226468240
bdsvm,label_skew,901,3,2333,0.5861826627264005,0.7611666666666667,0.7568333333333334,2225232000
bdsvm,label_skew,901,4,2467,0.5862330934378388,0.7610416666666666,0.757,2225479248
bdsvm,label_skew,901,5,2333,0.5861845025567511,0.760875,0.7566666666666667,2225479248
bdsvm,label_skew,901,6,2467,0.5859795914319204,0.7610833333333333,0.7566666666666667,2223995760
bdsvm,label_skew,901,7,2332,0.5859001706770733,0.761125,0.7566666666666667,2225726496
bdsvm,label_skew,901,8,2467,0.5861140535952234,0.761,0.7568333333333334,2224737504
bdsvm,label_skew,901,9,2332,0.5862956612870965,0.760875,0.757,2225479248
bdsvm,label_skew,926,0,2468,0.5886945056166102,0.7597916666666666,0.7543333333333333,2285807760
bdsvm,label_skew,926,1,2333,0.5886977180076456,0.7597083333333333,0.754,2288527488
bdsvm,label_skew,926,2,2468,0.5886732053536601,0.7597916666666666,0.7541666666666667,2288280240
bdsvm,label_skew,926,3,2333,0.588675260601272,0.7597916666666666,0.7541666666666667,2287044000
bdsvm,label_skew,926,4,2467,0.5886669264062603,0.75975,0.7541666666666667,2287291248
bdsvm,label_skew,926,5,2333,0.5886583797760039,0.7597916666666666,0.7543333333333333,2287291248
bdsvm,label_skew,926,6,2467,0.5886592917748296,0.759875,0.7543333333333333,2285807760
bdsvm,label_skew,926,7,2332,0.5886865940490479,0.7597083333333333,0.754,2287538496
bdsvm,label_skew,926,8,2467,0.5886873246950403,0.7597083333333333,0.7541666666666667,2286549504
bdsvm,label_skew,926,9,2332,0.5886909686998125,0.7597916666666666,0.7541666666666667,2287291248
bdsvm,label_skew,951,0,2468,0.5750813040439376,0.7645416666666667,0.759,2347619760
bdsvm,label_skew,951,1,2333,0.5751292759699891,0.764,0.7598333333333334,2350339488
bdsvm,label_skew,951,2,2468,0.5758087740826594,0.7639583333333333,0.7591666666666667,2350092240
bdsvm,label_skew,951,3,2333,0.575735704218878,0.7640416666666666,0.7591666666666667,2348856000
bdsvm,label_skew,951,4,2467,0.5763273275365957,0.763875,0.7585,2349103248
bdsvm,label_skew,951,5,2333,0.5743284738030797,0.76475,0.7593333333333333,2349103248
bdsvm,label_skew,951,6,2467,0.5763675506758869,0.7640833333333333,0.7591666666666667,2347619760
bdsvm,label_skew,951,7,2332,0.5762526217004775,0.76375,0.759,2349350496
bdsvm,label_skew,951,8,2467,0.5761385131287028,0.7637916666666666,0.759,2348361504
bdsvm,label_skew,951,9,2332,0.5751402716732175,0.7640833333333333,0.7596666666666667,2349103248
bdsvm,label_skew,976,0,2468,0.5773048744592629,0.7646666666666667,0.7601666666666667,2409431760
bdsvm,label_skew,976,1,2333,0.5775373242267683,0.7644583333333334,0.7601666666666667,2412151488
bdsvm,label_skew,976,2,2468,0.5775377941605343,0.7645416666666667,0.7603333333333333,2411904240
bdsvm,label_skew,976,3,2333,0.5776002651582933,0.7645833333333333,0.7603333333333333,2410668000
bdsvm,label_skew,976,4,2467,0.5772066297814327,0.7646666666666667,0.7606666666666667,2410915248
bdsvm,label_skew,976,5,2333,0.577643015909655,0.7645,0.7603333333333333,2410915248
bdsvm,label_skew,976,6,2467,0.5769979306487354,0.7647083333333333,0.7601666666666667,2409431760
bdsvm,label_skew,976,7,2332,0.5771051230169079,0.7645416666666667,0.7605,2411162496
bdsvm,label_skew,976,8,2467,0.5774400614991618,0.7647083333333333,0.7603333333333333,2410173504
bdsvm,label_skew,976,9,2332,0.5775183854197232,0.7645416666666667,0.7601666666666667,2410915248
bdsvm,label_skew,1001,0,2468,0.5796518543375059,0.7638333333333334,0.76,2471243760
bdsvm,label_skew,1001,1,2333,0.5785355747437487,0.7644166666666666,0.7598333333333334,2473963488
bdsvm,label_skew,1001,2,2468,0.5797335664101056,0.7640833333333333,0.7608333333333334,2473716240
bdsvm,label_skew,1001,3,2333,0.5794846299150398,0.7640416666666666,0.7601666666666667,2472480000
bdsvm,label_skew,1001,4,2467,0.5798905587278854,0.7637916666666666,0.7605,2472727248
bdsvm,label_skew,1001,5,2333,0.5787372713250465,0.7639166666666667,0.7603333333333333,2472727248
bdsvm,label_skew,1001,6,2467,0.580658826216937,0.7636666666666667,0.7601666666666667,2471243760
bdsvm,label_skew,1001,7,2332,0.5795623903190409,0.7644166666666666,0.7605,2472974496
bdsvm,label_skew,1001,8,2467,0.5792591079761387,0.7641666666666667,0.7603333333333333,2471985504
bdsvm,label_skew,1001,9,2332,0.5791304496584865,0.7640833333333333,0.7601666666666667,2472727248
bdsvm,label_skew,1026,0,2468,0.5880713094902383,0.7605833333333333,0.7556666666666667,2533055760
bdsvm,label_skew,1026,1,2333,0.588060784786893,0.760625,0.7558333333333334,2535775488
bdsvm,label_skew,1026,2,2468,0.5879454350297963,0.7605833333333333,0.7556666666666667,2535528240
bdsvm,label_skew,1026,3,2333,0.587838962172673,0.7608333333333334,0.7558333333333334,2534292000
bdsvm,label_skew,1026,4,2467,0.5878290226309959,0.7607916666666666,0.7556666666666667,2534539248
bdsvm,label_skew,1026,5,2333,0.5877256499508746,0.760875,0.7558333333333334,2534539248
bdsvm,label_skew,1026,6,2467,0.587327447362166,0.7611666666666667,0.7565,2533055760
bdsvm,label_skew,1026,7,2332,0.5873564900879662,0.7608333333333334,0.7558333333333334,2534786496
bdsvm,label_skew,1026,8,2467,0.5876088848211831,0.761,0.7555,2533797504
bdsvm,label_skew,1026,9,2332,0.5875687169245551,0.761,0.7555,2534539248
bdsvm,label_skew,1051,0,2468,0.5900179385942437,0.7589166666666667,0.7533333333333333,2594867760
bdsvm,label_skew,1051,1,2333,0.5901612120358735,0.7588333333333334,0.7533333333333333,2597587488
bdsvm,label_skew,1051,2,2468,0.5901674700998736,0.75875,0.7533333333333333,2597340240
bdsvm,label_skew,1051,3,2333,0.5900069024342937,0.7589583333333333,0.7538333333333334,2596104000
bdsvm,label_skew,1051,4,2467,0.590072662279049,0.7589166666666667,0.7533333333333333,2596351248
bdsvm,label_skew,1051,5,2333,0.5899778521464173,0.7589166666666667,0.7538333333333334,2596351248
bdsvm,label_skew,1051,6,2467,0.5901384617625024,0.7589166666666667,0.7535,2594867760
bdsvm,label_skew,1051,7,2332,0.5901109467022128,0.758875,0.7533333333333333,2596598496
bdsvm,label_skew,1051,8,2467,0.5901402382438942,0.7588333333333334,0.7535,2595609504
bdsvm,label_skew,1051,9,2332,0.5899684872860148,0.759,0.7536666666666667,2596351248
bdsvm,label_skew,1076,0,2468,0.5981246054093453,0.7427916666666666,0.7388333333333333,2656679760
bdsvm,label_skew,1076,1,2333,0.5980250042116959,0.7430416666666667,0.7388333333333333,2659399488
bdsvm,label_skew,1076,2,2468,0.5982567020687994,0.7422916666666667,0.7388333333333333,2659152240
bdsvm,label_skew,1076,3,2333,0.598354065014772,0.742125,0.7381666666666666,2657916000
bdsvm,label_skew,1076,4,2467,0.5980964471166349,0.742875,0.739,2658163248
bdsvm,label_skew,1076,5,2333,0.5978407032288137,0.7434166666666666,0.74,2658163248
bdsvm,label_skew,1076,6,2467,0.5980532120598122,0.7430416666666667,0.7391666666666666,2656679760
bdsvm,label_skew,1076,7,2332,0.5981278848048764,0.74275,0.7388333333333333,2658410496
bdsvm,label_skew,1076,8,2467,0.5979908389745342,0.7430833333333333,0.7393333333333333,2657421504
bdsvm,label_skew,1076,9,2332,0.5980090582826115,0.743,0.7393333333333333,2658163248
bdsvm,label_skew,1101,0,2468,0.5891687834770698,0.7596666666666667,0.7528333333333334,2718491760
bdsvm,label_skew,1101,1,2333,0.588877636417753,0.7597916666666666,0.7528333333333334,2721211488
bdsvm,label_skew,1101,2,2468,0.5897884854125635,0.75675,0.7501666666666666,2720964240
bdsvm,label_skew,1101,3,2333,0.589356955009237,0.7565,0.7496666666666667,2719728000
bdsvm,label_skew,1101,4,2467,0.5891473676147022,0.7568333333333334,0.7496666666666667,2719975248
bdsvm,label_skew,1101,5,2333,0.589086110580553,0.759875,0.7526666666666667,2719975248
bdsvm,label_skew,1101,6,2467,0.5884335837940565,0.7590416666666666,0.7518333333333334,2718491760
bdsvm,label_skew,1101,7,2332,0.5897883028508868,0.7566666666666667,0.75,2720222496
bdsvm,label_skew,1101,8,2467,0.5841870225800238,0.762125,0.755,2719233504
bdsvm,label_skew,1101,9,2332,0.5853913027664711,0.7617083333333333,0.7546666666666667,2719975248
bdsvm,label_skew,1126,0,2468,0.5914874359239084,0.7566666666666667,0.7508333333333334,2780303760
bdsvm,label_skew,1126,1,2333,0.5916140534413303,0.7565416666666667,0.7506666666666667,2783023488
bdsvm,label_skew,1126,2,2468,0.5915062246589249,0.7565,0.7508333333333334,2782776240
bdsvm,label_skew,1126,3,2333,0.5914758169064427,0.75675,0.7508333333333334,2781540000
bdsvm,label_skew,1126,4,2467,0.5915443333677468,0.7564583333333333,0.7508333333333334,2781787248
bdsvm,label_skew,1126,5,2333,0.5915507235152759,0.7567083333333333,0.7508333333333334,2781787248
bdsvm,label_skew,1126,6,2467,0.5914888492487493,0.7567083333333333,0.7508333333333334,2780303760
bdsvm,label_skew,1126,7,2332,0.5916978638753654,0.756125,0.7505,2782034496
bdsvm,label_skew,1126,8,2467,0.5916225198359677,0.7562916666666667,0.7508333333333334,2781045504
bdsvm,label_skew,1126,9,2332,0.5914361339758748,0.756625,0.7506666666666667,2781787248
bdsvm,label_skew,1151,0,2468,0.575485740015039,0.7644166666666666,0.7561666666666667,2842115760
bdsvm,label_skew,1151,1,2333,0.5752323714882083,0.764625,0.7566666666666667,2844835488
bdsvm,label_skew,1151,2,2468,0.5753653078634465,0.7646666666666667,0.7563333333333333,2844588240
bdsvm,label_skew,1151,3,2333,0.5753742873371551,0.764625,0.7561666666666667,2843352000
bdsvm,label_skew,1151,4,2467,0.5755455858291153,0.7644583333333334,0.7565,2843599248
bdsvm,label_skew,1151,5,2333,0.5759228203225857,0.7644166666666666,0.7563333333333333,2843599248
bdsvm,label_skew,1151,6,2467,0.5761707218704968,0.764375,0.7563333333333333,2842115760
bdsvm,label_skew,1151,7,2332,0.5761374148196549,0.7642916666666667,0.7558333333333334,2843846496
bdsvm,label_skew,1151,8,2467,0.5755749152579803,0.764375,0.7561666666666667,2842857504
bdsvm,label_skew,1151,9,2332,0.5753970061154472,0.7647916666666666,0.7563333333333333,2843599248
bdsvm,label_skew,1176,0,2468,0.5782119785152546,0.7642083333333334,0.7603333333333333,2903927760
bdsvm,label_skew,1176,1,2333,0.5782024222049287,0.7640833333333333,0.761,2906647488
bdsvm,label_skew,1176,2,2468,0.5783275494288814,0.7640416666666666,0.761,2906400240
bdsvm,label_skew,1176,3,2333,0.5782979071066208,0.764125,0.7606666666666667,2905164000
bdsvm,label_skew,1176,4,2467,0.5783815063248363,0.7639583333333333,0.761,2905411248
bdsvm,label_skew,1176,5,2333,0.5781902981102853,0.7641666666666667,0.761,2905411248
bdsvm,label_skew,1176,6,2467,0.5782059240388245,0.764125,0.7606666666666667,2903927760
bdsvm,label_skew,1176,7,2332,0.5783986615144338,0.7638333333333334,0.7605,2905658496
bdsvm,label_skew,1176,8,2467,0.5782271544131927,0.764125,0.7606666666666667,2904669504
bdsvm,label_skew,1176,9,2332,0.5782629994501479,0.7640833333333333,0.7611666666666667,2905411248
bdsvm,label_skew,1201,0,2468,0.5731917056724707,0.7650416666666666,0.7601666666666667,2965739760
bdsvm,label_skew,1201,1,2333,0.5731652580741462,0.7659583333333333,0.7603333333333333,2968459488
bdsvm,label_skew,1201,2,2468,0.5730774601143642,0.7655833333333333,0.7605,2968212240
bdsvm,label_skew,1201,3,2333,0.5731277566784211,0.765625,0.7598333333333334,2966976000
bdsvm,label_skew,1201,4,2467,0.5731247196493248,0.7659166666666667,0.7601666666666667,2967223248
bdsvm,label_skew,1201,5,2333,0.573214425591236,0.7655833333333333,0.7603333333333333,2967223248
bdsvm,label_skew,1201,6,2467,0.573053915107353,0.765375,0.7601666666666667,2965739760
bdsvm,label_skew,1201,7,2332,0.5732012842530674,0.76575,0.7603333333333333,2967470496
bdsvm,label_skew,1201,8,2467,0.5730416077720742,0.7654166666666666,0.7598333333333334,2966481504
bdsvm,label_skew,1201,9,2332,0.5732348407224437,0.765625,0.7603333333333333,2967223248
bdsvm,label_skew,1226,0,2468,0.5801382514908279,0.7640416666666666,0.7595,3027551760
bdsvm,label_skew,1226,1,2333,0.5801401691421847,0.7639583333333333,0.7586666666666667,3030271488
bdsvm,label_skew,1226,2,2468,0.5795331432328331,0.7642916666666667,0.7588333333333334,3030024240
bdsvm,label_skew,1226,3,2333,0.579366231328593,0.7641666666666667,0.7593333333333333,3028788000
bdsvm,label_skew,1226,4,2467,0.5794902258095972,0.7642916666666667,0.7593333333333333,3029035248
bdsvm,label_skew,1226,5,2333,0.5794211957344373,0.7640833333333333,0.7591666666666667,3029035248
bdsvm,label_skew,1226,6,2467,0.5800787850826715,0.764,0.7595,3027551760
bdsvm,label_skew,1226,7,2332,0.5801352364919896,0.7639583333333333,0.7586666666666667,3029282496
bdsvm,label_skew,1226,8,2467,0.579503266689378,0.76425,0.7595,3028293504
bdsvm,label_skew,1226,9,2332,0.5793122506743343,0.76425,0.7591666666666667,3029035248
bdsvm,label_skew,1251,0,2468,0.5785081373285379,0.7647083333333333,0.7601666666666667,3089363760
bdsvm,label_skew,1251,1,2333,0.5784913715774547,0.7644166666666666,0.7595,3092083488
bdsvm,label_skew,1251,2,2468,0.5797345504863559,0.7642916666666667,0.7595,3091836240
bdsvm,label_skew,1251,3,2333,0.5783391786953913,0.7644166666666666,0.7598333333333334,3090600000
bdsvm,label_skew,1251,4,2467,0.5784482666383275,0.764375,0.7596666666666667,3090847248
bdsvm,label_skew,1251,5,2333,0.5783163479928738,0.764375,0.7595,3090847248
bdsvm,label_skew,1251,6,2467,0.5796485289489995,0.7641666666666667,0.7601666666666667,3089363760
bdsvm,label_skew,1251,7,2332,0.5782242977977976,0.7644583333333334,0.7598333333333334,3091094496
bdsvm,label_skew,1251,8,2467,0.5782798413810435,0.7646666666666667,0.7596666666666667,3090105504
bdsvm,label_skew,1251,9,2332,0.5784443792928625,0.7645,0.7598333333333334,3090847248
bdsvm,label_skew,1276,0,2468,0.5869269216227418,0.7610833333333333,0.755,3151175760
bdsvm,label_skew,1276,1,2333,0.5869353516380893,0.7610416666666666,0.7551666666666667,3153895488
bdsvm,label_skew,1276,2,2468,0.5871495738467726,0.76075,0.7553333333333333,3153648240
bdsvm,label_skew,1276,3,2333,0.58707332804651,0.7609166666666667,0.7551666666666667,3152412000
bdsvm,label_skew,1276,4,2467,0.5870188122610339,0.7610833333333333,0.7551666666666667,3152659248
bdsvm,label_skew,1276,5,2333,0.5864686582574863,0.7608333333333334,0.7558333333333334,3152659248
bdsvm,label_skew,1276,6,2467,0.5871173048347494,0.7610833333333333,0.7555,3151175760
bdsvm,label_skew,1276,7,2332,0.5869711549310117,0.7610833333333333,0.7548333333333334,3152906496
bdsvm,label_skew,1276,8,2467,0.586786680524869,0.761,0.755,3151917504
bdsvm,label_skew,1276,9,2332,0.5870056584166097,0.761,0.7551666666666667,3152659248
bdsvm,label_skew,1301,0,2468,0.5893954036158012,0.7601666666666667,0.7538333333333334,3212987760
bdsvm,label_skew,1301,1,2333,0.5896632994406614,0.759875,0.7538333333333334,3215707488
bdsvm,label_skew,1301,2,2468,0.5893128784405866,0.7600416666666666,0.754,3215460240
bdsvm,label_skew,1301,3,2333,0.5897023922763215,0.75975,0.7538333333333334,3214224000
bdsvm,label_skew,1301,4,2467,0.5898481233856767,0.7597083333333333,0.754,3214471248
bdsvm,label_skew,1301,5,2333,0.5898328934086244,0.759625,0.7538333333333334,3214471248
bdsvm,label_skew,1301,6,2467,0.5894133434933121,0.7600416666666666,0.7535,3212987760
bdsvm,label_skew,1301,7,2332,0.5900108846419695,0.7593333333333333,0.7536666666666667,3214718496
bdsvm,label_skew,1301,8,2467,0.5898351558080536,0.759625,0.7536666666666667,3213729504
bdsvm,label_skew,1301,9,2332,0.5897980777962271,0.7596666666666667,0.7538333333333334,3214471248
bdsvm,label_skew,1326,0,2468,0.5760453954884104,0.7645416666666667,0.7588333333333334,3274799760
bdsvm,label_skew,1326,1,2333,0.5764048377259251,0.7647083333333333,0.7586666666666667,3277519488
bdsvm,label_skew,1326,2,2468,0.5758982876917981,0.7647916666666666,0.7591666666666667,3277272240
bdsvm,label_skew,1326,3,2333,0.5758879802966779,0.76475,0.759,3276036000
bdsvm,label_skew,1326,4,2467,0.5758367439944414,0.764625,0.7595,3276283248
bdsvm,label_skew,1326,5,2333,0.576128431013965,0.7646666666666667,0.7591666666666667,3276283248
bdsvm,label_skew,1326,6,2467,0.5759468409039261,0.7645416666666667,0.7593333333333333,3274799760
bdsvm,label_skew,1326,7,2332,0.5756793148878371,0.76475,0.7591666666666667,3276530496
bdsvm,label_skew,1326,8,2467,0.5759751447950154,0.7646666666666667,0.7595,3275541504
bdsvm,label_skew,1326,9,2332,0.5760394883698712,0.764625,0.7593333333333333,3276283248
bdsvm,label_skew,1351,0,2468,0.578242535829464,0.7643333333333333,0.7598333333333334,3336611760
bdsvm,label_skew,1351,1,2333,0.578254041054029,0.7640833333333333,0.7598333333333334,3339331488
bdsvm,label_skew,1351,2,2468,0.5782887726898017,0.76425,0.7595,3339084240
bdsvm,label_skew,1351,3,2333,0.5782994910640158,0.764375,0.7596666666666667,3337848000
bdsvm,label_skew,1351,4,2467,0.5782569329966536,0.7642916666666667,0.7598333333333334,3338095248
bdsvm,label_skew,1351,5,2333,0.5782634561567013,0.764375,0.7596666666666667,3338095248
bdsvm,label_skew,1351,6,2467,0.5782339801955287,0.7644583333333334,0.7598333333333334,3336611760
bdsvm,label_skew,1351,7,2332,0.5782306321970058,0.7640416666666666,0.7595,3338342496
bdsvm,label_skew,1351,8,2467,0.5782822984788366,0.7644166666666666,0.7598333333333334,3337353504
bdsvm,label_skew,1351,9,2332,0.578245881675927,0.7643333333333333,0.7596666666666667,3338095248
bdsvm,label_skew,1376,0,2468,0.5788796578270792,0.76425,0.7595,3398423760
bdsvm,label_skew,1376,1,2333,0.5779946471164535,0.7646666666666667,0.7591666666666667,3401143488
bdsvm,label_skew,1376,2,2468,0.5787978431881821,0.7643333333333333,0.758,3400896240
bdsvm,label_skew,1376,3,2333,0.5791972804403017,0.7641666666666667,0.7588333333333334,3399660000
bdsvm,label_skew,1376,4,2467,0.5794376464008035,0.7639166666666667,0.7581666666666667,3399907248
bdsvm,label_skew,1376,5,2333,0.5814885029701786,0.7641666666666667,0.758,3399907248
bdsvm,label_skew,1376,6,2467,0.5788284477049098,0.7642916666666667,0.7588333333333334,3398423760
bdsvm,label_skew,1376,7,2332,0.5790009030453407,0.764,0.7578333333333334,3400154496
bdsvm,label_skew,1376,8,2467,0.5800780232888345,0.7636666666666667,0.7581666666666667,3399165504
bdsvm,label_skew,1376,9,2332,0.5792767106344712,0.7639166666666667,0.7583333333333333,3399907248
bdsvm,label_skew,1401,0,2468,0.5829058333592043,0.7635,0.7566666666666667,3460235760
bdsvm,label_skew,1401,1,2333,0.5819262108370178,0.76325,0.7578333333333334,3462955488
bdsvm,label_skew,1401,2,2468,0.5828454856605437,0.7629583333333333,0.7571666666666667,3462708240
bdsvm,label_skew,1401,3,2333,0.5824816469810659,0.7630833333333333,0.7576666666666667,3461472000
bdsvm,label_skew,1401,4,2467,0.5823266058485459,0.7633333333333333,0.758,3461719248
bdsvm,label_skew,1401,5,2333,0.5826080389636829,0.7638333333333334,0.7565,3461719248
bdsvm,label_skew,1401,6,2467,0.5822551282946508,0.7635,0.7576666666666667,3460235760
bdsvm,label_skew,1401,7,2332,0.5832792324769461,0.7625,0.7563333333333333,3461966496
bdsvm,label_skew,1401,8,2467,0.5825315953609137,0.76325,0.7581666666666667,3460977504
bdsvm,label_skew,1401,9,2332,0.5823823501132975,0.762875,0.7576666666666667,3461719248
bdsvm,label_skew,1426,0,2468,0.5783917420627498,0.7644166666666666,0.7606666666666667,3522047760
bdsvm,label_skew,1426,1,2333,0.5783908393246383,0.7645,0.7605,3524767488
bdsvm,label_skew,1426,2,2468,0.5783836809856172,0.7642916666666667,0.7606666666666667,3524520240
bdsvm,label_skew,1426,3,2333,0.5784214944038721,0.7641666666666667,0.7608333333333334,3523284000
bdsvm,label_skew,1426,4,2467,0.578426558502895,0.7642916666666667,0.761,3523531248
bdsvm,label_skew,1426,5,2333,0.5784160522512594,0.7641666666666667,0.7606666666666667,3523531248
bdsvm,label_skew,1426,6,2467,0.5784335440239257,0.76425,0.7608333333333334,3522047760
bdsvm,label_skew,1426,7,2332,0.5784495154705374,0.764375,0.7603333333333333,3523778496
bdsvm,label_skew,1426,8,2467,0.5784098004297589,0.764375,0.7605,3522789504
bdsvm,label_skew,1426,9,2332,0.5784103657456277,0.7642083333333334,0.761,3523531248
bdsvm,label_skew,1451,0,2468,0.5779407164052592,0.76475,0.7605,3583859760
bdsvm,label_skew,1451,1,2333,0.5779221656873808,0.7646666666666667,0.7608333333333334,3586579488
bdsvm,label_skew,1451,2,2468,0.5779632592388944,0.764625,0.7603333333333333,3586332240
bdsvm,label_skew,1451,3,2333,0.5779518106453503,0.7646666666666667,0.7603333333333333,3585096000
bdsvm,label_skew,1451,4,2467,0.5779338183537056,0.764625,0.7605,3585343248
bdsvm,label_skew,1451,5,2333,0.5779202448126167,0.7647916666666666,0.7603333333333333,3585343248
bdsvm,label_skew,1451,6,2467,0.5779643680128259,0.7647083333333333,0.7606666666666667,3583859760
bdsvm,label_skew,1451,7,2332,0.5779522598318144,0.7645,0.7605,3585590496
bdsvm,label_skew,1451,8,2467,0.5779033443378423,0.7648333333333334,0.7603333333333333,3584601504
bdsvm,label_skew,1451,9,2332,0.5779432731881934,0.764625,0.7605,3585343248
bdsvm,label_skew,1476,0,2468,0.5786374340273396,0.7640416666666666,0.76,3645671760
bdsvm,label_skew,1476,1,2333,0.5784189403054772,0.7645,0.7601666666666667,3648391488
bdsvm,label_skew,1476,2,2468,0.5779230540502753,0.7647083333333333,0.7603333333333333,3648144240
bdsvm,label_skew,1476,3,2333,0.5783792920959503,0.7645833333333333,0.7605,3646908000
bdsvm,label_skew,1476,4,2467,0.578596940371057,0.7644166666666666,0.7603333333333333,3647155248
bdsvm,label_skew,1476,5,2333,0.5781034549715275,0.7647916666666666,0.7601666666666667,3647155248
bdsvm,label_skew,1476,6,2467,0.5783533042570397,0.764375,0.7605,3645671760
bdsvm,label_skew,1476,7,2332,0.5781995625441035,0.7645,0.7603333333333333,3647402496
bdsvm,label_skew,1476,8,2467,0.5783581992817024,0.7645833333333333,0.7605,3646413504
bdsvm,label_skew,1476,9,2332,0.5781064562571931,0.7646666666666667,0.7603333333333333,3647155248
bdsvm,label_skew,1501,0,2468,0.5903307136215667,0.7603333333333333,0.7555,3707483760
bdsvm,label_skew,1501,1,2333,0.5918793122674062,0.7594166666666666,0.7555,3710203488
bdsvm,label_skew,1501,2,2468,0.5897940493642054,0.760375,0.756,3709956240
bdsvm,label_skew,1501,3,2333,0.5862445401862343,0.76075,0.757,3708720000
bdsvm,label_skew,1501,4,2467,0.5904683605253083,0.7602083333333334,0.7555,3708967248
bdsvm,label_skew,1501,5,2333,0.5848143768018756,0.7621666666666667,0.7581666666666667,3708967248
bdsvm,label_skew,1501,6,2467,0.5881042437492328,0.761,0.7563333333333333,3707483760
bdsvm,label_skew,1501,7,2332,0.5890316004587622,0.7605416666666667,0.7556666666666667,3709214496
bdsvm,label_skew,1501,8,2467,0.5879762334722343,0.760625,0.7563333333333333,3708225504
bdsvm,label_skew,1501,9,2332,0.5880042436773686,0.76075,0.7568333333333334,3708967248
bdsvm,label_skew,1526,0,2468,0.5926377403090453,0.7556666666666667,0.7513333333333333,3769295760
bdsvm,label_skew,1526,1,2333,0.5925583089499219,0.7559583333333333,0.7513333333333333,3772015488
bdsvm,label_skew,1526,2,2468,0.5926855306327442,0.755875,0.7511666666666666,3771768240
bdsvm,label_skew,1526,3,2333,0.5926592715112344,0.7558333333333334,0.7513333333333333,3770532000
bdsvm,label_skew,1526,4,2467,0.5926267341310656,0.7559166666666667,0.7511666666666666,3770779248
bdsvm,label_skew,1526,5,2333,0.5925338837161251,0.756,0.751,3770779248
bdsvm,label_skew,1526,6,2467,0.5927596115432049,0.7555416666666667,0.7511666666666666,3769295760
bdsvm,label_skew,1526,7,2332,0.5926736999602158,0.7559166666666667,0.7511666666666666,3771026496
bdsvm,label_skew,1526,8,2467,0.5927558412931664,0.7555833333333334,0.7511666666666666,3770037504
bdsvm,label_skew,1526,9,2332,0.5927545909387157,0.75575,0.7513333333333333,3770779248
bdsvm,label_skew,1551,0,2468,0.5880451420467154,0.756,0.7508333333333334,3831107760
bdsvm,label_skew,1551,1,2333,0.5875443395407758,0.75525,0.7508333333333334,3833827488
bdsvm,label_skew,1551,2,2468,0.5888595360275902,0.7547083333333333,0.751,3833580240
bdsvm,label_skew,1551,3,2333,0.5873775428441734,0.755875,0.7515,3832344000
bdsvm,label_skew,1551,4,2467,0.5875354982147614,0.7555833333333334,0.7511666666666666,3832591248
bdsvm,label_skew,1551,5,2333,0.589416499648534,0.7546666666666667,0.7501666666666666,3832591248
bdsvm,label_skew,1551,6,2467,0.5872368754280096,0.7563333333333333,0.7521666666666667,3831107760
bdsvm,label_skew,1551,7,2332,0.5874909073259221,0.7555416666666667,0.7511666666666666,3832838496
bdsvm,label_skew,1551,8,2467,0.5871961011152887,0.7562083333333334,0.752,3831849504
bdsvm,label_skew,1551,9,2332,0.5870745308928079,0.75625,0.7511666666666666,3832591248
bdsvm,label_skew,1576,0,2468,0.5787127525208579,0.7644166666666666,0.7605,3892919760
bdsvm,label_skew,1576,1,2333,0.5788640316743596,0.764375,0.7598333333333334,3895639488
bdsvm,label_skew,1576,2,2468,0.578868685648067,0.7644166666666666,0.7601666666666667,3895392240
bdsvm,label_skew,1576,3,2333,0.5788349651832682,0.7642916666666667,0.7603333333333333,3894156000
bdsvm,label_skew,1576,4,2467,0.5786944757014324,0.7645416666666667,0.7603333333333333,3894403248
bdsvm,label_skew,1576,5,2333,0.5783497693563144,0.7645416666666667,0.76,3894403248
bdsvm,label_skew,1576,6,2467,0.5786950673584179,0.764375,0.7603333333333333,3892919760
bdsvm,label_skew,1576,7,2332,0.5785086266804577,0.764625,0.7596666666666667,3894650496
bdsvm,label_skew,1576,8,2467,0.5788138627802693,0.764125,0.7601666666666667,3893661504
bdsvm,label_skew,1576,9,2332,0.5787126019368793,0.764375,0.7603333333333333,3894403248
bdsvm,label_skew,1601,0,2468,0.5773757064299349,0.7649583333333333,0.7605,3954731760
bdsvm,label_skew,1601,1,2333,0.5771909446709005,0.7652083333333334,0.76,3957451488
bdsvm,label_skew,1601,2,2468,0.5777028910571412,0.7647083333333333,0.76,3957204240
bdsvm,label_skew,1601,3,2333,0.5775468999797659,0.7646666666666667,0.7598333333333334,3955968000
bdsvm,label_skew,1601,4,2467,0.5774591022366825,0.7648333333333334,0.7596666666666667,3956215248
bdsvm,label_skew,1601,5,2333,0.5773924025211185,0.7648333333333334,0.7591666666666667,3956215248
bdsvm,label_skew,1601,6,2467,0.5774346691567,0.7645,0.7603333333333333,3954731760
bdsvm,label_skew,1601,7,2332,0.577232642391949,0.7649583333333333,0.7601666666666667,3956462496
bdsvm,label_skew,1601,8,2467,0.5774541082764769,0.7647916666666666,0.7598333333333334,3955473504
bdsvm,label_skew,1601,9,2332,0.5775446747545454,0.7649583333333333,0.7591666666666667,3956215248
bdsvm,label_skew,1626,0,2468,0.5787584713672951,0.7642916666666667,0.7603333333333333,4016543760
bdsvm,label_skew,1626,1,2333,0.5787525039419591,0.7642916666666667,0.7605,4019263488
bdsvm,label_skew,1626,2,2468,0.5784670349622921,0.764375,0.7605,4019016240
bdsvm,label_skew,1626,3,2333,0.5784997894609404,0.7644583333333334,0.7603333333333333,4017780000
bdsvm,label_skew,1626,4,2467,0.5784965417077856,0.7644583333333334,0.7603333333333333,4018027248
bdsvm,label_skew,1626,5,2333,0.5784603175549837,0.764375,0.7603333333333333,4018027248
bdsvm,label_skew,1626,6,2467,0.5784953309481412,0.7642916666666667,0.7601666666666667,4016543760
bdsvm,label_skew,1626,7,2332,0.5784448176560462,0.7643333333333333,0.7605,4018274496
bdsvm,label_skew,1626,8,2467,0.578430943038739,0.7644583333333334,0.7601666666666667,4017285504
bdsvm,label_skew,1626,9,2332,0.5784898115670483,0.7645416666666667,0.7605,4018027248
bdsvm,label_skew,1651,0,2468,0.5744081487305672,0.76475,0.7591666666666667,4078355760
bdsvm,label_skew,1651,1,2333,0.574099523705726,0.7652083333333334,0.7593333333333333,4081075488
bdsvm,label_skew,1651,2,2468,0.5741429410639403,0.7652916666666667,0.759,4080828240
bdsvm,label_skew,1651,3,2333,0.5743746905367507,0.7651666666666667,0.7591666666666667,4079592000
bdsvm,label_skew,1651,4,2467,0.5744882911632073,0.7652083333333334,0.7593333333333333,4079839248
bdsvm,label_skew,1651,5,2333,0.5743534165999808,0.7650833333333333,0.7588333333333334,4079839248
bdsvm,label_skew,1651,6,2467,0.575037936397679,0.7649166666666667,0.7588333333333334,4078355760
bdsvm,label_skew,1651,7,2332,0.5749422709951577,0.764875,0.7588333333333334,4080086496
bdsvm,label_skew,1651,8,2467,0.5748910254279341,0.765,0.7588333333333334,4079097504
bdsvm,label_skew,1651,9,2332,0.5742763850900025,0.7652916666666667,0.7596666666666667,4079839248
bdsvm,label_skew,1676,0,2468,0.5776667363612984,0.7645,0.7601666666666667,4140167760
bdsvm,label_skew,1676,1,2333,0.5778117440171422,0.764625,0.7598333333333334,4142887488
bdsvm,label_skew,1676,2,2468,0.5775358228559524,0.764625,0.76,4142640240
bdsvm,label_skew,1676,3,2333,0.5775540428614592,0.7645833333333333,0.7601666666666667,4141404000
bdsvm,label_skew,1676,4,2467,0.5775939562152392,0.7645416666666667,0.7598333333333334,4141651248
bdsvm,label_skew,1676,5,2333,0.5777422699910624,0.7644583333333334,0.76,4141651248
bdsvm,label_skew,1676,6,2467,0.5775382494911742,0.764625,0.7603333333333333,4140167760
bdsvm,label_skew,1676,7,2332,0.5776882520892302,0.7644583333333334,0.76,4141898496
bdsvm,label_skew,1676,8,2467,0.577704053372168,0.7645416666666667,0.7601666666666667,4140909504
bdsvm,label_skew,1676,9,2332,0.5777466029523527,0.7645416666666667,0.7601666666666667,4141651248
bdsvm,label_skew,1701,0,2468,0.5801299926124868,0.7637083333333333,0.7601666666666667,4201979760
bdsvm,label_skew,1701,1,2333,0.5801990562200463,0.7638333333333334,0.7593333333333333,4204699488
bdsvm,label_skew,1701,2,2468,0.5802231325285143,0.7637916666666666,0.7595,4204452240
bdsvm,label_skew,1701,3,2333,0.580235080566162,0.76375,0.7598333333333334,4203216000
bdsvm,label_skew,1701,4,2467,0.5803354857789752,0.7637916666666666,0.7596666666666667,4203463248
bdsvm,label_skew,1701,5,2333,0.5798346879410566,0.7637916666666666,0.7598333333333334,4203463248
bdsvm,label_skew,1701,6,2467,0.5802615357280446,0.7639166666666667,0.7605,4201979760
bdsvm,label_skew,1701,7,2332,0.5800989413777968,0.763875,0.7591666666666667,4203710496
bdsvm,label_skew,1701,8,2467,0.5799140109751293,0.7638333333333334,0.7601666666666667,4202721504
bdsvm,label_skew,1701,9,2332,0.5802194626671018,0.7636666666666667,0.7598333333333334,4203463248
bdsvm,label_skew,1726,0,2468,0.5907922806957698,0.7590416666666666,0.754,4263791760
bdsvm,label_skew,1726,1,2333,0.5909979013114854,0.75875,0.7541666666666667,4266511488
bdsvm,label_skew,1726,2,2468,0.5916447341610148,0.758875,0.7528333333333334,4266264240
bdsvm,label_skew,1726,3,2333,0.5908213725339232,0.758875,0.7536666666666667,4265028000
bdsvm,label_skew,1726,4,2467,0.5898280722221206,0.7595833333333334,0.7545,4265275248
bdsvm,label_skew,1726,5,2333,0.5908514555428211,0.7590416666666666,0.7541666666666667,4265275248
bdsvm,label_skew,1726,6,2467,0.5902953946610064,0.7595416666666667,0.754,4263791760
bdsvm,label_skew,1726,7,2332,0.5899266928162389,0.759625,0.7543333333333333,4265522496
bdsvm,label_skew,1726,8,2467,0.5899511403979877,0.759625,0.7545,4264533504
bdsvm,label_skew,1726,9,2332,0.5904345117968343,0.7591666666666667,0.754,4265275248
bdsvm,label_skew,1751,0,2468,0.5779543201544866,0.76425,0.7603333333333333,4325603760
bdsvm,label_skew,1751,1,2333,0.5779761641293453,0.7642916666666667,0.7603333333333333,4328323488
bdsvm,label_skew,1751,2,2468,0.577918607412314,0.76425,0.7606666666666667,4328076240
bdsvm,label_skew,1751,3,2333,0.5779135140833679,0.7640833333333333,0.7606666666666667,4326840000
bdsvm,label_skew,1751,4,2467,0.5779319362340186,0.76425,0.7605,4327087248
bdsvm,label_skew,1751,5,2333,0.5778231645515938,0.76425,0.7606666666666667,4327087248
bdsvm,label_skew,1751,6,2467,0.5779171813126359,0.764125,0.7605,4325603760
bdsvm,label_skew,1751,7,2332,0.5779389082511077,0.7641666666666667,0.7603333333333333,4327334496
bdsvm,label_skew,1751,8,2467,0.5779356542350156,0.7640833333333333,0.7603333333333333,4326345504
bdsvm,label_skew,1751,9,2332,0.5779680427981858,0.7642083333333334,0.7605,4327087248
bdsvm,label_skew,1776,0,2468,0.578345677372012,0.7644166666666666,0.7601666666666667,4387415760
bdsvm,label_skew,1776,1,2333,0.5781915370063159,0.7643333333333333,0.7601666666666667,4390135488
bdsvm,label_skew,1776,2,2468,0.5783289956672236,0.76425,0.76,4389888240
bdsvm,label_skew,1776,3,2333,0.5786438052298316,0.76425,0.7596666666666667,4388652000
bdsvm,label_skew,1776,4,2467,0.5784253869960735,0.76425,0.76,4388899248
bdsvm,label_skew,1776,5,2333,0.5786364752699279,0.76425,0.76,4388899248
bdsvm,label_skew,1776,6,2467,0.5785596898770824,0.7642916666666667,0.7601666666666667,4387415760
bdsvm,label_skew,1776,7,2332,0.5783732321939148,0.7641666666666667,0.76,4389146496
bdsvm,label_skew,1776,8,2467,0.5783009549482728,0.7642916666666667,0.7601666666666667,4388157504
bdsvm,label_skew,1776,9,2332,0.5784208310645341,0.76425,0.7598333333333334,4388899248
bdsvm,label_skew,1801,0,2468,0.5813721647486184,0.7635,0.758,4449227760
bdsvm,label_skew,1801,1,2333,0.5822202414286952,0.7634583333333333,0.758,4451947488
bdsvm,label_skew,1801,2,2468,0.5822380141354166,0.763375,0.7578333333333334,4451700240
bdsvm,label_skew,1801,3,2333,0.5809911439594907,0.763625,0.7586666666666667,4450464000
bdsvm,label_skew,1801,4,2467,0.5823418224761161,0.7634166666666666,0.7578333333333334,4450711248
bdsvm,label_skew,1801,5,2333,0.5821792349977686,0.7634583333333333,0.7578333333333334,4450711248
bdsvm,label_skew,1801,6,2467,0.5822263730343771,0.763375,0.758,4449227760
bdsvm,label_skew,1801,7,2332,0.5822411098824054,0.763375,0.758,4450958496
bdsvm,label_skew,1801,8,2467,0.5829249511675689,0.7630833333333333,0.7576666666666667,4449969504
bdsvm,label_skew,1801,9,2332,0.5819957948626047,0.7635,0.7578333333333334,4450711248
bdsvm,label_skew,1826,0,2468,0.588243765360285,0.76075,0.7561666666666667,4511039760
bdsvm,label_skew,1826,1,2333,0.588166724122265,0.7607083333333333,0.7556666666666667,4513759488
bdsvm,label_skew,1826,2,2468,0.5882883691624524,0.760625,0.7561666666666667,4513512240
bdsvm,label_skew,1826,3,2333,0.5881285341848727,0.76075,0.7558333333333334,4512276000
bdsvm,label_skew,1826,4,2467,0.5881681543337564,0.760875,0.7558333333333334,4512523248
bdsvm,label_skew,1826,5,2333,0.588110846369573,0.7607916666666666,0.7558333333333334,4512523248
bdsvm,label_skew,1826,6,2467,0.5882373630418837,0.7607916666666666,0.7558333333333334,4511039760
bdsvm,label_skew,1826,7,2332,0.5881904495926515,0.7608333333333334,0.7556666666666667,4512770496
bdsvm,label_skew,1826,8,2467,0.5882841210706709,0.760625,0.7563333333333333,4511781504
bdsvm,label_skew,1826,9,2332,0.5881914431144666,0.7607083333333333,0.756,4512523248
bdsvm,label_skew,1851,0,2468,0.5780603561208357,0.7642916666666667,0.7601666666666667,4572851760
bdsvm,label_skew,1851,1,2333,0.578224903561853,0.7643333333333333,0.76,4575571488
bdsvm,label_skew,1851,2,2468,0.5782368691729031,0.7642916666666667,0.7605,4575324240
bdsvm,label_skew,1851,3,2333,0.5781338236633128,0.7642916666666667,0.7601666666666667,4574088000
bdsvm,label_skew,1851,4,2467,0.5780874950488272,0.7642916666666667,0.7606666666666667,4574335248
bdsvm,label_skew,1851,5,2333,0.5781158794194257,0.7642083333333334,0.7603333333333333,4574335248
bdsvm,label_skew,1851,6,2467,0.5781217913724301,0.7643333333333333,0.7601666666666667,4572851760
bdsvm,label_skew,1851,7,2332,0.5780971724538404,0.7641666666666667,0.7601666666666667,4574582496
bdsvm,label_skew,1851,8,2467,0.5780759211857994,0.76425,0.7603333333333333,4573593504
bdsvm,label_skew,1851,9,2332,0.5782788793830109,0.7642916666666667,0.7605,4574335248
bdsvm,label_skew,1876,0,2468,0.578198781712827,0.7643333333333333,0.7601666666666667,4634663760
bdsvm,label_skew,1876,1,2333,0.5781949606220016,0.7648333333333334,0.7605,4637383488
bdsvm,label_skew,1876,2,2468,0.5782544368588335,0.7645416666666667,0.7605,4637136240
bdsvm,label_skew,1876,3,2333,0.578376886747081,0.7645,0.76,4635900000
bdsvm,label_skew,1876,4,2467,0.5784313625225704,0.7645833333333333,0.7603333333333333,4636147248
bdsvm,label_skew,1876,5,2333,0.578476361762073,0.7645,0.7603333333333333,4636147248
bdsvm,label_skew,1876,6,2467,0.5782713417476374,0.7645833333333333,0.7603333333333333,4634663760
bdsvm,label_skew,1876,7,2332,0.5784450477621732,0.7645,0.76,4636394496
bdsvm,label_skew,1876,8,2467,0.5782276604289729,0.764625,0.7603333333333333,4635405504
bdsvm,label_skew,1876,9,2332,0.5782575411551373,0.764625,0.7606666666666667,4636147248
bdsvm,label_skew,1901,0,2468,0.5779657928618723,0.7645416666666667,0.7606666666666667,4696475760
bdsvm,label_skew,1901,1,2333,0.5780571349142425,0.7647083333333333,0.76,4699195488
bdsvm,label_skew,1901,2,2468,0.5780442351231863,0.764625,0.7601666666666667,4698948240
bdsvm,label_skew,1901,3,2333,0.5780196348563834,0.764625,0.7601666666666667,4697712000
bdsvm,label_skew,1901,4,2467,0.5780948063403349,0.7644583333333334,0.7601666666666667,4697959248
bdsvm,label_skew,1901,5,2333,0.5779464641091487,0.76475,0.7601666666666667,4697959248
bdsvm,label_skew,1901,6,2467,0.5780632314924135,0.7645833333333333,0.7605,4696475760
bdsvm,label_skew,1901,7,2332,0.5781035656532583,0.7646666666666667,0.7601666666666667,4698206496
bdsvm,label_skew,1901,8,2467,0.5780348501580856,0.764625,0.7603333333333333,4697217504
bdsvm,label_skew,1901,9,2332,0.5780156143973485,0.7647083333333333,0.76,4697959248
bdsvm,label_skew,1926,0,2468,0.5802016729788634,0.763625,0.7603333333333333,4758287760
bdsvm,label_skew,1926,1,2333,0.580155812285966,0.7639583333333333,0.7596666666666667,4761007488
bdsvm,label_skew,1926,2,2468,0.5802889588567661,0.76375,0.7593333333333333,4760760240
bdsvm,label_skew,1926,3,2333,0.5801799290568629,0.76375,0.7595,4759524000
bdsvm,label_skew,1926,4,2467,0.5804145289989033,0.76375,0.7596666666666667,4759771248
bdsvm,label_skew,1926,5,2333,0.579937381289995,0.7639166666666667,0.7596666666666667,4759771248
bdsvm,label_skew,1926,6,2467,0.5801255072243574,0.7637083333333333,0.76,4758287760
bdsvm,label_skew,1926,7,2332,0.5803572375243287,0.7638333333333334,0.7595,4760018496
bdsvm,label_skew,1926,8,2467,0.5801516258421514,0.763875,0.7596666666666667,4759029504
bdsvm,label_skew,1926,9,2332,0.58002720952809,0.7639583333333333,0.7595,4759771248
bdsvm,label_skew,1951,0,2468,0.579103866008846,0.7640416666666666,0.7601666666666667,4820099760
bdsvm,label_skew,1951,1,2333,0.5786097904947299,0.7643333333333333,0.7596666666666667,4822819488
bdsvm,label_skew,1951,2,2468,0.5791357574666527,0.7644166666666666,0.7596666666666667,4822572240
bdsvm,label_skew,1951,3,2333,0.578625382165275,0.7641666666666667,0.7601666666666667,4821336000
bdsvm,label_skew,1951,4,2467,0.5791518516528759,0.7642916666666667,0.7596666666666667,4821583248
bdsvm,label_skew,1951,5,2333,0.5786588761985307,0.76425,0.76,4821583248
bdsvm,label_skew,1951,6,2467,0.5787792255057161,0.764,0.7596666666666667,4820099760
bdsvm,label_skew,1951,7,2332,0.5790455881223316,0.7642916666666667,0.7598333333333334,4821830496
bdsvm,label_skew,1951,8,2467,0.5791335225814115,0.7641666666666667,0.7596666666666667,4820841504
bdsvm,label_skew,1951,9,2332,0.578828176118896,0.7642083333333334,0.76,4821583248
bdsvm,label_skew,1976,0,2468,0.573217807277899,0.76575,0.76,4881911760
bdsvm,label_skew,1976,1,2333,0.5731332319196213,0.76575,0.7598333333333334,4884631488
bdsvm,label_skew,1976,2,2468,0.573260394059814,0.766,0.7591666666666667,4884384240
bdsvm,label_skew,1976,3,2333,0.5731817809639923,0.7659166666666667,0.7593333333333333,4883148000
bdsvm,label_skew,1976,4,2467,0.5733121305463291,0.7657916666666666,0.7598333333333334,4883395248
bdsvm,label_skew,1976,5,2333,0.5737884793040611,0.765875,0.7598333333333334,4883395248
bdsvm,label_skew,1976,6,2467,0.5731530172786844,0.7660416666666666,0.7598333333333334,4881911760
bdsvm,label_skew,1976,7,2332,0.5731866005413347,0.765625,0.7601666666666667,4883642496
bdsvm,label_skew,1976,8,2467,0.5730980082396135,0.765875,0.7595,4882653504
bdsvm,label_skew,1976,9,2332,0.5730674836452311,0.765875,0.7596666666666667,4883395248
bdsvm,label_skew,2001,0,2468,0.5791303616891507,0.764375,0.76,4943723760
bdsvm,label_skew,2001,1,2333,0.5781708106524466,0.76425,0.7605,4946443488
bdsvm,label_skew,2001,2,2468,0.5780479062110426,0.764375,0.7605,4946196240
bdsvm,label_skew,2001,3,2333,0.5780813165148733,0.7644166666666666,0.7605,4944960000
bdsvm,label_skew,2001,4,2467,0.5780243187961117,0.7644583333333334,0.7605,4945207248
bdsvm,label_skew,2001,5,2333,0.5781620487028588,0.7645,0.7603333333333333,4945207248
bdsvm,label_skew,2001,6,2467,0.578041223910243,0.7646666666666667,0.7603333333333333,4943723760
bdsvm,label_skew,2001,7,2332,0.5793067507971794,0.764125,0.7605,4945454496
bdsvm,label_skew,2001,8,2467,0.5780425466595682,0.7645,0.7603333333333333,4944465504
bdsvm,label_skew,2001,9,2332,0.5780552555566149,0.7644166666666666,0.7605,4945207248
bdsvm,label_skew,2026,0,2468,0.5851655222740691,0.7618333333333334,0.757,5005535760
bdsvm,label_skew,2026,1,2333,0.5850727684826893,0.761875,0.7566666666666667,5008255488
bdsvm,label_skew,2026,2,2468,0.5853637381296548,0.7617916666666666,0.7568333333333334,5008008240
bdsvm,label_skew,2026,3,2333,0.5851329138104866,0.76175,0.7565,5006772000
bdsvm,label_skew,2026,4,2467,0.5853210633475331,0.7616666666666667,0.7568333333333334,5007019248
bdsvm,label_skew,2026,5,2333,0.5847046054942979,0.762125,0.757,5007019248
bdsvm,label_skew,2026,6,2467,0.5850068728943599,0.7618333333333334,0.757,5005535760
bdsvm,label_skew,2026,7,2332,0.5851675282342398,0.7618333333333334,0.7565,5007266496
bdsvm,label_skew,2026,8,2467,0.5852122515173935,0.76175,0.7568333333333334,5006277504
bdsvm,label_skew,2026,9,2332,0.5849858980738762,0.7616666666666667,0.757,5007019248
bdsvm,label_skew,2051,0,2468,0.578513106685727,0.764,0.7595,5067347760
bdsvm,label_skew,2051,1,2333,0.5783394291599421,0.7645416666666667,0.7595,5070067488
bdsvm,label_skew,2051,2,2468,0.5781804563071582,0.7645,0.7596666666666667,5069820240
bdsvm,label_skew,2051,3,2333,0.578419452601554,0.7643333333333333,0.7598333333333334,5068584000
bdsvm,label_skew,2051,4,2467,0.5782296843793526,0.7644583333333334,0.7598333333333334,5068831248
bdsvm,label_skew,2051,5,2333,0.5785009170634062,0.764375,0.7595,5068831248
bdsvm,label_skew,2051,6,2467,0.5783494637631763,0.7642916666666667,0.7595,5067347760
bdsvm,label_skew,2051,7,2332,0.5782672760181798,0.7645,0.7593333333333333,5069078496
bdsvm,label_skew,2051,8,2467,0.5783550796666944,0.7644583333333334,0.76,5068089504
bdsvm,label_skew,2051,9,2332,0.5783233740113607,0.7645833333333333,0.7598333333333334,5068831248
bdsvm,label_skew,2076,0,2468,0.5798013607743944,0.7639583333333333,0.76,5129159760
bdsvm,label_skew,2076,1,2333,0.5798095595033808,0.7640833333333333,0.7593333333333333,5131879488
bdsvm,label_skew,2076,2,2468,0.5797796667570948,0.7639583333333333,0.7595,5131632240
bdsvm,label_skew,2076,3,2333,0.5798091768433292,0.7640416666666666,0.7596666666666667,5130396000
bdsvm,label_skew,2076,4,2467,0.5797807303271131,0.764,0.7595,5130643248
bdsvm,label_skew,2076,5,2333,0.5797587738801909,0.7640833333333333,0.76,5130643248
bdsvm,label_skew,2076,6,2467,0.5797933798696184,0.7639583333333333,0.7601666666666667,5129159760
bdsvm,label_skew,2076,7,2332,0.5797811108080494,0.7640833333333333,0.7593333333333333,5130890496
bdsvm,label_skew,2076,8,2467,0.5798220573198389,0.764,0.7598333333333334,5129901504
bdsvm,label_skew,2076,9,2332,0.5798148908239507,0.7639583333333333,0.7595,5130643248
bdsvm,label_skew,2101,0,2468,0.5760620023151267,0.765375,0.7596666666666667,5190971760
bdsvm,label_skew,2101,1,2333,0.5757922753721411,0.765,0.7588333333333334,5193691488
bdsvm,label_skew,2101,2,2468,0.5759107290720524,0.7647916666666666,0.759,5193444240
bdsvm,label_skew,2101,3,2333,0.5762863580661124,0.7649583333333333,0.7591666666666667,5192208000
bdsvm,label_skew,2101,4,2467,0.5763752521765193,0.764875,0.7588333333333334,5192455248
bdsvm,label_skew,2101,5,2333,0.57656009527375,0.764875,0.7588333333333334,5192455248
bdsvm,label_skew,2101,6,2467,0.5760976191621269,0.76525,0.7596666666666667,5190971760
bdsvm,label_skew,2101,7,2332,0.5759369416395028,0.76475,0.7585,5192702496
bdsvm,label_skew,2101,8,2467,0.5761391120108547,0.7652083333333334,0.7588333333333334,5191713504
bdsvm,label_skew,2101,9,2332,0.5762646144959213,0.76475,0.7588333333333334,5192455248
bdsvm,label_skew,2126,0,2468,0.5769591323535004,0.7649166666666667,0.7596666666666667,5252783760
bdsvm,label_skew,2126,1,2333,0.577366509197329,0.7647083333333333,0.7598333333333334,5255503488
bdsvm,label_skew,2126,2,2468,0.5775484418704311,0.7647916666666666,0.76,5255256240
bdsvm,label_skew,2126,3,2333,0.5776337976371485,0.7645833333333333,0.76,5254020000
bdsvm,label_skew,2126,4,2467,0.5767496398443642,0.76525,0.7598333333333334,5254267248
bdsvm,label_skew,2126,5,2333,0.5778979030990785,0.7645833333333333,0.7601666666666667,5254267248
bdsvm,label_skew,2126,6,2467,0.5776199264826105,0.76475,0.7605,5252783760
bdsvm,label_skew,2126,7,2332,0.5781492532910525,0.76425,0.7595,5254514496
bdsvm,label_skew,2126,8,2467,0.5776068855217459,0.7648333333333334,0.7603333333333333,5253525504
bdsvm,label_skew,2126,9,2332,0.5777673768031557,0.764625,0.7601666666666667,5254267248
bdsvm,label_skew,2151,0,2468,0.5771619600790491,0.7645416666666667,0.7611666666666667,5314595760
bdsvm,label_skew,2151,1,2333,0.5774742867441988,0.7648333333333334,0.7608333333333334,5317315488
bdsvm,label_skew,2151,2,2468,0.5780578288793475,0.7645833333333333,0.7596666666666667,5317068240
bdsvm,label_skew,2151,3,2333,0.577469538154453,0.764875,0.7601666666666667,5315832000
bdsvm,label_skew,2151,4,2467,0.5765550616197603,0.764875,0.7613333333333333,5316079248
bdsvm,label_skew,2151,5,2333,0.5783111293955159,0.7644166666666666,0.7595,5316079248
bdsvm,label_skew,2151,6,2467,0.5770953702579831,0.7646666666666667,0.7611666666666667,5314595760
bdsvm,label_skew,2151,7,2332,0.5766502975230566,0.7648333333333334,0.7618333333333334,5316326496
bdsvm,label_skew,2151,8,2467,0.5771956071707031,0.7647083333333333,0.7608333333333334,5315337504
bdsvm,label_skew,2151,9,2332,0.5773021564718602,0.7648333333333334,0.7606666666666667,5316079248
bdsvm,label_skew,2176,0,2468,0.5790614253573007,0.76425,0.76,5376407760
bdsvm,label_skew,2176,1,2333,0.578919853164574,0.7642916666666667,0.7591666666666667,5379127488
bdsvm,label_skew,2176,2,2468,0.5789922894825404,0.7642083333333334,0.7591666666666667,5378880240
bdsvm,label_skew,2176,3,2333,0.5789654388360765,0.7641666666666667,0.7593333333333333,5377644000
bdsvm,label_skew,2176,4,2467,0.5789451355312317,0.76425,0.7591666666666667,5377891248
bdsvm,label_skew,2176,5,2333,0.5790071734404816,0.7642083333333334,0.7596666666666667,5377891248
bdsvm,label_skew,2176,6,2467,0.5789233547992445,0.7642083333333334,0.7596666666666667,5376407760
bdsvm,label_skew,2176,7,2332,0.5789897704475816,0.7641666666666667,0.7596666666666667,5378138496
bdsvm,label_skew,2176,8,2467,0.5789812057827357,0.7641666666666667,0.7593333333333333,5377149504
bdsvm,label_skew,2176,9,2332,0.579022936059435,0.7641666666666667,0.7591666666666667,5377891248
bdsvm,label_skew,2201,0,2468,0.577686149530512,0.764875,0.76,5438219760
bdsvm,label_skew,2201,1,2333,0.5776957443987135,0.764875,0.7601666666666667,5440939488
bdsvm,label_skew,2201,2,2468,0.5776774667751479,0.765,0.7601666666666667,5440692240
bdsvm,label_skew,2201,3,2333,0.5775471001721478,0.7647916666666666,0.76,5439456000
bdsvm,label_skew,2201,4,2467,0.5774689047193045,0.7650416666666666,0.7601666666666667,5439703248
bdsvm,label_skew,2201,5,2333,0.5775725704637614,0.764875,0.7601666666666667,5439703248
bdsvm,label_skew,2201,6,2467,0.5773543786475975,0.7647083333333333,0.7596666666666667,5438219760
bdsvm,label_skew,2201,7,2332,0.577573107307322,0.7648333333333334,0.76,5439950496
bdsvm,label_skew,2201,8,2467,0.5772885101544829,0.7648333333333334,0.76,5438961504
bdsvm,label_skew,2201,9,2332,0.5776065186956697,0.7649166666666667,0.7601666666666667,5439703248
bdsvm,label_skew,2226,0,2468,0.5840861330788307,0.7630416666666666,0.7571666666666667,5500031760
bdsvm,label_skew,2226,1,2333,0.5841898114107715,0.7629166666666667,0.7571666666666667,5502751488
bdsvm,label_skew,2226,2,2468,0.5841718250400552,0.7629583333333333,0.7573333333333333,5502504240
bdsvm,label_skew,2226,3,2333,0.5842392142905718,0.763,0.7576666666666667,5501268000
bdsvm,label_skew,2226,4,2467,0.5841626368916805,0.7630416666666666,0.7575,5501515248
bdsvm,label_skew,2226,5,2333,0.58397675392446,0.76325,0.7573333333333333,5501515248
bdsvm,label_skew,2226,6,2467,0.58412754334385,0.763,0.7575,5500031760
bdsvm,label_skew,2226,7,2332,0.5841654059787693,0.7629583333333333,0.7573333333333333,5501762496
bdsvm,label_skew,2226,8,2467,0.5841986475971002,0.7630416666666666,0.7575,5500773504
bdsvm,label_skew,2226,9,2332,0.5840679361517306,0.763125,0.7573333333333333,5501515248
bdsvm,label_skew,2251,0,2468,0.5956634688594507,0.753,0.7495,5561843760
bdsvm,label_skew,2251,1,2333,0.5953545401817029,0.7536666666666667,0.7498333333333334,5564563488
bdsvm,label_skew,2251,2,2468,0.5930819077728303,0.7569166666666667,0.751,5564316240
bdsvm,label_skew,2251,3,2333,0.5914448259266669,0.7586666666666667,0.7531666666666667,5563080000
bdsvm,label_skew,2251,4,2467,0.5928164503765688,0.7571666666666667,0.7508333333333334,5563327248
bdsvm,label_skew,2251,5,2333,0.5945052681259917,0.7545833333333334,0.75,5563327248
bdsvm,label_skew,2251,6,2467,0.5927124186996913,0.757375,0.7516666666666667,5561843760
bdsvm,label_skew,2251,7,2332,0.5929095214033164,0.7568333333333334,0.7511666666666666,5563574496
bdsvm,label_skew,2251,8,2467,0.5950469840752376,0.7539583333333333,0.7493333333333333,5562585504
bdsvm,label_skew,2251,9,2332,0.591568954309328,0.7585416666666667,0.7525,5563327248
bdsvm,label_skew,2276,0,2468,0.5779085308611973,0.7644166666666666,0.7595,5623655760
bdsvm,label_skew,2276,1,2333,0.5779168429436825,0.764375,0.7601666666666667,5626375488
bdsvm,label_skew,2276,2,2468,0.5779533603539249,0.764375,0.7601666666666667,5626128240
bdsvm,label_skew,2276,3,2333,0.5779436014243452,0.7642916666666667,0.7596666666666667,5624892000
bdsvm,label_skew,2276,4,2467,0.578028729501565,0.76425,0.76,5625139248
bdsvm,label_skew,2276,5,2333,0.5777774485835707,0.7644166666666666,0.76,5625139248
bdsvm,label_skew,2276,6,2467,0.5779342233609273,0.7645416666666667,0.7598333333333334,5623655760
bdsvm,label_skew,2276,7,2332,0.5781291359879731,0.76425,0.7598333333333334,5625386496
bdsvm,label_skew,2276,8,2467,0.5779519642942803,0.7645,0.76,5624397504
bdsvm,label_skew,2276,9,2332,0.5778882752934926,0.7644583333333334,0.76,5625139248
bdsvm,label_skew,2301,0,2468,0.5794562693770402,0.76425,0.7608333333333334,5685467760
bdsvm,label_skew,2301,1,2333,0.5816229404780017,0.76375,0.7591666666666667,5688187488
bdsvm,label_skew,2301,2,2468,0.5783615076733855,0.7645,0.7608333333333334,5687940240
bdsvm,label_skew,2301,3,2333,0.5782437057916383,0.764375,0.7605,5686704000
bdsvm,label_skew,2301,4,2467,0.5783749486971022,0.7645,0.7606666666666667,5686951248
bdsvm,label_skew,2301,5,2333,0.5779361743147001,0.7645416666666667,0.7606666666666667,5686951248
bdsvm,label_skew,2301,6,2467,0.5792877664104814,0.7645416666666667,0.7608333333333334,5685467760
bdsvm,label_skew,2301,7,2332,0.5792667553795535,0.7642916666666667,0.7603333333333333,5687198496
bdsvm,label_skew,2301,8,2467,0.5782461222758051,0.7644583333333334,0.7601666666666667,5686209504
bdsvm,label_skew,2301,9,2332,0.5778328025937686,0.7645416666666667,0.7605,5686951248
bdsvm,label_skew,2326,0,2468,0.5798376605069359,0.7637916666666666,0.7605,5747279760
bdsvm,label_skew,2326,1,2333,0.5798703118495441,0.763875,0.76,5749999488
bdsvm,label_skew,2326,2,2468,0.5798463396940781,0.7639166666666667,0.7601666666666667,5749752240
bdsvm,label_skew,2326,3,2333,0.5798660614296587,0.7639166666666667,0.7601666666666667,5748516000
bdsvm,label_skew,2326,4,2467,0.5798580803814284,0.7639166666666667,0.7605,5748763248
bdsvm,label_skew,2326,5,2333,0.5798676826717565,0.7639166666666667,0.7601666666666667,5748763248
bdsvm,label_skew,2326,6,2467,0.5798798868034983,0.7638333333333334,0.7601666666666667,5747279760
bdsvm,label_skew,2326,7,2332,0.579808935297626,0.7639583333333333,0.76,5749010496
bdsvm,label_skew,2326,8,2467,0.5798051972842961,0.7638333333333334,0.76,5748021504
bdsvm,label_skew,2326,9,2332,0.5798635482088536,0.7639166666666667,0.7603333333333333,5748763248
bdsvm,label_skew,2351,0,2468,0.5902033146793397,0.759375,0.7543333333333333,5809091760
bdsvm,label_skew,2351,1,2333,0.5901632110024768,0.75925,0.7543333333333333,5811811488
bdsvm,label_skew,2351,2,2468,0.5902019599225918,0.7593333333333333,0.7543333333333333,5811564240
bdsvm,label_skew,2351,3,2333,0.5919748893267268,0.7582916666666667,0.752,5810328000
bdsvm,label_skew,2351,4,2467,0.5913771008484842,0.7585416666666667,0.7523333333333333,5810575248
bdsvm,label_skew,2351,5,2333,0.5901365839189698,0.7594166666666666,0.7546666666666667,5810575248
bdsvm,label_skew,2351,6,2467,0.5921163614731864,0.7577083333333333,0.7513333333333333,5809091760
bdsvm,label_skew,2351,7,2332,0.5919216631554252,0.7581666666666667,0.7518333333333334,5810822496
bdsvm,label_skew,2351,8,2467,0.5919046288131826,0.75825,0.752,5809833504
bdsvm,label_skew,2351,9,2332,0.5918641920617302,0.7582083333333334,0.752,5810575248
bdsvm,label_skew,2376,0,2468,0.5749007765191385,0.7642916666666667,0.759,5870903760
bdsvm,label_skew,2376,1,2333,0.5749405376912495,0.7642916666666667,0.7596666666666667,5873623488
bdsvm,label_skew,2376,2,2468,0.5749318945234706,0.7642916666666667,0.7591666666666667,5873376240
bdsvm,label_skew,2376,3,2333,0.5749434012693223,0.76425,0.7593333333333333,5872140000
bdsvm,label_skew,2376,4,2467,0.5745033766480364,0.7642916666666667,0.7598333333333334,5872387248
bdsvm,label_skew,2376,5,2333,0.5750377248768712,0.7642083333333334,0.7593333333333333,5872387248
bdsvm,label_skew,2376,6,2467,0.5749625801357312,0.7641666666666667,0.7593333333333333,5870903760
bdsvm,label_skew,2376,7,2332,0.574490253769443,0.76425,0.7596666666666667,5872634496
bdsvm,label_skew,2376,8,2467,0.5749397107150663,0.7642083333333334,0.7593333333333333,5871645504
bdsvm,label_skew,2376,9,2332,0.5744635978372888,0.764375,0.7598333333333334,5872387248
bdsvm,label_skew,2401,0,2468,0.578047819184619,0.764375,0.7603333333333333,5932715760
bdsvm,label_skew,2401,1,2333,0.577890587130774,0.7645416666666667,0.7598333333333334,5935435488
bdsvm,label_skew,2401,2,2468,0.5780252027011646,0.7644166666666666,0.7601666666666667,5935188240
bdsvm,label_skew,2401,3,2333,0.5778748428940795,0.7644583333333334,0.7605,5933952000
bdsvm,label_skew,2401,4,2467,0.5779234127132846,0.7645416666666667,0.7603333333333333,5934199248
bdsvm,label_skew,2401,5,2333,0.5778229135459467,0.7644583333333334,0.7606666666666667,5934199248
bdsvm,label_skew,2401,6,2467,0.5780358478422833,0.764375,0.7605,5932715760
bdsvm,label_skew,2401,7,2332,0.5780479259962022,0.7645,0.76,5934446496
bdsvm,label_skew,2401,8,2467,0.5780086294335035,0.76425,0.7605,5933457504
bdsvm,label_skew,2401,9,2332,0.5778077570242014,0.7645833333333333,0.7603333333333333,5934199248
bdsvm,label_skew,2426,0,2468,0.5813311112009448,0.7637916666666666,0.7596666666666667,5994527760
bdsvm,label_skew,2426,1,2333,0.5814240360787305,0.7635,0.7586666666666667,5997247488
bdsvm,label_skew,2426,2,2468,0.5813076557272584,0.7636666666666667,0.759,5997000240
bdsvm,label_skew,2426,3,2333,0.5814039222718776,0.7637916666666666,0.7593333333333333,5995764000
bdsvm,label_skew,2426,4,2467,0.5808887712787751,0.7635833333333333,0.7595,5996011248
bdsvm,label_skew,2426,5,2333,0.5813740069845729,0.7636666666666667,0.7596666666666667,5996011248
bdsvm,label_skew,2426,6,2467,0.5811925202772942,0.764,0.7596666666666667,5994527760
bdsvm,label_skew,2426,7,2332,0.581265555677759,0.7636666666666667,0.7585,5996258496
bdsvm,label_skew,2426,8,2467,0.581204886463321,0.7640833333333333,0.7598333333333334,5995269504
bdsvm,label_skew,2426,9,2332,0.5812666526273795,0.7637083333333333,0.7593333333333333,5996011248
bdsvm,label_skew,2451,0,2468,0.5975077926403124,0.752625,0.7496666666666667,6056339760
bdsvm,label_skew,2451,1,2333,0.5947720246336878,0.755,0.7491666666666666,6059059488
bdsvm,label_skew,2451,2,2468,0.593903322365479,0.7565,0.7508333333333334,6058812240
bdsvm,label_skew,2451,3,2333,0.592772260324299,0.7571666666666667,0.7505,6057576000
bdsvm,label_skew,2451,4,2467,0.5919719896178662,0.7585833333333334,0.7536666666666667,6057823248
bdsvm,label_skew,2451,5,2333,0.5959608106322374,0.7545416666666667,0.7498333333333334,6057823248
bdsvm,label_skew,2451,6,2467,0.5977554638995934,0.7514166666666666,0.749,6056339760
bdsvm,label_skew,2451,7,2332,0.5942601127784383,0.7555416666666667,0.7505,6058070496
bdsvm,label_skew,2451,8,2467,0.5939225882213861,0.7564583333333333,0.7503333333333333,6057081504
bdsvm,label_skew,2451,9,2332,0.5940102491480308,0.756375,0.7505,6057823248
bdsvm,label_skew,2476,0,2468,0.5787278983217609,0.763875,0.7598333333333334,6118151760
bdsvm,label_skew,2476,1,2333,0.5787267238018848,0.7642083333333334,0.7596666666666667,6120871488
bdsvm,label_skew,2476,2,2468,0.5787407273855261,0.7640833333333333,0.7598333333333334,6120624240
bdsvm,label_skew,2476,3,2333,0.5787145621455284,0.764125,0.76,6119388000
bdsvm,label_skew,2476,4,2467,0.5787292981758069,0.7642083333333334,0.7596666666666667,6119635248
bdsvm,label_skew,2476,5,2333,0.5786998258912304,0.764125,0.7598333333333334,6119635248
bdsvm,label_skew,2476,6,2467,0.5787595390359812,0.763875,0.7595,6118151760
bdsvm,label_skew,2476,7,2332,0.5787327944818439,0.7642916666666667,0.7593333333333333,6119882496
bdsvm,label_skew,2476,8,2467,0.5787445273565258,0.764125,0.7595,6118893504
bdsvm,label_skew,2476,9,2332,0.5787434496861888,0.764125,0.7598333333333334,6119635248
bdsvm,label_skew,2501,0,2468,0.5777564875946406,0.7647083333333333,0.7593333333333333,6179963760
bdsvm,label_skew,2501,1,2333,0.5763493067156519,0.7652083333333334,0.7585,6182683488
bdsvm,label_skew,2501,2,2468,0.5784606854302575,0.7645416666666667,0.759,6182436240
bdsvm,label_skew,2501,3,2333,0.5758951835231133,0.7647916666666666,0.759,6181200000
bdsvm,label_skew,2501,4,2467,0.5760448060340277,0.7649166666666667,0.7586666666666667,6181447248
bdsvm,label_skew,2501,5,2333,0.5780159081494874,0.7647083333333333,0.7593333333333333,6181447248
bdsvm,label_skew,2501,6,2467,0.5775902181947082,0.764375,0.7596666666666667,6179963760
bdsvm,label_skew,2501,7,2332,0.5775751664658376,0.7644583333333334,0.7588333333333334,6181694496
bdsvm,label_skew,2501,8,2467,0.5777709621932025,0.7645416666666667,0.7593333333333333,6180705504
bdsvm,label_skew,2501,9,2332,0.5786963079105479,0.764375,0.7583333333333333,6181447248
bdsvm,label_skew,2526,0,2468,0.5800626970078486,0.7639166666666667,0.7601666666666667,6241775760
bdsvm,label_skew,2526,1,2333,0.5804962247168516,0.7639166666666667,0.7595,6244495488
bdsvm,label_skew,2526,2,2468,0.5805030287949092,0.763875,0.7598333333333334,6244248240
bdsvm,label_skew,2526,3,2333,0.5798271363096483,0.7641666666666667,0.76,6243012000
bdsvm,label_skew,2526,4,2467,0.5804792418907008,0.763875,0.7596666666666667,6243259248
bdsvm,label_skew,2526,5,2333,0.5801273910463941,0.7639166666666667,0.7598333333333334,6243259248
bdsvm,label_skew,2526,6,2467,0.5796620868151307,0.7642916666666667,0.76,6241775760
bdsvm,label_skew,2526,7,2332,0.5803004477364765,0.7639583333333333,0.7596666666666667,6243506496
bdsvm,label_skew,2526,8,2467,0.579560691517223,0.7642916666666667,0.7601666666666667,6242517504
bdsvm,label_skew,2526,9,2332,0.5803130579530342,0.7639583333333333,0.76,6243259248
bdsvm,label_skew,2551,0,2468,0.5904482969249564,0.759125,0.753,6303587760
bdsvm,label_skew,2551,1,2333,0.5903565040884255,0.75925,0.753,6306307488
bdsvm,label_skew,2551,2,2468,0.5905898286454921,0.7590416666666666,0.7526666666666667,6306060240
bdsvm,label_skew,2551,3,2333,0.590369263960787,0.7591666666666667,0.7528333333333334,6304824000
bdsvm,label_skew,2551,4,2467,0.5904056332477008,0.7590833333333333,0.7528333333333334,6305071248
bdsvm,label_skew,2551,5,2333,0.5904566029129114,0.75925,0.7528333333333334,6305071248
bdsvm,label_skew,2551,6,2467,0.5905067689157548,0.759125,0.7528333333333334,6303587760
bdsvm,label_skew,2551,7,2332,0.5906375846141796,0.759,0.7528333333333334,6305318496
bdsvm,label_skew,2551,8,2467,0.5905749547159084,0.759125,0.7526666666666667,6304329504
bdsvm,label_skew,2551,9,2332,0.5903190163456975,0.7592083333333334,0.753,6305071248
bdsvm,label_skew,2576,0,2468,0.5987834657713424,0.7337916666666666,0.729,6365399760
bdsvm,label_skew,2576,1,2333,0.5937752419609502,0.74175,0.7361666666666666,6368119488
bdsvm,label_skew,2576,2,2468,0.5958895989233247,0.7394583333333333,0.735,6367872240
bdsvm,label_skew,2576,3,2333,0.5958056063052378,0.7377916666666666,0.734,6366636000
bdsvm,label_skew,2576,4,2467,0.6032506638668902,0.722875,0.719,6366883248
bdsvm,label_skew,2576,5,2333,0.5981645661089756,0.732125,0.7285,6366883248
bdsvm,label_skew,2576,6,2467,0.5948001599849916,0.74175,0.7361666666666666,6365399760
bdsvm,label_skew,2576,7,2332,0.5975885738914294,0.7352083333333334,0.7296666666666667,6367130496
bdsvm,label_skew,2576,8,2467,0.5942759014068484,0.7400833333333333,0.735,6366141504
bdsvm,label_skew,2576,9,2332,0.5953970236722332,0.738125,0.7338333333333333,6366883248
bdsvm,label_skew,2601,0,2468,0.5783248345754815,0.7636666666666667,0.7575,6427211760
bdsvm,label_skew,2601,1,2333,0.5782765310398601,0.764125,0.7571666666666667,6429931488
bdsvm,label_skew,2601,2,2468,0.578304213316324,0.7639583333333333,0.757,6429684240
bdsvm,label_skew,2601,3,2333,0.5783590407540862,0.763875,0.7571666666666667,6428448000
bdsvm,label_skew,2601,4,2467,0.5783396818940466,0.764,0.7571666666666667,6428695248
bdsvm,label_skew,2601,5,2333,0.5779030892339514,0.764125,0.7571666666666667,6428695248
bdsvm,label_skew,2601,6,2467,0.5781818789420758,0.76375,0.7576666666666667,6427211760
bdsvm,label_skew,2601,7,2332,0.5781921673389543,0.7640833333333333,0.7571666666666667,6428942496
bdsvm,label_skew,2601,8,2467,0.5783100115194545,0.7639166666666667,0.7573333333333333,6427953504
bdsvm,label_skew,2601,9,2332,0.5783010092064098,0.7640416666666666,0.7568333333333334,6428695248
bdsvm,label_skew,2626,0,2468,0.594232568432115,0.753375,0.7491666666666666,6489023760
bdsvm,label_skew,2626,1,2333,0.6001505243328715,0.7434166666666666,0.7415,6491743488
bdsvm,label_skew,2626,2,2468,0.5995528100760268,0.7444166666666666,0.7413333333333333,6491496240
bdsvm,label_skew,2626,3,2333,0.6031931395545127,0.7375833333333334,0.7356666666666667,6490260000
bdsvm,label_skew,2626,4,2467,0.5993503449803611,0.744625,0.7418333333333333,6490507248
bdsvm,label_skew,2626,5,2333,0.594365578126894,0.7532083333333334,0.7491666666666666,6490507248
bdsvm,label_skew,2626,6,2467,0.5942379078796349,0.753125,0.7493333333333333,6489023760
bdsvm,label_skew,2626,7,2332,0.5944726797787425,0.7528333333333334,0.7493333333333333,6490754496
bdsvm,label_skew,2626,8,2467,0.599424375866094,0.7444583333333333,0.7418333333333333,6489765504
bdsvm,label_skew,2626,9,2332,0.5937053780215935,0.7538333333333334,0.75,6490507248
bdsvm,label_skew,2651,0,2468,0.5778647311974638,0.7642083333333334,0.76,6550835760
bdsvm,label_skew,2651,1,2333,0.5779018729612787,0.7644583333333334,0.7595,6553555488
bdsvm,label_skew,2651,2,2468,0.5777612250650985,0.7642916666666667,0.76,6553308240
bdsvm,label_skew,2651,3,2333,0.5777579599722299,0.7642083333333334,0.7606666666666667,6552072000
bdsvm,label_skew,2651,4,2467,0.5776548106584256,0.7644166666666666,0.7601666666666667,6552319248
bdsvm,label_skew,2651,5,2333,0.5777735972056276,0.764375,0.76,6552319248
bdsvm,label_skew,2651,6,2467,0.5778233449510778,0.76425,0.7601666666666667,6550835760
bdsvm,label_skew,2651,7,2332,0.577856463972691,0.7645416666666667,0.7598333333333334,6552566496
bdsvm,label_skew,2651,8,2467,0.5778188897406549,0.76425,0.7605,6551577504
bdsvm,label_skew,2651,9,2332,0.57785116993942,0.76425,0.7603333333333333,6552319248
bdsvm,label_skew,2676,0,2468,0.5781706871602685,0.7644166666666666,0.7605,6612647760
bdsvm,label_skew,2676,1,2333,0.5781137815282943,0.7644583333333334,0.7603333333333333,6615367488
bdsvm,label_skew,2676,2,2468,0.5781333596646906,0.764375,0.7601666666666667,6615120240
bdsvm,label_skew,2676,3,2333,0.5781262697228823,0.7644166666666666,0.7603333333333333,6613884000
bdsvm,label_skew,2676,4,2467,0.5781316929991,0.7644166666666666,0.7601666666666667,6614131248
bdsvm,label_skew,2676,5,2333,0.57809977582324,0.7644166666666666,0.7603333333333333,6614131248
bdsvm,label_skew,2676,6,2467,0.5781272771305107,0.7644583333333334,0.7603333333333333,6612647760
bdsvm,label_skew,2676,7,2332,0.5781763090903942,0.7644166666666666,0.76,6614378496
bdsvm,label_skew,2676,8,2467,0.5780905489238796,0.764375,0.7605,6613389504
bdsvm,label_skew,2676,9,2332,0.5781268831288093,0.7643333333333333,0.7601666666666667,6614131248
bdsvm,label_skew,2701,0,2468,0.5779271208283817,0.7642916666666667,0.76,6674459760
bdsvm,label_skew,2701,1,2333,0.5779274209545086,0.7645416666666667,0.7601666666666667,6677179488
bdsvm,label_skew,2701,2,2468,0.5779406585143262,0.7644166666666666,0.7603333333333333,6676932240
bdsvm,label_skew,2701,3,2333,0.5779397055419679,0.7644166666666666,0.7605,6675696000
bdsvm,label_skew,2701,4,2467,0.577928625341007,0.7644583333333334,0.7603333333333333,6675943248
bdsvm,label_skew,2701,5,2333,0.5779225632153087,0.7644166666666666,0.7605,6675943248
bdsvm,label_skew,2701,6,2467,0.5778824314758394,0.7644166666666666,0.7605,6674459760
bdsvm,label_skew,2701,7,2332,0.5778807807889266,0.7645,0.76,6676190496
bdsvm,label_skew,2701,8,2467,0.5779243769245104,0.7644166666666666,0.7605,6675201504
bdsvm,label_skew,2701,9,2332,0.5779224191152061,0.7644583333333334,0.7603333333333333,6675943248
bdsvm,label_skew,2726,0,2468,0.5791993644091462,0.7639166666666667,0.7598333333333334,6736271760
bdsvm,label_skew,2726,1,2333,0.5791340062727257,0.76425,0.7598333333333334,6738991488
bdsvm,label_skew,2726,2,2468,0.579331167971506,0.7641666666666667,0.7601666666666667,6738744240
bdsvm,label_skew,2726,3,2333,0.5792324601811737,0.7640833333333333,0.7601666666666667,6737508000
bdsvm,label_skew,2726,4,2467,0.5792539355778762,0.7640416666666666,0.7601666666666667,6737755248
bdsvm,label_skew,2726,5,2333,0.5789455966121853,0.7640833333333333,0.7603333333333333,6737755248
bdsvm,label_skew,2726,6,2467,0.579182336491676,0.764,0.7598333333333334,6736271760
bdsvm,label_skew,2726,7,2332,0.5791907617034154,0.764125,0.7601666666666667,6738002496
bdsvm,label_skew,2726,8,2467,0.5792752392849917,0.7640416666666666,0.7598333333333334,6737013504
bdsvm,label_skew,2726,9,2332,0.5791605696882157,0.7640833333333333,0.7601666666666667,6737755248
bdsvm,label_skew,2751,0,2468,0.5942693970744399,0.7560833333333333,0.7508333333333334,6798083760
bdsvm,label_skew,2751,1,2333,0.5950782469709944,0.7544583333333333,0.7496666666666667,6800803488
bdsvm,label_skew,2751,2,2468,0.593046505945653,0.7578333333333334,0.753,6800556240
bdsvm,label_skew,2751,3,2333,0.5945158266383253,0.756125,0.7513333333333333,6799320000
bdsvm,label_skew,2751,4,2467,0.5932541507829049,0.7579166666666667,0.7531666666666667,6799567248
bdsvm,label_skew,2751,5,2333,0.5955079129928826,0.7540416666666667,0.7505,6799567248
bdsvm,label_skew,2751,6,2467,0.5937867465035601,0.7572083333333334,0.7521666666666667,6798083760
bdsvm,label_skew,2751,7,2332,0.5939126274944254,0.756875,0.7513333333333333,6799814496
bdsvm,label_skew,2751,8,2467,0.5940224565765323,0.7567083333333333,0.7513333333333333,6798825504
bdsvm,label_skew,2751,9,2332,0.5952182056527479,0.7550833333333333,0.7501666666666666,6799567248
bdsvm,label_skew,2776,0,2468,0.5784617018545222,0.764125,0.7601666666666667,6859895760
bdsvm,label_skew,2776,1,2333,0.5783926533469362,0.7640416666666666,0.7601666666666667,6862615488
bdsvm,label_skew,2776,2,2468,0.5782337178753064,0.764125,0.7608333333333334,6862368240
bdsvm,label_skew,2776,3,2333,0.5782289756163858,0.7642916666666667,0.7606666666666667,6861132000
bdsvm,label_skew,2776,4,2467,0.5782477772833875,0.764125,0.7605,6861379248
bdsvm,label_skew,2776,5,2333,0.578711890536797,0.764125,0.7603333333333333,6861379248
bdsvm,label_skew,2776,6,2467,0.5785477112510689,0.7642083333333334,0.7603333333333333,6859895760
bdsvm,label_skew,2776,7,2332,0.5784174734552083,0.7641666666666667,0.7598333333333334,6861626496
bdsvm,label_skew,2776,8,2467,0.5784794468847356,0.764125,0.7608333333333334,6860637504
bdsvm,label_skew,2776,9,2332,0.5784097373128686,0.764,0.7603333333333333,6861379248
bdsvm,label_skew,2801,0,2468,0.5783726077290361,0.76425,0.7601666666666667,6921707760
bdsvm,label_skew,2801,1,2333,0.5783824180653829,0.7642916666666667,0.76,6924427488
bdsvm,label_skew,2801,2,2468,0.5783768971540477,0.764375,0.7601666666666667,6924180240
bdsvm,label_skew,2801,3,2333,0.5784226378978078,0.7642916666666667,0.7603333333333333,6922944000
bdsvm,label_skew,2801,4,2467,0.5783981921319656,0.764375,0.7601666666666667,6923191248
bdsvm,label_skew,2801,5,2333,0.5783765384975236,0.7643333333333333,0.7605,6923191248
bdsvm,label_skew,2801,6,2467,0.5783629289359613,0.7642083333333334,0.7605,6921707760
bdsvm,label_skew,2801,7,2332,0.5783893748997563,0.7644166666666666,0.7596666666666667,6923438496
bdsvm,label_skew,2801,8,2467,0.578352206099715,0.7643333333333333,0.7603333333333333,6922449504
bdsvm,label_skew,2801,9,2332,0.5783383232773402,0.7643333333333333,0.7601666666666667,6923191248
bdsvm,label_skew,2826,0,2468,0.5796980217816451,0.763875,0.7598333333333334,6983519760
bdsvm,label_skew,2826,1,2333,0.5797776154662136,0.7639166666666667,0.7605,6986239488
bdsvm,label_skew,2826,2,2468,0.5796307462628854,0.763875,0.7605,6985992240
bdsvm,label_skew,2826,3,2333,0.5795979198995886,0.7639166666666667,0.7605,6984756000
bdsvm,label_skew,2826,4,2467,0.5797120720361799,0.7638333333333334,0.7603333333333333,6985003248
bdsvm,label_skew,2826,5,2333,0.5795329730054091,0.764,0.76,6985003248
bdsvm,label_skew,2826,6,2467,0.5796478809563593,0.7639166666666667,0.76,6983519760
bdsvm,label_skew,2826,7,2332,0.5796349206080015,0.7639583333333333,0.7605,6985250496
bdsvm,label_skew,2826,8,2467,0.5797554869037647,0.7637916666666666,0.7605,6984261504
bdsvm,label_skew,2826,9,2332,0.5797821695604435,0.76375,0.76,6985003248
bdsvm,label_skew,2851,0,2468,0.5909447222164327,0.7592916666666667,0.7531666666666667,7045331760
bdsvm,label_skew,2851,1,2333,0.5909322817389836,0.7589583333333333,0.7533333333333333,7048051488
bdsvm,label_skew,2851,2,2468,0.5908532746041185,0.7591666666666667,0.7533333333333333,7047804240
bdsvm,label_skew,2851,3,2333,0.5908859924102361,0.7591666666666667,0.7533333333333333,7046568000
bdsvm,label_skew,2851,4,2467,0.5907806344642841,0.7592083333333334,0.7533333333333333,7046815248
bdsvm,label_skew,2851,5,2333,0.5907162360457163,0.7593333333333333,0.7533333333333333,7046815248
bdsvm,label_skew,2851,6,2467,0.5908835445697891,0.7591666666666667,0.7533333333333333,7045331760
bdsvm,label_skew,2851,7,2332,0.590944898776444,0.7589166666666667,0.7533333333333333,7047062496
bdsvm,label_skew,2851,8,2467,0.5908784920936652,0.7592916666666667,0.7531666666666667,7046073504
bdsvm,label_skew,2851,9,2332,0.5907590751320526,0.7592083333333334,0.7533333333333333,7046815248
bdsvm,label_skew,2876,0,2468,0.5777808764705157,0.7646666666666667,0.7583333333333333,7107143760
bdsvm,label_skew,2876,1,2333,0.5764006406044505,0.7645833333333333,0.7591666666666667,7109863488
bdsvm,label_skew,2876,2,2468,0.5765118750754141,0.7647083333333333,0.7591666666666667,7109616240
bdsvm,label_skew,2876,3,2333,0.576504356236577,0.7647083333333333,0.7595,7108380000
bdsvm,label_skew,2876,4,2467,0.576512289174639,0.7645,0.759,7108627248
bdsvm,label_skew,2876,5,2333,0.5763865887903165,0.7645416666666667,0.759,7108627248
bdsvm,label_skew,2876,6,2467,0.5764457265031412,0.7645416666666667,0.7595,7107143760
bdsvm,label_skew,2876,7,2332,0.5765206983427918,0.764625,0.7593333333333333,7108874496
bdsvm,label_skew,2876,8,2467,0.5764579570496785,0.764625,0.7591666666666667,7107885504
bdsvm,label_skew,2876,9,2332,0.5765384160589403,0.7645,0.7591666666666667,7108627248
bdsvm,label_skew,2901,0,2468,0.5788254230281268,0.764375,0.7601666666666667,7168955760
bdsvm,label_skew,2901,1,2333,0.5787449285812896,0.7644166666666666,0.7598333333333334,7171675488
bdsvm,label_skew,2901,2,2468,0.5788130651768861,0.7644166666666666,0.7596666666666667,7171428240
bdsvm,label_skew,2901,3,2333,0.578757398459306,0.764625,0.7598333333333334,7170192000
bdsvm,label_skew,2901,4,2467,0.5788642113312962,0.7645,0.7598333333333334,7170439248
bdsvm,label_skew,2901,5,2333,0.5786727449920004,0.7644583333333334,0.7598333333333334,7170439248
bdsvm,label_skew,2901,6,2467,0.5786823222111969,0.7644166666666666,0.7596666666666667,7168955760
bdsvm,label_skew,2901,7,2332,0.5789040467110412,0.7643333333333333,0.76,7170686496
bdsvm,label_skew,2901,8,2467,0.5788265005800067,0.7645833333333333,0.7596666666666667,7169697504
bdsvm,label_skew,2901,9,2332,0.5787635492691116,0.7645,0.7598333333333334,7170439248
bdsvm,label_skew,2926,0,2468,0.578983857171241,0.7639166666666667,0.7598333333333334,7230767760
bdsvm,label_skew,2926,1,2333,0.5791406228315453,0.764,0.759,7233487488
bdsvm,label_skew,2926,2,2468,0.5791858153400273,0.7641666666666667,0.759,7233240240
bdsvm,label_skew,2926,3,2333,0.5789781911953858,0.7642083333333334,0.7596666666666667,7232004000
bdsvm,label_skew,2926,4,2467,0.5791517122670803,0.7639583333333333,0.7591666666666667,7232251248
bdsvm,label_skew,2926,5,2333,0.5789836154940285,0.7641666666666667,0.7595,7232251248
bdsvm,label_skew,2926,6,2467,0.5790635618339617,0.764,0.7595,7230767760
bdsvm,label_skew,2926,7,2332,0.5789772151133834,0.7637916666666666,0.759,7232498496
bdsvm,label_skew,2926,8,2467,0.5789902024005855,0.764125,0.7595,7231509504
bdsvm,label_skew,2926,9,2332,0.5789466238796549,0.764125,0.7595,7232251248
bdsvm,label_skew,2951,0,2468,0.5823209298007683,0.762875,0.7585,7292579760
bdsvm,label_skew,2951,1,2333,0.5822505404936373,0.763375,0.7583333333333333,7295299488
bdsvm,label_skew,2951,2,2468,0.5826213796937781,0.7631666666666667,0.7583333333333333,7295052240
bdsvm,label_skew,2951,3,2333,0.5823052414144773,0.7632083333333334,0.7583333333333333,7293816000
bdsvm,label_skew,2951,4,2467,0.5825100245399225,0.763,0.7583333333333333,7294063248
bdsvm,label_skew,2951,5,2333,0.5825559763424508,0.7632916666666667,0.7581666666666667,7294063248
bdsvm,label_skew,2951,6,2467,0.582364322413671,0.7629166666666667,0.7583333333333333,7292579760
bdsvm,label_skew,2951,7,2332,0.5822466202055614,0.7630833333333333,0.7581666666666667,7294310496
bdsvm,label_skew,2951,8,2467,0.5822165777724412,0.7630833333333333,0.7581666666666667,7293321504
bdsvm,label_skew,2951,9,2332,0.5823613285361641,0.76325,0.7583333333333333,7294063248
bdsvm,label_skew,2976,0,2468,0.5871006064580985,0.7608333333333334,0.7558333333333334,7354391760
bdsvm,label_skew,2976,1,2333,0.5871555868242893,0.76075,0.7556666666666667,7357111488
bdsvm,label_skew,2976,2,2468,0.5870567305293579,0.7606666666666667,0.7555,7356864240
bdsvm,label_skew,2976,3,2333,0.5871793323640412,0.76075,0.7556666666666667,7355628000
bdsvm,label_skew,2976,4,2467,0.5869615731825808,0.76075,0.7551666666666667,7355875248
bdsvm,label_skew,2976,5,2333,0.5870963682092046,0.76075,0.7553333333333333,7355875248
bdsvm,label_skew,2976,6,2467,0.587036156919041,0.760625,0.7551666666666667,7354391760
bdsvm,label_skew,2976,7,2332,0.5871396006240925,0.76075,0.7555,7356122496
bdsvm,label_skew,2976,8,2467,0.5871630736174118,0.7608333333333334,0.7558333333333334,7355133504
bdsvm,label_skew,2976,9,2332,0.5869825180777267,0.7607083333333333,0.7551666666666667,7355875248
bdsvm,label_skew,3001,0,2468,0.5909763891428429,0.758,0.7521666666666667,7416203760
bdsvm,label_skew,3001,1,2333,0.5907588045460647,0.7579583333333333,0.7516666666666667,7418923488
bdsvm,label_skew,3001,2,2468,0.5909695263857659,0.7579166666666667,0.7518333333333334,7418676240
bdsvm,label_skew,3001,3,2333,0.5909245563136845,0.758,0.7516666666666667,7417440000
bdsvm,label_skew,3001,4,2467,0.5909204224300582,0.758,0.7516666666666667,7417687248
bdsvm,label_skew,3001,5,2333,0.5909354277946374,0.7579583333333333,0.7525,7417687248
bdsvm,label_skew,3001,6,2467,0.5909215570779932,0.757875,0.752,7416203760
bdsvm,label_skew,3001,7,2332,0.5909970969021741,0.7575416666666667,0.752,7417934496
bdsvm,label_skew,3001,8,2467,0.5908051294192497,0.758,0.7523333333333333,7416945504
bdsvm,label_skew,3001,9,2332,0.5908520291815106,0.7579583333333333,0.7515,7417687248
bdsvm,label_skew,3026,0,2468,0.5931864583932683,0.7535416666666667,0.7493333333333333,7478015760
bdsvm,label_skew,3026,1,2333,0.5932177940221293,0.75325,0.7486666666666667,7480735488
bdsvm,label_skew,3026,2,2468,0.5932938690404271,0.753125,0.7485,7480488240
bdsvm,label_skew,3026,3,2333,0.5934648882896169,0.7525833333333334,0.748,7479252000
bdsvm,label_skew,3026,4,2467,0.593263710779756,0.7532083333333334,0.7486666666666667,7479499248
bdsvm,label_skew,3026,5,2333,0.5931496133372688,0.7535,0.7498333333333334,7479499248
bdsvm,label_skew,3026,6,2467,0.5933035126133479,0.753125,0.7486666666666667,7478015760
bdsvm,label_skew,3026,7,2332,0.5933607960190649,0.7526666666666667,0.7483333333333333,7479746496
bdsvm,label_skew,3026,8,2467,0.5932232984264026,0.7532916666666667,0.7491666666666666,7478757504
bdsvm,label_skew,3026,9,2332,0.5932327008708478,0.7532916666666667,0.749,7479499248
bdsvm,label_skew,3051,0,2468,0.5931078092304505,0.7518333333333334,0.7473333333333333,7539827760
bdsvm,label_skew,3051,1,2333,0.5931141510912775,0.7515833333333334,0.7473333333333333,7542547488
bdsvm,label_skew,3051,2,2468,0.593150518250527,0.7515416666666667,0.7473333333333333,7542300240
bdsvm,label_skew,3051,3,2333,0.5931312032296496,0.7515833333333334,0.7473333333333333,7541064000
bdsvm,label_skew,3051,4,2467,0.5931308038374571,0.7515833333333334,0.7473333333333333,7541311248
bdsvm,label_skew,3051,5,2333,0.5930894526506048,0.75175,0.7473333333333333,7541311248
bdsvm,label_skew,3051,6,2467,0.5931390811882895,0.7516666666666667,0.7473333333333333,7539827760
bdsvm,label_skew,3051,7,2332,0.5930618069989079,0.7517083333333333,0.7473333333333333,7541558496
bdsvm,label_skew,3051,8,2467,0.5931159834609075,0.751625,0.7473333333333333,7540569504
bdsvm,label_skew,3051,9,2332,0.5929886656350917,0.7518333333333334,0.7473333333333333,7541311248
bdsvm,label_skew,3076,0,2468,0.6003440298956789,0.735875,0.7323333333333333,7601639760
bdsvm,label_skew,3076,1,2333,0.5999797556820975,0.736875,0.7333333333333333,7604359488
bdsvm,label_skew,3076,2,2468,0.6000040265430734,0.7367083333333333,0.7331666666666666,7604112240
bdsvm,label_skew,3076,3,2333,0.6001668725185058,0.7364583333333333,0.733,7602876000
bdsvm,label_skew,3076,4,2467,0.6002216713031204,0.7363333333333333,0.7328333333333333,7603123248
bdsvm,label_skew,3076,5,2333,0.5997108569695545,0.7374583333333333,0.7335,7603123248
bdsvm,label_skew,3076,6,2467,0.6004582999409228,0.73575,0.7321666666666666,7601639760
bdsvm,label_skew,3076,7,2332,0.6002097224554143,0.73625,0.7325,7603370496
bdsvm,label_skew,3076,8,2467,0.600134476147709,0.7365,0.7326666666666667,7602381504
bdsvm,label_skew,3076,9,2332,0.6003043523249043,0.7362083333333334,0.7326666666666667,7603123248
bdsvm,label_skew,3101,0,2468,0.5741059885088284,0.764875,0.7586666666666667,7663451760
bdsvm,label_skew,3101,1,2333,0.5738022685172275,0.7649583333333333,0.76,7666171488
bdsvm,label_skew,3101,2,2468,0.5737763288404861,0.764875,0.7595,7665924240
bdsvm,label_skew,3101,3,2333,0.5737900487169092,0.76475,0.7585,7664688000
bdsvm,label_skew,3101,4,2467,0.574066717314264,0.76475,0.7593333333333333,7664935248
bdsvm,label_skew,3101,5,2333,0.5743142393307109,0.7645,0.7591666666666667,7664935248
bdsvm,label_skew,3101,6,2467,0.5740648737847924,0.764625,0.759,7663451760
bdsvm,label_skew,3101,7,2332,0.5743744084506466,0.7645833333333333,0.759,7665182496
bdsvm,label_skew,3101,8,2467,0.5738557545020063,0.7646666666666667,0.7591666666666667,7664193504
bdsvm,label_skew,3101,9,2332,0.5743322951675041,0.764375,0.7591666666666667,7664935248
bdsvm,label_skew,3126,0,2468,0.5791791268396159,0.764125,0.76,7725263760
bdsvm,label_skew,3126,1,2333,0.5790648109140996,0.763875,0.7591666666666667,7727983488
bdsvm,label_skew,3126,2,2468,0.5790705679791169,0.7639583333333333,0.7596666666666667,7727736240
bdsvm,label_skew,3126,3,2333,0.5791902331699395,0.7639583333333333,0.7598333333333334,7726500000
bdsvm,label_skew,3126,4,2467,0.5775372331804054,0.764875,0.7596666666666667,7726747248
bdsvm,label_skew,3126,5,2333,0.5789242877207856,0.7639166666666667,0.7601666666666667,7726747248
bdsvm,label_skew,3126,6,2467,0.577887800475831,0.7647083333333333,0.7595,7725263760
bdsvm,label_skew,3126,7,2332,0.5792006992786609,0.763875,0.7593333333333333,7726994496
bdsvm,label_skew,3126,8,2467,0.5790647156926119,0.763875,0.7596666666666667,7726005504
bdsvm,label_skew,3126,9,2332,0.5780209430330532,0.7644583333333334,0.7593333333333333,7726747248
bdsvm,label_skew,3151,0,2468,0.5780347441709657,0.7642916666666667,0.7603333333333333,7787075760
bdsvm,label_skew,3151,1,2333,0.5780385868580903,0.7641666666666667,0.7603333333333333,7789795488
bdsvm,label_skew,3151,2,2468,0.5783925018352262,0.7640416666666666,0.7605,7789548240
bdsvm,label_skew,3151,3,2333,0.5780951266815023,0.76425,0.7603333333333333,7788312000
bdsvm,label_skew,3151,4,2467,0.5784902250924171,0.7640416666666666,0.7605,7788559248
bdsvm,label_skew,3151,5,2333,0.5779457510508234,0.7642916666666667,0.7606666666666667,7788559248
bdsvm,label_skew,3151,6,2467,0.5783205932519859,0.7641666666666667,0.7601666666666667,7787075760
bdsvm,label_skew,3151,7,2332,0.5784919799195112,0.764,0.7601666666666667,7788806496
bdsvm,label_skew,3151,8,2467,0.5784413328793694,0.764125,0.7603333333333333,7787817504
bdsvm,label_skew,3151,9,2332,0.5780692284024731,0.764125,0.7606666666666667,7788559248
bdsvm,label_skew,3176,0,2468,0.5787721704044788,0.7641666666666667,0.7601666666666667,7848887760
bdsvm,label_skew,3176,1,2333,0.5788259733739651,0.7639583333333333,0.7598333333333334,7851607488
bdsvm,label_skew,3176,2,2468,0.578954927584127,0.7639166666666667,0.76,7851360240
bdsvm,label_skew,3176,3,2333,0.5788583606410503,0.764,0.7596666666666667,7850124000
bdsvm,label_skew,3176,4,2467,0.5782154715135229,0.7644166666666666,0.7601666666666667,7850371248
bdsvm,label_skew,3176,5,2333,0.578836752456597,0.764,0.7596666666666667,7850371248
bdsvm,label_skew,3176,6,2467,0.5790905628042292,0.764125,0.7596666666666667,7848887760
bdsvm,label_skew,3176,7,2332,0.5783623221471995,0.7640833333333333,0.7605,7850618496
bdsvm,label_skew,3176,8,2467,0.5793089441172016,0.7637916666666666,0.7598333333333334,7849629504
bdsvm,label_skew,3176,9,2332,0.5789321658691141,0.764,0.7598333333333334,7850371248
bdsvm,label_skew,3201,0,2468,0.5839675778969834,0.7622083333333334,0.7571666666666667,7910699760
bdsvm,label_skew,3201,1,2333,0.5840561030098254,0.76225,0.7575,7913419488
bdsvm,label_skew,3201,2,2468,0.5840490568179814,0.7622916666666667,0.7575,7913172240
bdsvm,label_skew,3201,3,2333,0.5839741592602066,0.7622083333333334,0.7575,7911936000
bdsvm,label_skew,3201,4,2467,0.5836354073810543,0.7621666666666667,0.7571666666666667,7912183248
bdsvm,label_skew,3201,5,2333,0.5839830170023069,0.76225,0.7571666666666667,7912183248
bdsvm,label_skew,3201,6,2467,0.5840173787196101,0.7622083333333334,0.7571666666666667,7910699760
bdsvm,label_skew,3201,7,2332,0.5839838163189965,0.76225,0.7575,7912430496
bdsvm,label_skew,3201,8,2467,0.5839886855580398,0.7622083333333334,0.7571666666666667,7911441504
bdsvm,label_skew,3201,9,2332,0.5840036236905589,0.762375,0.7575,7912183248
bdsvm,label_skew,3226,0,2468,0.5918632285198652,0.7582083333333334,0.7511666666666666,7972511760
bdsvm,label_skew,3226,1,2333,0.5917385676178338,0.7586666666666667,0.7511666666666666,7975231488
bdsvm,label_skew,3226,2,2468,0.5918568973422857,0.7585,0.7511666666666666,7974984240
bdsvm,label_skew,3226,3,2333,0.5917144625196661,0.7589583333333333,0.7508333333333334,7973748000
bdsvm,label_skew,3226,4,2467,0.5919312232893424,0.7584583333333333,0.7515,7973995248
bdsvm,label_skew,3226,5,2333,0.5915067749251768,0.7590833333333333,0.7511666666666666,7973995248
bdsvm,label_skew,3226,6,2467,0.5918270807449734,0.7587916666666666,0.7511666666666666,7972511760
bdsvm,label_skew,3226,7,2332,0.5921049133448674,0.758125,0.7511666666666666,7974242496
bdsvm,label_skew,3226,8,2467,0.5918173562850313,0.758625,0.7513333333333333,7973253504
bdsvm,label_skew,3226,9,2332,0.5917000585819612,0.7585833333333334,0.7511666666666666,7973995248
bdsvm,label_skew,3251,0,2468,0.5957818027392409,0.7493333333333333,0.7453333333333333,8034323760
bdsvm,label_skew,3251,1,2333,0.5954154817189298,0.75,0.7461666666666666,8037043488
bdsvm,label_skew,3251,2,2468,0.5955428621377512,0.7498333333333334,0.7463333333333333,8036796240
bdsvm,label_skew,3251,3,2333,0.5954197269486838,0.7500416666666667,0.7461666666666666,8035560000
bdsvm,label_skew,3251,4,2467,0.5955378871823234,0.7497916666666666,0.7461666666666666,8035807248
bdsvm,label_skew,3251,5,2333,0.5957091498163258,0.7494166666666666,0.7456666666666667,8035807248
bdsvm,label_skew,3251,6,2467,0.59544006172253,0.7500416666666667,0.7463333333333333,8034323760
bdsvm,label_skew,3251,7,2332,0.5958115251971171,0.7491666666666666,0.7456666666666667,8036054496
bdsvm,label_skew,3251,8,2467,0.5954421690559436,0.75,0.7463333333333333,8035065504
bdsvm,label_skew,3251,9,2332,0.5955463847159304,0.7497916666666666,0.7461666666666666,8035807248
bdsvm,label_skew,3276,0,2468,0.60785611156524,0.7090833333333333,0.7078333333333333,8096135760
bdsvm,label_skew,3276,1,2333,0.6077599741269906,0.709875,0.7088333333333333,8098855488
bdsvm,label_skew,3276,2,2468,0.606838237265519,0.712375,0.7101666666666666,8098608240
bdsvm,label_skew,3276,3,2333,0.6000480818751694,0.7278333333333333,0.724,8097372000
bdsvm,label_skew,3276,4,2467,0.6073465030320234,0.7115416666666666,0.7098333333333333,8097619248
bdsvm,label_skew,3276,5,2333,0.6046256384881799,0.7209166666666667,0.7181666666666666,8097619248
bdsvm,label_skew,3276,6,2467,0.6074868078483968,0.7100416666666667,0.7088333333333333,8096135760
bdsvm,label_skew,3276,7,2332,0.6093430571802378,0.705625,0.7048333333333333,8097866496
bdsvm,label_skew,3276,8,2467,0.6016762745315304,0.7230416666666667,0.7178333333333333,8096877504
bdsvm,label_skew,3276,9,2332,0.6069279621826924,0.7122916666666667,0.7101666666666666,8097619248
bdsvm,label_skew,3301,0,2468,0.5786075495933942,0.764125,0.7566666666666667,8157947760
bdsvm,label_skew,3301,1,2333,0.5786594520779125,0.7639583333333333,0.7576666666666667,8160667488
bdsvm,label_skew,3301,2,2468,0.578638111250839,0.7640416666666666,0.7576666666666667,8160420240
bdsvm,label_skew,3301,3,2333,0.5786550375204169,0.7640833333333333,0.7573333333333333,8159184000
bdsvm,label_skew,3301,4,2467,0.5786076445369602,0.764,0.7575,8159431248
bdsvm,label_skew,3301,5,2333,0.5786352307626705,0.7640833333333333,0.7578333333333334,8159431248
bdsvm,label_skew,3301,6,2467,0.5786026315356951,0.7642083333333334,0.7568333333333334,8157947760
bdsvm,label_skew,3301,7,2332,0.5786101930114126,0.7640833333333333,0.7576666666666667,8159678496
bdsvm,label_skew,3301,8,2467,0.5786681705717627,0.7640833333333333,0.7571666666666667,8158689504
bdsvm,label_skew,3301,9,2332,0.5786599120878051,0.7640833333333333,0.7578333333333334,8159431248
bdsvm,label_skew,3326,0,2468,0.5851795156456499,0.7611666666666667,0.7563333333333333,8219759760
bdsvm,label_skew,3326,1,2333,0.5851773834751002,0.76125,0.7566666666666667,8222479488
bdsvm,label_skew,3326,2,2468,0.5851511318636105,0.7611666666666667,0.7568333333333334,8222232240
bdsvm,label_skew,3326,3,2333,0.5851729882633961,0.761125,0.7565,8220996000
bdsvm,label_skew,3326,4,2467,0.5851758138510575,0.7611666666666667,0.7566666666666667,8221243248
bdsvm,label_skew,3326,5,2333,0.5851636465804275,0.7611666666666667,0.7566666666666667,8221243248
bdsvm,label_skew,3326,6,2467,0.5851522713753712,0.7612083333333334,0.7566666666666667,8219759760
bdsvm,label_skew,3326,7,2332,0.5851869790502973,0.7612916666666667,0.7566666666666667,8221490496
bdsvm,label_skew,3326,8,2467,0.5851397663690772,0.761125,0.7566666666666667,8220501504
bdsvm,label_skew,3326,9,2332,0.58513716828449,0.7611666666666667,0.7565,8221243248
bdsvm,label_skew,3351,0,2468,0.5772037725711909,0.7645,0.7576666666666667,8281571760
bdsvm,label_skew,3351,1,2333,0.5766388571902881,0.764375,0.7578333333333334,8284291488
bdsvm,label_skew,3351,2,2468,0.5764808145090591,0.76475,0.7578333333333334,8284044240
bdsvm,label_skew,3351,3,2333,0.5762856608945233,0.765,0.7583333333333333,8282808000
bdsvm,label_skew,3351,4,2467,0.5768673228923608,0.764375,0.7576666666666667,8283055248
bdsvm,label_skew,3351,5,2333,0.5766685785397323,0.7645,0.758,8283055248
bdsvm,label_skew,3351,6,2467,0.5768808617265317,0.76475,0.7578333333333334,8281571760
bdsvm,label_skew,3351,7,2332,0.5769568598617376,0.7640833333333333,0.7575,8283302496
bdsvm,label_skew,3351,8,2467,0.5768279212728988,0.7645833333333333,0.7581666666666667,8282313504
bdsvm,label_skew,3351,9,2332,0.5769829407152488,0.7642083333333334,0.7576666666666667,8283055248
bdsvm,label_skew,3376,0,2468,0.5880527720414334,0.7602083333333334,0.7553333333333333,8343383760
bdsvm,label_skew,3376,1,2333,0.5878704233487748,0.7602916666666667,0.7555,8346103488
bdsvm,label_skew,3376,2,2468,0.58988440511522,0.7595833333333334,0.7548333333333334,8345856240
bdsvm,label_skew,3376,3,2333,0.5875429096315774,0.7604583333333333,0.7553333333333333,8344620000
bdsvm,label_skew,3376,4,2467,0.5879316667782378,0.7603333333333333,0.7548333333333334,8344867248
bdsvm,label_skew,3376,5,2333,0.5875991865983062,0.7605,0.7555,8344867248
bdsvm,label_skew,3376,6,2467,0.5873912254406595,0.7607083333333333,0.7555,8343383760
bdsvm,label_skew,3376,7,2332,0.5877852475027938,0.7603333333333333,0.7553333333333333,8345114496
bdsvm,label_skew,3376,8,2467,0.5875078299947636,0.760625,0.7556666666666667,8344125504
bdsvm,label_skew,3376,9,2332,0.5875266734992796,0.7604166666666666,0.7553333333333333,8344867248
bdsvm,label_skew,3401,0,2468,0.5881008853820879,0.7601666666666667,0.7541666666666667,8405195760
bdsvm,label_skew,3401,1,2333,0.5896852656363755,0.7594583333333333,0.7536666666666667,8407915488
bdsvm,label_skew,3401,2,2468,0.5898608315266086,0.759375,0.7533333333333333,8407668240
bdsvm,label_skew,3401,3,2333,0.5880643545034415,0.7596666666666667,0.754,8406432000
bdsvm,label_skew,3401,4,2467,0.5876923285164725,0.7600416666666666,0.754,8406679248
bdsvm,label_skew,3401,5,2333,0.59024666503599,0.7591666666666667,0.7533333333333333,8406679248
bdsvm,label_skew,3401,6,2467,0.5898027876173314,0.7592083333333334,0.7535,8405195760
bdsvm,label_skew,3401,7,2332,0.589916490438861,0.7595,0.7531666666666667,8406926496
bdsvm,label_skew,3401,8,2467,0.589907920959759,0.7594166666666666,0.7533333333333333,8405937504
bdsvm,label_skew,3401,9,2332,0.5901958698982264,0.7592916666666667,0.7535,8406679248
bdsvm,label_skew,3426,0,2468,0.5970738579921497,0.7465833333333334,0.7431666666666666,8467007760
bdsvm,label_skew,3426,1,2333,0.5971694085677933,0.7464583333333333,0.7426666666666667,8469727488
bdsvm,label_skew,3426,2,2468,0.5971428531007915,0.7464166666666666,0.743,8469480240
bdsvm,label_skew,3426,3,2333,0.5970370905419095,0.7466666666666667,0.7431666666666666,8468244000
bdsvm,label_skew,3426,4,2467,0.5972290049189029,0.7464166666666666,0.7426666666666667,8468491248
bdsvm,label_skew,3426,5,2333,0.5975216722835128,0.745875,0.7418333333333333,8468491248
bdsvm,label_skew,3426,6,2467,0.5966211014458974,0.747375,0.7438333333333333,8467007760
bdsvm,label_skew,3426,7,2332,0.597082989181071,0.7465833333333334,0.7431666666666666,8468738496
bdsvm,label_skew,3426,8,2467,0.5971579225727686,0.7464166666666666,0.7428333333333333,8467749504
bdsvm,label_skew,3426,9,2332,0.596994411493968,0.7468333333333333,0.7431666666666666,8468491248
bdsvm,label_skew,3451,0,2468,0.5764150230578122,0.763875,0.7558333333333334,8528819760
bdsvm,label_skew,3451,1,2333,0.5763537675162839,0.7639166666666667,0.7561666666666667,8531539488
bdsvm,label_skew,3451,2,2468,0.5766650881395876,0.7637083333333333,0.756,8531292240
bdsvm,label_skew,3451,3,2333,0.5765173093266927,0.764125,0.7563333333333333,8530056000
bdsvm,label_skew,3451,4,2467,0.5764768279674047,0.7639583333333333,0.7561666666666667,8530303248
bdsvm,label_skew,3451,5,2333,0.5763070032644462,0.763875,0.7561666666666667,8530303248
bdsvm,label_skew,3451,6,2467,0.576269859415645,0.763875,0.7558333333333334,8528819760
bdsvm,label_skew,3451,7,2332,0.5766213918164196,0.7639166666666667,0.7561666666666667,8530550496
bdsvm,label_skew,3451,8,2467,0.5764472631988832,0.7640416666666666,0.7561666666666667,8529561504
bdsvm,label_skew,3451,9,2332,0.5763490342130793,0.763875,0.756,8530303248
bdsvm,label_skew,3476,0,2468,0.5828224024546513,0.763,0.7576666666666667,8590631760
bdsvm,label_skew,3476,1,2333,0.5822766635558101,0.763,0.7581666666666667,8593351488
bdsvm,label_skew,3476,2,2468,0.5837907766250591,0.7619583333333333,0.7576666666666667,8593104240
bdsvm,label_skew,3476,3,2333,0.582280902263364,0.762875,0.7581666666666667,8591868000
bdsvm,label_skew,3476,4,2467,0.5818666072385631,0.7637083333333333,0.7593333333333333,8592115248
bdsvm,label_skew,3476,5,2333,0.5822827709583326,0.7629166666666667,0.7586666666666667,8592115248
bdsvm,label_skew,3476,6,2467,0.5825281418560695,0.7629583333333333,0.758,8590631760
bdsvm,label_skew,3476,7,2332,0.5826393249684423,0.7629583333333333,0.7576666666666667,8592362496
bdsvm,label_skew,3476,8,2467,0.5825985576812228,0.763,0.7583333333333333,8591373504
bdsvm,label_skew,3476,9,2332,0.5824391672953724,0.7628333333333334,0.7586666666666667,8592115248
bdsvm,label_skew,3501,0,2468,0.5847910887141007,0.7621666666666667,0.7541666666666667,8652443760
bdsvm,label_skew,3501,1,2333,0.5850795201966977,0.7615,0.754,8655163488
bdsvm,label_skew,3501,2,2468,0.5848509055013164,0.7619583333333333,0.7541666666666667,8654916240
bdsvm,label_skew,3501,3,2333,0.5852262725635791,0.7619583333333333,0.7541666666666667,8653680000
bdsvm,label_skew,3501,4,2467,0.5868699358335443,0.760875,0.7536666666666667,8653927248
bdsvm,label_skew,3501,5,2333,0.5868890799964723,0.7611666666666667,0.7533333333333333,8653927248
bdsvm,label_skew,3501,6,2467,0.5848568522492805,0.7620416666666666,0.7545,8652443760
bdsvm,label_skew,3501,7,2332,0.586196175220886,0.761,0.754,8654174496
bdsvm,label_skew,3501,8,2467,0.5851024039780318,0.7620416666666666,0.7536666666666667,8653185504
bdsvm,label_skew,3501,9,2332,0.5850182450000472,0.76175,0.7546666666666667,8653927248
bdsvm,label_skew,3526,0,2468,0.5752205180295397,0.7647083333333333,0.7593333333333333,8714255760
bdsvm,label_skew,3526,1,2333,0.5752874226950964,0.7648333333333334,0.7585,8716975488
bdsvm,label_skew,3526,2,2468,0.5752402849064743,0.7647083333333333,0.7588333333333334,8716728240
bdsvm,label_skew,3526,3,2333,0.5752861345260106,0.7647083333333333,0.7586666666666667,8715492000
bdsvm,label_skew,3526,4,2467,0.5752623313939733,0.7648333333333334,0.7593333333333333,8715739248
bdsvm,label_skew,3526,5,2333,0.5752565803714863,0.7647083333333333,0.7596666666666667,8715739248
bdsvm,label_skew,3526,6,2467,0.5752483490509535,0.7647083333333333,0.759,8714255760
bdsvm,label_skew,3526,7,2332,0.5752538070854585,0.7649583333333333,0.7583333333333333,8715986496
bdsvm,label_skew,3526,8,2467,0.5752596410820779,0.7647083333333333,0.7593333333333333,8714997504
bdsvm,label_skew,3526,9,2332,0.5752932948007049,0.7646666666666667,0.7586666666666667,8715739248
bdsvm,label_skew,3551,0,2468,0.578793160411878,0.764625,0.76,8776067760
bdsvm,label_skew,3551,1,2333,0.5794490237394412,0.76425,0.76,8778787488
bdsvm,label_skew,3551,2,2468,0.579699526529368,0.7643333333333333,0.7596666666666667,8778540240
bdsvm,label_skew,3551,3,2333,0.5795868197889521,0.7642916666666667,0.76,8777304000
bdsvm,label_skew,3551,4,2467,0.579584870620568,0.7639583333333333,0.7598333333333334,8777551248
bdsvm,label_skew,3551,5,2333,0.5791971089854936,0.7641666666666667,0.7598333333333334,8777551248
bdsvm,label_skew,3551,6,2467,0.5790077765139958,0.7645,0.76,8776067760
bdsvm,label_skew,3551,7,2332,0.579444509876276,0.7641666666666667,0.76,8777798496
bdsvm,label_skew,3551,8,2467,0.5795243284529276,0.7642916666666667,0.7598333333333334,8776809504
bdsvm,label_skew,3551,9,2332,0.5789937404613695,0.764375,0.76,8777551248
bdsvm,label_skew,3576,0,2468,0.5932564775468033,0.7577916666666666,0.751,8837879760
bdsvm,label_skew,3576,1,2333,0.5949533098492205,0.7557083333333333,0.75,8840599488
bdsvm,label_skew,3576,2,2468,0.5929623342064835,0.7579583333333333,0.7521666666666667,8840352240
bdsvm,label_skew,3576,3,2333,0.5936634490331067,0.7575,0.7501666666666666,8839116000
bdsvm,label_skew,3576,4,2467,0.5936741992937684,0.7569583333333333,0.7513333333333333,8839363248
bdsvm,label_skew,3576,5,2333,0.5925825756843566,0.758375,0.7531666666666667,8839363248
bdsvm,label_skew,3576,6,2467,0.5928255554200603,0.7580416666666666,0.7523333333333333,8837879760
bdsvm,label_skew,3576,7,2332,0.5929813453090791,0.7578333333333334,0.752,8839610496
bdsvm,label_skew,3576,8,2467,0.5933799204302755,0.7576666666666667,0.7516666666666667,8838621504
bdsvm,label_skew,3576,9,2332,0.5941189536533971,0.7566666666666667,0.7501666666666666,8839363248
bdsvm,label_skew,3601,0,2468,0.5792829061110724,0.764375,0.759,8899691760
bdsvm,label_skew,3601,1,2333,0.5791789228725861,0.7639583333333333,0.7578333333333334,8902411488
bdsvm,label_skew,3601,2,2468,0.5792268907482918,0.764,0.7583333333333333,8902164240
bdsvm,label_skew,3601,3,2333,0.5792385108084661,0.764125,0.7585,8900928000
bdsvm,label_skew,3601,4,2467,0.5794411430802441,0.7640416666666666,0.7581666666666667,8901175248
bdsvm,label_skew,3601,5,2333,0.5793091375853818,0.7640416666666666,0.7585,8901175248
bdsvm,label_skew,3601,6,2467,0.5792690098260844,0.7644166666666666,0.7585,8899691760
bdsvm,label_skew,3601,7,2332,0.5792448980960557,0.7637916666666666,0.7578333333333334,8901422496
bdsvm,label_skew,3601,8,2467,0.5792520099303894,0.76425,0.7583333333333333,8900433504
bdsvm,label_skew,3601,9,2332,0.5792850614288199,0.764,0.7583333333333333,8901175248
bdsvm,label_skew,3626,0,2468,0.5780738414704042,0.7645833333333333,0.76,8961503760
bdsvm,label_skew,3626,1,2333,0.5780733166132755,0.7641666666666667,0.7593333333333333,8964223488
bdsvm,label_skew,3626,2,2468,0.5780803366908412,0.764125,0.7598333333333334,8963976240
bdsvm,label_skew,3626,3,2333,0.5780696721975088,0.7642083333333334,0.7598333333333334,8962740000
bdsvm,label_skew,3626,4,2467,0.5780742531421939,0.7642083333333334,0.7595,8962987248
bdsvm,label_skew,3626,5,2333,0.5780322104510788,0.7641666666666667,0.7598333333333334,8962987248
bdsvm,label_skew,3626,6,2467,0.5780661785734278,0.7645,0.76,8961503760
bdsvm,label_skew,3626,7,2332,0.5780950032761252,0.7639583333333333,0.7588333333333334,8963234496
bdsvm,label_skew,3626,8,2467,0.5780886849539489,0.7642083333333334,0.7596666666666667,8962245504
bdsvm,label_skew,3626,9,2332,0.5780688282594506,0.7641666666666667,0.7596666666666667,8962987248
bdsvm,label_skew,3651,0,2468,0.5848447100421584,0.761875,0.7575,9023315760
bdsvm,label_skew,3651,1,2333,0.5847467260829545,0.762125,0.7576666666666667,9026035488
bdsvm,label_skew,3651,2,2468,0.5848967026469005,0.7620833333333333,0.7575,9025788240
bdsvm,label_skew,3651,3,2333,0.5848099643792019,0.762,0.7576666666666667,9024552000
bdsvm,label_skew,3651,4,2467,0.5848937691755878,0.761875,0.7575,9024799248
bdsvm,label_skew,3651,5,2333,0.5848033595634325,0.762125,0.7576666666666667,9024799248
bdsvm,label_skew,3651,6,2467,0.5845620556058172,0.7620416666666666,0.7575,9023315760
bdsvm,label_skew,3651,7,2332,0.5841967926386015,0.76225,0.7583333333333333,9025046496
bdsvm,label_skew,3651,8,2467,0.5845674225581533,0.7619583333333333,0.7578333333333334,9024057504
bdsvm,label_skew,3651,9,2332,0.5845826428034341,0.761875,0.758,9024799248
bdsvm,label_skew,3676,0,2468,0.5750051325348094,0.7659166666666667,0.7596666666666667,9085127760
bdsvm,label_skew,3676,1,2333,0.5749255203452884,0.7655833333333333,0.7591666666666667,9087847488
bdsvm,label_skew,3676,2,2468,0.5744508609339167,0.76575,0.7593333333333333,9087600240
bdsvm,label_skew,3676,3,2333,0.5745384224286615,0.7659583333333333,0.7595,9086364000
bdsvm,label_skew,3676,4,2467,0.5746474445682679,0.766,0.759,9086611248
bdsvm,label_skew,3676,5,2333,0.5754586733059052,0.765625,0.7591666666666667,9086611248
bdsvm,label_skew,3676,6,2467,0.5745385191196445,0.7659583333333333,0.7596666666666667,9085127760
bdsvm,label_skew,3676,7,2332,0.5748498339261484,0.76575,0.7591666666666667,9086858496
bdsvm,label_skew,3676,8,2467,0.5744339995533047,0.7658333333333334,0.7593333333333333,9085869504
bdsvm,label_skew,3676,9,2332,0.5750314593541193,0.7656666666666667,0.7591666666666667,9086611248
bdsvm,label_skew,3701,0,2468,0.5791642098633998,0.7639583333333333,0.7596666666666667,9146939760
bdsvm,label_skew,3701,1,2333,0.5792014346741816,0.76425,0.7598333333333334,9149659488
bdsvm,label_skew,3701,2,2468,0.5791207268884923,0.7642916666666667,0.76,9149412240
bdsvm,label_skew,3701,3,2333,0.5790814953576181,0.7641666666666667,0.7606666666666667,9148176000
bdsvm,label_skew,3701,4,2467,0.578905859242018,0.7641666666666667,0.7601666666666667,9148423248
bdsvm,label_skew,3701,5,2333,0.5788255479068661,0.764125,0.7601666666666667,9148423248
bdsvm,label_skew,3701,6,2467,0.5791063984052516,0.7641666666666667,0.7601666666666667,9146939760
bdsvm,label_skew,3701,7,2332,0.5791494676392996,0.7642083333333334,0.7598333333333334,9148670496
bdsvm,label_skew,3701,8,2467,0.5788515601135656,0.764125,0.7601666666666667,9147681504
bdsvm,label_skew,3701,9,2332,0.5792443127546092,0.7642083333333334,0.7601666666666667,9148423248
bdsvm,label_skew,3726,0,2468,0.5794117635674078,0.763875,0.7603333333333333,9208751760
bdsvm,label_skew,3726,1,2333,0.5793944830658214,0.7638333333333334,0.76,9211471488
bdsvm,label_skew,3726,2,2468,0.579376557021566,0.7637083333333333,0.7603333333333333,9211224240
bdsvm,label_skew,3726,3,2333,0.5794052859545205,0.7637083333333333,0.7603333333333333,9209988000
bdsvm,label_skew,3726,4,2467,0.5794421325294153,0.7637916666666666,0.7603333333333333,9210235248
bdsvm,label_skew,3726,5,2333,0.578988318790956,0.7640416666666666,0.7603333333333333,9210235248
bdsvm,label_skew,3726,6,2467,0.5790493966039999,0.7641666666666667,0.7601666666666667,9208751760
bdsvm,label_skew,3726,7,2332,0.5794047799830944,0.7638333333333334,0.7601666666666667,9210482496
bdsvm,label_skew,3726,8,2467,0.5793849639086799,0.7637083333333333,0.7601666666666667,9209493504
bdsvm,label_skew,3726,9,2332,0.5789957109822961,0.764,0.76,9210235248
bdsvm,label_skew,3751,0,2468,0.5772754777287582,0.765125,0.7615,9270563760
bdsvm,label_skew,3751,1,2333,0.5775143551003198,0.7647083333333333,0.7615,9273283488
bdsvm,label_skew,3751,2,2468,0.5772530029723096,0.7649583333333333,0.7618333333333334,9273036240
bdsvm,label_skew,3751,3,2333,0.5778435713009291,0.7647916666666666,0.7611666666666667,9271800000
bdsvm,label_skew,3751,4,2467,0.5770005397260899,0.7649583333333333,0.7616666666666667,9272047248
bdsvm,label_skew,3751,5,2333,0.57728721376727,0.7647916666666666,0.7618333333333334,9272047248
bdsvm,label_skew,3751,6,2467,0.5772958418334502,0.7650833333333333,0.7615,9270563760
bdsvm,label_skew,3751,7,2332,0.5771717696913579,0.765,0.7616666666666667,9272294496
bdsvm,label_skew,3751,8,2467,0.5776643644335003,0.7648333333333334,0.7613333333333333,9271305504
bdsvm,label_skew,3751,9,2332,0.5770023147364403,0.7648333333333334,0.7618333333333334,9272047248
bdsvm,label_skew,3776,0,2468,0.581674785643268,0.763625,0.759,9332375760
bdsvm,label_skew,3776,1,2333,0.5817365124924737,0.7637916666666666,0.7595,9335095488
bdsvm,label_skew,3776,2,2468,0.5815329912573396,0.76375,0.7591666666666667,9334848240
bdsvm,label_skew,3776,3,2333,0.5795024870029634,0.7639583333333333,0.76,9333612000
bdsvm,label_skew,3776,4,2467,0.5803205627838991,0.7635,0.7593333333333333,9333859248
bdsvm,label_skew,3776,5,2333,0.5800899834507187,0.763625,0.7596666666666667,9333859248
bdsvm,label_skew,3776,6,2467,0.5793853801947042,0.7640833333333333,0.76,9332375760
bdsvm,label_skew,3776,7,2332,0.5815952671551219,0.7639166666666667,0.7593333333333333,9334106496
bdsvm,label_skew,3776,8,2467,0.5792848363723769,0.7640416666666666,0.7598333333333334,9333117504
bdsvm,label_skew,3776,9,2332,0.5803790831536461,0.7635,0.7593333333333333,9333859248
bdsvm,label_skew,3801,0,2468,0.5760224046169053,0.7645416666666667,0.7596666666666667,9394187760
bdsvm,label_skew,3801,1,2333,0.5759521636257402,0.7646666666666667,0.7596666666666667,9396907488
bdsvm,label_skew,3801,2,2468,0.5757418154875636,0.76475,0.7596666666666667,9396660240
bdsvm,label_skew,3801,3,2333,0.5758269927091786,0.7644583333333334,0.7598333333333334,9395424000
bdsvm,label_skew,3801,4,2467,0.5739642399151396,0.765,0.7596666666666667,9395671248
bdsvm,label_skew,3801,5,2333,0.5754225932509571,0.764875,0.7593333333333333,9395671248
bdsvm,label_skew,3801,6,2467,0.5744484273531959,0.7648333333333334,0.7596666666666667,9394187760
bdsvm,label_skew,3801,7,2332,0.5744139146702343,0.7649166666666667,0.7598333333333334,9395918496
bdsvm,label_skew,3801,8,2467,0.5744485045911191,0.7648333333333334,0.7596666666666667,9394929504
bdsvm,label_skew,3801,9,2332,0.5751348094282492,0.76475,0.7601666666666667,9395671248
bdsvm,label_skew,3826,0,2468,0.5787608750231936,0.7642916666666667,0.7601666666666667,9455999760
bdsvm,label_skew,3826,1,2333,0.5787201334222449,0.76425,0.76,9458719488
bdsvm,label_skew,3826,2,2468,0.5790656299176594,0.7640416666666666,0.76,9458472240
bdsvm,label_skew,3826,3,2333,0.5792623654769263,0.76425,0.76,9457236000
bdsvm,label_skew,3826,4,2467,0.5792864452484099,0.7640833333333333,0.76,9457483248
bdsvm,label_skew,3826,5,2333,0.5786047902221925,0.76425,0.7598333333333334,9457483248
bdsvm,label_skew,3826,6,2467,0.5791854126657779,0.76425,0.7603333333333333,9455999760
bdsvm,label_skew,3826,7,2332,0.5793571137415423,0.764,0.7601666666666667,9457730496
bdsvm,label_skew,3826,8,2467,0.5790264915543016,0.76425,0.76,9456741504
bdsvm,label_skew,3826,9,2332,0.5788507835442216,0.764125,0.7598333333333334,9457483248
bdsvm,label_skew,3851,0,2468,0.5883584121079176,0.7606666666666667,0.7556666666666667,9517811760
bdsvm,label_skew,3851,1,2333,0.5883651854440431,0.7605833333333333,0.7558333333333334,9520531488
bdsvm,label_skew,3851,2,2468,0.5882091621172222,0.76075,0.7556666666666667,9520284240
bdsvm,label_skew,3851,3,2333,0.5884460954495637,0.7604583333333333,0.756,9519048000
bdsvm,label_skew,3851,4,2467,0.5883121638097538,0.7607083333333333,0.7558333333333334,9519295248
bdsvm,label_skew,3851,5,2333,0.5883871464571864,0.7606666666666667,0.7556666666666667,9519295248
bdsvm,label_skew,3851,6,2467,0.5878630857695225,0.7605833333333333,0.7561666666666667,9517811760
bdsvm,label_skew,3851,7,2332,0.5883621569540909,0.7605,0.7561666666666667,9519542496
bdsvm,label_skew,3851,8,2467,0.5883864214591076,0.760625,0.7558333333333334,9518553504
bdsvm,label_skew,3851,9,2332,0.5883789727325612,0.7605833333333333,0.7556666666666667,9519295248
bdsvm,label_skew,3876,0,2468,0.590444724601684,0.7588333333333334,0.7525,9579623760
bdsvm,label_skew,3876,1,2333,0.59036452236773,0.7587916666666666,0.7521666666666667,9582343488
bdsvm,label_skew,3876,2,2468,0.5903829060088432,0.758875,0.7521666666666667,9582096240
bdsvm,label_skew,3876,3,2333,0.5903256715271482,0.759,0.7523333333333333,9580860000
bdsvm,label_skew,3876,4,2467,0.5902656439043608,0.7589583333333333,0.7528333333333334,9581107248
bdsvm,label_skew,3876,5,2333,0.5903331395068606,0.7589583333333333,0.7525,9581107248
bdsvm,label_skew,3876,6,2467,0.5902832557877082,0.759,0.753,9579623760
bdsvm,label_skew,3876,7,2332,0.5903287561490393,0.758875,0.7521666666666667,9581354496
bdsvm,label_skew,3876,8,2467,0.5903963520065172,0.7588333333333334,0.7525,9580365504
bdsvm,label_skew,3876,9,2332,0.5903351975970577,0.7588333333333334,0.7521666666666667,9581107248
bdsvm,label_skew,3901,0,2468,0.5929116574510261,0.7537916666666666,0.7493333333333333,9641435760
bdsvm,label_skew,3901,1,2333,0.5933363726222898,0.7532916666666667,0.7486666666666667,9644155488
bdsvm,label_skew,3901,2,2468,0.5931509393531055,0.7534583333333333,0.7491666666666666,9643908240
bdsvm,label_skew,3901,3,2333,0.5929864118672533,0.75375,0.7488333333333334,9642672000
bdsvm,label_skew,3901,4,2467,0.5926521796162162,0.7545833333333334,0.749,9642919248
bdsvm,label_skew,3901,5,2333,0.593094705263755,0.7535,0.7493333333333333,9642919248
bdsvm,label_skew,3901,6,2467,0.5933231930817686,0.7533333333333333,0.7486666666666667,9641435760
bdsvm,label_skew,3901,7,2332,0.5934386639921797,0.7530416666666667,0.7481666666666666,9643166496
bdsvm,label_skew,3901,8,2467,0.593249075749277,0.7534166666666666,0.7486666666666667,9642177504
bdsvm,label_skew,3901,9,2332,0.5928018885225946,0.7539583333333333,0.7491666666666666,9642919248
bdsvm,label_skew,3926,0,2468,0.5802848351339511,0.7612083333333334,0.756,9703247760
bdsvm,label_skew,3926,1,2333,0.5802529395093928,0.760875,0.7551666666666667,9705967488
bdsvm,label_skew,3926,2,2468,0.5796593573059108,0.761125,0.7555,9705720240
bdsvm,label_skew,3926,3,2333,0.5802524474458922,0.7612916666666667,0.7546666666666667,9704484000
bdsvm,label_skew,3926,4,2467,0.5812635247661286,0.7598333333333334,0.7545,9704731248
bdsvm,label_skew,3926,5,2333,0.580622910945618,0.76075,0.7551666666666667,9704731248
bdsvm,label_skew,3926,6,2467,0.5803108527152361,0.7610416666666666,0.7546666666666667,9703247760
bdsvm,label_skew,3926,7,2332,0.5801083192688493,0.760875,0.7555,9704978496
bdsvm,label_skew,3926,8,2467,0.5805670651854,0.7609166666666667,0.7548333333333334,9703989504
bdsvm,label_skew,3926,9,2332,0.5807646837005461,0.7607916666666666,0.7545,9704731248
bdsvm,label_skew,3951,0,2468,0.5784963528264908,0.7642916666666667,0.7605,9765059760
bdsvm,label_skew,3951,1,2333,0.5785207616909593,0.7643333333333333,0.7603333333333333,9767779488
bdsvm,label_skew,3951,2,2468,0.5785321201920605,0.764375,0.7601666666666667,9767532240
bdsvm,label_skew,3951,3,2333,0.5784986945413444,0.76425,0.7603333333333333,9766296000
bdsvm,label_skew,3951,4,2467,0.5785541133323319,0.76425,0.7601666666666667,9766543248
bdsvm,label_skew,3951,5,2333,0.5785248313766462,0.7642916666666667,0.7601666666666667,9766543248
bdsvm,label_skew,3951,6,2467,0.5785396769099598,0.7642083333333334,0.7603333333333333,9765059760
bdsvm,label_skew,3951,7,2332,0.5785096190179306,0.764375,0.7603333333333333,9766790496
bdsvm,label_skew,3951,8,2467,0.5785324474009012,0.76425,0.7603333333333333,9765801504
bdsvm,label_skew,3951,9,2332,0.5785152549236988,0.7643333333333333,0.7603333333333333,9766543248
bdsvm,label_skew,3976,0,2468,0.5818896813413333,0.7629166666666667,0.7576666666666667,9826871760
bdsvm,label_skew,3976,1,2333,0.5845654409908689,0.761875,0.757,9829591488
bdsvm,label_skew,3976,2,2468,0.5814534333529429,0.7635416666666667,0.7581666666666667,9829344240
bdsvm,label_skew,3976,3,2333,0.584004003335649,0.7622916666666667,0.7575,9828108000
bdsvm,label_skew,3976,4,2467,0.5831320653567823,0.7626666666666667,0.7573333333333333,9828355248
bdsvm,label_skew,3976,5,2333,0.5841377743523781,0.7623333333333333,0.757,9828355248
bdsvm,label_skew,3976,6,2467,0.5841066961604788,0.7622916666666667,0.7573333333333333,9826871760
bdsvm,label_skew,3976,7,2332,0.5830640082219917,0.7625,0.7578333333333334,9828602496
bdsvm,label_skew,3976,8,2467,0.5839514042198595,0.762375,0.7578333333333334,9827613504
bdsvm,label_skew,3976,9,2332,0.5840290298595185,0.76225,0.7573333333333333,9828355248
bdsvm,label_skew,4001,0,2468,0.5795258438756413,0.764125,0.761,9888683760
bdsvm,label_skew,4001,1,2333,0.5797952236678552,0.764,0.7605,9891403488
bdsvm,label_skew,4001,2,2468,0.5796325888419143,0.764125,0.761,9891156240
bdsvm,label_skew,4001,3,2333,0.5795569789996198,0.7640833333333333,0.7608333333333334,9889920000
bdsvm,label_skew,4001,4,2467,0.5798179420949614,0.7640416666666666,0.7606666666666667,9890167248
bdsvm,label_skew,4001,5,2333,0.5792263325925305,0.7640416666666666,0.7608333333333334,9890167248
bdsvm,label_skew,4001,6,2467,0.5798696788804603,0.764125,0.7608333333333334,9888683760
bdsvm,label_skew,4001,7,2332,0.5797606932749367,0.7639583333333333,0.7601666666666667,9890414496
bdsvm,label_skew,4001,8,2467,0.579849685470504,0.7640833333333333,0.761,9889425504
bdsvm,label_skew,4001,9,2332,0.5793427592499685,0.7641666666666667,0.7605,9890167248
bdsvm,label_skew,4026,0,2468,0.5868090155273512,0.7608333333333334,0.7565,9950495760
bdsvm,label_skew,4026,1,2333,0.586853766294605,0.7609583333333333,0.7555,9953215488
bdsvm,label_skew,4026,2,2468,0.5867396269519668,0.761,0.7565,9952968240
bdsvm,label_skew,4026,3,2333,0.5865581221424166,0.7609583333333333,0.757,9951732000
bdsvm,label_skew,4026,4,2467,0.5865769020425572,0.7610833333333333,0.7568333333333334,9951979248
bdsvm,label_skew,4026,5,2333,0.5868307542091391,0.760875,0.7565,9951979248
bdsvm,label_skew,4026,6,2467,0.5866499497242983,0.761,0.7568333333333334,9950495760
bdsvm,label_skew,4026,7,2332,0.5865917520640651,0.7610833333333333,0.7566666666666667,9952226496
bdsvm,label_skew,4026,8,2467,0.5868046456478201,0.761,0.7561666666666667,9951237504
bdsvm,label_skew,4026,9,2332,0.5867485057624224,0.7609583333333333,0.7561666666666667,9951979248
bdsvm,label_skew,4051,0,2468,0.5902382690334016,0.7594583333333333,0.7536666666666667,10012307760
bdsvm,label_skew,4051,1,2333,0.5902208876763799,0.7594166666666666,0.7536666666666667,10015027488
bdsvm,label_skew,4051,2,2468,0.5902162409861508,0.7594166666666666,0.7536666666666667,10014780240
bdsvm,label_skew,4051,3,2333,0.5901884179913627,0.7595,0.7535,10013544000
bdsvm,label_skew,4051,4,2467,0.5902008714069041,0.7595,0.7535,10013791248
bdsvm,label_skew,4051,5,2333,0.5902226249600455,0.7595,0.7536666666666667,10013791248
bdsvm,label_skew,4051,6,2467,0.5901850783279424,0.7595,0.7536666666666667,10012307760
bdsvm,label_skew,4051,7,2332,0.5902268736831522,0.759375,0.7538333333333334,10014038496
bdsvm,label_skew,4051,8,2467,0.5901974514140377,0.7595,0.7536666666666667,10013049504
bdsvm,label_skew,4051,9,2332,0.5901915427360849,0.7595,0.7535,10013791248
bdsvm,label_skew,4076,0,2468,0.5733341115840221,0.7652916666666667,0.7588333333333334,10074119760
bdsvm,label_skew,4076,1,2333,0.5733393741630554,0.7650833333333333,0.7598333333333334,10076839488
bdsvm,label_skew,4076,2,2468,0.5732315987131351,0.7655416666666667,0.7596666666666667,10076592240
bdsvm,label_skew,4076,3,2333,0.5732626143309097,0.7652083333333334,0.759,10075356000
bdsvm,label_skew,4076,4,2467,0.5734755586325786,0.765,0.7598333333333334,10075603248
bdsvm,label_skew,4076,5,2333,0.5734373141224081,0.7649583333333333,0.7598333333333334,10075603248
bdsvm,label_skew,4076,6,2467,0.5735210210108754,0.7652083333333334,0.7596666666666667,10074119760
bdsvm,label_skew,4076,7,2332,0.5735036024452168,0.7654166666666666,0.76,10075850496
bdsvm,label_skew,4076,8,2467,0.5733024934810046,0.7652083333333334,0.7598333333333334,10074861504
bdsvm,label_skew,4076,9,2332,0.5735296266608001,0.7650416666666666,0.7596666666666667,10075603248
bdsvm,label_skew,4101,0,2468,0.5783683762404694,0.7644583333333334,0.7596666666666667,10135931760
bdsvm,label_skew,4101,1,2333,0.5782878222024586,0.764125,0.7601666666666667,10138651488
bdsvm,label_skew,4101,2,2468,0.5784267759752787,0.7641666666666667,0.7598333333333334,10138404240
bdsvm,label_skew,4101,3,2333,0.57838051179003,0.7642916666666667,0.7598333333333334,10137168000
bdsvm,label_skew,4101,4,2467,0.5783454530849086,0.7642916666666667,0.7598333333333334,10137415248
bdsvm,label_skew,4101,5,2333,0.5781796937198844,0.7642916666666667,0.7596666666666667,10137415248
bdsvm,label_skew,4101,6,2467,0.5784356103886885,0.764375,0.7598333333333334,10135931760
bdsvm,label_skew,4101,7,2332,0.5784844095819313,0.764,0.7603333333333333,10137662496
bdsvm,label_skew,4101,8,2467,0.578254611057894,0.7642916666666667,0.7598333333333334,10136673504
bdsvm,label_skew,4101,9,2332,0.5783989394419731,0.7642083333333334,0.7598333333333334,10137415248
bdsvm,label_skew,4126,0,2468,0.5789234248856012,0.7639166666666667,0.7601666666666667,10197743760
bdsvm,label_skew,4126,1,2333,0.5787320585230546,0.7643333333333333,0.76,10200463488
bdsvm,label_skew,4126,2,2468,0.5788168659686709,0.7641666666666667,0.7598333333333334,10200216240
bdsvm,label_skew,4126,3,2333,0.5788364699005898,0.764125,0.76,10198980000
bdsvm,label_skew,4126,4,2467,0.5787671490863774,0.76425,0.76,10199227248
bdsvm,label_skew,4126,5,2333,0.578897526551729,0.7642083333333334,0.76,10199227248
bdsvm,label_skew,4126,6,2467,0.5791246392456479,0.7640833333333333,0.76,10197743760
bdsvm,label_skew,4126,7,2332,0.5787629986468433,0.764125,0.7601666666666667,10199474496
bdsvm,label_skew,4126,8,2467,0.5785690293624628,0.7640833333333333,0.7598333333333334,10198485504
bdsvm,label_skew,4126,9,2332,0.5789302300383611,0.764125,0.76,10199227248
bdsvm,label_skew,4151,0,2468,0.6130108810476904,0.723375,0.7196666666666667,10259555760
bdsvm,label_skew,4151,1,2333,0.608305237062837,0.7282916666666667,0.726,10262275488
bdsvm,label_skew,4151,2,2468,0.6085163769829279,0.728875,0.7265,10262028240
bdsvm,label_skew,4151,3,2333,0.6109217513610896,0.7255,0.7225,10260792000
bdsvm,label_skew,4151,4,2467,0.6155777038507346,0.719375,0.7158333333333333,10261039248
bdsvm,label_skew,4151,5,2333,0.6131683200464266,0.7229166666666667,0.7193333333333334,10261039248
bdsvm,label_skew,4151,6,2467,0.6155648123623368,0.7196666666666667,0.7163333333333334,10259555760
bdsvm,label_skew,4151,7,2332,0.6098178412174436,0.72675,0.7241666666666666,10261286496
bdsvm,label_skew,4151,8,2467,0.6067656819535253,0.7304583333333333,0.7283333333333334,10260297504
bdsvm,label_skew,4151,9,2332,0.610671222133249,0.7253333333333334,0.722,10261039248
bdsvm,label_skew,4176,0,2468,0.5801778013903425,0.76325,0.7573333333333333,10321367760
bdsvm,label_skew,4176,1,2333,0.5798800132610411,0.7632916666666667,0.7576666666666667,10324087488
bdsvm,label_skew,4176,2,2468,0.5800150606015511,0.7632916666666667,0.7576666666666667,10323840240
bdsvm,label_skew,4176,3,2333,0.579979856162348,0.7632083333333334,0.7575,10322604000
bdsvm,label_skew,4176,4,2467,0.5799224059408434,0.76325,0.7575,10322851248
bdsvm,label_skew,4176,5,2333,0.5800435348178214,0.763375,0.7575,10322851248
bdsvm,label_skew,4176,6,2467,0.5799625100816113,0.7632916666666667,0.7571666666666667,10321367760
bdsvm,label_skew,4176,7,2332,0.5799226167212636,0.7632916666666667,0.7576666666666667,10323098496
bdsvm,label_skew,4176,8,2467,0.5799317592836822,0.7632083333333334,0.7573333333333333,10322109504
bdsvm,label_skew,4176,9,2332,0.5799442742589892,0.7633333333333333,0.7575,10322851248
bdsvm,label_skew,4201,0,2468,0.5788394209031416,0.764,0.7608333333333334,10383179760
bdsvm,label_skew,4201,1,2333,0.5788398893731105,0.7642083333333334,0.76,10385899488
bdsvm,label_skew,4201,2,2468,0.5788903213029578,0.76425,0.7601666666666667,10385652240
bdsvm,label_skew,4201,3,2333,0.5788764395484162,0.7639583333333333,0.7606666666666667,10384416000
bdsvm,label_skew,4201,4,2467,0.5788959123094369,0.7640416666666666,0.7603333333333333,10384663248
bdsvm,label_skew,4201,5,2333,0.5788349217679616,0.7639583333333333,0.7608333333333334,10384663248
bdsvm,label_skew,4201,6,2467,0.5788983848152615,0.7640416666666666,0.7606666666666667,10383179760
bdsvm,label_skew,4201,7,2332,0.5788796323158578,0.76425,0.7601666666666667,10384910496
bdsvm,label_skew,4201,8,2467,0.5788608648517956,0.764,0.7608333333333334,10383921504
bdsvm,label_skew,4201,9,2332,0.5788585742926778,0.7640416666666666,0.7601666666666667,10384663248
bdsvm,label_skew,4226,0,2468,0.5781435113831878,0.76475,0.76,10444991760
bdsvm,label_skew,4226,1,2333,0.5781145922888477,0.7644583333333334,0.7605,10447711488
bdsvm,label_skew,4226,2,2468,0.5781369806393316,0.7645833333333333,0.7605,10447464240
bdsvm,label_skew,4226,3,2333,0.5781138428853358,0.7646666666666667,0.7603333333333333,10446228000
bdsvm,label_skew,4226,4,2467,0.5781268336984623,0.7645416666666667,0.7605,10446475248
bdsvm,label_skew,4226,5,2333,0.5780820823893087,0.7647083333333333,0.7603333333333333,10446475248
bdsvm,label_skew,4226,6,2467,0.5781211784505518,0.76475,0.7601666666666667,10444991760
bdsvm,label_skew,4226,7,2332,0.578085906307259,0.764375,0.7603333333333333,10446722496
bdsvm,label_skew,4226,8,2467,0.5782230790227014,0.7647083333333333,0.7601666666666667,10445733504
bdsvm,label_skew,4226,9,2332,0.578106761551927,0.7645833333333333,0.7605,10446475248
bdsvm,label_skew,4251,0,2468,0.5776440488137926,0.76475,0.761,10506803760
bdsvm,label_skew,4251,1,2333,0.5775441943283615,0.764625,0.76,10509523488
bdsvm,label_skew,4251,2,2468,0.5774566980628435,0.7645833333333333,0.7601666666666667,10509276240
bdsvm,label_skew,4251,3,2333,0.577557251080159,0.7646666666666667,0.7603333333333333,10508040000
bdsvm,label_skew,4251,4,2467,0.5778182155960877,0.7645833333333333,0.7605,10508287248
bdsvm,label_skew,4251,5,2333,0.5775093870002037,0.7647916666666666,0.7601666666666667,10508287248
bdsvm,label_skew,4251,6,2467,0.577519442766403,0.76475,0.7606666666666667,10506803760
bdsvm,label_skew,4251,7,2332,0.5778172799682231,0.764625,0.7601666666666667,10508534496
bdsvm,label_skew,4251,8,2467,0.5780487169996532,0.764625,0.7601666666666667,10507545504
bdsvm,label_skew,4251,9,2332,0.5776918877078286,0.7645416666666667,0.7605,10508287248
bdsvm,label_skew,4276,0,2468,0.5790279370712195,0.764125,0.7605,10568615760
bdsvm,label_skew,4276,1,2333,0.5789882158012614,0.763875,0.7596666666666667,10571335488
bdsvm,label_skew,4276,2,2468,0.5791593697609594,0.7639583333333333,0.7598333333333334,10571088240
bdsvm,label_skew,4276,3,2333,0.5789040122383394,0.7641666666666667,0.7603333333333333,10569852000
bdsvm,label_skew,4276,4,2467,0.578990416542913,0.7640416666666666,0.76,10570099248
bdsvm,label_skew,4276,5,2333,0.5788870382911945,0.764125,0.7603333333333333,10570099248
bdsvm,label_skew,4276,6,2467,0.5787937772700026,0.76425,0.7603333333333333,10568615760
bdsvm,label_skew,4276,7,2332,0.5790019836608138,0.7639583333333333,0.7598333333333334,10570346496
bdsvm,label_skew,4276,8,2467,0.5792680000557113,0.764,0.76,10569357504
bdsvm,label_skew,4276,9,2332,0.579115229449599,0.764,0.7598333333333334,10570099248
bdsvm,label_skew,4301,0,2468,0.5900104949502392,0.75925,0.7535,10630427760
bdsvm,label_skew,4301,1,2333,0.5899231519515302,0.7595833333333334,0.7535,10633147488
bdsvm,label_skew,4301,2,2468,0.5899226002716055,0.7594166666666666,0.7536666666666667,10632900240
bdsvm,label_skew,4301,3,2333,0.5899911947050414,0.7594583333333333,0.7536666666666667,10631664000
bdsvm,label_skew,4301,4,2467,0.5898587783879363,0.7594583333333333,0.7535,10631911248
bdsvm,label_skew,4301,5,2333,0.5899042491180954,0.7594166666666666,0.7535,10631911248
bdsvm,label_skew,4301,6,2467,0.589796678458967,0.7594166666666666,0.7538333333333334,10630427760
bdsvm,label_skew,4301,7,2332,0.5899703451962893,0.7594166666666666,0.7538333333333334,10632158496
bdsvm,label_skew,4301,8,2467,0.5899576914883525,0.759375,0.7536666666666667,10631169504
bdsvm,label_skew,4301,9,2332,0.5899515090075375,0.7595,0.7536666666666667,10631911248
bdsvm,label_skew,4326,0,2468,0.5835841920395377,0.758875,0.7536666666666667,10692239760
bdsvm,label_skew,4326,1,2333,0.5833002657746663,0.75875,0.7531666666666667,10694959488
bdsvm,label_skew,4326,2,2468,0.5840549132144672,0.75775,0.7528333333333334,10694712240
bdsvm,label_skew,4326,3,2333,0.583801687837558,0.75825,0.7536666666666667,10693476000
bdsvm,label_skew,4326,4,2467,0.5842021064091141,0.7577083333333333,0.7531666666666667,10693723248
bdsvm,label_skew,4326,5,2333,0.5842870885868121,0.7575833333333334,0.7531666666666667,10693723248
bdsvm,label_skew,4326,6,2467,0.5842387560864457,0.7579166666666667,0.7533333333333333,10692239760
bdsvm,label_skew,4326,7,2332,0.5840864795892438,0.7575416666666667,0.7528333333333334,10693970496
bdsvm,label_skew,4326,8,2467,0.5852066101082507,0.7570416666666666,0.7531666666666667,10692981504
bdsvm,label_skew,4326,9,2332,0.5841346075835326,0.7580416666666666,0.753,10693723248
bdsvm,label_skew,4351,0,2468,0.5786508590423676,0.764375,0.7595,10754051760
bdsvm,label_skew,4351,1,2333,0.5788595950405061,0.7644583333333334,0.7583333333333333,10756771488
bdsvm,label_skew,4351,2,2468,0.5784902137941438,0.7645833333333333,0.7591666666666667,10756524240
bdsvm,label_skew,4351,3,2333,0.5784886678450541,0.7645833333333333,0.7591666666666667,10755288000
bdsvm,label_skew,4351,4,2467,0.5786430350792637,0.7645416666666667,0.7588333333333334,10755535248
bdsvm,label_skew,4351,5,2333,0.5788326238939204,0.764375,0.7593333333333333,10755535248
bdsvm,label_skew,4351,6,2467,0.5786176094743927,0.764375,0.7593333333333333,10754051760
bdsvm,label_skew,4351,7,2332,0.5786917219927828,0.7645833333333333,0.7585,10755782496
bdsvm,label_skew,4351,8,2467,0.578821886680064,0.7644166666666666,0.7593333333333333,10754793504
bdsvm,label_skew,4351,9,2332,0.5788835737586782,0.7644166666666666,0.7585,10755535248
bdsvm,label_skew,4376,0,2468,0.5762474951128382,0.7650416666666666,0.76,10815863760
bdsvm,label_skew,4376,1,2333,0.5770244748372678,0.7650833333333333,0.7601666666666667,10818583488
bdsvm,label_skew,4376,2,2468,0.5764452171483786,0.7647916666666666,0.7596666666666667,10818336240
bdsvm,label_skew,4376,3,2333,0.5768012230751041,0.7649166666666667,0.7601666666666667,10817100000
bdsvm,label_skew,4376,4,2467,0.5764888752953774,0.7649166666666667,0.7598333333333334,10817347248
bdsvm,label_skew,4376,5,2333,0.5770994170967977,0.7647083333333333,0.76,10817347248
bdsvm,label_skew,4376,6,2467,0.5768388288699591,0.76475,0.7601666666666667,10815863760
bdsvm,label_skew,4376,7,2332,0.576925249831675,0.7649583333333333,0.7598333333333334,10817594496
bdsvm,label_skew,4376,8,2467,0.5767310906286737,0.765,0.7606666666666667,10816605504
bdsvm,label_skew,4376,9,2332,0.576221413845939,0.7648333333333334,0.7601666666666667,10817347248
bdsvm,label_skew,4401,0,2468,0.57803522466867,0.7645416666666667,0.7605,10877675760
bdsvm,label_skew,4401,1,2333,0.5779421954439137,0.764375,0.7606666666666667,10880395488
bdsvm,label_skew,4401,2,2468,0.5780453051654504,0.7644166666666666,0.7605,10880148240
bdsvm,label_skew,4401,3,2333,0.5779532369153457,0.7644583333333334,0.7603333333333333,10878912000
bdsvm,label_skew,4401,4,2467,0.5780588038280129,0.764375,0.7606666666666667,10879159248
bdsvm,label_skew,4401,5,2333,0.577940069046578,0.7644583333333334,0.7601666666666667,10879159248
bdsvm,label_skew,4401,6,2467,0.578048823572848,0.764375,0.7603333333333333,10877675760
bdsvm,label_skew,4401,7,2332,0.5781409765243756,0.7643333333333333,0.7603333333333333,10879406496
bdsvm,label_skew,4401,8,2467,0.578065520110891,0.764375,0.7605,10878417504
bdsvm,label_skew,4401,9,2332,0.5779688237932831,0.7643333333333333,0.7605,10879159248
bdsvm,label_skew,4426,0,2468,0.5825513286583927,0.7632916666666667,0.7581666666666667,10939487760
bdsvm,label_skew,4426,1,2333,0.5830993431066914,0.7632916666666667,0.757,10942207488
bdsvm,label_skew,4426,2,2468,0.5830352916504324,0.763375,0.7575,10941960240
bdsvm,label_skew,4426,3,2333,0.5829452506989203,0.7632916666666667,0.757,10940724000
bdsvm,label_skew,4426,4,2467,0.5831282257440505,0.7632916666666667,0.7576666666666667,10940971248
bdsvm,label_skew,4426,5,2333,0.5824184441208718,0.7631666666666667,0.758,10940971248
bdsvm,label_skew,4426,6,2467,0.5827033705306158,0.7631666666666667,0.7581666666666667,10939487760
bdsvm,label_skew,4426,7,2332,0.5828063375505432,0.763375,0.7573333333333333,10941218496
bdsvm,label_skew,4426,8,2467,0.5829725194281062,0.7634166666666666,0.7576666666666667,10940229504
bdsvm,label_skew,4426,9,2332,0.5828571682993909,0.7633333333333333,0.7578333333333334,10940971248
bdsvm,label_skew,4451,0,2468,0.5707477096355118,0.7660416666666666,0.7608333333333334,11001299760
bdsvm,label_skew,4451,1,2333,0.5712555759287398,0.7659166666666667,0.7593333333333333,11004019488
bdsvm,label_skew,4451,2,2468,0.5706772931978031,0.7659583333333333,0.7601666666666667,11003772240
bdsvm,label_skew,4451,3,2333,0.5707785561512618,0.765875,0.76,11002536000
bdsvm,label_skew,4451,4,2467,0.5707109261291209,0.7658333333333334,0.7598333333333334,11002783248
bdsvm,label_skew,4451,5,2333,0.5708113876709948,0.765875,0.76,11002783248
bdsvm,label_skew,4451,6,2467,0.5707081374142791,0.766125,0.7606666666666667,11001299760
bdsvm,label_skew,4451,7,2332,0.570703574298829,0.7662916666666667,0.7593333333333333,11003030496
bdsvm,label_skew,4451,8,2467,0.570755954494863,0.7660833333333333,0.7606666666666667,11002041504
bdsvm,label_skew,4451,9,2332,0.5707255302252703,0.7660833333333333,0.7595,11002783248
bdsvm,label_skew,4476,0,2468,0.5777414187583744,0.7647083333333333,0.7603333333333333,11063111760
bdsvm,label_skew,4476,1,2333,0.5777850616707734,0.7644166666666666,0.7606666666666667,11065831488
bdsvm,label_skew,4476,2,2468,0.5778194091365669,0.7644583333333334,0.761,11065584240
bdsvm,label_skew,4476,3,2333,0.577751447969596,0.7645833333333333,0.7606666666666667,11064348000
bdsvm,label_skew,4476,4,2467,0.5777708274436373,0.7644583333333334,0.7608333333333334,11064595248
bdsvm,label_skew,4476,5,2333,0.5777457028800851,0.764625,0.7606666666666667,11064595248
bdsvm,label_skew,4476,6,2467,0.5777621584942816,0.7644583333333334,0.7606666666666667,11063111760
bdsvm,label_skew,4476,7,2332,0.5777587694738952,0.7645416666666667,0.7606666666666667,11064842496
bdsvm,label_skew,4476,8,2467,0.5777546257456162,0.7645833333333333,0.7605,11063853504
bdsvm,label_skew,4476,9,2332,0.5777559815542397,0.7645416666666667,0.7608333333333334,11064595248
bdsvm,label_skew,4501,0,2468,0.5799774037634551,0.7639583333333333,0.7593333333333333,11124923760
bdsvm,label_skew,4501,1,2333,0.5794508759356896,0.7643333333333333,0.7595,11127643488
bdsvm,label_skew,4501,2,2468,0.5803138034001066,0.7637083333333333,0.7586666666666667,11127396240
bdsvm,label_skew,4501,3,2333,0.5795216298088135,0.7642083333333334,0.7593333333333333,11126160000
bdsvm,label_skew,4501,4,2467,0.5799980967748402,0.7638333333333334,0.7596666666666667,11126407248
bdsvm,label_skew,4501,5,2333,0.5797698543182829,0.764125,0.7591666666666667,11126407248
bdsvm,label_skew,4501,6,2467,0.5799129754073964,0.763875,0.7593333333333333,11124923760
bdsvm,label_skew,4501,7,2332,0.5799144739855969,0.7639166666666667,0.7595,11126654496
bdsvm,label_skew,4501,8,2467,0.579811069814178,0.7642083333333334,0.7593333333333333,11125665504
bdsvm,label_skew,4501,9,2332,0.579879610144385,0.7640416666666666,0.7593333333333333,11126407248
bdsvm,label_skew,4526,0,2468,0.5908350803422607,0.7588333333333334,0.7535,11186735760
bdsvm,label_skew,4526,1,2333,0.590758182596725,0.7588333333333334,0.754,11189455488
bdsvm,label_skew,4526,2,2468,0.5900398367485551,0.7591666666666667,0.754,11189208240
bdsvm,label_skew,4526,3,2333,0.5901044325632115,0.7591666666666667,0.754,11187972000
bdsvm,label_skew,4526,4,2467,0.5906127180939176,0.7588333333333334,0.754,11188219248
bdsvm,label_skew,4526,5,2333,0.5907369085321033,0.7589583333333333,0.7538333333333334,11188219248
bdsvm,label_skew,4526,6,2467,0.5904881151223748,0.7589166666666667,0.7541666666666667,11186735760
bdsvm,label_skew,4526,7,2332,0.5906817244872318,0.7588333333333334,0.7538333333333334,11188466496
bdsvm,label_skew,4526,8,2467,0.5904344726190204,0.7589166666666667,0.7541666666666667,11187477504
bdsvm,label_skew,4526,9,2332,0.5909152253711774,0.75875,0.7535,11188219248
bdsvm,label_skew,4551,0,2468,0.5905338638125318,0.7583333333333333,0.752,11248547760
bdsvm,label_skew,4551,1,2333,0.5904749306549887,0.7582916666666667,0.752,11251267488
bdsvm,label_skew,4551,2,2468,0.5903315129879014,0.7586666666666667,0.7518333333333334,11251020240
bdsvm,label_skew,4551,3,2333,0.5904309605163001,0.7585,0.7518333333333334,11249784000
bdsvm,label_skew,4551,4,2467,0.5904468150172266,0.758375,0.752,11250031248
bdsvm,label_skew,4551,5,2333,0.5904306467295638,0.7584583333333333,0.752,11250031248
bdsvm,label_skew,4551,6,2467,0.5903173522154,0.75875,0.752,11248547760
bdsvm,label_skew,4551,7,2332,0.5904639827170594,0.758375,0.7518333333333334,11250278496
bdsvm,label_skew,4551,8,2467,0.5903421956496031,0.7587083333333333,0.752,11249289504
bdsvm,label_skew,4551,9,2332,0.5903556087232849,0.7585,0.752,11250031248
bdsvm,label_skew,4576,0,2468,0.5916837603663017,0.755875,0.7506666666666667,11310359760
bdsvm,label_skew,4576,1,2333,0.5916769217682262,0.7557916666666666,0.7506666666666667,11313079488
bdsvm,label_skew,4576,2,2468,0.5915167307367128,0.7560416666666666,0.7508333333333334,11312832240
bdsvm,label_skew,4576,3,2333,0.5915339857741094,0.7560833333333333,0.7506666666666667,11311596000
bdsvm,label_skew,4576,4,2467,0.5915645084501145,0.756,0.7506666666666667,11311843248
bdsvm,label_skew,4576,5,2333,0.5915099908325155,0.7562916666666667,0.7505,11311843248
bdsvm,label_skew,4576,6,2467,0.5915861947241854,0.756125,0.7505,11310359760
bdsvm,label_skew,4576,7,2332,0.5915857258779305,0.7559166666666667,0.7503333333333333,11312090496
bdsvm,label_skew,4576,8,2467,0.5916169039242303,0.756,0.7506666666666667,11311101504
bdsvm,label_skew,4576,9,2332,0.5915592124079507,0.7559583333333333,0.7506666666666667,11311843248
bdsvm,label_skew,4601,0,2468,0.5984176095422876,0.742375,0.739,11372171760
bdsvm,label_skew,4601,1,2333,0.598617822554025,0.7418333333333333,0.7386666666666667,11374891488
bdsvm,label_skew,4601,2,2468,0.5985577776973864,0.7421666666666666,0.7391666666666666,11374644240
bdsvm,label_skew,4601,3,2333,0.59844454028358,0.7424583333333333,0.7395,11373408000
bdsvm,label_skew,4601,4,2467,0.5985153790827206,0.742375,0.739,11373655248
bdsvm,label_skew,4601,5,2333,0.5974862231021396,0.74375,0.74,11373655248
bdsvm,label_skew,4601,6,2467,0.5937243529502583,0.74925,0.7461666666666666,11372171760
bdsvm,label_skew,4601,7,2332,0.5941116857483213,0.7479583333333333,0.7453333333333333,11373902496
bdsvm,label_skew,4601,8,2467,0.5987854787761081,0.741625,0.7381666666666666,11372913504
bdsvm,label_skew,4601,9,2332,0.598247851861626,0.7425416666666667,0.7391666666666666,11373655248
bdsvm,label_skew,4626,0,2468,0.5787645814899582,0.7647083333333333,0.7593333333333333,11433983760
bdsvm,label_skew,4626,1,2333,0.5786642086571795,0.76475,0.7588333333333334,11436703488
bdsvm,label_skew,4626,2,2468,0.5786791630220788,0.7644166666666666,0.7588333333333334,11436456240
bdsvm,label_skew,4626,3,2333,0.5786586399029457,0.7646666666666667,0.759,11435220000
bdsvm,label_skew,4626,4,2467,0.5786554494550256,0.7645833333333333,0.7588333333333334,11435467248
bdsvm,label_skew,4626,5,2333,0.578688327354065,0.764875,0.7585,11435467248
bdsvm,label_skew,4626,6,2467,0.5786699521402192,0.7646666666666667,0.7588333333333334,11433983760
bdsvm,label_skew,4626,7,2332,0.5786793000727853,0.7645416666666667,0.7585,11435714496
bdsvm,label_skew,4626,8,2467,0.5786115519770666,0.7646666666666667,0.759,11434725504
bdsvm,label_skew,4626,9,2332,0.5786901913737413,0.7647083333333333,0.7585,11435467248
bdsvm,label_skew,4651,0,2468,0.5784273894735048,0.7642916666666667,0.76,11495795760
bdsvm,label_skew,4651,1,2333,0.5783929494677255,0.7642916666666667,0.7603333333333333,11498515488
bdsvm,label_skew,4651,2,2468,0.5783549521411392,0.7644166666666666,0.7603333333333333,11498268240
bdsvm,label_skew,4651,3,2333,0.5782263296795074,0.764375,0.7605,11497032000
bdsvm,label_skew,4651,4,2467,0.5784113686873785,0.764375,0.7603333333333333,11497279248
bdsvm,label_skew,4651,5,2333,0.5785411150013611,0.7641666666666667,0.7605,11497279248
bdsvm,label_skew,4651,6,2467,0.5782904036119422,0.764375,0.7603333333333333,11495795760
bdsvm,label_skew,4651,7,2332,0.5785140157304298,0.76425,0.7606666666666667,11497526496
bdsvm,label_skew,4651,8,2467,0.5784192701484482,0.76425,0.7605,11496537504
bdsvm,label_skew,4651,9,2332,0.5785597067624365,0.7641666666666667,0.7605,11497279248
bdsvm,label_skew,4676,0,2468,0.619234076725682,0.7029166666666666,0.7013333333333334,11557607760
bdsvm,label_skew,4676,1,2333,0.6188354105412796,0.7034166666666667,0.7021666666666667,11560327488
bdsvm,label_skew,4676,2,2468,0.617380007358439,0.7047916666666667,0.7036666666666667,11560080240
bdsvm,label_skew,4676,3,2333,0.6152493005442734,0.7071666666666667,0.7045,11558844000
bdsvm,label_skew,4676,4,2467,0.6154239114303156,0.7079583333333334,0.7048333333333333,11559091248
bdsvm,label_skew,4676,5,2333,0.6185372672215598,0.7035416666666666,0.7023333333333334,11559091248
bdsvm,label_skew,4676,6,2467,0.6288158994945073,0.6982083333333333,0.6966666666666667,11557607760
bdsvm,label_skew,4676,7,2332,0.6181480637676929,0.7039583333333334,0.7023333333333334,11559338496
bdsvm,label_skew,4676,8,2467,0.6166175621503716,0.7055833333333333,0.704,11558349504
bdsvm,label_skew,4676,9,2332,0.6193548689349547,0.7029166666666666,0.701,11559091248
bdsvm,label_skew,4701,0,2468,0.5895946464184345,0.748,0.7435,11619419760
bdsvm,label_skew,4701,1,2333,0.5911504010975149,0.745125,0.7398333333333333,11622139488
bdsvm,label_skew,4701,2,2468,0.590037741614211,0.747,0.7426666666666667,11621892240
bdsvm,label_skew,4701,3,2333,0.5896351465097699,0.7472083333333334,0.7435,11620656000
bdsvm,label_skew,4701,4,2467,0.5897677330446855,0.7475416666666667,0.7428333333333333,11620903248
bdsvm,label_skew,4701,5,2333,0.5910816898804534,0.7455833333333334,0.7403333333333333,11620903248
bdsvm,label_skew,4701,6,2467,0.5929162375764674,0.7441666666666666,0.7395,11619419760
bdsvm,label_skew,4701,7,2332,0.5905901485337575,0.7459166666666667,0.7415,11621150496
bdsvm,label_skew,4701,8,2467,0.5918694027108637,0.7455833333333334,0.7416666666666667,11620161504
bdsvm,label_skew,4701,9,2332,0.5900940726253177,0.7467916666666666,0.7431666666666666,11620903248
bdsvm,label_skew,4726,0,2468,0.579666742005632,0.7637083333333333,0.7586666666666667,11681231760
bdsvm,label_skew,4726,1,2333,0.5801571207706085,0.7640416666666666,0.7585,11683951488
bdsvm,label_skew,4726,2,2468,0.5790439266631026,0.7638333333333334,0.758,11683704240
bdsvm,label_skew,4726,3,2333,0.5803218397056503,0.763625,0.7586666666666667,11682468000
bdsvm,label_skew,4726,4,2467,0.5789456443207192,0.7637916666666666,0.758,11682715248
bdsvm,label_skew,4726,5,2333,0.5800392586292783,0.76375,0.7585,11682715248
bdsvm,label_skew,4726,6,2467,0.5790429472269528,0.7642083333333334,0.7588333333333334,11681231760
bdsvm,label_skew,4726,7,2332,0.5794857634737377,0.7638333333333334,0.7578333333333334,11682962496
bdsvm,label_skew,4726,8,2467,0.5789829092073467,0.7640416666666666,0.7585,11681973504
bdsvm,label_skew,4726,9,2332,0.5801280894765704,0.7637916666666666,0.7588333333333334,11682715248
bdsvm,label_skew,4751,0,2468,0.5797575161882976,0.7642916666666667,0.7595,11743043760
bdsvm,label_skew,4751,1,2333,0.5792511276641802,0.7644166666666666,0.759,11745763488
bdsvm,label_skew,4751,2,2468,0.5791848216727767,0.764375,0.759,11745516240
bdsvm,label_skew,4751,3,2333,0.5797720238684451,0.7642916666666667,0.7591666666666667,11744280000
bdsvm,label_skew,4751,4,2467,0.5790349867053624,0.7642916666666667,0.7593333333333333,11744527248
bdsvm,label_skew,4751,5,2333,0.5795107871375708,0.7643333333333333,0.7595,11744527248
bdsvm,label_skew,4751,6,2467,0.579158132372198,0.7641666666666667,0.7595,11743043760
bdsvm,label_skew,4751,7,2332,0.5788885884961408,0.7643333333333333,0.759,11744774496
bdsvm,label_skew,4751,8,2467,0.5790974080385112,0.7639583333333333,0.7595,11743785504
bdsvm,label_skew,4751,9,2332,0.5786640668374591,0.7642916666666667,0.76,11744527248
bdsvm,label_skew,4776,0,2468,0.5837522103370327,0.7626666666666667,0.7578333333333334,11804855760
bdsvm,label_skew,4776,1,2333,0.5834675354637886,0.7625416666666667,0.7576666666666667,11807575488
bdsvm,label_skew,4776,2,2468,0.5838702687275019,0.762625,0.7576666666666667,11807328240
bdsvm,label_skew,4776,3,2333,0.583518330645809,0.76275,0.7571666666666667,11806092000
bdsvm,label_skew,4776,4,2467,0.5842702368133774,0.762375,0.757,11806339248
bdsvm,label_skew,4776,5,2333,0.5831893735525232,0.762875,0.7575,11806339248
bdsvm,label_skew,4776,6,2467,0.5837954788661976,0.7625833333333333,0.7575,11804855760
bdsvm,label_skew,4776,7,2332,0.5835578572700881,0.76275,0.7573333333333333,11806586496
bdsvm,label_skew,4776,8,2467,0.5840470549056445,0.7627916666666666,0.7575,11805597504
bdsvm,label_skew,4776,9,2332,0.5835159063980112,0.7627083333333333,0.7575,11806339248
bdsvm,label_skew,4801,0,2468,0.5912469893643071,0.7585416666666667,0.7521666666666667,11866667760
bdsvm,label_skew,4801,1,2333,0.5911485391809902,0.75875,0.752,11869387488
bdsvm,label_skew,4801,2,2468,0.5909396394269031,0.7588333333333334,0.7525,11869140240
bdsvm,label_skew,4801,3,2333,0.5911194744946868,0.7589583333333333,0.7525,11867904000
bdsvm,label_skew,4801,4,2467,0.5909570307085166,0.7588333333333334,0.7525,11868151248
bdsvm,label_skew,4801,5,2333,0.5911121317893767,0.7589583333333333,0.7523333333333333,11868151248
bdsvm,label_skew,4801,6,2467,0.591123973409188,0.7589166666666667,0.7521666666666667,11866667760
bdsvm,label_skew,4801,7,2332,0.590894802369,0.7589166666666667,0.7526666666666667,11868398496
bdsvm,label_skew,4801,8,2467,0.5912352919846624,0.7587083333333333,0.7518333333333334,11867409504
bdsvm,label_skew,4801,9,2332,0.5919344220033973,0.757625,0.7521666666666667,11868151248
bdsvm,label_skew,4826,0,2468,0.5922328663612364,0.755125,0.7503333333333333,11928479760
bdsvm,label_skew,4826,1,2333,0.5921363753332819,0.75525,0.7503333333333333,11931199488
bdsvm,label_skew,4826,2,2468,0.592164124030301,0.7553333333333333,0.7503333333333333,11930952240
bdsvm,label_skew,4826,3,2333,0.5923071737911957,0.7549166666666667,0.7493333333333333,11929716000
bdsvm,label_skew,4826,4,2467,0.5923048847374516,0.7550833333333333,0.7496666666666667,11929963248
bdsvm,label_skew,4826,5,2333,0.5922829079461097,0.755125,0.75,11929963248
bdsvm,label_skew,4826,6,2467,0.5922020818416863,0.7551666666666667,0.7505,11928479760
bdsvm,label_skew,4826,7,2332,0.5921503154573676,0.7551666666666667,0.7496666666666667,11930210496
bdsvm,label_skew,4826,8,2467,0.5924008535284775,0.7549166666666667,0.7495,11929221504
bdsvm,label_skew,4826,9,2332,0.5922624016545527,0.7551666666666667,0.75,11929963248
bdsvm,label_skew,4851,0,2468,0.594410300292241,0.75075,0.7471666666666666,11990291760
bdsvm,label_skew,4851,1,2333,0.5944024097723175,0.7507083333333333,0.7471666666666666,11993011488
bdsvm,label_skew,4851,2,2468,0.5944764142737143,0.7504583333333333,0.7468333333333333,11992764240
bdsvm,label_skew,4851,3,2333,0.5945382473214876,0.7502916666666667,0.7468333333333333,11991528000
bdsvm,label_skew,4851,4,2467,0.5943370783073549,0.7507916666666666,0.7471666666666666,11991775248
bdsvm,label_skew,4851,5,2333,0.5940578562303782,0.7510416666666667,0.7468333333333333,11991775248
bdsvm,label_skew,4851,6,2467,0.5944911531680206,0.7505416666666667,0.747,11990291760
bdsvm,label_skew,4851,7,2332,0.5946782560935782,0.7499166666666667,0.7468333333333333,11992022496
bdsvm,label_skew,4851,8,2467,0.5940642446416042,0.751,0.7468333333333333,11991033504
bdsvm,label_skew,4851,9,2332,0.5939972291166707,0.7512083333333334,0.7468333333333333,11991775248
bdsvm,label_skew,4876,0,2468,0.5789952215892683,0.7639166666666667,0.7568333333333334,12052103760
bdsvm,label_skew,4876,1,2333,0.5789986358964535,0.76375,0.7571666666666667,12054823488
bdsvm,label_skew,4876,2,2468,0.5791557604845504,0.76375,0.7568333333333334,12054576240
bdsvm,label_skew,4876,3,2333,0.5791882114172647,0.76375,0.7568333333333334,12053340000
bdsvm,label_skew,4876,4,2467,0.5790064795602337,0.7637916666666666,0.757,12053587248
bdsvm,label_skew,4876,5,2333,0.5791019609853507,0.7637083333333333,0.757,12053587248
bdsvm,label_skew,4876,6,2467,0.5791625518504159,0.7635833333333333,0.7568333333333334,12052103760
bdsvm,label_skew,4876,7,2332,0.5790072634991552,0.76375,0.7571666666666667,12053834496
bdsvm,label_skew,4876,8,2467,0.579109895750103,0.7637083333333333,0.7565,12052845504
bdsvm,label_skew,4876,9,2332,0.5790247669145683,0.76375,0.7571666666666667,12053587248
bdsvm,label_skew,4901,0,2468,0.5778919529991704,0.7645833333333333,0.7603333333333333,12113915760
bdsvm,label_skew,4901,1,2333,0.5779593229701318,0.7645,0.76,12116635488
bdsvm,label_skew,4901,2,2468,0.5780078949533548,0.7642916666666667,0.7601666666666667,12116388240
bdsvm,label_skew,4901,3,2333,0.5779727042814613,0.7644166666666666,0.7605,12115152000
bdsvm,label_skew,4901,4,2467,0.5780069714710871,0.764375,0.7601666666666667,12115399248
bdsvm,label_skew,4901,5,2333,0.5779517575594622,0.7644166666666666,0.7605,12115399248
bdsvm,label_skew,4901,6,2467,0.5776237661923613,0.7645,0.7601666666666667,12113915760
bdsvm,label_skew,4901,7,2332,0.5779964152319466,0.7645416666666667,0.7603333333333333,12115646496
bdsvm,label_skew,4901,8,2467,0.577796573140878,0.7644166666666666,0.7601666666666667,12114657504
bdsvm,label_skew,4901,9,2332,0.5778881931291334,0.764375,0.7598333333333334,12115399248
bdsvm,label_skew,4926,0,2468,0.5782424500237799,0.7644166666666666,0.7605,12175727760
bdsvm,label_skew,4926,1,2333,0.5781614676750477,0.7642083333333334,0.76,12178447488
bdsvm,label_skew,4926,2,2468,0.5782224915667061,0.7643333333333333,0.7601666666666667,12178200240
bdsvm,label_skew,4926,3,2333,0.578278887240058,0.764375,0.7605,12176964000
bdsvm,label_skew,4926,4,2467,0.5787171790814013,0.7644166666666666,0.7601666666666667,12177211248
bdsvm,label_skew,4926,5,2333,0.578173873894887,0.7643333333333333,0.7605,12177211248
bdsvm,label_skew,4926,6,2467,0.5782461693014308,0.764375,0.7606666666666667,12175727760
bdsvm,label_skew,4926,7,2332,0.5782869871654738,0.764375,0.7598333333333334,12177458496
bdsvm,label_skew,4926,8,2467,0.5781881169540122,0.764375,0.7605,12176469504
bdsvm,label_skew,4926,9,2332,0.5782243253005549,0.76425,0.7603333333333333,12177211248
bdsvm,label_skew,4951,0,2468,0.5830391339787353,0.7629583333333333,0.7585,12237539760
bdsvm,label_skew,4951,1,2333,0.5826998665978242,0.7629583333333333,0.7583333333333333,12240259488
bdsvm,label_skew,4951,2,2468,0.5832795769325808,0.7630416666666666,0.7585,12240012240
bdsvm,label_skew,4951,3,2333,0.5832047592995278,0.76275,0.7583333333333333,12238776000
bdsvm,label_skew,4951,4,2467,0.5831852559699613,0.7630416666666666,0.7585,12239023248
bdsvm,label_skew,4951,5,2333,0.5811063719762489,0.7635416666666667,0.759,12239023248
bdsvm,label_skew,4951,6,2467,0.5827547447931167,0.7631666666666667,0.7583333333333333,12237539760
bdsvm,label_skew,4951,7,2332,0.5828792085156033,0.7630833333333333,0.7586666666666667,12239270496
bdsvm,label_skew,4951,8,2467,0.5830030610330814,0.7629583333333333,0.7586666666666667,12238281504
bdsvm,label_skew,4951,9,2332,0.5826325762489414,0.7631666666666667,0.7583333333333333,12239023248
bdsvm,label_skew,4976,0,2468,0.5771086975282854,0.7656666666666667,0.7583333333333333,12299351760
bdsvm,label_skew,4976,1,2333,0.5778716632122296,0.7649166666666667,0.7583333333333333,12302071488
bdsvm,label_skew,4976,2,2468,0.5772442823055128,0.7650416666666666,0.7588333333333334,12301824240
bdsvm,label_skew,4976,3,2333,0.5774196600280949,0.765,0.7588333333333334,12300588000
bdsvm,label_skew,4976,4,2467,0.5774277333392632,0.7649583333333333,0.7585,12300835248
bdsvm,label_skew,4976,5,2333,0.577737904600125,0.764625,0.7583333333333333,12300835248
bdsvm,label_skew,4976,6,2467,0.5775974883017234,0.7650416666666666,0.7583333333333333,12299351760
bdsvm,label_skew,4976,7,2332,0.5773861344502782,0.7644583333333334,0.7583333333333333,12301082496
bdsvm,label_skew,4976,8,2467,0.5771583565170272,0.7650833333333333,0.7583333333333333,12300093504
bdsvm,label_skew,4976,9,2332,0.5773153097010109,0.7649583333333333,0.7581666666666667,12300835248
bdsvm,label_skew,5000,0,2468,0.5782137345718521,0.764625,0.7608333333333334,12358691280
bdsvm,label_skew,5000,1,2333,0.5782039844664317,0.7641666666666667,0.7598333333333334,12361411008
bdsvm,label_skew,5000,2,2468,0.5782625017385588,0.7642083333333334,0.76,12361163760
bdsvm,label_skew,5000,3,2333,0.5782454175766817,0.76425,0.761,12359927520
bdsvm,label_skew,5000,4,2467,0.5784028580306099,0.7642083333333334,0.7603333333333333,12360174768
bdsvm,label_skew,5000,5,2333,0.5781804415586659,0.76425,0.761,12360174768
bdsvm,label_skew,5000,6,2467,0.5782532015901091,0.7645,0.7608333333333334,12358691280
bdsvm,label_skew,5000,7,2332,0.5782678419700483,0.76425,0.7598333333333334,12360422016
bdsvm,label_skew,5000,8,2467,0.5782805822962552,0.7642916666666667,0.7611666666666667,12359433024
bdsvm,label_skew,5000,9,2332,0.5782446626875095,0.7640833333333333,0.7605,12360174768
