method,scheme,round,node,n_local,hinge_loss,train_acc,test_acc,comm_bytes
bdsvm,iid,1,0,2400,0.8405139539966943,0.7528333333333334,0.7498333333333334,494496
bdsvm,iid,1,1,2400,0.8311428348841039,0.757625,0.7515,1977984
bdsvm,iid,1,2,2400,0.8329662698412587,0.7578333333333334,0.7496666666666667,1236240
bdsvm,iid,1,3,2400,0.8434003332059877,0.7550833333333333,0.7483333333333333,494496
bdsvm,iid,1,4,2400,0.8367454237215898,0.7582916666666667,0.7513333333333333,741744
bdsvm,iid,1,5,2400,0.83556235671108,0.7547916666666666,0.7513333333333333,741744
bdsvm,iid,1,6,2400,0.8458122414123541,0.7566666666666667,0.7475,247248
bdsvm,iid,1,7,2400,0.8399506664746162,0.7564583333333333,0.7475,494496
bdsvm,iid,1,8,2400,0.8335509218977595,0.7584166666666666,0.7515,988992
bdsvm,iid,1,9,2400,0.8566623467150624,0.75175,0.7456666666666667,247248
bdsvm,iid,26,0,2400,0.5823269654420611,0.7639583333333333,0.7575,60575760
bdsvm,iid,26,1,2400,0.5822126776771287,0.7638333333333334,0.7578333333333334,63295488
bdsvm,iid,26,2,2400,0.5825978610940653,0.7632916666666667,0.7573333333333333,63048240
bdsvm,iid,26,3,2400,0.5824004513068021,0.763625,0.7576666666666667,61812000
bdsvm,iid,26,4,2400,0.5825670648448378,0.7634583333333333,0.7576666666666667,62059248
bdsvm,iid,26,5,2400,0.5826602172365348,0.764,0.7573333333333333,62059248
bdsvm,iid,26,6,2400,0.5831250689711861,0.763625,0.7573333333333333,60575760
bdsvm,iid,26,7,2400,0.5820776992957176,0.76375,0.7578333333333334,62306496
bdsvm,iid,26,8,2400,0.5821753639489309,0.764125,0.7576666666666667,61317504
bdsvm,iid,26,9,2400,0.5821889466881894,0.764,0.7581666666666667,62059248
bdsvm,iid,51,0,2400,0.5852512069730617,0.7620416666666666,0.756,122387760
bdsvm,iid,51,1,2400,0.5858393579361617,0.761625,0.7558333333333334,125107488
bdsvm,iid,51,2,2400,0.5859442176862014,0.7617083333333333,0.7558333333333334,124860240
bdsvm,iid,51,3,2400,0.5857201565327251,0.7615,0.7556666666666667,123624000
bdsvm,iid,51,4,2400,0.5857675520827552,0.7617916666666666,0.7561666666666667,123871248
bdsvm,iid,51,5,2400,0.5857287751526368,0.7616666666666667,0.756,123871248
bdsvm,iid,51,6,2400,0.5855696525062831,0.7617916666666666,0.756,122387760
bdsvm,iid,51,7,2400,0.5850612670567256,0.7622083333333334,0.7561666666666667,124118496
bdsvm,iid,51,8,2400,0.5859086515460111,0.7617083333333333,0.7556666666666667,123129504
bdsvm,iid,51,9,2400,0.5860655736532944,0.7615833333333333,0.7558333333333334,123871248
bdsvm,iid,76,0,2400,0.5895441625193294,0.7587083333333333,0.753,184199760
bdsvm,iid,76,1,2400,0.5894665286993512,0.7588333333333334,0.7533333333333333,186919488
bdsvm,iid,76,2,2400,0.5893198139615204,0.7587083333333333,0.7535,186672240
bdsvm,iid,76,3,2400,0.589721191234999,0.7587083333333333,0.7533333333333333,185436000
bdsvm,iid,76,4,2400,0.5888639126678838,0.759125,0.7533333333333333,185683248
bdsvm,iid,76,5,2400,0.5903410381335928,0.7580833333333333,0.7523333333333333,185683248
bdsvm,iid,76,6,2400,0.5895050271516258,0.7586666666666667,0.753,184199760
bdsvm,iid,76,7,2400,0.5892547929556239,0.7587083333333333,0.7531666666666667,185930496
bdsvm,iid,76,8,2400,0.5903322956174629,0.7580416666666666,0.7523333333333333,184941504
bdsvm,iid,76,9,2400,0.590236487743466,0.758125,0.7521666666666667,185683248
bdsvm,iid,101,0,2400,0.5924294269854518,0.7539583333333333,0.7486666666666667,246011760
bdsvm,iid,101,1,2400,0.5926252654604928,0.7531666666666667,0.7486666666666667,248731488
bdsvm,iid,101,2,2400,0.592413871538457,0.754125,0.749,248484240
bdsvm,iid,101,3,2400,0.5924651938593459,0.7539583333333333,0.7486666666666667,247248000
bdsvm,iid,101,4,2400,0.5926428552500136,0.75375,0.7488333333333334,247495248
bdsvm,iid,101,5,2400,0.5925827162622,0.7537083333333333,0.7486666666666667,247495248
bdsvm,iid,101,6,2400,0.5926633552350413,0.7535,0.7488333333333334,246011760
bdsvm,iid,101,7,2400,0.5925387715225696,0.7539166666666667,0.7488333333333334,247742496
bdsvm,iid,101,8,2400,0.5926331150788396,0.7538333333333334,0.7488333333333334,246753504
bdsvm,iid,101,9,2400,0.5923770449220382,0.75425,0.749,247495248
bdsvm,iid,126,0,2400,0.5837453021422362,0.7603333333333333,0.752,307823760
bdsvm,iid,126,1,2400,0.5838675166565327,0.7604583333333333,0.7518333333333334,310543488
bdsvm,iid,126,2,2400,0.5837472263216713,0.7603333333333333,0.7523333333333333,310296240
bdsvm,iid,126,3,2400,0.5837398180010335,0.7605,0.7518333333333334,309060000
bdsvm,iid,126,4,2400,0.5837886581218736,0.7605,0.752,309307248
bdsvm,iid,126,5,2400,0.5839935658492676,0.7604583333333333,0.752,309307248
bdsvm,iid,126,6,2400,0.5838255902546089,0.7604583333333333,0.7521666666666667,307823760
bdsvm,iid,126,7,2400,0.5839471889130247,0.7605416666666667,0.7521666666666667,309554496
bdsvm,iid,126,8,2400,0.5838427088722343,0.7604583333333333,0.7518333333333334,308565504
bdsvm,iid,126,9,2400,0.5836928861767373,0.7605833333333333,0.7523333333333333,309307248
bdsvm,iid,151,0,2400,0.5864943750085237,0.7605833333333333,0.755,369635760
bdsvm,iid,151,1,2400,0.5864638073119186,0.760625,0.7551666666666667,372355488
bdsvm,iid,151,2,2400,0.5865670133623173,0.7605,0.755,372108240
bdsvm,iid,151,3,2400,0.5864815660059173,0.7605416666666667,0.755,370872000
bdsvm,iid,151,4,2400,0.5865347866202971,0.7605416666666667,0.755,371119248
bdsvm,iid,151,5,2400,0.5864284956667998,0.760625,0.755,371119248
bdsvm,iid,151,6,2400,0.5865505350537645,0.7605416666666667,0.755,369635760
bdsvm,iid,151,7,2400,0.5864876906428942,0.7605416666666667,0.755,371366496
bdsvm,iid,151,8,2400,0.586526084823209,0.7605416666666667,0.7551666666666667,370377504
bdsvm,iid,151,9,2400,0.5864709608471975,0.7605416666666667,0.755,371119248
bdsvm,iid,176,0,2400,0.5866783750726674,0.760375,0.7546666666666667,431447760
bdsvm,iid,176,1,2400,0.586993465147739,0.759875,0.7548333333333334,434167488
bdsvm,iid,176,2,2400,0.5865140820663596,0.7607083333333333,0.7548333333333334,433920240
bdsvm,iid,176,3,2400,0.5867970364077867,0.76025,0.7548333333333334,432684000
bdsvm,iid,176,4,2400,0.5867238410291346,0.7605,0.7548333333333334,432931248
bdsvm,iid,176,5,2400,0.5869533508252186,0.760125,0.755,432931248
bdsvm,iid,176,6,2400,0.586899989689144,0.760125,0.7548333333333334,431447760
bdsvm,iid,176,7,2400,0.5869360960303266,0.7603333333333333,0.755,433178496
bdsvm,iid,176,8,2400,0.5866541270022013,0.7606666666666667,0.7548333333333334,432189504
bdsvm,iid,176,9,2400,0.5865546048957528,0.760625,0.7548333333333334,432931248
bdsvm,iid,201,0,2400,0.5882897383788716,0.7595416666666667,0.753,493259760
bdsvm,iid,201,1,2400,0.588449990513888,0.7592916666666667,0.7535,495979488
bdsvm,iid,201,2,2400,0.588429209963669,0.759375,0.7528333333333334,495732240
bdsvm,iid,201,3,2400,0.588435566960444,0.7593333333333333,0.7533333333333333,494496000
bdsvm,iid,201,4,2400,0.5885272199350221,0.7593333333333333,0.7533333333333333,494743248
bdsvm,iid,201,5,2400,0.5883214257191949,0.7595,0.753,494743248
bdsvm,iid,201,6,2400,0.5884297524467392,0.7594166666666666,0.7535,493259760
bdsvm,iid,201,7,2400,0.5885111467437701,0.7592916666666667,0.7531666666666667,494990496
bdsvm,iid,201,8,2400,0.588461573238991,0.7593333333333333,0.7531666666666667,494001504
bdsvm,iid,201,9,2400,0.5884258270538195,0.7594166666666666,0.7531666666666667,494743248
bdsvm,iid,226,0,2400,0.5764319627277958,0.7636666666666667,0.7571666666666667,555071760
bdsvm,iid,226,1,2400,0.5760006819061106,0.7640833333333333,0.7576666666666667,557791488
bdsvm,iid,226,2,2400,0.5760364338671297,0.764375,0.7573333333333333,557544240
bdsvm,iid,226,3,2400,0.5761747417079484,0.7639166666666667,0.7573333333333333,556308000
bdsvm,iid,226,4,2400,0.5757254361700914,0.7641666666666667,0.757,556555248
bdsvm,iid,226,5,2400,0.5756422978150858,0.7645,0.7575,556555248
bdsvm,iid,226,6,2400,0.574642047910488,0.7647083333333333,0.7573333333333333,555071760
bdsvm,iid,226,7,2400,0.5759679760866988,0.76425,0.7578333333333334,556802496
bdsvm,iid,226,8,2400,0.5762016643580926,0.7642916666666667,0.7575,555813504
bdsvm,iid,226,9,2400,0.5761052054898191,0.763875,0.7576666666666667,556555248
bdsvm,iid,251,0,2400,0.578417566211105,0.764,0.758,616883760
bdsvm,iid,251,1,2400,0.5787254643482417,0.7635416666666667,0.7576666666666667,619603488
bdsvm,iid,251,2,2400,0.5784218481009541,0.7639583333333333,0.7583333333333333,619356240
bdsvm,iid,251,3,2400,0.578396014134,0.7639583333333333,0.7581666666666667,618120000
bdsvm,iid,251,4,2400,0.5783662606412314,0.7639166666666667,0.7583333333333333,618367248
bdsvm,iid,251,5,2400,0.5786081604018667,0.7638333333333334,0.7576666666666667,618367248
bdsvm,iid,251,6,2400,0.5785156584268256,0.7639583333333333,0.758,616883760
bdsvm,iid,251,7,2400,0.5785376757531622,0.7639166666666667,0.758,618614496
bdsvm,iid,251,8,2400,0.5785892511875769,0.7640416666666666,0.7583333333333333,617625504
bdsvm,iid,251,9,2400,0.578593230691957,0.7640416666666666,0.758,618367248
bdsvm,iid,276,0,2400,0.5785068489804498,0.763875,0.7581666666666667,678695760
bdsvm,iid,276,1,2400,0.5793917203520688,0.7639166666666667,0.7575,681415488
bdsvm,iid,276,2,2400,0.5791545027036678,0.7639583333333333,0.7576666666666667,681168240
bdsvm,iid,276,3,2400,0.57858625607344,0.7640416666666666,0.7581666666666667,679932000
bdsvm,iid,276,4,2400,0.5783957572839897,0.763875,0.758,680179248
bdsvm,iid,276,5,2400,0.5786534802870783,0.7640833333333333,0.7583333333333333,680179248
bdsvm,iid,276,6,2400,0.5809316114147282,0.763875,0.758,678695760
bdsvm,iid,276,7,2400,0.5781360980807183,0.76375,0.7583333333333333,680426496
bdsvm,iid,276,8,2400,0.5815251948273966,0.763375,0.7583333333333333,679437504
bdsvm,iid,276,9,2400,0.5810336566799285,0.7634583333333333,0.758,680179248
bdsvm,iid,301,0,2400,0.5782201414628972,0.76425,0.7586666666666667,740507760
bdsvm,iid,301,1,2400,0.577523811910979,0.7647916666666666,0.7585,743227488
bdsvm,iid,301,2,2400,0.5780217358453813,0.7645833333333333,0.7593333333333333,742980240
bdsvm,iid,301,3,2400,0.5764061952919673,0.7649166666666667,0.7588333333333334,741744000
bdsvm,iid,301,4,2400,0.5771622970882033,0.76475,0.7586666666666667,741991248
bdsvm,iid,301,5,2400,0.5781091550688214,0.7642916666666667,0.759,741991248
bdsvm,iid,301,6,2400,0.5782194389134588,0.7645,0.7588333333333334,740507760
bdsvm,iid,301,7,2400,0.5784433923413015,0.764375,0.7586666666666667,742238496
bdsvm,iid,301,8,2400,0.5777861663674352,0.7646666666666667,0.759,741249504
bdsvm,iid,301,9,2400,0.577478707944485,0.7647916666666666,0.7588333333333334,741991248
bdsvm,iid,326,0,2400,0.5789562571268455,0.764125,0.758,802319760
bdsvm,iid,326,1,2400,0.5788929694444679,0.764125,0.7583333333333333,805039488
bdsvm,iid,326,2,2400,0.5791952626842027,0.76425,0.7578333333333334,804792240
bdsvm,iid,326,3,2400,0.5791403736327364,0.7642083333333334,0.7581666666666667,803556000
bdsvm,iid,326,4,2400,0.5790941291938846,0.7641666666666667,0.7578333333333334,803803248
bdsvm,iid,326,5,2400,0.5789748252572527,0.7640416666666666,0.758,803803248
bdsvm,iid,326,6,2400,0.5790330107391797,0.7641666666666667,0.758,802319760
bdsvm,iid,326,7,2400,0.5789401952383638,0.7642083333333334,0.7581666666666667,804050496
bdsvm,iid,326,8,2400,0.5788933641271204,0.7645,0.7578333333333334,803061504
bdsvm,iid,326,9,2400,0.5791983590781276,0.7642083333333334,0.7578333333333334,803803248
bdsvm,iid,351,0,2400,0.5796598255009612,0.7642916666666667,0.7583333333333333,864131760
bdsvm,iid,351,1,2400,0.5796873584965707,0.7642916666666667,0.7585,866851488
bdsvm,iid,351,2,2400,0.5797223179876452,0.764375,0.7583333333333333,866604240
bdsvm,iid,351,3,2400,0.5797384553684105,0.76425,0.7583333333333333,865368000
bdsvm,iid,351,4,2400,0.5796404399895475,0.7642916666666667,0.7585,865615248
bdsvm,iid,351,5,2400,0.5796782009130663,0.7642083333333334,0.7585,865615248
bdsvm,iid,351,6,2400,0.5797352470630052,0.7642083333333334,0.7581666666666667,864131760
bdsvm,iid,351,7,2400,0.5797606205088666,0.76425,0.7581666666666667,865862496
bdsvm,iid,351,8,2400,0.5796880096300336,0.7645833333333333,0.7585,864873504
bdsvm,iid,351,9,2400,0.579780144351637,0.7641666666666667,0.7583333333333333,865615248
bdsvm,iid,376,0,2400,0.5798488258183766,0.7635,0.7581666666666667,925943760
bdsvm,iid,376,1,2400,0.5797920747089225,0.7635,0.7576666666666667,928663488
bdsvm,iid,376,2,2400,0.5791362269502112,0.7635833333333333,0.758,928416240
bdsvm,iid,376,3,2400,0.5797047909880055,0.7634166666666666,0.758,927180000
bdsvm,iid,376,4,2400,0.5792658099917698,0.7635416666666667,0.7581666666666667,927427248
bdsvm,iid,376,5,2400,0.5801877337964401,0.7634583333333333,0.7578333333333334,927427248
bdsvm,iid,376,6,2400,0.5796000858260798,0.7635416666666667,0.7578333333333334,925943760
bdsvm,iid,376,7,2400,0.5794485386464834,0.7633333333333333,0.758,927674496
bdsvm,iid,376,8,2400,0.5793458276396175,0.7634166666666666,0.758,926685504
bdsvm,iid,376,9,2400,0.5798992335112293,0.7635833333333333,0.7575,927427248
bdsvm,iid,401,0,2400,0.5829851721004513,0.7627916666666666,0.757,987755760
bdsvm,iid,401,1,2400,0.5829404173781253,0.7628333333333334,0.7566666666666667,990475488
bdsvm,iid,401,2,2400,0.5826476287446547,0.7627916666666666,0.757,990228240
bdsvm,iid,401,3,2400,0.5827510623127768,0.76275,0.757,988992000
bdsvm,iid,401,4,2400,0.5830432097356919,0.7625416666666667,0.7575,989239248
bdsvm,iid,401,5,2400,0.5827026731465894,0.7627916666666666,0.7566666666666667,989239248
bdsvm,iid,401,6,2400,0.5828045682304758,0.76275,0.757,987755760
bdsvm,iid,401,7,2400,0.5828154198921199,0.762625,0.7566666666666667,989486496
bdsvm,iid,401,8,2400,0.582805041507394,0.7627083333333333,0.757,988497504
bdsvm,iid,401,9,2400,0.5828865859598785,0.7627083333333333,0.7571666666666667,989239248
bdsvm,iid,426,0,2400,0.5825026013803459,0.7617916666666666,0.757,1049567760
bdsvm,iid,426,1,2400,0.5829605129616944,0.7620416666666666,0.7573333333333333,1052287488
bdsvm,iid,426,2,2400,0.582818129666749,0.7614166666666666,0.7568333333333334,1052040240
bdsvm,iid,426,3,2400,0.5816262735354112,0.7624583333333333,0.7573333333333333,1050804000
bdsvm,iid,426,4,2400,0.5825866591851205,0.761875,0.7573333333333333,1051051248
bdsvm,iid,426,5,2400,0.5862255602460426,0.760625,0.7556666666666667,1051051248
bdsvm,iid,426,6,2400,0.5829555535238461,0.7612083333333334,0.7566666666666667,1049567760
bdsvm,iid,426,7,2400,0.5824635957698618,0.7619166666666667,0.7566666666666667,1051298496
bdsvm,iid,426,8,2400,0.5762245242774965,0.7645833333333333,0.7585,1050309504
bdsvm,iid,426,9,2400,0.5824223831341775,0.7622083333333334,0.7578333333333334,1051051248
bdsvm,iid,451,0,2400,0.5868974287002294,0.7610416666666666,0.7558333333333334,1111379760
bdsvm,iid,451,1,2400,0.5870567579072921,0.760875,0.7553333333333333,1114099488
bdsvm,iid,451,2,2400,0.5871413983828713,0.76125,0.7563333333333333,1113852240
bdsvm,iid,451,3,2400,0.5870730054682588,0.7610416666666666,0.7558333333333334,1112616000
bdsvm,iid,451,4,2400,0.587222253284531,0.7611666666666667,0.7558333333333334,1112863248
bdsvm,iid,451,5,2400,0.5872879036889714,0.7608333333333334,0.7556666666666667,1112863248
bdsvm,iid,451,6,2400,0.58701258045075,0.7610833333333333,0.7556666666666667,1111379760
bdsvm,iid,451,7,2400,0.5869248636855691,0.7611666666666667,0.7561666666666667,1113110496
bdsvm,iid,451,8,2400,0.586856959956177,0.7610833333333333,0.756,1112121504
bdsvm,iid,451,9,2400,0.5871643412611028,0.7610416666666666,0.7561666666666667,1112863248
bdsvm,iid,476,0,2400,0.5777358401352936,0.76375,0.7568333333333334,1173191760
bdsvm,iid,476,1,2400,0.5781251234100183,0.7635,0.757,1175911488
bdsvm,iid,476,2,2400,0.5781974207722136,0.7635,0.7568333333333334,1175664240
bdsvm,iid,476,3,2400,0.5783649180725328,0.7635416666666667,0.7573333333333333,1174428000
bdsvm,iid,476,4,2400,0.5774939005329095,0.7640416666666666,0.7568333333333334,1174675248
bdsvm,iid,476,5,2400,0.5784063723520199,0.7635416666666667,0.7575,1174675248
bdsvm,iid,476,6,2400,0.5778432456681417,0.7635833333333333,0.7565,1173191760
bdsvm,iid,476,7,2400,0.5780187472075472,0.7636666666666667,0.7566666666666667,1174922496
bdsvm,iid,476,8,2400,0.5779847355037103,0.7637083333333333,0.7566666666666667,1173933504
bdsvm,iid,476,9,2400,0.5782577997320955,0.7635,0.757,1174675248
bdsvm,iid,501,0,2400,0.5757986411558168,0.7656666666666667,0.76,1235003760
bdsvm,iid,501,1,2400,0.5761478703596807,0.765875,0.7596666666666667,1237723488
bdsvm,iid,501,2,2400,0.5753080256141027,0.7658333333333334,0.7595,1237476240
bdsvm,iid,501,3,2400,0.5755916670915994,0.766125,0.7596666666666667,1236240000
bdsvm,iid,501,4,2400,0.5762064709041819,0.7655833333333333,0.7601666666666667,1236487248
bdsvm,iid,501,5,2400,0.5760576210113117,0.7653333333333333,0.7601666666666667,1236487248
bdsvm,iid,501,6,2400,0.5759243181625621,0.7656666666666667,0.7598333333333334,1235003760
bdsvm,iid,501,7,2400,0.5758859255719044,0.7653333333333333,0.7598333333333334,1236734496
bdsvm,iid,501,8,2400,0.5762153350021452,0.76575,0.7601666666666667,1235745504
bdsvm,iid,501,9,2400,0.575489670565208,0.7658333333333334,0.7596666666666667,1236487248
bdsvm,iid,526,0,2400,0.5786215410326176,0.7639166666666667,0.7585,1296815760
bdsvm,iid,526,1,2400,0.5785549888082037,0.7640833333333333,0.7581666666666667,1299535488
bdsvm,iid,526,2,2400,0.5786631545502697,0.764,0.7588333333333334,1299288240
bdsvm,iid,526,3,2400,0.5786740971417222,0.7639166666666667,0.7583333333333333,1298052000
bdsvm,iid,526,4,2400,0.5784707054920865,0.7641666666666667,0.7585,1298299248
bdsvm,iid,526,5,2400,0.578534504490968,0.7640833333333333,0.7585,1298299248
bdsvm,iid,526,6,2400,0.5784134106233435,0.7641666666666667,0.7585,1296815760
bdsvm,iid,526,7,2400,0.5786715281141827,0.764,0.7585,1298546496
bdsvm,iid,526,8,2400,0.5785520206676054,0.764125,0.7585,1297557504
bdsvm,iid,526,9,2400,0.5785733663073127,0.764125,0.7585,1298299248
bdsvm,iid,551,0,2400,0.5710954100785486,0.7664583333333334,0.7595,1358627760
bdsvm,iid,551,1,2400,0.5710471669710141,0.7664166666666666,0.7593333333333333,1361347488
bdsvm,iid,551,2,2400,0.5712089475321142,0.7663333333333333,0.7595,1361100240
bdsvm,iid,551,3,2400,0.5711955574540067,0.7664583333333334,0.7593333333333333,1359864000
bdsvm,iid,551,4,2400,0.5712058550435825,0.7662916666666667,0.7596666666666667,1360111248
bdsvm,iid,551,5,2400,0.5708978081538636,0.7662916666666667,0.7595,1360111248
bdsvm,iid,551,6,2400,0.5711886316579362,0.7664166666666666,0.7598333333333334,1358627760
bdsvm,iid,551,7,2400,0.5710281144034233,0.7661666666666667,0.7591666666666667,1360358496
bdsvm,iid,551,8,2400,0.571345668668651,0.7663333333333333,0.7595,1359369504
bdsvm,iid,551,9,2400,0.5709307503752034,0.76625,0.7595,1360111248
bdsvm,iid,576,0,2400,0.57380401191571,0.765625,0.7606666666666667,1420439760
bdsvm,iid,576,1,2400,0.5739030082744677,0.7656666666666667,0.7606666666666667,1423159488
bdsvm,iid,576,2,2400,0.5739021820233245,0.76575,0.7605,1422912240
bdsvm,iid,576,3,2400,0.5739844500109024,0.7657083333333333,0.7606666666666667,1421676000
bdsvm,iid,576,4,2400,0.5738438796676073,0.7656666666666667,0.7605,1421923248
bdsvm,iid,576,5,2400,0.5737803189803051,0.7657083333333333,0.7608333333333334,1421923248
bdsvm,iid,576,6,2400,0.573878839976048,0.7656666666666667,0.7605,1420439760
bdsvm,iid,576,7,2400,0.573853662104097,0.765625,0.7605,1422170496
bdsvm,iid,576,8,2400,0.5737091239532403,0.7657083333333333,0.7606666666666667,1421181504
bdsvm,iid,576,9,2400,0.5738472011775593,0.7657083333333333,0.7608333333333334,1421923248
bdsvm,iid,601,0,2400,0.5782209003792239,0.76425,0.7593333333333333,1482251760
bdsvm,iid,601,1,2400,0.5782871704903733,0.7642083333333334,0.7593333333333333,1484971488
bdsvm,iid,601,2,2400,0.5781189784669807,0.7643333333333333,0.7593333333333333,1484724240
bdsvm,iid,601,3,2400,0.5782668007903488,0.76425,0.7591666666666667,1483488000
bdsvm,iid,601,4,2400,0.5783717400417105,0.7643333333333333,0.7593333333333333,1483735248
bdsvm,iid,601,5,2400,0.5783452086946761,0.76425,0.7591666666666667,1483735248
bdsvm,iid,601,6,2400,0.5781433922929677,0.7642083333333334,0.7591666666666667,1482251760
bdsvm,iid,601,7,2400,0.578275746409611,0.7643333333333333,0.7593333333333333,1483982496
bdsvm,iid,601,8,2400,0.578295062873151,0.7644166666666666,0.7593333333333333,1482993504
bdsvm,iid,601,9,2400,0.5782941754086472,0.76425,0.7595,1483735248
bdsvm,iid,626,0,2400,0.5814841607854007,0.7632083333333334,0.7576666666666667,1544063760
bdsvm,iid,626,1,2400,0.5818618418128589,0.763125,0.7575,1546783488
bdsvm,iid,626,2,2400,0.5819387959569868,0.7631666666666667,0.7573333333333333,1546536240
bdsvm,iid,626,3,2400,0.5815384017525334,0.7630833333333333,0.7578333333333334,1545300000
bdsvm,iid,626,4,2400,0.581508075541388,0.763,0.7575,1545547248
bdsvm,iid,626,5,2400,0.5822107842369394,0.7630833333333333,0.758,1545547248
bdsvm,iid,626,6,2400,0.5815210604367965,0.763125,0.7576666666666667,1544063760
bdsvm,iid,626,7,2400,0.5815227723770887,0.763125,0.7576666666666667,1545794496
bdsvm,iid,626,8,2400,0.5815458152722761,0.7631666666666667,0.7576666666666667,1544805504
bdsvm,iid,626,9,2400,0.5814725227245485,0.7632083333333334,0.7575,1545547248
bdsvm,iid,651,0,2400,0.5888903019699111,0.7597083333333333,0.7548333333333334,1605875760
bdsvm,iid,651,1,2400,0.5889241408658011,0.7595416666666667,0.755,1608595488
bdsvm,iid,651,2,2400,0.588963862877863,0.7596666666666667,0.7546666666666667,1608348240
bdsvm,iid,651,3,2400,0.5889506024099518,0.7596666666666667,0.7548333333333334,1607112000
bdsvm,iid,651,4,2400,0.5890570552507699,0.7595416666666667,0.7546666666666667,1607359248
bdsvm,iid,651,5,2400,0.5889519249587453,0.7597083333333333,0.7546666666666667,1607359248
bdsvm,iid,651,6,2400,0.5889629993740828,0.759625,0.7546666666666667,1605875760
bdsvm,iid,651,7,2400,0.5889457089386535,0.759625,0.7546666666666667,1607606496
bdsvm,iid,651,8,2400,0.5889493989102819,0.7597916666666666,0.7543333333333333,1606617504
bdsvm,iid,651,9,2400,0.588964181938945,0.759625,0.7548333333333334,1607359248
bdsvm,iid,676,0,2400,0.5803274381128362,0.763,0.7551666666666667,1667687760
bdsvm,iid,676,1,2400,0.5799994897801846,0.7634583333333333,0.7556666666666667,1670407488
bdsvm,iid,676,2,2400,0.5795522501940074,0.7632916666666667,0.7568333333333334,1670160240
bdsvm,iid,676,3,2400,0.580882386784619,0.7628333333333334,0.7548333333333334,1668924000
bdsvm,iid,676,4,2400,0.5797449617388032,0.7635416666666667,0.756,1669171248
bdsvm,iid,676,5,2400,0.5810468927455782,0.762375,0.7546666666666667,1669171248
bdsvm,iid,676,6,2400,0.5807174358258124,0.7627916666666666,0.7551666666666667,1667687760
bdsvm,iid,676,7,2400,0.5799467263510723,0.7634166666666666,0.7565,1669418496
bdsvm,iid,676,8,2400,0.579464875278018,0.7633333333333333,0.757,1668429504
bdsvm,iid,676,9,2400,0.5794963093808915,0.7637083333333333,0.7573333333333333,1669171248
bdsvm,iid,701,0,2400,0.576073802008144,0.7641666666666667,0.7583333333333333,1729499760
bdsvm,iid,701,1,2400,0.5758346247472902,0.7642083333333334,0.7585,1732219488
bdsvm,iid,701,2,2400,0.5760546544178365,0.7641666666666667,0.7583333333333333,1731972240
bdsvm,iid,701,3,2400,0.5761114246923584,0.764125,0.7585,1730736000
bdsvm,iid,701,4,2400,0.5761277546516109,0.7641666666666667,0.7583333333333333,1730983248
bdsvm,iid,701,5,2400,0.5763123322790764,0.7640833333333333,0.7583333333333333,1730983248
bdsvm,iid,701,6,2400,0.5766111991841478,0.76425,0.7586666666666667,1729499760
bdsvm,iid,701,7,2400,0.5760012586054477,0.7642916666666667,0.7588333333333334,1731230496
bdsvm,iid,701,8,2400,0.5759625786912517,0.7643333333333333,0.7583333333333333,1730241504
bdsvm,iid,701,9,2400,0.5761386442681055,0.7642083333333334,0.7586666666666667,1730983248
bdsvm,iid,726,0,2400,0.578803975236934,0.7639166666666667,0.7581666666666667,1791311760
bdsvm,iid,726,1,2400,0.5787983292473535,0.7640416666666666,0.7581666666666667,1794031488
bdsvm,iid,726,2,2400,0.5787960924691441,0.764,0.758,1793784240
bdsvm,iid,726,3,2400,0.5788004959833871,0.7639583333333333,0.7581666666666667,1792548000
bdsvm,iid,726,4,2400,0.5787202370234168,0.764,0.7581666666666667,1792795248
bdsvm,iid,726,5,2400,0.5787182641662095,0.7640416666666666,0.7585,1792795248
bdsvm,iid,726,6,2400,0.5787237120647271,0.7640416666666666,0.7581666666666667,1791311760
bdsvm,iid,726,7,2400,0.5787162999835145,0.764,0.7583333333333333,1793042496
bdsvm,iid,726,8,2400,0.57881123250642,0.7639583333333333,0.758,1792053504
bdsvm,iid,726,9,2400,0.5787272702117902,0.764,0.7581666666666667,1792795248
bdsvm,iid,751,0,2400,0.5790324752634884,0.7640833333333333,0.7576666666666667,1853123760
bdsvm,iid,751,1,2400,0.579059156346702,0.7638333333333334,0.758,1855843488
bdsvm,iid,751,2,2400,0.5790436588741295,0.764125,0.7576666666666667,1855596240
bdsvm,iid,751,3,2400,0.5790725484135836,0.7639583333333333,0.7576666666666667,1854360000
bdsvm,iid,751,4,2400,0.578970051981121,0.7641666666666667,0.7578333333333334,1854607248
bdsvm,iid,751,5,2400,0.5790615193546264,0.7640833333333333,0.7576666666666667,1854607248
bdsvm,iid,751,6,2400,0.5788575875681903,0.7640833333333333,0.758,1853123760
bdsvm,iid,751,7,2400,0.5789230388100297,0.7642083333333334,0.7576666666666667,1854854496
bdsvm,iid,751,8,2400,0.5790338673222283,0.7641666666666667,0.7573333333333333,1853865504
bdsvm,iid,751,9,2400,0.5790773621675419,0.7640833333333333,0.7576666666666667,1854607248
bdsvm,iid,776,0,2400,0.5780102753346569,0.76425,0.7575,1914935760
bdsvm,iid,776,1,2400,0.5780690439521438,0.7640833333333333,0.7583333333333333,1917655488
bdsvm,iid,776,2,2400,0.5783185912836238,0.7642916666666667,0.7575,1917408240
bdsvm,iid,776,3,2400,0.5783123710607865,0.76425,0.7585,1916172000
bdsvm,iid,776,4,2400,0.5784371109537577,0.76425,0.758,1916419248
bdsvm,iid,776,5,2400,0.5786713275176465,0.7640416666666666,0.7583333333333333,1916419248
bdsvm,iid,776,6,2400,0.5780290793176827,0.7641666666666667,0.758,1914935760
bdsvm,iid,776,7,2400,0.5785744574268641,0.7641666666666667,0.7576666666666667,1916666496
bdsvm,iid,776,8,2400,0.5786198885650691,0.7642083333333334,0.7578333333333334,1915677504
bdsvm,iid,776,9,2400,0.5790255532320028,0.764125,0.758,1916419248
bdsvm,iid,801,0,2400,0.5791503873302929,0.7639166666666667,0.7583333333333333,1976747760
bdsvm,iid,801,1,2400,0.5791682565733078,0.7638333333333334,0.7581666666666667,1979467488
bdsvm,iid,801,2,2400,0.5791747292736723,0.7639166666666667,0.7583333333333333,1979220240
bdsvm,iid,801,3,2400,0.5791521595868033,0.763875,0.7583333333333333,1977984000
bdsvm,iid,801,4,2400,0.5791654818262638,0.763875,0.7583333333333333,1978231248
bdsvm,iid,801,5,2400,0.5791295619114932,0.7638333333333334,0.7583333333333333,1978231248
bdsvm,iid,801,6,2400,0.579157266291362,0.764,0.7583333333333333,1976747760
bdsvm,iid,801,7,2400,0.5791335489457358,0.7638333333333334,0.7583333333333333,1978478496
bdsvm,iid,801,8,2400,0.5791948973726742,0.763875,0.7583333333333333,1977489504
bdsvm,iid,801,9,2400,0.5791622098892716,0.7639166666666667,0.7583333333333333,1978231248
bdsvm,iid,826,0,2400,0.5711178234813536,0.7654166666666666,0.7606666666666667,2038559760
bdsvm,iid,826,1,2400,0.5706456921739403,0.7655833333333333,0.7595,2041279488
bdsvm,iid,826,2,2400,0.5708680289029752,0.7654583333333334,0.7606666666666667,2041032240
bdsvm,iid,826,3,2400,0.5712179919605638,0.7654583333333334,0.7605,2039796000
bdsvm,iid,826,4,2400,0.5710146665826916,0.7655833333333333,0.7603333333333333,2040043248
bdsvm,iid,826,5,2400,0.5708553694413749,0.765625,0.7603333333333333,2040043248
bdsvm,iid,826,6,2400,0.5708265308036369,0.765625,0.7601666666666667,2038559760
bdsvm,iid,826,7,2400,0.5707279538096393,0.7656666666666667,0.7603333333333333,2040290496
bdsvm,iid,826,8,2400,0.5708590263867351,0.7654166666666666,0.7608333333333334,2039301504
bdsvm,iid,826,9,2400,0.5709802763529966,0.7655,0.7605,2040043248
bdsvm,iid,851,0,2400,0.5820741247392055,0.7631666666666667,0.7593333333333333,2100371760
bdsvm,iid,851,1,2400,0.5819069353736009,0.7632916666666667,0.7593333333333333,2103091488
bdsvm,iid,851,2,2400,0.5810773239852065,0.764,0.759,2102844240
bdsvm,iid,851,3,2400,0.5796573791545441,0.764125,0.7586666666666667,2101608000
bdsvm,iid,851,4,2400,0.5809161058989945,0.7639583333333333,0.7585,2101855248
bdsvm,iid,851,5,2400,0.5805934873037948,0.7640833333333333,0.7588333333333334,2101855248
bdsvm,iid,851,6,2400,0.5809786934758142,0.7639583333333333,0.7593333333333333,2100371760
bdsvm,iid,851,7,2400,0.58145305433752,0.7637916666666666,0.7596666666666667,2102102496
bdsvm,iid,851,8,2400,0.5801473849704686,0.7641666666666667,0.7585,2101113504
bdsvm,iid,851,9,2400,0.5809218062489864,0.7637083333333333,0.7593333333333333,2101855248
bdsvm,iid,876,0,2400,0.5851989557026018,0.7614166666666666,0.7573333333333333,2162183760
bdsvm,iid,876,1,2400,0.5847875270470027,0.761625,0.7571666666666667,2164903488
bdsvm,iid,876,2,2400,0.5849461418365136,0.7617083333333333,0.7573333333333333,2164656240
bdsvm,iid,876,3,2400,0.5848713521992694,0.7615833333333333,0.7571666666666667,2163420000
bdsvm,iid,876,4,2400,0.5848637893496575,0.7615,0.7573333333333333,2163667248
bdsvm,iid,876,5,2400,0.5853086709938853,0.7613333333333333,0.7571666666666667,2163667248
bdsvm,iid,876,6,2400,0.5851796085271624,0.7614166666666666,0.7575,2162183760
bdsvm,iid,876,7,2400,0.5850221528280488,0.7616666666666667,0.7573333333333333,2163914496
bdsvm,iid,876,8,2400,0.5849839286002347,0.761625,0.7571666666666667,2162925504
bdsvm,iid,876,9,2400,0.5846082818386842,0.7614166666666666,0.7566666666666667,2163667248
bdsvm,iid,901,0,2400,0.5854021047112751,0.76075,0.7545,2223995760
bdsvm,iid,901,1,2400,0.5849023891905786,0.760875,0.7546666666666667,2226715488
bdsvm,iid,901,2,2400,0.5828239225805703,0.761625,0.7568333333333334,2226468240
bdsvm,iid,901,3,2400,0.5836315754048738,0.7611666666666667,0.7561666666666667,2225232000
bdsvm,iid,901,4,2400,0.5840061915876921,0.761125,0.7555,2225479248
bdsvm,iid,901,5,2400,0.584223176352655,0.760875,0.7555,2225479248
bdsvm,iid,901,6,2400,0.5840061404554893,0.7610416666666666,0.7551666666666667,2223995760
bdsvm,iid,901,7,2400,0.5855676601034209,0.7607083333333333,0.7545,2225726496
bdsvm,iid,901,8,2400,0.5849679510970099,0.761,0.7551666666666667,2224737504
bdsvm,iid,901,9,2400,0.5837094744409502,0.7611666666666667,0.7563333333333333,2225479248
bdsvm,iid,926,0,2400,0.5787387162102876,0.7640833333333333,0.7575,2285807760
bdsvm,iid,926,1,2400,0.5783746157715879,0.7640833333333333,0.7578333333333334,2288527488
bdsvm,iid,926,2,2400,0.5782379608197842,0.7636666666666667,0.7571666666666667,2288280240
bdsvm,iid,926,3,2400,0.5781344614977929,0.7638333333333334,0.7571666666666667,2287044000
bdsvm,iid,926,4,2400,0.5776595576849063,0.7639166666666667,0.7575,2287291248
bdsvm,iid,926,5,2400,0.5780565299193007,0.7642083333333334,0.7578333333333334,2287291248
bdsvm,iid,926,6,2400,0.5779382975514614,0.7639583333333333,0.7573333333333333,2285807760
bdsvm,iid,926,7,2400,0.5784541095892566,0.764,0.7573333333333333,2287538496
bdsvm,iid,926,8,2400,0.5781837352080876,0.7637916666666666,0.7575,2286549504
bdsvm,iid,926,9,2400,0.57817194631864,0.764,0.7576666666666667,2287291248
bdsvm,iid,951,0,2400,0.5766389073407185,0.7644166666666666,0.759,2347619760
bdsvm,iid,951,1,2400,0.5774204947322095,0.7640416666666666,0.7591666666666667,2350339488
bdsvm,iid,951,2,2400,0.5767192449125357,0.7641666666666667,0.7586666666666667,2350092240
bdsvm,iid,951,3,2400,0.5772527296753087,0.7641666666666667,0.7588333333333334,2348856000
bdsvm,iid,951,4,2400,0.5778663163989076,0.7640833333333333,0.7586666666666667,2349103248
bdsvm,iid,951,5,2400,0.5777140519283033,0.7642083333333334,0.759,2349103248
bdsvm,iid,951,6,2400,0.577117612442784,0.7642916666666667,0.7588333333333334,2347619760
bdsvm,iid,951,7,2400,0.5771650182351635,0.7642916666666667,0.7585,2349350496
bdsvm,iid,951,8,2400,0.5765300616013731,0.764375,0.7585,2348361504
bdsvm,iid,951,9,2400,0.5772792171557103,0.7642916666666667,0.7593333333333333,2349103248
bdsvm,iid,976,0,2400,0.5783092566981932,0.76475,0.7586666666666667,2409431760
bdsvm,iid,976,1,2400,0.5782877857738699,0.7648333333333334,0.7586666666666667,2412151488
bdsvm,iid,976,2,2400,0.5783416261187473,0.7647083333333333,0.7585,2411904240
bdsvm,iid,976,3,2400,0.5783384240711311,0.76475,0.7586666666666667,2410668000
bdsvm,iid,976,4,2400,0.578198244938135,0.764625,0.7583333333333333,2410915248
bdsvm,iid,976,5,2400,0.5781884918567965,0.7644583333333334,0.759,2410915248
bdsvm,iid,976,6,2400,0.5782366751771832,0.764625,0.7586666666666667,2409431760
bdsvm,iid,976,7,2400,0.5782728937568233,0.7646666666666667,0.7585,2411162496
bdsvm,iid,976,8,2400,0.5782789125878884,0.76475,0.7586666666666667,2410173504
bdsvm,iid,976,9,2400,0.5782693933678514,0.7647083333333333,0.7585,2410915248
bdsvm,iid,1001,0,2400,0.5712266002373599,0.7657916666666666,0.7595,2471243760
bdsvm,iid,1001,1,2400,0.5717817571405817,0.7656666666666667,0.7596666666666667,2473963488
bdsvm,iid,1001,2,2400,0.5715549758984007,0.7655,0.7595,2473716240
bdsvm,iid,1001,3,2400,0.5715990355966473,0.7655833333333333,0.7595,2472480000
bdsvm,iid,1001,4,2400,0.5715216115139147,0.7654166666666666,0.7595,2472727248
bdsvm,iid,1001,5,2400,0.5716034465432277,0.7657083333333333,0.7591666666666667,2472727248
bdsvm,iid,1001,6,2400,0.5711729058096379,0.7658333333333334,0.7595,2471243760
bdsvm,iid,1001,7,2400,0.5717357230642057,0.7654166666666666,0.7596666666666667,2472974496
bdsvm,iid,1001,8,2400,0.5711969022086028,0.7655,0.7598333333333334,2471985504
bdsvm,iid,1001,9,2400,0.5716346758416834,0.7655,0.7593333333333333,2472727248
bdsvm,iid,1026,0,2400,0.5829026029933682,0.76275,0.7568333333333334,2533055760
bdsvm,iid,1026,1,2400,0.582308770612899,0.7629583333333333,0.7573333333333333,2535775488
bdsvm,iid,1026,2,2400,0.582699654674856,0.7629166666666667,0.7568333333333334,2535528240
bdsvm,iid,1026,3,2400,0.5832673931053586,0.7625833333333333,0.7563333333333333,2534292000
bdsvm,iid,1026,4,2400,0.582153480669373,0.76325,0.7565,2534539248
bdsvm,iid,1026,5,2400,0.5828769584897999,0.7625,0.7566666666666667,2534539248
bdsvm,iid,1026,6,2400,0.5821801731757438,0.76325,0.758,2533055760
bdsvm,iid,1026,7,2400,0.5822670583668751,0.7635,0.7575,2534786496
bdsvm,iid,1026,8,2400,0.5829774876040861,0.7632083333333334,0.7573333333333333,2533797504
bdsvm,iid,1026,9,2400,0.5825791335717974,0.763,0.7566666666666667,2534539248
bdsvm,iid,1051,0,2400,0.6000118457567587,0.7389166666666667,0.7368333333333333,2594867760
bdsvm,iid,1051,1,2400,0.6009373818347722,0.7364166666666667,0.7328333333333333,2597587488
bdsvm,iid,1051,2,2400,0.6009871358576754,0.7370833333333333,0.7338333333333333,2597340240
bdsvm,iid,1051,3,2400,0.6004748363874453,0.738625,0.7358333333333333,2596104000
bdsvm,iid,1051,4,2400,0.600960891100644,0.7367083333333333,0.7325,2596351248
bdsvm,iid,1051,5,2400,0.594766734110017,0.742625,0.7373333333333333,2596351248
bdsvm,iid,1051,6,2400,0.6008972911034131,0.7370416666666667,0.7335,2594867760
bdsvm,iid,1051,7,2400,0.6011886577358156,0.7365833333333334,0.7323333333333333,2596598496
bdsvm,iid,1051,8,2400,0.6011462469529887,0.7369166666666667,0.7326666666666667,2595609504
bdsvm,iid,1051,9,2400,0.5941652416932661,0.7433333333333333,0.738,2596351248
bdsvm,iid,1076,0,2400,0.5726868361517982,0.765375,0.7596666666666667,2656679760
bdsvm,iid,1076,1,2400,0.5727985240879525,0.7652083333333334,0.7591666666666667,2659399488
bdsvm,iid,1076,2,2400,0.5734204821747748,0.76475,0.7588333333333334,2659152240
bdsvm,iid,1076,3,2400,0.5729194258161806,0.7651666666666667,0.7591666666666667,2657916000
bdsvm,iid,1076,4,2400,0.5731814850662136,0.764875,0.7591666666666667,2658163248
bdsvm,iid,1076,5,2400,0.5723272088472041,0.7654583333333334,0.7598333333333334,2658163248
bdsvm,iid,1076,6,2400,0.5724537976008296,0.7654583333333334,0.76,2656679760
bdsvm,iid,1076,7,2400,0.5728641758809351,0.7651666666666667,0.7591666666666667,2658410496
bdsvm,iid,1076,8,2400,0.5724489745874868,0.7651666666666667,0.7595,2657421504
bdsvm,iid,1076,9,2400,0.5730174868512738,0.7651666666666667,0.7591666666666667,2658163248
bdsvm,iid,1101,0,2400,0.5868660803974081,0.761625,0.7565,2718491760
bdsvm,iid,1101,1,2400,0.5995180844563465,0.749625,0.7466666666666667,2721211488
bdsvm,iid,1101,2,2400,0.5949109142236804,0.759125,0.7523333333333333,2720964240
bdsvm,iid,1101,3,2400,0.587445867469113,0.761875,0.756,2719728000
bdsvm,iid,1101,4,2400,0.5866967125074566,0.7618333333333334,0.7563333333333333,2719975248
bdsvm,iid,1101,5,2400,0.5939692885155565,0.7598333333333334,0.753,2719975248
bdsvm,iid,1101,6,2400,0.5866664750082695,0.7618333333333334,0.7573333333333333,2718491760
bdsvm,iid,1101,7,2400,0.5945707582342563,0.7580833333333333,0.7526666666666667,2720222496
bdsvm,iid,1101,8,2400,0.5986749804877955,0.7518333333333334,0.7481666666666666,2719233504
bdsvm,iid,1101,9,2400,0.5946595034793701,0.7585833333333334,0.7523333333333333,2719975248
bdsvm,iid,1126,0,2400,0.5708498537789222,0.765625,0.7606666666666667,2780303760
bdsvm,iid,1126,1,2400,0.5709321006669198,0.7658333333333334,0.7606666666666667,2783023488
bdsvm,iid,1126,2,2400,0.5709473381324941,0.766,0.761,2782776240
bdsvm,iid,1126,3,2400,0.5709540681472668,0.7658333333333334,0.7608333333333334,2781540000
bdsvm,iid,1126,4,2400,0.5709692866189005,0.7659583333333333,0.761,2781787248
bdsvm,iid,1126,5,2400,0.5710734802718423,0.7658333333333334,0.7606666666666667,2781787248
bdsvm,iid,1126,6,2400,0.5707815634046619,0.7655416666666667,0.7605,2780303760
bdsvm,iid,1126,7,2400,0.5711371255118427,0.7659166666666667,0.7608333333333334,2782034496
bdsvm,iid,1126,8,2400,0.5707154817321457,0.7658333333333334,0.7608333333333334,2781045504
bdsvm,iid,1126,9,2400,0.5707816757090365,0.76575,0.7601666666666667,2781787248
bdsvm,iid,1151,0,2400,0.580029939286596,0.764125,0.7586666666666667,2842115760
bdsvm,iid,1151,1,2400,0.5801408731839596,0.7640416666666666,0.7583333333333333,2844835488
bdsvm,iid,1151,2,2400,0.5800967829859198,0.7640833333333333,0.7586666666666667,2844588240
bdsvm,iid,1151,3,2400,0.580113137162156,0.7642083333333334,0.7588333333333334,2843352000
bdsvm,iid,1151,4,2400,0.5800619304772641,0.764125,0.7586666666666667,2843599248
bdsvm,iid,1151,5,2400,0.58003630932267,0.7641666666666667,0.7585,2843599248
bdsvm,iid,1151,6,2400,0.5803533339056514,0.7641666666666667,0.7581666666666667,2842115760
bdsvm,iid,1151,7,2400,0.5800477022574083,0.7642083333333334,0.7586666666666667,2843846496
bdsvm,iid,1151,8,2400,0.5800730167905856,0.7641666666666667,0.7588333333333334,2842857504
bdsvm,iid,1151,9,2400,0.5801377050779907,0.76425,0.7588333333333334,2843599248
bdsvm,iid,1176,0,2400,0.57187192307027,0.7659166666666667,0.7586666666666667,2903927760
bdsvm,iid,1176,1,2400,0.5720755796987202,0.766125,0.758,2906647488
bdsvm,iid,1176,2,2400,0.5715688906871229,0.7665,0.7588333333333334,2906400240
bdsvm,iid,1176,3,2400,0.5718619700052744,0.766,0.7585,2905164000
bdsvm,iid,1176,4,2400,0.5716343080303653,0.7665,0.759,2905411248
bdsvm,iid,1176,5,2400,0.5719492519618139,0.7661666666666667,0.7583333333333333,2905411248
bdsvm,iid,1176,6,2400,0.5716069595454918,0.7660416666666666,0.7586666666666667,2903927760
bdsvm,iid,1176,7,2400,0.5714468298286403,0.7662916666666667,0.7588333333333334,2905658496
bdsvm,iid,1176,8,2400,0.5717679063534704,0.7663333333333333,0.7588333333333334,2904669504
bdsvm,iid,1176,9,2400,0.5715968401552182,0.7661666666666667,0.7585,2905411248
bdsvm,iid,1201,0,2400,0.5769741191015143,0.7643333333333333,0.7585,2965739760
bdsvm,iid,1201,1,2400,0.5771338566156629,0.7639166666666667,0.7586666666666667,2968459488
bdsvm,iid,1201,2,2400,0.5770929596250767,0.7642083333333334,0.7588333333333334,2968212240
bdsvm,iid,1201,3,2400,0.577245688838745,0.764125,0.759,2966976000
bdsvm,iid,1201,4,2400,0.577352499444744,0.7640833333333333,0.759,2967223248
bdsvm,iid,1201,5,2400,0.5773580316315545,0.7639583333333333,0.759,2967223248
bdsvm,iid,1201,6,2400,0.5772093967745819,0.7642083333333334,0.759,2965739760
bdsvm,iid,1201,7,2400,0.5769621215890659,0.7642916666666667,0.7586666666666667,2967470496
bdsvm,iid,1201,8,2400,0.5770182084209596,0.7641666666666667,0.7586666666666667,2966481504
bdsvm,iid,1201,9,2400,0.5770038917698008,0.7641666666666667,0.7588333333333334,2967223248
bdsvm,iid,1226,0,2400,0.5755711387390176,0.764875,0.7586666666666667,3027551760
bdsvm,iid,1226,1,2400,0.5756402107944797,0.7649583333333333,0.7586666666666667,3030271488
bdsvm,iid,1226,2,2400,0.5755615455559883,0.7649166666666667,0.7586666666666667,3030024240
bdsvm,iid,1226,3,2400,0.5755141237900163,0.7648333333333334,0.7586666666666667,3028788000
bdsvm,iid,1226,4,2400,0.5754142005140976,0.7648333333333334,0.7588333333333334,3029035248
bdsvm,iid,1226,5,2400,0.5755337127552893,0.7648333333333334,0.7586666666666667,3029035248
bdsvm,iid,1226,6,2400,0.5757122369469772,0.764875,0.7585,3027551760
bdsvm,iid,1226,7,2400,0.5754676206570056,0.765125,0.7586666666666667,3029282496
bdsvm,iid,1226,8,2400,0.5758377147539853,0.7649166666666667,0.7585,3028293504
bdsvm,iid,1226,9,2400,0.5757914756367462,0.7647916666666666,0.7583333333333333,3029035248
bdsvm,iid,1251,0,2400,0.5806463138207791,0.764,0.7591666666666667,3089363760
bdsvm,iid,1251,1,2400,0.5805930025306247,0.76375,0.759,3092083488
bdsvm,iid,1251,2,2400,0.5805422509695461,0.764,0.7586666666666667,3091836240
bdsvm,iid,1251,3,2400,0.5805752982394785,0.763875,0.759,3090600000
bdsvm,iid,1251,4,2400,0.5805890410837058,0.7639166666666667,0.7588333333333334,3090847248
bdsvm,iid,1251,5,2400,0.5806558230935797,0.764,0.759,3090847248
bdsvm,iid,1251,6,2400,0.5805549397921969,0.7638333333333334,0.759,3089363760
bdsvm,iid,1251,7,2400,0.5805729822985929,0.7638333333333334,0.7585,3091094496
bdsvm,iid,1251,8,2400,0.5805403623693677,0.7640416666666666,0.7588333333333334,3090105504
bdsvm,iid,1251,9,2400,0.580645491439855,0.7639583333333333,0.7588333333333334,3090847248
bdsvm,iid,1276,0,2400,0.585795889294887,0.7612083333333334,0.7568333333333334,3151175760
bdsvm,iid,1276,1,2400,0.5858168287421713,0.761125,0.7565,3153895488
bdsvm,iid,1276,2,2400,0.5858009452840429,0.7611666666666667,0.7568333333333334,3153648240
bdsvm,iid,1276,3,2400,0.5858012461238865,0.7611666666666667,0.7568333333333334,3152412000
bdsvm,iid,1276,4,2400,0.5857954108901514,0.7611666666666667,0.7568333333333334,3152659248
bdsvm,iid,1276,5,2400,0.5856713522984032,0.7611666666666667,0.7566666666666667,3152659248
bdsvm,iid,1276,6,2400,0.5858207853523714,0.76125,0.7568333333333334,3151175760
bdsvm,iid,1276,7,2400,0.5857868423986556,0.7611666666666667,0.7568333333333334,3152906496
bdsvm,iid,1276,8,2400,0.5856815402977277,0.7612083333333334,0.7568333333333334,3151917504
bdsvm,iid,1276,9,2400,0.5858524299380176,0.7611666666666667,0.7566666666666667,3152659248
bdsvm,iid,1301,0,2400,0.5725109601072473,0.76575,0.7585,3212987760
bdsvm,iid,1301,1,2400,0.572717281592832,0.765625,0.7583333333333333,3215707488
bdsvm,iid,1301,2,2400,0.5727273237068146,0.7656666666666667,0.7583333333333333,3215460240
bdsvm,iid,1301,3,2400,0.5727912811872005,0.7657916666666666,0.7586666666666667,3214224000
bdsvm,iid,1301,4,2400,0.5725776501625002,0.7656666666666667,0.7583333333333333,3214471248
bdsvm,iid,1301,5,2400,0.5730251127315036,0.76575,0.7585,3214471248
bdsvm,iid,1301,6,2400,0.5728085982554044,0.76575,0.7585,3212987760
bdsvm,iid,1301,7,2400,0.5733252452705776,0.7654166666666666,0.7588333333333334,3214718496
bdsvm,iid,1301,8,2400,0.5725880958947748,0.7657083333333333,0.7585,3213729504
bdsvm,iid,1301,9,2400,0.5729492147296711,0.7657916666666666,0.7586666666666667,3214471248
bdsvm,iid,1326,0,2400,0.5756557800740851,0.764875,0.7588333333333334,3274799760
bdsvm,iid,1326,1,2400,0.5756725491605239,0.764875,0.7586666666666667,3277519488
bdsvm,iid,1326,2,2400,0.5756967083767881,0.7648333333333334,0.7585,3277272240
bdsvm,iid,1326,3,2400,0.5757214158341148,0.764875,0.7588333333333334,3276036000
bdsvm,iid,1326,4,2400,0.5757151763501861,0.764875,0.7588333333333334,3276283248
bdsvm,iid,1326,5,2400,0.5756771297293551,0.764875,0.7588333333333334,3276283248
bdsvm,iid,1326,6,2400,0.5756535547724734,0.764875,0.7588333333333334,3274799760
bdsvm,iid,1326,7,2400,0.5756762631861004,0.764875,0.7588333333333334,3276530496
bdsvm,iid,1326,8,2400,0.5757216197011562,0.7649166666666667,0.7586666666666667,3275541504
bdsvm,iid,1326,9,2400,0.5756814161705055,0.7648333333333334,0.7588333333333334,3276283248
bdsvm,iid,1351,0,2400,0.578274568040656,0.7645,0.7586666666666667,3336611760
bdsvm,iid,1351,1,2400,0.5782594814165913,0.7644583333333334,0.759,3339331488
bdsvm,iid,1351,2,2400,0.5785772049673965,0.7646666666666667,0.7583333333333333,3339084240
bdsvm,iid,1351,3,2400,0.5780719549103711,0.7648333333333334,0.7591666666666667,3337848000
bdsvm,iid,1351,4,2400,0.5780383215068249,0.7648333333333334,0.759,3338095248
bdsvm,iid,1351,5,2400,0.5782924315443723,0.7645416666666667,0.7586666666666667,3338095248
bdsvm,iid,1351,6,2400,0.5783155442263258,0.7645416666666667,0.7586666666666667,3336611760
bdsvm,iid,1351,7,2400,0.5784253852518967,0.764625,0.7585,3338342496
bdsvm,iid,1351,8,2400,0.5783217296637475,0.7647083333333333,0.7586666666666667,3337353504
bdsvm,iid,1351,9,2400,0.5787009679070036,0.7645,0.7586666666666667,3338095248
bdsvm,iid,1376,0,2400,0.5797313448863,0.7640416666666666,0.7585,3398423760
bdsvm,iid,1376,1,2400,0.5797634333453922,0.764,0.7583333333333333,3401143488
bdsvm,iid,1376,2,2400,0.5807743270222068,0.7640416666666666,0.7583333333333333,3400896240
bdsvm,iid,1376,3,2400,0.5797172350673274,0.764,0.7583333333333333,3399660000
bdsvm,iid,1376,4,2400,0.5806981176565833,0.764125,0.7585,3399907248
bdsvm,iid,1376,5,2400,0.5796753311775737,0.7639166666666667,0.7583333333333333,3399907248
bdsvm,iid,1376,6,2400,0.5806659459257878,0.7640833333333333,0.7583333333333333,3398423760
bdsvm,iid,1376,7,2400,0.5807465775737737,0.7640416666666666,0.7581666666666667,3400154496
bdsvm,iid,1376,8,2400,0.5797620214757053,0.764125,0.7581666666666667,3399165504
bdsvm,iid,1376,9,2400,0.5797325291337855,0.7640416666666666,0.7585,3399907248
bdsvm,iid,1401,0,2400,0.5791143823008272,0.7639583333333333,0.7585,3460235760
bdsvm,iid,1401,1,2400,0.579194559826743,0.7639166666666667,0.7583333333333333,3462955488
bdsvm,iid,1401,2,2400,0.579143576518434,0.7640416666666666,0.7585,3462708240
bdsvm,iid,1401,3,2400,0.5791509123566251,0.7639166666666667,0.7581666666666667,3461472000
bdsvm,iid,1401,4,2400,0.5791515736649391,0.7640416666666666,0.7585,3461719248
bdsvm,iid,1401,5,2400,0.5791751200601172,0.764,0.7581666666666667,3461719248
bdsvm,iid,1401,6,2400,0.579183298108936,0.7639166666666667,0.7583333333333333,3460235760
bdsvm,iid,1401,7,2400,0.5792595738398133,0.764,0.7581666666666667,3461966496
bdsvm,iid,1401,8,2400,0.5791784158464187,0.764,0.7585,3460977504
bdsvm,iid,1401,9,2400,0.5791598936713793,0.7639166666666667,0.7585,3461719248
bdsvm,iid,1426,0,2400,0.575779093237985,0.7640833333333333,0.7581666666666667,3522047760
bdsvm,iid,1426,1,2400,0.576035333515933,0.7639583333333333,0.7588333333333334,3524767488
bdsvm,iid,1426,2,2400,0.5759874392410768,0.7639583333333333,0.7583333333333333,3524520240
bdsvm,iid,1426,3,2400,0.5767039503530405,0.763875,0.7585,3523284000
bdsvm,iid,1426,4,2400,0.5762257815650066,0.7642083333333334,0.7586666666666667,3523531248
bdsvm,iid,1426,5,2400,0.5764587386084755,0.763875,0.7586666666666667,3523531248
bdsvm,iid,1426,6,2400,0.5767473648761782,0.7641666666666667,0.7585,3522047760
bdsvm,iid,1426,7,2400,0.5767402382642723,0.764,0.7581666666666667,3523778496
bdsvm,iid,1426,8,2400,0.5764960086109505,0.7641666666666667,0.7586666666666667,3522789504
bdsvm,iid,1426,9,2400,0.5763274778418768,0.7637083333333333,0.7583333333333333,3523531248
bdsvm,iid,1451,0,2400,0.577073092004758,0.76475,0.7581666666666667,3583859760
bdsvm,iid,1451,1,2400,0.5772127263897517,0.7649166666666667,0.7581666666666667,3586579488
bdsvm,iid,1451,2,2400,0.5771694463836855,0.7649166666666667,0.7583333333333333,3586332240
bdsvm,iid,1451,3,2400,0.5771302311533129,0.7648333333333334,0.7583333333333333,3585096000
bdsvm,iid,1451,4,2400,0.5763866810412172,0.7651666666666667,0.7591666666666667,3585343248
bdsvm,iid,1451,5,2400,0.5775165310098859,0.765,0.7575,3585343248
bdsvm,iid,1451,6,2400,0.5766769334684096,0.7649583333333333,0.7585,3583859760
bdsvm,iid,1451,7,2400,0.5765530679872569,0.7650416666666666,0.7588333333333334,3585590496
bdsvm,iid,1451,8,2400,0.5771886921406884,0.7649166666666667,0.7581666666666667,3584601504
bdsvm,iid,1451,9,2400,0.5771229213677216,0.76475,0.7583333333333333,3585343248
bdsvm,iid,1476,0,2400,0.5777913184234345,0.764375,0.7588333333333334,3645671760
bdsvm,iid,1476,1,2400,0.5778405677038446,0.7645833333333333,0.7581666666666667,3648391488
bdsvm,iid,1476,2,2400,0.5778231372605565,0.764375,0.7583333333333333,3648144240
bdsvm,iid,1476,3,2400,0.5778678005384564,0.7645,0.7583333333333333,3646908000
bdsvm,iid,1476,4,2400,0.5777915496137566,0.764375,0.7586666666666667,3647155248
bdsvm,iid,1476,5,2400,0.5781534466973717,0.7643333333333333,0.7578333333333334,3647155248
bdsvm,iid,1476,6,2400,0.5779066053824643,0.7645,0.7583333333333333,3645671760
bdsvm,iid,1476,7,2400,0.5777934470268594,0.7644166666666666,0.7586666666666667,3647402496
bdsvm,iid,1476,8,2400,0.5778736774337572,0.7643333333333333,0.7586666666666667,3646413504
bdsvm,iid,1476,9,2400,0.5778170981537151,0.7644166666666666,0.7585,3647155248
bdsvm,iid,1501,0,2400,0.5729107229178039,0.7655833333333333,0.7585,3707483760
bdsvm,iid,1501,1,2400,0.5729025233135531,0.7655,0.7583333333333333,3710203488
bdsvm,iid,1501,2,2400,0.5724976756226738,0.7659166666666667,0.7581666666666667,3709956240
bdsvm,iid,1501,3,2400,0.5718038525395716,0.766375,0.7586666666666667,3708720000
bdsvm,iid,1501,4,2400,0.572871471177696,0.7657916666666666,0.7585,3708967248
bdsvm,iid,1501,5,2400,0.5718010754631933,0.7664583333333334,0.7585,3708967248
bdsvm,iid,1501,6,2400,0.5727209901903082,0.7657916666666666,0.7583333333333333,3707483760
bdsvm,iid,1501,7,2400,0.5725413414791012,0.7659166666666667,0.7581666666666667,3709214496
bdsvm,iid,1501,8,2400,0.5726651411645911,0.76575,0.7585,3708225504
bdsvm,iid,1501,9,2400,0.5723340253183048,0.765875,0.7581666666666667,3708967248
bdsvm,iid,1526,0,2400,0.5805514101163072,0.7644583333333334,0.7586666666666667,3769295760
bdsvm,iid,1526,1,2400,0.5808560064883338,0.7643333333333333,0.7586666666666667,3772015488
bdsvm,iid,1526,2,2400,0.5806087784481213,0.7640416666666666,0.758,3771768240
bdsvm,iid,1526,3,2400,0.5801888066399282,0.7645,0.7575,3770532000
bdsvm,iid,1526,4,2400,0.5807996870407066,0.764125,0.7583333333333333,3770779248
bdsvm,iid,1526,5,2400,0.5784746131881038,0.7654583333333334,0.7591666666666667,3770779248
bdsvm,iid,1526,6,2400,0.580733366739106,0.7639166666666667,0.7578333333333334,3769295760
bdsvm,iid,1526,7,2400,0.5805550276747073,0.7645,0.7583333333333333,3771026496
bdsvm,iid,1526,8,2400,0.580684521695473,0.764125,0.758,3770037504
bdsvm,iid,1526,9,2400,0.5785449137374542,0.7651666666666667,0.7593333333333333,3770779248
bdsvm,iid,1551,0,2400,0.5789437870789239,0.7640833333333333,0.7578333333333334,3831107760
bdsvm,iid,1551,1,2400,0.578899810792611,0.7644166666666666,0.7573333333333333,3833827488
bdsvm,iid,1551,2,2400,0.5789827563121929,0.7640416666666666,0.7578333333333334,3833580240
bdsvm,iid,1551,3,2400,0.5789513854509738,0.7641666666666667,0.7578333333333334,3832344000
bdsvm,iid,1551,4,2400,0.5788883324218035,0.764125,0.7578333333333334,3832591248
bdsvm,iid,1551,5,2400,0.5788220338629648,0.76425,0.7578333333333334,3832591248
bdsvm,iid,1551,6,2400,0.5789627870953894,0.764125,0.7576666666666667,3831107760
bdsvm,iid,1551,7,2400,0.5789032349331901,0.764125,0.7578333333333334,3832838496
bdsvm,iid,1551,8,2400,0.5789958249732,0.764,0.7578333333333334,3831849504
bdsvm,iid,1551,9,2400,0.5790038968518317,0.7641666666666667,0.7578333333333334,3832591248
bdsvm,iid,1576,0,2400,0.5853881427494952,0.761375,0.7556666666666667,3892919760
bdsvm,iid,1576,1,2400,0.5853803456453093,0.761375,0.7556666666666667,3895639488
bdsvm,iid,1576,2,2400,0.5853554529500777,0.761625,0.7556666666666667,3895392240
bdsvm,iid,1576,3,2400,0.5854055073622243,0.7612916666666667,0.7558333333333334,3894156000
bdsvm,iid,1576,4,2400,0.5854628135633778,0.7615833333333333,0.7555,3894403248
bdsvm,iid,1576,5,2400,0.5849881188704239,0.7617083333333333,0.756,3894403248
bdsvm,iid,1576,6,2400,0.5854385013141812,0.761375,0.7556666666666667,3892919760
bdsvm,iid,1576,7,2400,0.5853398654719867,0.7615833333333333,0.7556666666666667,3894650496
bdsvm,iid,1576,8,2400,0.5854615151123735,0.7615833333333333,0.7556666666666667,3893661504
bdsvm,iid,1576,9,2400,0.5853207861027049,0.7614166666666666,0.7556666666666667,3894403248
bdsvm,iid,1601,0,2400,0.5708725447520904,0.7655833333333333,0.7591666666666667,3954731760
bdsvm,iid,1601,1,2400,0.5710295770558135,0.7658333333333334,0.7591666666666667,3957451488
bdsvm,iid,1601,2,2400,0.5706812494136381,0.765875,0.7593333333333333,3957204240
bdsvm,iid,1601,3,2400,0.5710508437657958,0.76575,0.759,3955968000
bdsvm,iid,1601,4,2400,0.5710613704823801,0.7655833333333333,0.7591666666666667,3956215248
bdsvm,iid,1601,5,2400,0.5711052048863786,0.7659166666666667,0.759,3956215248
bdsvm,iid,1601,6,2400,0.5711026313017442,0.765625,0.759,3954731760
bdsvm,iid,1601,7,2400,0.5710149381993059,0.7658333333333334,0.7591666666666667,3956462496
bdsvm,iid,1601,8,2400,0.5710579052293867,0.7655833333333333,0.7595,3955473504
bdsvm,iid,1601,9,2400,0.570858980960175,0.76575,0.7591666666666667,3956215248
bdsvm,iid,1626,0,2400,0.573470023017258,0.7659583333333333,0.76,4016543760
bdsvm,iid,1626,1,2400,0.5731472228226682,0.7659583333333333,0.7601666666666667,4019263488
bdsvm,iid,1626,2,2400,0.5731839923668377,0.7659583333333333,0.76,4019016240
bdsvm,iid,1626,3,2400,0.5732348114365442,0.7659583333333333,0.7603333333333333,4017780000
bdsvm,iid,1626,4,2400,0.5730789479302847,0.765875,0.7601666666666667,4018027248
bdsvm,iid,1626,5,2400,0.57294835896151,0.7659583333333333,0.7603333333333333,4018027248
bdsvm,iid,1626,6,2400,0.5730826695822306,0.7659166666666667,0.7603333333333333,4016543760
bdsvm,iid,1626,7,2400,0.5732535170804245,0.7660833333333333,0.76,4018274496
bdsvm,iid,1626,8,2400,0.5730533429916185,0.766,0.76,4017285504
bdsvm,iid,1626,9,2400,0.5726407064832321,0.7661666666666667,0.7603333333333333,4018027248
bdsvm,iid,1651,0,2400,0.5764467466469052,0.7645,0.758,4078355760
bdsvm,iid,1651,1,2400,0.5766128050212972,0.7642916666666667,0.7575,4081075488
bdsvm,iid,1651,2,2400,0.5767490242439152,0.7644166666666666,0.7578333333333334,4080828240
bdsvm,iid,1651,3,2400,0.5763110894869297,0.7645833333333333,0.7578333333333334,4079592000
bdsvm,iid,1651,4,2400,0.5766295460339673,0.764375,0.758,4079839248
bdsvm,iid,1651,5,2400,0.5763107585986581,0.7642916666666667,0.7578333333333334,4079839248
bdsvm,iid,1651,6,2400,0.5765325864546416,0.7644583333333334,0.7581666666666667,4078355760
bdsvm,iid,1651,7,2400,0.5767921858824765,0.7642916666666667,0.758,4080086496
bdsvm,iid,1651,8,2400,0.5766246540869436,0.7645,0.7581666666666667,4079097504
bdsvm,iid,1651,9,2400,0.5763137522125065,0.764375,0.7578333333333334,4079839248
bdsvm,iid,1676,0,2400,0.5760449572367757,0.7647083333333333,0.7581666666666667,4140167760
bdsvm,iid,1676,1,2400,0.57599306174397,0.7645833333333333,0.7581666666666667,4142887488
bdsvm,iid,1676,2,2400,0.5761806930304206,0.7647916666666666,0.7581666666666667,4142640240
bdsvm,iid,1676,3,2400,0.5760270961967013,0.7645,0.7578333333333334,4141404000
bdsvm,iid,1676,4,2400,0.5761081800790582,0.764625,0.7578333333333334,4141651248
bdsvm,iid,1676,5,2400,0.5758149287571169,0.7645833333333333,0.7585,4141651248
bdsvm,iid,1676,6,2400,0.5758805553613913,0.7645,0.758,4140167760
bdsvm,iid,1676,7,2400,0.5763414398810734,0.7647083333333333,0.7578333333333334,4141898496
bdsvm,iid,1676,8,2400,0.5757812006804987,0.7646666666666667,0.758,4140909504
bdsvm,iid,1676,9,2400,0.5757852766617648,0.764625,0.7581666666666667,4141651248
bdsvm,iid,1701,0,2400,0.5790477018284175,0.764375,0.7586666666666667,4201979760
bdsvm,iid,1701,1,2400,0.5787578536139663,0.76425,0.7585,4204699488
bdsvm,iid,1701,2,2400,0.5787678464820634,0.7643333333333333,0.7586666666666667,4204452240
bdsvm,iid,1701,3,2400,0.5787804693440355,0.76425,0.7586666666666667,4203216000
bdsvm,iid,1701,4,2400,0.5786947294443461,0.7642916666666667,0.7586666666666667,4203463248
bdsvm,iid,1701,5,2400,0.5781905807607368,0.764375,0.7586666666666667,4203463248
bdsvm,iid,1701,6,2400,0.5787073290685141,0.7642083333333334,0.7586666666666667,4201979760
bdsvm,iid,1701,7,2400,0.5789562731758122,0.7642916666666667,0.7586666666666667,4203710496
bdsvm,iid,1701,8,2400,0.5785995418168763,0.7644583333333334,0.7586666666666667,4202721504
bdsvm,iid,1701,9,2400,0.5786614734170581,0.76425,0.7588333333333334,4203463248
bdsvm,iid,1726,0,2400,0.5910227677751867,0.7577916666666666,0.7521666666666667,4263791760
bdsvm,iid,1726,1,2400,0.5910484760899074,0.7578333333333334,0.7515,4266511488
bdsvm,iid,1726,2,2400,0.5910281930211159,0.7578333333333334,0.7521666666666667,4266264240
bdsvm,iid,1726,3,2400,0.591035219034817,0.757875,0.752,4265028000
bdsvm,iid,1726,4,2400,0.5910781498663608,0.7578333333333334,0.752,4265275248
bdsvm,iid,1726,5,2400,0.591053124052327,0.757875,0.7521666666666667,4265275248
bdsvm,iid,1726,6,2400,0.5910744481941351,0.757875,0.7521666666666667,4263791760
bdsvm,iid,1726,7,2400,0.5910665712009221,0.7578333333333334,0.7521666666666667,4265522496
bdsvm,iid,1726,8,2400,0.5910425618477704,0.757875,0.7521666666666667,4264533504
bdsvm,iid,1726,9,2400,0.5910551070405481,0.7578333333333334,0.7521666666666667,4265275248
bdsvm,iid,1751,0,2400,0.5785986378374698,0.7628333333333334,0.7566666666666667,4325603760
bdsvm,iid,1751,1,2400,0.5789610005564464,0.7622916666666667,0.7558333333333334,4328323488
bdsvm,iid,1751,2,2400,0.5789334542004226,0.76275,0.7558333333333334,4328076240
bdsvm,iid,1751,3,2400,0.5792995391466859,0.7624166666666666,0.7558333333333334,4326840000
bdsvm,iid,1751,4,2400,0.5792844762347528,0.7621666666666667,0.7561666666666667,4327087248
bdsvm,iid,1751,5,2400,0.5797872998082029,0.7623333333333333,0.7548333333333334,4327087248
bdsvm,iid,1751,6,2400,0.578871925114372,0.7623333333333333,0.756,4325603760
bdsvm,iid,1751,7,2400,0.5790532772147594,0.7622916666666667,0.7561666666666667,4327334496
bdsvm,iid,1751,8,2400,0.5786403752792446,0.7629166666666667,0.7566666666666667,4326345504
bdsvm,iid,1751,9,2400,0.5791534287812674,0.7625,0.7561666666666667,4327087248
bdsvm,iid,1776,0,2400,0.5749068962793797,0.7651666666666667,0.7595,4387415760
bdsvm,iid,1776,1,2400,0.5750685466151977,0.764875,0.7591666666666667,4390135488
bdsvm,iid,1776,2,2400,0.5749577445301888,0.765125,0.7591666666666667,4389888240
bdsvm,iid,1776,3,2400,0.5749644571414706,0.765,0.7595,4388652000
bdsvm,iid,1776,4,2400,0.5749354193642655,0.7652916666666667,0.7595,4388899248
bdsvm,iid,1776,5,2400,0.5749663346969233,0.765125,0.7595,4388899248
bdsvm,iid,1776,6,2400,0.5748461365276626,0.7651666666666667,0.7595,4387415760
bdsvm,iid,1776,7,2400,0.5750017422477942,0.7650833333333333,0.759,4389146496
bdsvm,iid,1776,8,2400,0.5749988438435941,0.7652083333333334,0.759,4388157504
bdsvm,iid,1776,9,2400,0.575058076821794,0.7649583333333333,0.7588333333333334,4388899248
bdsvm,iid,1801,0,2400,0.5784347585104603,0.7643333333333333,0.7586666666666667,4449227760
bdsvm,iid,1801,1,2400,0.5788593543946531,0.7641666666666667,0.7585,4451947488
bdsvm,iid,1801,2,2400,0.5785418389711439,0.7640416666666666,0.7583333333333333,4451700240
bdsvm,iid,1801,3,2400,0.578618199590652,0.7641666666666667,0.7583333333333333,4450464000
bdsvm,iid,1801,4,2400,0.5785564180854205,0.7642916666666667,0.7586666666666667,4450711248
bdsvm,iid,1801,5,2400,0.5786927151657737,0.764125,0.7585,4450711248
bdsvm,iid,1801,6,2400,0.5791165700950142,0.7642083333333334,0.7583333333333333,4449227760
bdsvm,iid,1801,7,2400,0.5785450859760682,0.76425,0.7586666666666667,4450958496
bdsvm,iid,1801,8,2400,0.5783395331785991,0.764375,0.7585,4449969504
bdsvm,iid,1801,9,2400,0.5782818474377488,0.7643333333333333,0.7583333333333333,4450711248
bdsvm,iid,1826,0,2400,0.5896705572652445,0.7590416666666666,0.7538333333333334,4511039760
bdsvm,iid,1826,1,2400,0.5896911725489723,0.7590833333333333,0.7538333333333334,4513759488
bdsvm,iid,1826,2,2400,0.5897305718017379,0.7590416666666666,0.754,4513512240
bdsvm,iid,1826,3,2400,0.5896782061408503,0.7590416666666666,0.7538333333333334,4512276000
bdsvm,iid,1826,4,2400,0.5896848065924657,0.7590833333333333,0.7538333333333334,4512523248
bdsvm,iid,1826,5,2400,0.5896736955116959,0.7590416666666666,0.7538333333333334,4512523248
bdsvm,iid,1826,6,2400,0.5896719523065829,0.759125,0.7538333333333334,4511039760
bdsvm,iid,1826,7,2400,0.589668112440971,0.75925,0.754,4512770496
bdsvm,iid,1826,8,2400,0.5897418167598636,0.7590833333333333,0.7538333333333334,4511781504
bdsvm,iid,1826,9,2400,0.5896807577549169,0.7590833333333333,0.7538333333333334,4512523248
bdsvm,iid,1851,0,2400,0.5914711383891864,0.7569166666666667,0.7513333333333333,4572851760
bdsvm,iid,1851,1,2400,0.5911020324063959,0.7570833333333333,0.7511666666666666,4575571488
bdsvm,iid,1851,2,2400,0.591450983204203,0.7572916666666667,0.7515,4575324240
bdsvm,iid,1851,3,2400,0.5910133988579809,0.75725,0.7513333333333333,4574088000
bdsvm,iid,1851,4,2400,0.5909466033096908,0.7574166666666666,0.7515,4574335248
bdsvm,iid,1851,5,2400,0.5910065055054196,0.75725,0.7513333333333333,4574335248
bdsvm,iid,1851,6,2400,0.5912685530804329,0.7571666666666667,0.7515,4572851760
bdsvm,iid,1851,7,2400,0.5908980091961639,0.757625,0.752,4574582496
bdsvm,iid,1851,8,2400,0.5914501572611993,0.757375,0.7513333333333333,4573593504
bdsvm,iid,1851,9,2400,0.5910463732106602,0.75725,0.7515,4574335248
bdsvm,iid,1876,0,2400,0.6024629567823898,0.7117083333333334,0.7098333333333333,4634663760
bdsvm,iid,1876,1,2400,0.6037734400137166,0.709,0.707,4637383488
bdsvm,iid,1876,2,2400,0.6025495260971859,0.7122916666666667,0.7096666666666667,4637136240
bdsvm,iid,1876,3,2400,0.6036968001430119,0.71,0.7081666666666667,4635900000
bdsvm,iid,1876,4,2400,0.6061785156351281,0.706625,0.703,4636147248
bdsvm,iid,1876,5,2400,0.6055894212736394,0.7057083333333334,0.7023333333333334,4636147248
bdsvm,iid,1876,6,2400,0.6034449842138383,0.710875,0.7095,4634663760
bdsvm,iid,1876,7,2400,0.6034439366414198,0.7102916666666667,0.7083333333333334,4636394496
bdsvm,iid,1876,8,2400,0.6022326694562429,0.7122916666666667,0.7101666666666666,4635405504
bdsvm,iid,1876,9,2400,0.6015845758802583,0.7131666666666666,0.711,4636147248
bdsvm,iid,1901,0,2400,0.5739170277143809,0.7643333333333333,0.758,4696475760
bdsvm,iid,1901,1,2400,0.5732925242098973,0.7646666666666667,0.7585,4699195488
bdsvm,iid,1901,2,2400,0.5738138103272128,0.7642916666666667,0.7578333333333334,4698948240
bdsvm,iid,1901,3,2400,0.573699274636959,0.7644583333333334,0.7583333333333333,4697712000
bdsvm,iid,1901,4,2400,0.5730778078505412,0.7644166666666666,0.7588333333333334,4697959248
bdsvm,iid,1901,5,2400,0.5732394804931435,0.7642083333333334,0.7583333333333333,4697959248
bdsvm,iid,1901,6,2400,0.5733058450763938,0.7644166666666666,0.7583333333333333,4696475760
bdsvm,iid,1901,7,2400,0.5720707910909242,0.7646666666666667,0.7585,4698206496
bdsvm,iid,1901,8,2400,0.5730241664373038,0.7646666666666667,0.7581666666666667,4697217504
bdsvm,iid,1901,9,2400,0.5756667556484306,0.7642916666666667,0.7575,4697959248
bdsvm,iid,1926,0,2400,0.5793249891856979,0.7639583333333333,0.758,4758287760
bdsvm,iid,1926,1,2400,0.5794786216898605,0.763875,0.7576666666666667,4761007488
bdsvm,iid,1926,2,2400,0.5790001614885871,0.7639583333333333,0.758,4760760240
bdsvm,iid,1926,3,2400,0.5788583759284933,0.7640833333333333,0.7576666666666667,4759524000
bdsvm,iid,1926,4,2400,0.578609324491875,0.7640416666666666,0.7576666666666667,4759771248
bdsvm,iid,1926,5,2400,0.5794337397732588,0.7637916666666666,0.7583333333333333,4759771248
bdsvm,iid,1926,6,2400,0.5787614402216416,0.764125,0.7578333333333334,4758287760
bdsvm,iid,1926,7,2400,0.5790525200125753,0.7640833333333333,0.758,4760018496
bdsvm,iid,1926,8,2400,0.5787805522872693,0.7641666666666667,0.758,4759029504
bdsvm,iid,1926,9,2400,0.5790471306972585,0.7639583333333333,0.7578333333333334,4759771248
bdsvm,iid,1951,0,2400,0.5886459139585424,0.7600833333333333,0.755,4820099760
bdsvm,iid,1951,1,2400,0.5886369946943258,0.760125,0.755,4822819488
bdsvm,iid,1951,2,2400,0.5886171181904934,0.7603333333333333,0.7553333333333333,4822572240
bdsvm,iid,1951,3,2400,0.5886165404326903,0.7601666666666667,0.7548333333333334,4821336000
bdsvm,iid,1951,4,2400,0.5886150267540108,0.76025,0.7553333333333333,4821583248
bdsvm,iid,1951,5,2400,0.5886089639304098,0.7602083333333334,0.7551666666666667,4821583248
bdsvm,iid,1951,6,2400,0.5886342624928546,0.7602083333333334,0.7551666666666667,4820099760
bdsvm,iid,1951,7,2400,0.5886348899184409,0.7602916666666667,0.7553333333333333,4821830496
bdsvm,iid,1951,8,2400,0.5886100074326928,0.7602916666666667,0.7553333333333333,4820841504
bdsvm,iid,1951,9,2400,0.5887591934998889,0.76025,0.7551666666666667,4821583248
bdsvm,iid,1976,0,2400,0.5699923568207746,0.7660833333333333,0.7591666666666667,4881911760
bdsvm,iid,1976,1,2400,0.56997470345591,0.7663333333333333,0.7593333333333333,4884631488
bdsvm,iid,1976,2,2400,0.5701022353434597,0.766125,0.7591666666666667,4884384240
bdsvm,iid,1976,3,2400,0.5700679086764934,0.766,0.759,4883148000
bdsvm,iid,1976,4,2400,0.5700415936085916,0.7660416666666666,0.7588333333333334,4883395248
bdsvm,iid,1976,5,2400,0.570166975441106,0.7662083333333334,0.7591666666666667,4883395248
bdsvm,iid,1976,6,2400,0.5700272300301819,0.7660416666666666,0.7591666666666667,4881911760
bdsvm,iid,1976,7,2400,0.5700604877237192,0.7660416666666666,0.759,4883642496
bdsvm,iid,1976,8,2400,0.5700269044955706,0.7661666666666667,0.7593333333333333,4882653504
bdsvm,iid,1976,9,2400,0.5700518566201538,0.766,0.7595,4883395248
bdsvm,iid,2001,0,2400,0.5786358640556374,0.7643333333333333,0.7588333333333334,4943723760
bdsvm,iid,2001,1,2400,0.5786594446493412,0.7643333333333333,0.7585,4946443488
bdsvm,iid,2001,2,2400,0.5785766069454233,0.764625,0.7588333333333334,4946196240
bdsvm,iid,2001,3,2400,0.5786224420503466,0.7645,0.7586666666666667,4944960000
bdsvm,iid,2001,4,2400,0.5785645098931816,0.7646666666666667,0.7588333333333334,4945207248
bdsvm,iid,2001,5,2400,0.5786749078656833,0.7644166666666666,0.7585,4945207248
bdsvm,iid,2001,6,2400,0.5787242600936306,0.7644166666666666,0.7586666666666667,4943723760
bdsvm,iid,2001,7,2400,0.5785567709697909,0.764625,0.7586666666666667,4945454496
bdsvm,iid,2001,8,2400,0.5786181878749928,0.7645833333333333,0.7588333333333334,4944465504
bdsvm,iid,2001,9,2400,0.578670014959834,0.7644166666666666,0.7586666666666667,4945207248
bdsvm,iid,2026,0,2400,0.577803482927171,0.7645416666666667,0.7581666666666667,5005535760
bdsvm,iid,2026,1,2400,0.5775807455025274,0.7645833333333333,0.7583333333333333,5008255488
bdsvm,iid,2026,2,2400,0.5778990164754768,0.7644583333333334,0.7585,5008008240
bdsvm,iid,2026,3,2400,0.5779162208879569,0.7644166666666666,0.7578333333333334,5006772000
bdsvm,iid,2026,4,2400,0.5779606519261198,0.764375,0.758,5007019248
bdsvm,iid,2026,5,2400,0.5779829900683865,0.7644583333333334,0.758,5007019248
bdsvm,iid,2026,6,2400,0.578040842933203,0.7644583333333334,0.7578333333333334,5005535760
bdsvm,iid,2026,7,2400,0.5779258553751848,0.7644583333333334,0.7583333333333333,5007266496
bdsvm,iid,2026,8,2400,0.5780410928178201,0.7645833333333333,0.7583333333333333,5006277504
bdsvm,iid,2026,9,2400,0.577921301185663,0.7644166666666666,0.7578333333333334,5007019248
bdsvm,iid,2051,0,2400,0.5819852538753449,0.7638333333333334,0.7578333333333334,5067347760
bdsvm,iid,2051,1,2400,0.5821815410004978,0.763875,0.7576666666666667,5070067488
bdsvm,iid,2051,2,2400,0.595240562791549,0.757125,0.7515,5069820240
bdsvm,iid,2051,3,2400,0.5948857502675556,0.7576666666666667,0.7518333333333334,5068584000
bdsvm,iid,2051,4,2400,0.5822571618968988,0.7637916666666666,0.7578333333333334,5068831248
bdsvm,iid,2051,5,2400,0.5819889550561083,0.763625,0.7578333333333334,5068831248
bdsvm,iid,2051,6,2400,0.5821698306062949,0.7638333333333334,0.7581666666666667,5067347760
bdsvm,iid,2051,7,2400,0.595398970657252,0.7585833333333334,0.7531666666666667,5069078496
bdsvm,iid,2051,8,2400,0.5947245313775339,0.7595,0.754,5068089504
bdsvm,iid,2051,9,2400,0.5820435877087373,0.7637916666666666,0.7581666666666667,5068831248
bdsvm,iid,2076,0,2400,0.5787569615820801,0.7643333333333333,0.7578333333333334,5129159760
bdsvm,iid,2076,1,2400,0.5787570595191367,0.7643333333333333,0.7576666666666667,5131879488
bdsvm,iid,2076,2,2400,0.5790709139600146,0.7644166666666666,0.7578333333333334,5131632240
bdsvm,iid,2076,3,2400,0.578816876938139,0.7644166666666666,0.7578333333333334,5130396000
bdsvm,iid,2076,4,2400,0.5790429395930141,0.764375,0.7576666666666667,5130643248
bdsvm,iid,2076,5,2400,0.5787735884054402,0.7642083333333334,0.7578333333333334,5130643248
bdsvm,iid,2076,6,2400,0.5787806939232044,0.764375,0.758,5129159760
bdsvm,iid,2076,7,2400,0.5787946424529529,0.7642083333333334,0.7581666666666667,5130890496
bdsvm,iid,2076,8,2400,0.5790146097426184,0.7642083333333334,0.758,5129901504
bdsvm,iid,2076,9,2400,0.5787742000076587,0.7643333333333333,0.7578333333333334,5130643248
bdsvm,iid,2101,0,2400,0.5803216855717644,0.76425,0.7583333333333333,5190971760
bdsvm,iid,2101,1,2400,0.5808577040778095,0.7641666666666667,0.7578333333333334,5193691488
bdsvm,iid,2101,2,2400,0.581003588556226,0.764,0.7585,5193444240
bdsvm,iid,2101,3,2400,0.5846225793859522,0.7632916666666667,0.7573333333333333,5192208000
bdsvm,iid,2101,4,2400,0.5858398924132272,0.7617083333333333,0.7561666666666667,5192455248
bdsvm,iid,2101,5,2400,0.5790627020764884,0.7642916666666667,0.7576666666666667,5192455248
bdsvm,iid,2101,6,2400,0.5860319575543143,0.7617083333333333,0.756,5190971760
bdsvm,iid,2101,7,2400,0.5804105809347675,0.7645,0.758,5192702496
bdsvm,iid,2101,8,2400,0.585856980375633,0.7632083333333334,0.7583333333333333,5191713504
bdsvm,iid,2101,9,2400,0.5860799745827274,0.7635416666666667,0.7576666666666667,5192455248
bdsvm,iid,2126,0,2400,0.5790897130830022,0.76425,0.7583333333333333,5252783760
bdsvm,iid,2126,1,2400,0.5790430052117312,0.7641666666666667,0.7583333333333333,5255503488
bdsvm,iid,2126,2,2400,0.5791259107777214,0.7643333333333333,0.7583333333333333,5255256240
bdsvm,iid,2126,3,2400,0.5790111505898432,0.7642916666666667,0.7585,5254020000
bdsvm,iid,2126,4,2400,0.5790454714209451,0.7642916666666667,0.7586666666666667,5254267248
bdsvm,iid,2126,5,2400,0.5790804428687952,0.7642083333333334,0.7583333333333333,5254267248
bdsvm,iid,2126,6,2400,0.5790221705224079,0.7642083333333334,0.7583333333333333,5252783760
bdsvm,iid,2126,7,2400,0.578986372294615,0.76425,0.7583333333333333,5254514496
bdsvm,iid,2126,8,2400,0.5790220579563512,0.76425,0.7585,5253525504
bdsvm,iid,2126,9,2400,0.5790474053358516,0.7642916666666667,0.7586666666666667,5254267248
bdsvm,iid,2151,0,2400,0.592139046800922,0.75925,0.7546666666666667,5314595760
bdsvm,iid,2151,1,2400,0.5923184078474477,0.7587083333333333,0.754,5317315488
bdsvm,iid,2151,2,2400,0.5919691296632051,0.7597083333333333,0.7551666666666667,5317068240
bdsvm,iid,2151,3,2400,0.5920025781216455,0.759625,0.7551666666666667,5315832000
bdsvm,iid,2151,4,2400,0.5920076940233235,0.7595,0.7545,5316079248
bdsvm,iid,2151,5,2400,0.5919394474604585,0.7595,0.7548333333333334,5316079248
bdsvm,iid,2151,6,2400,0.5922280599798871,0.75875,0.7541666666666667,5314595760
bdsvm,iid,2151,7,2400,0.5921007291302948,0.7594166666666666,0.7546666666666667,5316326496
bdsvm,iid,2151,8,2400,0.5917998593153699,0.7595833333333334,0.7545,5315337504
bdsvm,iid,2151,9,2400,0.5920553820884702,0.7595833333333334,0.7551666666666667,5316079248
bdsvm,iid,2176,0,2400,0.587311678680584,0.7462083333333334,0.7418333333333333,5376407760
bdsvm,iid,2176,1,2400,0.5888412899491744,0.7439166666666667,0.7386666666666667,5379127488
bdsvm,iid,2176,2,2400,0.5869806963637006,0.74625,0.7413333333333333,5378880240
bdsvm,iid,2176,3,2400,0.589327798463361,0.7439583333333334,0.7383333333333333,5377644000
bdsvm,iid,2176,4,2400,0.5900683074324163,0.742125,0.7356666666666667,5377891248
bdsvm,iid,2176,5,2400,0.5879093931183591,0.7452083333333334,0.741,5377891248
bdsvm,iid,2176,6,2400,0.5879095530569491,0.74475,0.7388333333333333,5376407760
bdsvm,iid,2176,7,2400,0.5885715246559179,0.7448333333333333,0.7395,5378138496
bdsvm,iid,2176,8,2400,0.5879614611028194,0.7445833333333334,0.74,5377149504
bdsvm,iid,2176,9,2400,0.5870754384198886,0.7455833333333334,0.7418333333333333,5377891248
bdsvm,iid,2201,0,2400,0.5841995278472345,0.7621666666666667,0.7555,5438219760
bdsvm,iid,2201,1,2400,0.584149481422954,0.762125,0.7555,5440939488
bdsvm,iid,2201,2,2400,0.5841566539824795,0.7619166666666667,0.7555,5440692240
bdsvm,iid,2201,3,2400,0.584161644141308,0.7619583333333333,0.7555,5439456000
bdsvm,iid,2201,4,2400,0.5840126301179226,0.7620416666666666,0.7555,5439703248
bdsvm,iid,2201,5,2400,0.5839930530219172,0.7620833333333333,0.7556666666666667,5439703248
bdsvm,iid,2201,6,2400,0.584210077179481,0.762125,0.7553333333333333,5438219760
bdsvm,iid,2201,7,2400,0.5839863150587934,0.762125,0.7558333333333334,5439950496
bdsvm,iid,2201,8,2400,0.5841100089468017,0.7621666666666667,0.7555,5438961504
bdsvm,iid,2201,9,2400,0.5841221948826393,0.7620833333333333,0.7555,5439703248
bdsvm,iid,2226,0,2400,0.5867599308243183,0.7601666666666667,0.7551666666666667,5500031760
bdsvm,iid,2226,1,2400,0.5867718495869335,0.7602083333333334,0.755,5502751488
bdsvm,iid,2226,2,2400,0.5869246484610623,0.760375,0.7553333333333333,5502504240
bdsvm,iid,2226,3,2400,0.5864687859653127,0.7604583333333333,0.7551666666666667,5501268000
bdsvm,iid,2226,4,2400,0.5866331188176445,0.7603333333333333,0.7546666666666667,5501515248
bdsvm,iid,2226,5,2400,0.5867872429959531,0.76025,0.755,5501515248
bdsvm,iid,2226,6,2400,0.5869394796260643,0.7602083333333334,0.7548333333333334,5500031760
bdsvm,iid,2226,7,2400,0.5866070774739482,0.760375,0.755,5501762496
bdsvm,iid,2226,8,2400,0.5866697812453548,0.7604166666666666,0.755,5500773504
bdsvm,iid,2226,9,2400,0.5867094489799891,0.7601666666666667,0.7548333333333334,5501515248
bdsvm,iid,2251,0,2400,0.5703009041487198,0.7659583333333333,0.7601666666666667,5561843760
bdsvm,iid,2251,1,2400,0.5702229417039539,0.765875,0.76,5564563488
bdsvm,iid,2251,2,2400,0.5701959858623601,0.7659583333333333,0.7603333333333333,5564316240
bdsvm,iid,2251,3,2400,0.5702303092416492,0.7659166666666667,0.76,5563080000
bdsvm,iid,2251,4,2400,0.5702692477702687,0.765875,0.7603333333333333,5563327248
bdsvm,iid,2251,5,2400,0.5702873478447232,0.765875,0.7603333333333333,5563327248
bdsvm,iid,2251,6,2400,0.5703353160917013,0.7658333333333334,0.7605,5561843760
bdsvm,iid,2251,7,2400,0.570322847709798,0.7657916666666666,0.7603333333333333,5563574496
bdsvm,iid,2251,8,2400,0.5702912084733428,0.7659583333333333,0.7603333333333333,5562585504
bdsvm,iid,2251,9,2400,0.5702523990526276,0.7658333333333334,0.7601666666666667,5563327248
bdsvm,iid,2276,0,2400,0.5772589324914761,0.7649166666666667,0.759,5623655760
bdsvm,iid,2276,1,2400,0.577293840583144,0.765,0.7588333333333334,5626375488
bdsvm,iid,2276,2,2400,0.5773787767259758,0.7650416666666666,0.759,5626128240
bdsvm,iid,2276,3,2400,0.577387101315046,0.7650833333333333,0.7591666666666667,5624892000
bdsvm,iid,2276,4,2400,0.5773616399915765,0.7650416666666666,0.759,5625139248
bdsvm,iid,2276,5,2400,0.5773907966590567,0.765,0.759,5625139248
bdsvm,iid,2276,6,2400,0.5772852441188928,0.765,0.759,5623655760
bdsvm,iid,2276,7,2400,0.5769339575558485,0.7648333333333334,0.7586666666666667,5625386496
bdsvm,iid,2276,8,2400,0.5772062682307242,0.7650833333333333,0.7588333333333334,5624397504
bdsvm,iid,2276,9,2400,0.5771865130014541,0.765,0.7588333333333334,5625139248
bdsvm,iid,2301,0,2400,0.5748231317410957,0.764875,0.7591666666666667,5685467760
bdsvm,iid,2301,1,2400,0.5752797575933456,0.7644583333333334,0.759,5688187488
bdsvm,iid,2301,2,2400,0.574915866760629,0.7647916666666666,0.7595,5687940240
bdsvm,iid,2301,3,2400,0.575214905103677,0.764625,0.7588333333333334,5686704000
bdsvm,iid,2301,4,2400,0.5749747955799439,0.764625,0.7593333333333333,5686951248
bdsvm,iid,2301,5,2400,0.5757723228004973,0.7644166666666666,0.7586666666666667,5686951248
bdsvm,iid,2301,6,2400,0.5754098191699868,0.764625,0.7586666666666667,5685467760
bdsvm,iid,2301,7,2400,0.575265540321846,0.764625,0.7586666666666667,5687198496
bdsvm,iid,2301,8,2400,0.5751353448043011,0.764625,0.7595,5686209504
bdsvm,iid,2301,9,2400,0.57570408357712,0.7645833333333333,0.7588333333333334,5686951248
bdsvm,iid,2326,0,2400,0.5754016511671473,0.7650416666666666,0.7585,5747279760
bdsvm,iid,2326,1,2400,0.5753095302695154,0.7649583333333333,0.758,5749999488
bdsvm,iid,2326,2,2400,0.5754952888828829,0.7652083333333334,0.758,5749752240
bdsvm,iid,2326,3,2400,0.5754472674681151,0.7650416666666666,0.7585,5748516000
bdsvm,iid,2326,4,2400,0.575435362342796,0.7652083333333334,0.7578333333333334,5748763248
bdsvm,iid,2326,5,2400,0.5754528580436874,0.7649166666666667,0.7581666666666667,5748763248
bdsvm,iid,2326,6,2400,0.5753027982473711,0.7650416666666666,0.758,5747279760
bdsvm,iid,2326,7,2400,0.5755277351567886,0.7652916666666667,0.7581666666666667,5749010496
bdsvm,iid,2326,8,2400,0.5752350494193501,0.7652916666666667,0.7583333333333333,5748021504
bdsvm,iid,2326,9,2400,0.5754848292815679,0.7652083333333334,0.7581666666666667,5748763248
bdsvm,iid,2351,0,2400,0.585181391567988,0.7618333333333334,0.7565,5809091760
bdsvm,iid,2351,1,2400,0.5849363685701052,0.7618333333333334,0.756,5811811488
bdsvm,iid,2351,2,2400,0.5834619290784406,0.762625,0.7571666666666667,5811564240
bdsvm,iid,2351,3,2400,0.5829761773098466,0.7624166666666666,0.7576666666666667,5810328000
bdsvm,iid,2351,4,2400,0.5821328985680043,0.7632916666666667,0.7575,5810575248
bdsvm,iid,2351,5,2400,0.5826718431329445,0.763125,0.7576666666666667,5810575248
bdsvm,iid,2351,6,2400,0.5825118752372402,0.763125,0.758,5809091760
bdsvm,iid,2351,7,2400,0.5833996028232993,0.7623333333333333,0.7581666666666667,5810822496
bdsvm,iid,2351,8,2400,0.5830739622966672,0.7623333333333333,0.7573333333333333,5809833504
bdsvm,iid,2351,9,2400,0.5833683180451287,0.7623333333333333,0.7571666666666667,5810575248
bdsvm,iid,2376,0,2400,0.5783349419113422,0.76425,0.7581666666666667,5870903760
bdsvm,iid,2376,1,2400,0.5782910702779868,0.7641666666666667,0.7576666666666667,5873623488
bdsvm,iid,2376,2,2400,0.5782916108275,0.7641666666666667,0.758,5873376240
bdsvm,iid,2376,3,2400,0.5783030234490683,0.7641666666666667,0.7583333333333333,5872140000
bdsvm,iid,2376,4,2400,0.5783174936217369,0.764125,0.7581666666666667,5872387248
bdsvm,iid,2376,5,2400,0.5783162060112096,0.764125,0.7581666666666667,5872387248
bdsvm,iid,2376,6,2400,0.5782992408069089,0.764125,0.7581666666666667,5870903760
bdsvm,iid,2376,7,2400,0.5783235045984045,0.764125,0.758,5872634496
bdsvm,iid,2376,8,2400,0.5783140190610454,0.7640416666666666,0.758,5871645504
bdsvm,iid,2376,9,2400,0.5782901017594346,0.764125,0.758,5872387248
bdsvm,iid,2401,0,2400,0.5785033677966821,0.7644166666666666,0.7578333333333334,5932715760
bdsvm,iid,2401,1,2400,0.5784277434414534,0.764375,0.7578333333333334,5935435488
bdsvm,iid,2401,2,2400,0.5784086340959578,0.7644166666666666,0.7575,5935188240
bdsvm,iid,2401,3,2400,0.5783981515132726,0.7644166666666666,0.7578333333333334,5933952000
bdsvm,iid,2401,4,2400,0.578523507961876,0.7644166666666666,0.7576666666666667,5934199248
bdsvm,iid,2401,5,2400,0.5784570004754055,0.764375,0.7576666666666667,5934199248
bdsvm,iid,2401,6,2400,0.5784611923231775,0.7644583333333334,0.7578333333333334,5932715760
bdsvm,iid,2401,7,2400,0.578519528962868,0.7645,0.7576666666666667,5934446496
bdsvm,iid,2401,8,2400,0.5785160721357635,0.7644166666666666,0.7575,5933457504
bdsvm,iid,2401,9,2400,0.5783636973578062,0.764375,0.7578333333333334,5934199248
bdsvm,iid,2426,0,2400,0.578405029855681,0.764125,0.7576666666666667,5994527760
bdsvm,iid,2426,1,2400,0.5784123754316802,0.7641666666666667,0.7576666666666667,5997247488
bdsvm,iid,2426,2,2400,0.5784616064898188,0.7641666666666667,0.7581666666666667,5997000240
bdsvm,iid,2426,3,2400,0.5786146613825338,0.7640416666666666,0.7578333333333334,5995764000
bdsvm,iid,2426,4,2400,0.5784587263879869,0.7640833333333333,0.7581666666666667,5996011248
bdsvm,iid,2426,5,2400,0.5787479138950067,0.764125,0.7581666666666667,5996011248
bdsvm,iid,2426,6,2400,0.5785468701748397,0.7640416666666666,0.7578333333333334,5994527760
bdsvm,iid,2426,7,2400,0.5784941115211163,0.7641666666666667,0.7581666666666667,5996258496
bdsvm,iid,2426,8,2400,0.5786614519475256,0.7641666666666667,0.758,5995269504
bdsvm,iid,2426,9,2400,0.578585896233109,0.7640833333333333,0.758,5996011248
bdsvm,iid,2451,0,2400,0.571706904107745,0.7655833333333333,0.76,6056339760
bdsvm,iid,2451,1,2400,0.5717416348172658,0.7655833333333333,0.7601666666666667,6059059488
bdsvm,iid,2451,2,2400,0.5714527632750945,0.7657083333333333,0.7606666666666667,6058812240
bdsvm,iid,2451,3,2400,0.571468981621482,0.765875,0.7603333333333333,6057576000
bdsvm,iid,2451,4,2400,0.5713452698142892,0.7659166666666667,0.7606666666666667,6057823248
bdsvm,iid,2451,5,2400,0.5713474286171872,0.7655416666666667,0.7598333333333334,6057823248
bdsvm,iid,2451,6,2400,0.5715201638027921,0.7655833333333333,0.7598333333333334,6056339760
bdsvm,iid,2451,7,2400,0.571554426076035,0.76575,0.7605,6058070496
bdsvm,iid,2451,8,2400,0.5715116700138748,0.765875,0.7606666666666667,6057081504
bdsvm,iid,2451,9,2400,0.5717483298050123,0.76575,0.76,6057823248
bdsvm,iid,2476,0,2400,0.5806893229994388,0.7645833333333333,0.7578333333333334,6118151760
bdsvm,iid,2476,1,2400,0.5814578205715781,0.76475,0.7585,6120871488
bdsvm,iid,2476,2,2400,0.5808497217621823,0.764625,0.7585,6120624240
bdsvm,iid,2476,3,2400,0.5807095708363784,0.7645833333333333,0.7581666666666667,6119388000
bdsvm,iid,2476,4,2400,0.581460054612155,0.764625,0.758,6119635248
bdsvm,iid,2476,5,2400,0.580713482126994,0.7645,0.7583333333333333,6119635248
bdsvm,iid,2476,6,2400,0.5807795764931455,0.7645833333333333,0.7581666666666667,6118151760
bdsvm,iid,2476,7,2400,0.5815320012782141,0.7645416666666667,0.7576666666666667,6119882496
bdsvm,iid,2476,8,2400,0.5813249044016453,0.7645416666666667,0.758,6118893504
bdsvm,iid,2476,9,2400,0.58077034844152,0.7645833333333333,0.7586666666666667,6119635248
bdsvm,iid,2501,0,2400,0.6035339812974401,0.70775,0.7035,6179963760
bdsvm,iid,2501,1,2400,0.6024272356933169,0.7089166666666666,0.7065,6182683488
bdsvm,iid,2501,2,2400,0.6014469645094256,0.7094583333333333,0.708,6182436240
bdsvm,iid,2501,3,2400,0.6040683653608203,0.707375,0.7023333333333334,6181200000
bdsvm,iid,2501,4,2400,0.6055198117382069,0.70625,0.7008333333333333,6181447248
bdsvm,iid,2501,5,2400,0.6036738062779051,0.7076666666666667,0.703,6181447248
bdsvm,iid,2501,6,2400,0.603330851631631,0.708125,0.7038333333333333,6179963760
bdsvm,iid,2501,7,2400,0.6039177975254845,0.7075833333333333,0.7033333333333334,6181694496
bdsvm,iid,2501,8,2400,0.6018171575903983,0.7090833333333333,0.7058333333333333,6180705504
bdsvm,iid,2501,9,2400,0.6032484662338462,0.7079166666666666,0.7038333333333333,6181447248
bdsvm,iid,2526,0,2400,0.5814750539631928,0.7625833333333333,0.7573333333333333,6241775760
bdsvm,iid,2526,1,2400,0.581848635669281,0.7622916666666667,0.7575,6244495488
bdsvm,iid,2526,2,2400,0.5813806462577759,0.762875,0.7573333333333333,6244248240
bdsvm,iid,2526,3,2400,0.5814747847757399,0.7624166666666666,0.7571666666666667,6243012000
bdsvm,iid,2526,4,2400,0.5818063412127021,0.7622916666666667,0.7575,6243259248
bdsvm,iid,2526,5,2400,0.5813494615413282,0.7624166666666666,0.757,6243259248
bdsvm,iid,2526,6,2400,0.5810089874453812,0.7627083333333333,0.7578333333333334,6241775760
bdsvm,iid,2526,7,2400,0.5810296992821592,0.7629166666666667,0.7576666666666667,6243506496
bdsvm,iid,2526,8,2400,0.5814400735666996,0.7627083333333333,0.7571666666666667,6242517504
bdsvm,iid,2526,9,2400,0.5817794221233803,0.7624583333333333,0.7575,6243259248
bdsvm,iid,2551,0,2400,0.5868465040805104,0.7605833333333333,0.7556666666666667,6303587760
bdsvm,iid,2551,1,2400,0.5867640479332507,0.760625,0.7555,6306307488
bdsvm,iid,2551,2,2400,0.5867904303123415,0.7606666666666667,0.7553333333333333,6306060240
bdsvm,iid,2551,3,2400,0.5868596855744815,0.7605833333333333,0.7556666666666667,6304824000
bdsvm,iid,2551,4,2400,0.5868524039470333,0.76075,0.7555,6305071248
bdsvm,iid,2551,5,2400,0.5869101541469934,0.7606666666666667,0.7553333333333333,6305071248
bdsvm,iid,2551,6,2400,0.5867299631990145,0.7606666666666667,0.7556666666666667,6303587760
bdsvm,iid,2551,7,2400,0.5869469158362537,0.7605,0.7555,6305318496
bdsvm,iid,2551,8,2400,0.5867938733772976,0.760625,0.7555,6304329504
bdsvm,iid,2551,9,2400,0.5867986096614688,0.7605833333333333,0.7555,6305071248
bdsvm,iid,2576,0,2400,0.5862760291337146,0.7607916666666666,0.7551666666666667,6365399760
bdsvm,iid,2576,1,2400,0.586369586443795,0.7605,0.7551666666666667,6368119488
bdsvm,iid,2576,2,2400,0.5863048293372929,0.7607916666666666,0.7553333333333333,6367872240
bdsvm,iid,2576,3,2400,0.5863207404814835,0.7607916666666666,0.755,6366636000
bdsvm,iid,2576,4,2400,0.5863102193121774,0.7608333333333334,0.7553333333333333,6366883248
bdsvm,iid,2576,5,2400,0.5863401789728954,0.7607083333333333,0.755,6366883248
bdsvm,iid,2576,6,2400,0.5863083261525481,0.76075,0.7551666666666667,6365399760
bdsvm,iid,2576,7,2400,0.5863543191025159,0.7607083333333333,0.7553333333333333,6367130496
bdsvm,iid,2576,8,2400,0.5863594050815881,0.7607916666666666,0.7553333333333333,6366141504
bdsvm,iid,2576,9,2400,0.5863308537455846,0.7607083333333333,0.7551666666666667,6366883248
bdsvm,iid,2601,0,2400,0.5881862830017329,0.7595,0.753,6427211760
bdsvm,iid,2601,1,2400,0.5864140239616362,0.7596666666666667,0.7536666666666667,6429931488
bdsvm,iid,2601,2,2400,0.58817662934856,0.7594166666666666,0.7528333333333334,6429684240
bdsvm,iid,2601,3,2400,0.5881892603049532,0.7593333333333333,0.7531666666666667,6428448000
bdsvm,iid,2601,4,2400,0.5882167245904949,0.7593333333333333,0.753,6428695248
bdsvm,iid,2601,5,2400,0.5888468965847068,0.7588333333333334,0.7528333333333334,6428695248
bdsvm,iid,2601,6,2400,0.5882538078126796,0.7593333333333333,0.753,6427211760
bdsvm,iid,2601,7,2400,0.5858990207382315,0.7604166666666666,0.7541666666666667,6428942496
bdsvm,iid,2601,8,2400,0.5881986809412891,0.7593333333333333,0.753,6427953504
bdsvm,iid,2601,9,2400,0.5881324929679833,0.759375,0.7528333333333334,6428695248
bdsvm,iid,2626,0,2400,0.5897777961300162,0.7581666666666667,0.752,6489023760
bdsvm,iid,2626,1,2400,0.5897774435360057,0.7580416666666666,0.7518333333333334,6491743488
bdsvm,iid,2626,2,2400,0.5898037518838851,0.75825,0.752,6491496240
bdsvm,iid,2626,3,2400,0.5898716473831672,0.7581666666666667,0.7515,6490260000
bdsvm,iid,2626,4,2400,0.5897707593052643,0.7581666666666667,0.752,6490507248
bdsvm,iid,2626,5,2400,0.5897761053729689,0.758125,0.752,6490507248
bdsvm,iid,2626,6,2400,0.5897878218568943,0.7581666666666667,0.7518333333333334,6489023760
bdsvm,iid,2626,7,2400,0.589762592842491,0.7581666666666667,0.752,6490754496
bdsvm,iid,2626,8,2400,0.589742238546633,0.75825,0.752,6489765504
bdsvm,iid,2626,9,2400,0.5898004699454917,0.7581666666666667,0.752,6490507248
bdsvm,iid,2651,0,2400,0.5826437242950002,0.7584166666666666,0.7525,6550835760
bdsvm,iid,2651,1,2400,0.581470847728171,0.7590833333333333,0.7538333333333334,6553555488
bdsvm,iid,2651,2,2400,0.5827328096722408,0.7582083333333334,0.7528333333333334,6553308240
bdsvm,iid,2651,3,2400,0.5830916624560343,0.758375,0.7523333333333333,6552072000
bdsvm,iid,2651,4,2400,0.5830338903957105,0.757625,0.7523333333333333,6552319248
bdsvm,iid,2651,5,2400,0.5831305400100038,0.75775,0.7518333333333334,6552319248
bdsvm,iid,2651,6,2400,0.583042236809558,0.758,0.7521666666666667,6550835760
bdsvm,iid,2651,7,2400,0.581870502218971,0.7570416666666666,0.7535,6552566496
bdsvm,iid,2651,8,2400,0.582449269977759,0.7587083333333333,0.7535,6551577504
bdsvm,iid,2651,9,2400,0.5813037715277561,0.7589583333333333,0.7533333333333333,6552319248
bdsvm,iid,2676,0,2400,0.5782402924939444,0.7637916666666666,0.7586666666666667,6612647760
bdsvm,iid,2676,1,2400,0.5782399466925131,0.76375,0.7583333333333333,6615367488
bdsvm,iid,2676,2,2400,0.5782637978588809,0.764,0.7586666666666667,6615120240
bdsvm,iid,2676,3,2400,0.578279641139811,0.7638333333333334,0.7586666666666667,6613884000
bdsvm,iid,2676,4,2400,0.5782368791476461,0.764,0.7586666666666667,6614131248
bdsvm,iid,2676,5,2400,0.5782566408441511,0.763875,0.7585,6614131248
bdsvm,iid,2676,6,2400,0.5782744130265899,0.7637916666666666,0.7585,6612647760
bdsvm,iid,2676,7,2400,0.5782398267533243,0.7639583333333333,0.7586666666666667,6614378496
bdsvm,iid,2676,8,2400,0.5782195848984535,0.7640416666666666,0.7586666666666667,6613389504
bdsvm,iid,2676,9,2400,0.5782345010468096,0.7638333333333334,0.7585,6614131248
bdsvm,iid,2701,0,2400,0.5790312464558984,0.76375,0.7576666666666667,6674459760
bdsvm,iid,2701,1,2400,0.5790147386264749,0.7639166666666667,0.7578333333333334,6677179488
bdsvm,iid,2701,2,2400,0.5790598439787586,0.763875,0.7576666666666667,6676932240
bdsvm,iid,2701,3,2400,0.5790571772643989,0.7637083333333333,0.7578333333333334,6675696000
bdsvm,iid,2701,4,2400,0.5790374824577741,0.763875,0.7578333333333334,6675943248
bdsvm,iid,2701,5,2400,0.5789864403677665,0.7637916666666666,0.7576666666666667,6675943248
bdsvm,iid,2701,6,2400,0.5790246403133934,0.76375,0.7576666666666667,6674459760
bdsvm,iid,2701,7,2400,0.5790723727523637,0.763875,0.7578333333333334,6676190496
bdsvm,iid,2701,8,2400,0.5790341375348712,0.763875,0.7578333333333334,6675201504
bdsvm,iid,2701,9,2400,0.5790028862302022,0.7637916666666666,0.7578333333333334,6675943248
bdsvm,iid,2726,0,2400,0.5802823332014873,0.7637916666666666,0.7581666666666667,6736271760
bdsvm,iid,2726,1,2400,0.5800251817287451,0.764,0.7581666666666667,6738991488
bdsvm,iid,2726,2,2400,0.58033487833138,0.7639166666666667,0.7585,6738744240
bdsvm,iid,2726,3,2400,0.5799968709837121,0.7639166666666667,0.758,6737508000
bdsvm,iid,2726,4,2400,0.5806088887608933,0.7637916666666666,0.7585,6737755248
bdsvm,iid,2726,5,2400,0.5792932146185006,0.764125,0.7578333333333334,6737755248
bdsvm,iid,2726,6,2400,0.5799419782536138,0.763875,0.7581666666666667,6736271760
bdsvm,iid,2726,7,2400,0.5803222383850892,0.7639166666666667,0.7583333333333333,6738002496
bdsvm,iid,2726,8,2400,0.5803415269250305,0.7639166666666667,0.7581666666666667,6737013504
bdsvm,iid,2726,9,2400,0.5799838909538902,0.7640416666666666,0.758,6737755248
bdsvm,iid,2751,0,2400,0.5850357944796163,0.76225,0.7565,6798083760
bdsvm,iid,2751,1,2400,0.5855644294190134,0.7619166666666667,0.7563333333333333,6800803488
bdsvm,iid,2751,2,2400,0.586264651295147,0.7614583333333333,0.7566666666666667,6800556240
bdsvm,iid,2751,3,2400,0.5850276499612276,0.7619583333333333,0.7561666666666667,6799320000
bdsvm,iid,2751,4,2400,0.5847212800522336,0.762125,0.7558333333333334,6799567248
bdsvm,iid,2751,5,2400,0.5852536442689424,0.7619583333333333,0.7565,6799567248
bdsvm,iid,2751,6,2400,0.5848647781193524,0.762375,0.7565,6798083760
bdsvm,iid,2751,7,2400,0.5848163839629844,0.7624166666666666,0.7563333333333333,6799814496
bdsvm,iid,2751,8,2400,0.584794733551435,0.7624166666666666,0.7566666666666667,6798825504
bdsvm,iid,2751,9,2400,0.5850424938092288,0.76225,0.7565,6799567248
bdsvm,iid,2776,0,2400,0.5781947952110557,0.7645,0.7581666666666667,6859895760
bdsvm,iid,2776,1,2400,0.5781164854216275,0.76475,0.758,6862615488
bdsvm,iid,2776,2,2400,0.5782268245475752,0.7645833333333333,0.758,6862368240
bdsvm,iid,2776,3,2400,0.5777807450466954,0.7647083333333333,0.758,6861132000
bdsvm,iid,2776,4,2400,0.5779187692707864,0.7645833333333333,0.758,6861379248
bdsvm,iid,2776,5,2400,0.5779543193781917,0.7645416666666667,0.7585,6861379248
bdsvm,iid,2776,6,2400,0.5777518149113408,0.76475,0.7578333333333334,6859895760
bdsvm,iid,2776,7,2400,0.5781275075384629,0.7645833333333333,0.758,6861626496
bdsvm,iid,2776,8,2400,0.5778183536767474,0.7646666666666667,0.7581666666666667,6860637504
bdsvm,iid,2776,9,2400,0.5780178994759991,0.7645,0.7581666666666667,6861379248
bdsvm,iid,2801,0,2400,0.5721967692101848,0.76575,0.7591666666666667,6921707760
bdsvm,iid,2801,1,2400,0.5722609492362252,0.765625,0.7591666666666667,6924427488
bdsvm,iid,2801,2,2400,0.5721950241379111,0.7658333333333334,0.759,6924180240
bdsvm,iid,2801,3,2400,0.572026947285322,0.7657916666666666,0.759,6922944000
bdsvm,iid,2801,4,2400,0.5723458338554203,0.7657083333333333,0.759,6923191248
bdsvm,iid,2801,5,2400,0.5724468482795225,0.7654166666666666,0.7591666666666667,6923191248
bdsvm,iid,2801,6,2400,0.5724473200009744,0.7655416666666667,0.7591666666666667,6921707760
bdsvm,iid,2801,7,2400,0.5722310350526354,0.7656666666666667,0.7591666666666667,6923438496
bdsvm,iid,2801,8,2400,0.5723397243960319,0.7658333333333334,0.759,6922449504
bdsvm,iid,2801,9,2400,0.5725102794934472,0.7657916666666666,0.7593333333333333,6923191248
bdsvm,iid,2826,0,2400,0.5806089072461569,0.7642083333333334,0.758,6983519760
bdsvm,iid,2826,1,2400,0.5806099063229742,0.76425,0.758,6986239488
bdsvm,iid,2826,2,2400,0.5805629627414829,0.7645416666666667,0.7576666666666667,6985992240
bdsvm,iid,2826,3,2400,0.5803382605876215,0.7645416666666667,0.7576666666666667,6984756000
bdsvm,iid,2826,4,2400,0.5801606254831324,0.7645833333333333,0.758,6985003248
bdsvm,iid,2826,5,2400,0.580208931569104,0.764375,0.7575,6985003248
bdsvm,iid,2826,6,2400,0.5806937329600002,0.7643333333333333,0.758,6983519760
bdsvm,iid,2826,7,2400,0.5803620932508271,0.764625,0.7578333333333334,6985250496
bdsvm,iid,2826,8,2400,0.5805316728185682,0.7644583333333334,0.7575,6984261504
bdsvm,iid,2826,9,2400,0.580698761199851,0.7642083333333334,0.758,6985003248
bdsvm,iid,2851,0,2400,0.5723141989453936,0.7654166666666666,0.761,7045331760
bdsvm,iid,2851,1,2400,0.5718213400027067,0.7649583333333333,0.7606666666666667,7048051488
bdsvm,iid,2851,2,2400,0.571323021115246,0.7655416666666667,0.7611666666666667,7047804240
bdsvm,iid,2851,3,2400,0.5712765462791997,0.76525,0.7608333333333334,7046568000
bdsvm,iid,2851,4,2400,0.5712032746781945,0.7655,0.7605,7046815248
bdsvm,iid,2851,5,2400,0.5712641181604728,0.76525,0.761,7046815248
bdsvm,iid,2851,6,2400,0.5711866798802532,0.7654583333333334,0.7608333333333334,7045331760
bdsvm,iid,2851,7,2400,0.5712196913000638,0.7652916666666667,0.7611666666666667,7047062496
bdsvm,iid,2851,8,2400,0.5711946916938478,0.7653333333333333,0.7608333333333334,7046073504
bdsvm,iid,2851,9,2400,0.57168245810378,0.7654166666666666,0.7606666666666667,7046815248
bdsvm,iid,2876,0,2400,0.5766020176816212,0.76525,0.7591666666666667,7107143760
bdsvm,iid,2876,1,2400,0.576599049290484,0.765,0.7591666666666667,7109863488
bdsvm,iid,2876,2,2400,0.5765926050611229,0.7652083333333334,0.7591666666666667,7109616240
bdsvm,iid,2876,3,2400,0.5766512024642823,0.7652083333333334,0.7591666666666667,7108380000
bdsvm,iid,2876,4,2400,0.5763878731125266,0.765125,0.7595,7108627248
bdsvm,iid,2876,5,2400,0.5763773636892844,0.765125,0.7595,7108627248
bdsvm,iid,2876,6,2400,0.576460592222645,0.7650833333333333,0.7591666666666667,7107143760
bdsvm,iid,2876,7,2400,0.5764956553320902,0.7650416666666666,0.7595,7108874496
bdsvm,iid,2876,8,2400,0.5764325369195803,0.7649166666666667,0.7593333333333333,7107885504
bdsvm,iid,2876,9,2400,0.5765187024616728,0.7653333333333333,0.7595,7108627248
bdsvm,iid,2901,0,2400,0.5881034426994802,0.760875,0.7565,7168955760
bdsvm,iid,2901,1,2400,0.5881830806374228,0.7609166666666667,0.7566666666666667,7171675488
bdsvm,iid,2901,2,2400,0.5872657720063374,0.7609166666666667,0.7561666666666667,7171428240
bdsvm,iid,2901,3,2400,0.5881523042140048,0.760875,0.7568333333333334,7170192000
bdsvm,iid,2901,4,2400,0.5884265168425977,0.760625,0.7568333333333334,7170439248
bdsvm,iid,2901,5,2400,0.5869495280194313,0.7609583333333333,0.7565,7170439248
bdsvm,iid,2901,6,2400,0.5881117395651897,0.76075,0.7565,7168955760
bdsvm,iid,2901,7,2400,0.5885895750851183,0.7605833333333333,0.7565,7170686496
bdsvm,iid,2901,8,2400,0.5871332263765131,0.760875,0.7566666666666667,7169697504
bdsvm,iid,2901,9,2400,0.5882644994031792,0.7607083333333333,0.7565,7170439248
bdsvm,iid,2926,0,2400,0.5704043928247556,0.7660833333333333,0.7583333333333333,7230767760
bdsvm,iid,2926,1,2400,0.5713773640808784,0.7661666666666667,0.7581666666666667,7233487488
bdsvm,iid,2926,2,2400,0.5710629604194942,0.7662916666666667,0.7581666666666667,7233240240
bdsvm,iid,2926,3,2400,0.5710215322980713,0.7658333333333334,0.7581666666666667,7232004000
bdsvm,iid,2926,4,2400,0.5713869753455841,0.766,0.7581666666666667,7232251248
bdsvm,iid,2926,5,2400,0.5704342405528076,0.7660833333333333,0.7583333333333333,7232251248
bdsvm,iid,2926,6,2400,0.570856150586047,0.7660416666666666,0.7578333333333334,7230767760
bdsvm,iid,2926,7,2400,0.5713124799917799,0.7659583333333333,0.7576666666666667,7232498496
bdsvm,iid,2926,8,2400,0.5713110423054528,0.766125,0.7576666666666667,7231509504
bdsvm,iid,2926,9,2400,0.5709986313436591,0.7659583333333333,0.7576666666666667,7232251248
bdsvm,iid,2951,0,2400,0.5746609296811002,0.7650833333333333,0.7601666666666667,7292579760
bdsvm,iid,2951,1,2400,0.5744376850570189,0.7652916666666667,0.7601666666666667,7295299488
bdsvm,iid,2951,2,2400,0.5748493012670599,0.7649583333333333,0.7596666666666667,7295052240
bdsvm,iid,2951,3,2400,0.5743855787426497,0.7654166666666666,0.7603333333333333,7293816000
bdsvm,iid,2951,4,2400,0.5737649455090248,0.7657083333333333,0.7606666666666667,7294063248
bdsvm,iid,2951,5,2400,0.5751569918069352,0.7650833333333333,0.7591666666666667,7294063248
bdsvm,iid,2951,6,2400,0.5741684363852493,0.7654166666666666,0.7601666666666667,7292579760
bdsvm,iid,2951,7,2400,0.5745073504828832,0.765125,0.76,7294310496
bdsvm,iid,2951,8,2400,0.5749549680420621,0.7649583333333333,0.7595,7293321504
bdsvm,iid,2951,9,2400,0.5744420809369094,0.76525,0.7601666666666667,7294063248
bdsvm,iid,2976,0,2400,0.5830891128105569,0.7620833333333333,0.7581666666666667,7354391760
bdsvm,iid,2976,1,2400,0.5828155216809385,0.762125,0.7581666666666667,7357111488
bdsvm,iid,2976,2,2400,0.5828224260734888,0.7623333333333333,0.7581666666666667,7356864240
bdsvm,iid,2976,3,2400,0.5828336176759129,0.7623333333333333,0.758,7355628000
bdsvm,iid,2976,4,2400,0.5827978158471279,0.7624166666666666,0.7578333333333334,7355875248
bdsvm,iid,2976,5,2400,0.5829609859954631,0.7622916666666667,0.7578333333333334,7355875248
bdsvm,iid,2976,6,2400,0.5828462113872646,0.7622083333333334,0.7576666666666667,7354391760
bdsvm,iid,2976,7,2400,0.5829174885004398,0.7621666666666667,0.758,7356122496
bdsvm,iid,2976,8,2400,0.5828499284784597,0.7623333333333333,0.7581666666666667,7355133504
bdsvm,iid,2976,9,2400,0.5827153613963046,0.7622083333333334,0.7581666666666667,7355875248
bdsvm,iid,3001,0,2400,0.591120166733103,0.7575833333333334,0.7523333333333333,7416203760
bdsvm,iid,3001,1,2400,0.5911900601731012,0.7574583333333333,0.7526666666666667,7418923488
bdsvm,iid,3001,2,2400,0.591107210086857,0.75775,0.7526666666666667,7418676240
bdsvm,iid,3001,3,2400,0.5911878786932758,0.7575416666666667,0.752,7417440000
bdsvm,iid,3001,4,2400,0.5911122091584948,0.7577083333333333,0.7525,7417687248
bdsvm,iid,3001,5,2400,0.5910644250317879,0.7578333333333334,0.7528333333333334,7417687248
bdsvm,iid,3001,6,2400,0.5911654499535361,0.7575,0.752,7416203760
bdsvm,iid,3001,7,2400,0.5911589711391662,0.7577083333333333,0.752,7417934496
bdsvm,iid,3001,8,2400,0.5912080930614712,0.7579583333333333,0.7525,7416945504
bdsvm,iid,3001,9,2400,0.5910990647349793,0.757625,0.7525,7417687248
bdsvm,iid,3026,0,2400,0.5734160618315853,0.7652916666666667,0.7588333333333334,7478015760
bdsvm,iid,3026,1,2400,0.5734722597492097,0.7651666666666667,0.7591666666666667,7480735488
bdsvm,iid,3026,2,2400,0.5731799154082975,0.7652916666666667,0.7591666666666667,7480488240
bdsvm,iid,3026,3,2400,0.5736828648596354,0.765375,0.759,7479252000
bdsvm,iid,3026,4,2400,0.5732252020789023,0.7652083333333334,0.7591666666666667,7479499248
bdsvm,iid,3026,5,2400,0.5736578517650177,0.7652916666666667,0.759,7479499248
bdsvm,iid,3026,6,2400,0.5734010881992098,0.7652083333333334,0.7593333333333333,7478015760
bdsvm,iid,3026,7,2400,0.5734624549155792,0.7653333333333333,0.7588333333333334,7479746496
bdsvm,iid,3026,8,2400,0.5733014823937062,0.7651666666666667,0.7591666666666667,7478757504
bdsvm,iid,3026,9,2400,0.5733205708772221,0.7652083333333334,0.7593333333333333,7479499248
bdsvm,iid,3051,0,2400,0.5774231383444484,0.764625,0.7588333333333334,7539827760
bdsvm,iid,3051,1,2400,0.5774280074646576,0.7644166666666666,0.7588333333333334,7542547488
bdsvm,iid,3051,2,2400,0.5776258036676254,0.7645416666666667,0.7588333333333334,7542300240
bdsvm,iid,3051,3,2400,0.5777500149535741,0.7643333333333333,0.7586666666666667,7541064000
bdsvm,iid,3051,4,2400,0.5780013625941531,0.7642083333333334,0.7585,7541311248
bdsvm,iid,3051,5,2400,0.5774509477529054,0.7645833333333333,0.759,7541311248
bdsvm,iid,3051,6,2400,0.5778564082857008,0.7642916666666667,0.7586666666666667,7539827760
bdsvm,iid,3051,7,2400,0.5787672859300467,0.7640416666666666,0.758,7541558496
bdsvm,iid,3051,8,2400,0.5778694559732389,0.7643333333333333,0.7586666666666667,7540569504
bdsvm,iid,3051,9,2400,0.5775671395976769,0.764375,0.7588333333333334,7541311248
bdsvm,iid,3076,0,2400,0.5837575405489277,0.7621666666666667,0.7573333333333333,7601639760
bdsvm,iid,3076,1,2400,0.5840502388497749,0.76225,0.7575,7604359488
bdsvm,iid,3076,2,2400,0.5840932780795036,0.762,0.757,7604112240
bdsvm,iid,3076,3,2400,0.5832660311355788,0.7624166666666666,0.7576666666666667,7602876000
bdsvm,iid,3076,4,2400,0.58389557627094,0.7620833333333333,0.7571666666666667,7603123248
bdsvm,iid,3076,5,2400,0.5836983057330761,0.7621666666666667,0.7571666666666667,7603123248
bdsvm,iid,3076,6,2400,0.5831493145981044,0.762375,0.7576666666666667,7601639760
bdsvm,iid,3076,7,2400,0.5837724588058294,0.7620833333333333,0.7571666666666667,7603370496
bdsvm,iid,3076,8,2400,0.5833237906391957,0.7625416666666667,0.758,7602381504
bdsvm,iid,3076,9,2400,0.5831436356287792,0.7623333333333333,0.7576666666666667,7603123248
bdsvm,iid,3101,0,2400,0.5771004733471863,0.7650833333333333,0.7581666666666667,7663451760
bdsvm,iid,3101,1,2400,0.5771606708246066,0.765125,0.7581666666666667,7666171488
bdsvm,iid,3101,2,2400,0.5770699939998015,0.7650833333333333,0.7581666666666667,7665924240
bdsvm,iid,3101,3,2400,0.5771556304508199,0.765125,0.7581666666666667,7664688000
bdsvm,iid,3101,4,2400,0.5771332320784607,0.7650416666666666,0.7581666666666667,7664935248
bdsvm,iid,3101,5,2400,0.5772821211677819,0.76475,0.7578333333333334,7664935248
bdsvm,iid,3101,6,2400,0.5773106575871239,0.7650416666666666,0.7578333333333334,7663451760
bdsvm,iid,3101,7,2400,0.5771299067841983,0.7650416666666666,0.7581666666666667,7665182496
bdsvm,iid,3101,8,2400,0.5771171000819019,0.765,0.758,7664193504
bdsvm,iid,3101,9,2400,0.5772470796141854,0.7650416666666666,0.7578333333333334,7664935248
bdsvm,iid,3126,0,2400,0.5755650575006387,0.7645833333333333,0.7591666666666667,7725263760
bdsvm,iid,3126,1,2400,0.5753073694620395,0.7649583333333333,0.7591666666666667,7727983488
bdsvm,iid,3126,2,2400,0.5752131850301828,0.7646666666666667,0.759,7727736240
bdsvm,iid,3126,3,2400,0.5755634628219028,0.7647916666666666,0.7593333333333333,7726500000
bdsvm,iid,3126,4,2400,0.5755693339516945,0.7647083333333333,0.7588333333333334,7726747248
bdsvm,iid,3126,5,2400,0.5760794506530651,0.7645416666666667,0.7595,7726747248
bdsvm,iid,3126,6,2400,0.5758182497969994,0.7647916666666666,0.7591666666666667,7725263760
bdsvm,iid,3126,7,2400,0.5753341933787168,0.764625,0.759,7726994496
bdsvm,iid,3126,8,2400,0.5757183211665146,0.7647083333333333,0.759,7726005504
bdsvm,iid,3126,9,2400,0.5754354100721637,0.7645833333333333,0.759,7726747248
bdsvm,iid,3151,0,2400,0.5777624740084492,0.765125,0.7591666666666667,7787075760
bdsvm,iid,3151,1,2400,0.5777521344741884,0.7650416666666666,0.759,7789795488
bdsvm,iid,3151,2,2400,0.5778701893829941,0.765125,0.7591666666666667,7789548240
bdsvm,iid,3151,3,2400,0.5777263374449243,0.7650416666666666,0.7591666666666667,7788312000
bdsvm,iid,3151,4,2400,0.5778699340051838,0.765125,0.759,7788559248
bdsvm,iid,3151,5,2400,0.5776606635545556,0.7651666666666667,0.7591666666666667,7788559248
bdsvm,iid,3151,6,2400,0.5778396052226247,0.765,0.759,7787075760
bdsvm,iid,3151,7,2400,0.5779065125567513,0.765,0.7591666666666667,7788806496
bdsvm,iid,3151,8,2400,0.5778818392619615,0.765125,0.7591666666666667,7787817504
bdsvm,iid,3151,9,2400,0.5777376821294569,0.7650416666666666,0.7591666666666667,7788559248
bdsvm,iid,3176,0,2400,0.577893589483377,0.7649583333333333,0.7591666666666667,7848887760
bdsvm,iid,3176,1,2400,0.5778577744166468,0.7650416666666666,0.759,7851607488
bdsvm,iid,3176,2,2400,0.5779081289543909,0.7648333333333334,0.7593333333333333,7851360240
bdsvm,iid,3176,3,2400,0.5778836532369371,0.765,0.7593333333333333,7850124000
bdsvm,iid,3176,4,2400,0.5778275361801886,0.765,0.7591666666666667,7850371248
bdsvm,iid,3176,5,2400,0.5778477026150988,0.7649583333333333,0.7591666666666667,7850371248
bdsvm,iid,3176,6,2400,0.5778989946490445,0.7649583333333333,0.7591666666666667,7848887760
bdsvm,iid,3176,7,2400,0.5778260828530637,0.7650416666666666,0.7591666666666667,7850618496
bdsvm,iid,3176,8,2400,0.57791522620209,0.7649583333333333,0.7593333333333333,7849629504
bdsvm,iid,3176,9,2400,0.5778566778715304,0.7649166666666667,0.7591666666666667,7850371248
bdsvm,iid,3201,0,2400,0.5775335015233688,0.764875,0.7588333333333334,7910699760
bdsvm,iid,3201,1,2400,0.5776322837457577,0.7647916666666666,0.7581666666666667,7913419488
bdsvm,iid,3201,2,2400,0.5775265649794218,0.765,0.7583333333333333,7913172240
bdsvm,iid,3201,3,2400,0.5774018686311292,0.764625,0.7583333333333333,7911936000
bdsvm,iid,3201,4,2400,0.5803333015676411,0.7641666666666667,0.7593333333333333,7912183248
bdsvm,iid,3201,5,2400,0.5778925988800673,0.764875,0.7586666666666667,7912183248
bdsvm,iid,3201,6,2400,0.5778615897765914,0.764625,0.7588333333333334,7910699760
bdsvm,iid,3201,7,2400,0.5776481429846324,0.76475,0.7588333333333334,7912430496
bdsvm,iid,3201,8,2400,0.5777727023554913,0.7652083333333334,0.7588333333333334,7911441504
bdsvm,iid,3201,9,2400,0.577716127503497,0.765,0.7583333333333333,7912183248
bdsvm,iid,3226,0,2400,0.5846654211938489,0.763,0.7571666666666667,7972511760
bdsvm,iid,3226,1,2400,0.6023724785895307,0.7489166666666667,0.7431666666666666,7975231488
bdsvm,iid,3226,2,2400,0.6238579816913576,0.7327083333333333,0.7306666666666667,7974984240
bdsvm,iid,3226,3,2400,0.6238716980522476,0.7290833333333333,0.7263333333333334,7973748000
bdsvm,iid,3226,4,2400,0.6027464197679534,0.7460416666666667,0.7413333333333333,7973995248
bdsvm,iid,3226,5,2400,0.6014216616563007,0.7490833333333333,0.7428333333333333,7973995248
bdsvm,iid,3226,6,2400,0.6027074023870505,0.7487083333333333,0.744,7972511760
bdsvm,iid,3226,7,2400,0.5936102730339184,0.7589166666666667,0.753,7974242496
bdsvm,iid,3226,8,2400,0.5839070120469397,0.7630833333333333,0.7563333333333333,7973253504
bdsvm,iid,3226,9,2400,0.6026848017886233,0.7449583333333333,0.7413333333333333,7973995248
bdsvm,iid,3251,0,2400,0.5816739816485682,0.7637083333333333,0.7573333333333333,8034323760
bdsvm,iid,3251,1,2400,0.581046409560665,0.7640416666666666,0.7566666666666667,8037043488
bdsvm,iid,3251,2,2400,0.5814957874442266,0.7636666666666667,0.7575,8036796240
bdsvm,iid,3251,3,2400,0.580989934825081,0.7640833333333333,0.7565,8035560000
bdsvm,iid,3251,4,2400,0.580971312370629,0.764,0.7568333333333334,8035807248
bdsvm,iid,3251,5,2400,0.5814720748022006,0.7635833333333333,0.7575,8035807248
bdsvm,iid,3251,6,2400,0.5810483465501439,0.7639583333333333,0.7568333333333334,8034323760
bdsvm,iid,3251,7,2400,0.5816352495051909,0.7636666666666667,0.7575,8036054496
bdsvm,iid,3251,8,2400,0.5808046460199164,0.764,0.7566666666666667,8035065504
bdsvm,iid,3251,9,2400,0.5809693947190019,0.7639583333333333,0.7566666666666667,8035807248
bdsvm,iid,3276,0,2400,0.5841422504737606,0.7625,0.756,8096135760
bdsvm,iid,3276,1,2400,0.5842902430247441,0.7624166666666666,0.7561666666666667,8098855488
bdsvm,iid,3276,2,2400,0.5840101277632318,0.762375,0.7561666666666667,8098608240
bdsvm,iid,3276,3,2400,0.584061518503453,0.7624583333333333,0.7563333333333333,8097372000
bdsvm,iid,3276,4,2400,0.5840410135539789,0.7624583333333333,0.7563333333333333,8097619248
bdsvm,iid,3276,5,2400,0.5843479199947162,0.76225,0.7558333333333334,8097619248
bdsvm,iid,3276,6,2400,0.5841580900618145,0.762375,0.756,8096135760
bdsvm,iid,3276,7,2400,0.5841193669746099,0.76225,0.7563333333333333,8097866496
bdsvm,iid,3276,8,2400,0.584210667218257,0.7624583333333333,0.7566666666666667,8096877504
bdsvm,iid,3276,9,2400,0.5844199974666449,0.76225,0.7566666666666667,8097619248
bdsvm,iid,3301,0,2400,0.5888211532883249,0.7594583333333333,0.754,8157947760
bdsvm,iid,3301,1,2400,0.5911671261642069,0.7578333333333334,0.7521666666666667,8160667488
bdsvm,iid,3301,2,2400,0.5927939285070084,0.757875,0.7513333333333333,8160420240
bdsvm,iid,3301,3,2400,0.59138723484216,0.7579166666666667,0.753,8159184000
bdsvm,iid,3301,4,2400,0.5910599941545804,0.7579583333333333,0.753,8159431248
bdsvm,iid,3301,5,2400,0.5909019640065846,0.7584583333333333,0.7541666666666667,8159431248
bdsvm,iid,3301,6,2400,0.5890868867406968,0.759375,0.7541666666666667,8157947760
bdsvm,iid,3301,7,2400,0.5891732594653187,0.759375,0.7543333333333333,8159678496
bdsvm,iid,3301,8,2400,0.5891864964175327,0.7594166666666666,0.754,8158689504
bdsvm,iid,3301,9,2400,0.5929981667862254,0.7576666666666667,0.7518333333333334,8159431248
bdsvm,iid,3326,0,2400,0.5742231372814708,0.7652083333333334,0.758,8219759760
bdsvm,iid,3326,1,2400,0.5740948840080516,0.7653333333333333,0.7581666666666667,8222479488
bdsvm,iid,3326,2,2400,0.5741660588946149,0.7652916666666667,0.7585,8222232240
bdsvm,iid,3326,3,2400,0.5742662215215472,0.7651666666666667,0.758,8220996000
bdsvm,iid,3326,4,2400,0.5740228888488902,0.7652083333333334,0.7586666666666667,8221243248
bdsvm,iid,3326,5,2400,0.5741528685358,0.76525,0.7581666666666667,8221243248
bdsvm,iid,3326,6,2400,0.5740977811731581,0.7651666666666667,0.7585,8219759760
bdsvm,iid,3326,7,2400,0.574219490138516,0.7651666666666667,0.7581666666666667,8221490496
bdsvm,iid,3326,8,2400,0.574043124232033,0.7651666666666667,0.7585,8220501504
bdsvm,iid,3326,9,2400,0.5740982026254671,0.765375,0.7583333333333333,8221243248
bdsvm,iid,3351,0,2400,0.5788758441642411,0.7639583333333333,0.7585,8281571760
bdsvm,iid,3351,1,2400,0.578912343958202,0.7638333333333334,0.7583333333333333,8284291488
bdsvm,iid,3351,2,2400,0.5790971799732443,0.7639583333333333,0.7586666666666667,8284044240
bdsvm,iid,3351,3,2400,0.5789198417387131,0.7639166666666667,0.7585,8282808000
bdsvm,iid,3351,4,2400,0.5788883997055494,0.7639166666666667,0.7586666666666667,8283055248
bdsvm,iid,3351,5,2400,0.5789362975141785,0.7639583333333333,0.7585,8283055248
bdsvm,iid,3351,6,2400,0.5788914354942307,0.7639583333333333,0.7586666666666667,8281571760
bdsvm,iid,3351,7,2400,0.5789095522390098,0.7638333333333334,0.7588333333333334,8283302496
bdsvm,iid,3351,8,2400,0.5789205388262163,0.7639583333333333,0.7588333333333334,8282313504
bdsvm,iid,3351,9,2400,0.5789667739795883,0.7639166666666667,0.7583333333333333,8283055248
bdsvm,iid,3376,0,2400,0.5719222577197821,0.765375,0.76,8343383760
bdsvm,iid,3376,1,2400,0.571777554798967,0.7654583333333334,0.7596666666666667,8346103488
bdsvm,iid,3376,2,2400,0.5720446966365693,0.7655,0.7596666666666667,8345856240
bdsvm,iid,3376,3,2400,0.571807223574506,0.7655416666666667,0.7595,8344620000
bdsvm,iid,3376,4,2400,0.5720277116090959,0.7655,0.76,8344867248
bdsvm,iid,3376,5,2400,0.5720114528849097,0.7652916666666667,0.76,8344867248
bdsvm,iid,3376,6,2400,0.5719190882692529,0.7654583333333334,0.7598333333333334,8343383760
bdsvm,iid,3376,7,2400,0.5718469460348042,0.7655,0.7598333333333334,8345114496
bdsvm,iid,3376,8,2400,0.5719372407435387,0.7658333333333334,0.7596666666666667,8344125504
bdsvm,iid,3376,9,2400,0.5720216483622171,0.7653333333333333,0.76,8344867248
bdsvm,iid,3401,0,2400,0.5754295829640754,0.7652083333333334,0.7596666666666667,8405195760
bdsvm,iid,3401,1,2400,0.5758608843674818,0.7650416666666666,0.7591666666666667,8407915488
bdsvm,iid,3401,2,2400,0.5753978648117142,0.7650833333333333,0.7598333333333334,8407668240
bdsvm,iid,3401,3,2400,0.5751702534067112,0.7651666666666667,0.7596666666666667,8406432000
bdsvm,iid,3401,4,2400,0.5757250945522167,0.7650416666666666,0.7598333333333334,8406679248
bdsvm,iid,3401,5,2400,0.5760152225065003,0.7652083333333334,0.7596666666666667,8406679248
bdsvm,iid,3401,6,2400,0.5755101664942027,0.765125,0.7595,8405195760
bdsvm,iid,3401,7,2400,0.5755518001848929,0.7651666666666667,0.7596666666666667,8406926496
bdsvm,iid,3401,8,2400,0.5753839927332401,0.76525,0.7596666666666667,8405937504
bdsvm,iid,3401,9,2400,0.575846640511262,0.7650416666666666,0.7596666666666667,8406679248
bdsvm,iid,3426,0,2400,0.5778455190749289,0.7640833333333333,0.7593333333333333,8467007760
bdsvm,iid,3426,1,2400,0.5792427135066851,0.76425,0.7588333333333334,8469727488
bdsvm,iid,3426,2,2400,0.5779573019895413,0.7640416666666666,0.7593333333333333,8469480240
bdsvm,iid,3426,3,2400,0.5780628383317447,0.7642083333333334,0.7593333333333333,8468244000
bdsvm,iid,3426,4,2400,0.5776242683918054,0.7643333333333333,0.7593333333333333,8468491248
bdsvm,iid,3426,5,2400,0.577365639754109,0.7645833333333333,0.7595,8468491248
bdsvm,iid,3426,6,2400,0.5779801199446675,0.7641666666666667,0.7595,8467007760
bdsvm,iid,3426,7,2400,0.5795314137794393,0.7641666666666667,0.7591666666666667,8468738496
bdsvm,iid,3426,8,2400,0.5776562587509492,0.7645,0.7593333333333333,8467749504
bdsvm,iid,3426,9,2400,0.5778363139045191,0.7643333333333333,0.7598333333333334,8468491248
bdsvm,iid,3451,0,2400,0.5794157120423826,0.7642083333333334,0.7581666666666667,8528819760
bdsvm,iid,3451,1,2400,0.5796142013546676,0.764,0.7578333333333334,8531539488
bdsvm,iid,3451,2,2400,0.5795621190733758,0.76425,0.758,8531292240
bdsvm,iid,3451,3,2400,0.5793857971949004,0.7641666666666667,0.7581666666666667,8530056000
bdsvm,iid,3451,4,2400,0.5793313042271803,0.7642083333333334,0.758,8530303248
bdsvm,iid,3451,5,2400,0.5793216217632345,0.7643333333333333,0.758,8530303248
bdsvm,iid,3451,6,2400,0.5796614341076622,0.7642083333333334,0.7581666666666667,8528819760
bdsvm,iid,3451,7,2400,0.5794357130091929,0.76425,0.758,8530550496
bdsvm,iid,3451,8,2400,0.5794068687131282,0.7642916666666667,0.7578333333333334,8529561504
bdsvm,iid,3451,9,2400,0.5794172311332998,0.7642083333333334,0.7581666666666667,8530303248
bdsvm,iid,3476,0,2400,0.5714112053453233,0.7654166666666666,0.7588333333333334,8590631760
bdsvm,iid,3476,1,2400,0.5712541099529953,0.765,0.7591666666666667,8593351488
bdsvm,iid,3476,2,2400,0.5714689601921932,0.7655416666666667,0.759,8593104240
bdsvm,iid,3476,3,2400,0.571179787604032,0.7654166666666666,0.7586666666666667,8591868000
bdsvm,iid,3476,4,2400,0.5715488318923723,0.7654583333333334,0.759,8592115248
bdsvm,iid,3476,5,2400,0.5717427233376178,0.7653333333333333,0.7591666666666667,8592115248
bdsvm,iid,3476,6,2400,0.5713564759098542,0.7655,0.759,8590631760
bdsvm,iid,3476,7,2400,0.5715090859807258,0.7655,0.7591666666666667,8592362496
bdsvm,iid,3476,8,2400,0.5714666544312464,0.7655833333333333,0.759,8591373504
bdsvm,iid,3476,9,2400,0.5715458789392374,0.7653333333333333,0.759,8592115248
bdsvm,iid,3501,0,2400,0.5741839522864987,0.765375,0.7601666666666667,8652443760
bdsvm,iid,3501,1,2400,0.5743052101664753,0.765375,0.7598333333333334,8655163488
bdsvm,iid,3501,2,2400,0.5739249407500293,0.7652083333333334,0.7603333333333333,8654916240
bdsvm,iid,3501,3,2400,0.5739784613004091,0.765125,0.76,8653680000
bdsvm,iid,3501,4,2400,0.5742756585733455,0.7651666666666667,0.76,8653927248
bdsvm,iid,3501,5,2400,0.5746155748973929,0.7652916666666667,0.7595,8653927248
bdsvm,iid,3501,6,2400,0.57413063279399,0.7652083333333334,0.7601666666666667,8652443760
bdsvm,iid,3501,7,2400,0.5742415296098075,0.765375,0.7605,8654174496
bdsvm,iid,3501,8,2400,0.573892431884765,0.7654583333333334,0.7608333333333334,8653185504
bdsvm,iid,3501,9,2400,0.5744720194657813,0.7653333333333333,0.76,8653927248
bdsvm,iid,3526,0,2400,0.579106141035493,0.7642916666666667,0.7585,8714255760
bdsvm,iid,3526,1,2400,0.5790511247471128,0.76425,0.7586666666666667,8716975488
bdsvm,iid,3526,2,2400,0.5791387289092736,0.7645833333333333,0.758,8716728240
bdsvm,iid,3526,3,2400,0.57895448539959,0.7645416666666667,0.758,8715492000
bdsvm,iid,3526,4,2400,0.5790801725265455,0.7644583333333334,0.758,8715739248
bdsvm,iid,3526,5,2400,0.5791988673951488,0.7642916666666667,0.7585,8715739248
bdsvm,iid,3526,6,2400,0.5789757955944335,0.7645833333333333,0.758,8714255760
bdsvm,iid,3526,7,2400,0.5789791438828676,0.764375,0.758,8715986496
bdsvm,iid,3526,8,2400,0.5790781359652559,0.764625,0.7576666666666667,8714997504
bdsvm,iid,3526,9,2400,0.579091078335358,0.7645833333333333,0.758,8715739248
bdsvm,iid,3551,0,2400,0.58547356893763,0.7603333333333333,0.7538333333333334,8776067760
bdsvm,iid,3551,1,2400,0.5855039208249528,0.7604166666666666,0.7535,8778787488
bdsvm,iid,3551,2,2400,0.5850639248557621,0.7605833333333333,0.754,8778540240
bdsvm,iid,3551,3,2400,0.5851896263107595,0.7602916666666667,0.754,8777304000
bdsvm,iid,3551,4,2400,0.5852040712014986,0.760625,0.754,8777551248
bdsvm,iid,3551,5,2400,0.5851846349551846,0.7605833333333333,0.7541666666666667,8777551248
bdsvm,iid,3551,6,2400,0.5888423915878486,0.7589583333333333,0.7525,8776067760
bdsvm,iid,3551,7,2400,0.5852856547081321,0.7606666666666667,0.7541666666666667,8777798496
bdsvm,iid,3551,8,2400,0.5886698009716139,0.7589166666666667,0.7523333333333333,8776809504
bdsvm,iid,3551,9,2400,0.5887792924513132,0.7589583333333333,0.7528333333333334,8777551248
bdsvm,iid,3576,0,2400,0.5763674982164158,0.7647916666666666,0.7586666666666667,8837879760
bdsvm,iid,3576,1,2400,0.5763465908414415,0.7648333333333334,0.7593333333333333,8840599488
bdsvm,iid,3576,2,2400,0.5763728965026579,0.764875,0.7586666666666667,8840352240
bdsvm,iid,3576,3,2400,0.576309485038191,0.7648333333333334,0.7586666666666667,8839116000
bdsvm,iid,3576,4,2400,0.5761026036316469,0.7650416666666666,0.7586666666666667,8839363248
bdsvm,iid,3576,5,2400,0.5771426281358802,0.7642083333333334,0.759,8839363248
bdsvm,iid,3576,6,2400,0.5763948869916088,0.7649166666666667,0.759,8837879760
bdsvm,iid,3576,7,2400,0.5762004934279099,0.765,0.7586666666666667,8839610496
bdsvm,iid,3576,8,2400,0.5763223381578708,0.7650416666666666,0.7586666666666667,8838621504
bdsvm,iid,3576,9,2400,0.576528979996963,0.7647083333333333,0.7588333333333334,8839363248
bdsvm,iid,3601,0,2400,0.5801103058372169,0.7635416666666667,0.7566666666666667,8899691760
bdsvm,iid,3601,1,2400,0.5798726957145677,0.764,0.7571666666666667,8902411488
bdsvm,iid,3601,2,2400,0.5802093321598898,0.764,0.7566666666666667,8902164240
bdsvm,iid,3601,3,2400,0.5801183780386883,0.7637916666666666,0.757,8900928000
bdsvm,iid,3601,4,2400,0.5800594438312199,0.7635,0.7568333333333334,8901175248
bdsvm,iid,3601,5,2400,0.5802105782756333,0.7632916666666667,0.7566666666666667,8901175248
bdsvm,iid,3601,6,2400,0.5801548205915648,0.7636666666666667,0.7565,8899691760
bdsvm,iid,3601,7,2400,0.5800018153254108,0.7636666666666667,0.7565,8901422496
bdsvm,iid,3601,8,2400,0.5799208090192988,0.7639166666666667,0.7568333333333334,8900433504
bdsvm,iid,3601,9,2400,0.5801167804729521,0.763875,0.757,8901175248
bdsvm,iid,3626,0,2400,0.5869341094862013,0.7609166666666667,0.7555,8961503760
bdsvm,iid,3626,1,2400,0.5872221429631688,0.761,0.7551666666666667,8964223488
bdsvm,iid,3626,2,2400,0.5850150166422432,0.761875,0.7556666666666667,8963976240
bdsvm,iid,3626,3,2400,0.5873440512758761,0.76125,0.7551666666666667,8962740000
bdsvm,iid,3626,4,2400,0.5849873648221048,0.7614583333333333,0.7556666666666667,8962987248
bdsvm,iid,3626,5,2400,0.5872378551780637,0.7610416666666666,0.7551666666666667,8962987248
bdsvm,iid,3626,6,2400,0.5867022196048564,0.7610416666666666,0.7551666666666667,8961503760
bdsvm,iid,3626,7,2400,0.5872766211728618,0.7610833333333333,0.7553333333333333,8963234496
bdsvm,iid,3626,8,2400,0.5886239573644577,0.7602083333333334,0.7561666666666667,8962245504
bdsvm,iid,3626,9,2400,0.5875094180011986,0.7612083333333334,0.7558333333333334,8962987248
bdsvm,iid,3651,0,2400,0.5767864278390591,0.764625,0.7581666666666667,9023315760
bdsvm,iid,3651,1,2400,0.5768927013172939,0.76475,0.7578333333333334,9026035488
bdsvm,iid,3651,2,2400,0.5771684862782758,0.7644166666666666,0.7583333333333333,9025788240
bdsvm,iid,3651,3,2400,0.5768894307199249,0.7646666666666667,0.7581666666666667,9024552000
bdsvm,iid,3651,4,2400,0.5768454824592589,0.7647083333333333,0.7583333333333333,9024799248
bdsvm,iid,3651,5,2400,0.5769094622384929,0.7645833333333333,0.758,9024799248
bdsvm,iid,3651,6,2400,0.577136900769722,0.7645416666666667,0.7581666666666667,9023315760
bdsvm,iid,3651,7,2400,0.5778450602347138,0.7644166666666666,0.7583333333333333,9025046496
bdsvm,iid,3651,8,2400,0.5764844900798121,0.7648333333333334,0.7578333333333334,9024057504
bdsvm,iid,3651,9,2400,0.577146331550296,0.7645416666666667,0.7583333333333333,9024799248
bdsvm,iid,3676,0,2400,0.5788483856977333,0.76425,0.7585,9085127760
bdsvm,iid,3676,1,2400,0.5790205165749006,0.7643333333333333,0.7583333333333333,9087847488
bdsvm,iid,3676,2,2400,0.5799382679351551,0.7648333333333334,0.7575,9087600240
bdsvm,iid,3676,3,2400,0.5791094159161647,0.7642083333333334,0.7583333333333333,9086364000
bdsvm,iid,3676,4,2400,0.5791778408681041,0.7643333333333333,0.7586666666666667,9086611248
bdsvm,iid,3676,5,2400,0.5783969043548199,0.7644583333333334,0.7586666666666667,9086611248
bdsvm,iid,3676,6,2400,0.5789300140544313,0.764125,0.7581666666666667,9085127760
bdsvm,iid,3676,7,2400,0.5788500971766977,0.7642916666666667,0.7588333333333334,9086858496
bdsvm,iid,3676,8,2400,0.5798674390442159,0.76475,0.7576666666666667,9085869504
bdsvm,iid,3676,9,2400,0.5785936765339045,0.7642083333333334,0.7585,9086611248
bdsvm,iid,3701,0,2400,0.5798102467540399,0.7640416666666666,0.757,9146939760
bdsvm,iid,3701,1,2400,0.5798245522475288,0.764,0.7568333333333334,9149659488
bdsvm,iid,3701,2,2400,0.57984511150505,0.7640416666666666,0.7571666666666667,9149412240
bdsvm,iid,3701,3,2400,0.5798998055795364,0.7639166666666667,0.7568333333333334,9148176000
bdsvm,iid,3701,4,2400,0.5798330106049123,0.7640416666666666,0.7571666666666667,9148423248
bdsvm,iid,3701,5,2400,0.5799573040297628,0.7637083333333333,0.757,9148423248
bdsvm,iid,3701,6,2400,0.5798712316423651,0.7639583333333333,0.757,9146939760
bdsvm,iid,3701,7,2400,0.5798054762265312,0.7642083333333334,0.7573333333333333,9148670496
bdsvm,iid,3701,8,2400,0.5798140333087112,0.764125,0.7575,9147681504
bdsvm,iid,3701,9,2400,0.579860099666616,0.7639583333333333,0.7568333333333334,9148423248
bdsvm,iid,3726,0,2400,0.5844547038814785,0.762125,0.756,9208751760
bdsvm,iid,3726,1,2400,0.5844069414396194,0.76225,0.756,9211471488
bdsvm,iid,3726,2,2400,0.5843480785733615,0.7623333333333333,0.7568333333333334,9211224240
bdsvm,iid,3726,3,2400,0.584333435796848,0.76225,0.7565,9209988000
bdsvm,iid,3726,4,2400,0.5841737958726414,0.7622916666666667,0.757,9210235248
bdsvm,iid,3726,5,2400,0.5844166884729485,0.7622916666666667,0.7563333333333333,9210235248
bdsvm,iid,3726,6,2400,0.5841272377119381,0.7622916666666667,0.7568333333333334,9208751760
bdsvm,iid,3726,7,2400,0.5845390416586733,0.7622083333333334,0.7563333333333333,9210482496
bdsvm,iid,3726,8,2400,0.5841988108508316,0.7624166666666666,0.7573333333333333,9209493504
bdsvm,iid,3726,9,2400,0.5843881221138455,0.7621666666666667,0.7563333333333333,9210235248
bdsvm,iid,3751,0,2400,0.5727463955703833,0.7655,0.7598333333333334,9270563760
bdsvm,iid,3751,1,2400,0.5726908864976269,0.765375,0.76,9273283488
bdsvm,iid,3751,2,2400,0.5727690672779455,0.76525,0.7593333333333333,9273036240
bdsvm,iid,3751,3,2400,0.5727962616825291,0.76525,0.7596666666666667,9271800000
bdsvm,iid,3751,4,2400,0.5727294889230586,0.765125,0.7593333333333333,9272047248
bdsvm,iid,3751,5,2400,0.572781308467804,0.76525,0.76,9272047248
bdsvm,iid,3751,6,2400,0.5728571932015272,0.76525,0.76,9270563760
bdsvm,iid,3751,7,2400,0.5727658512299963,0.7653333333333333,0.7593333333333333,9272294496
bdsvm,iid,3751,8,2400,0.5727053940624042,0.7654166666666666,0.759,9271305504
bdsvm,iid,3751,9,2400,0.5728025917963917,0.76525,0.7598333333333334,9272047248
bdsvm,iid,3776,0,2400,0.5779977771588195,0.763875,0.7575,9332375760
bdsvm,iid,3776,1,2400,0.577875683271005,0.764,0.7575,9335095488
bdsvm,iid,3776,2,2400,0.5778908611592426,0.7639583333333333,0.7583333333333333,9334848240
bdsvm,iid,3776,3,2400,0.5778626536764673,0.764,0.7578333333333334,9333612000
bdsvm,iid,3776,4,2400,0.5775900091415419,0.7644166666666666,0.7585,9333859248
bdsvm,iid,3776,5,2400,0.5774502721404893,0.7645,0.7588333333333334,9333859248
bdsvm,iid,3776,6,2400,0.5778323861175022,0.764,0.7581666666666667,9332375760
bdsvm,iid,3776,7,2400,0.577844613257918,0.7639583333333333,0.7581666666666667,9334106496
bdsvm,iid,3776,8,2400,0.5778841556025199,0.764,0.7583333333333333,9333117504
bdsvm,iid,3776,9,2400,0.5779879383175959,0.7637916666666666,0.7575,9333859248
bdsvm,iid,3801,0,2400,0.5847675656467284,0.7628333333333334,0.7571666666666667,9394187760
bdsvm,iid,3801,1,2400,0.585058775782847,0.7625833333333333,0.7566666666666667,9396907488
bdsvm,iid,3801,2,2400,0.5848412629250088,0.762875,0.7575,9396660240
bdsvm,iid,3801,3,2400,0.5849400317673025,0.7624583333333333,0.7568333333333334,9395424000
bdsvm,iid,3801,4,2400,0.5866243372557838,0.763375,0.758,9395671248
bdsvm,iid,3801,5,2400,0.5833217018297269,0.7632083333333334,0.7573333333333333,9395671248
bdsvm,iid,3801,6,2400,0.5862872300103495,0.76175,0.757,9394187760
bdsvm,iid,3801,7,2400,0.5870392170277334,0.7628333333333334,0.7568333333333334,9395918496
bdsvm,iid,3801,8,2400,0.5880853080228822,0.7616666666666667,0.7578333333333334,9394929504
bdsvm,iid,3801,9,2400,0.5848800059402278,0.76275,0.7576666666666667,9395671248
bdsvm,iid,3826,0,2400,0.5792860490599241,0.7636666666666667,0.7573333333333333,9455999760
bdsvm,iid,3826,1,2400,0.5791745808027189,0.7638333333333334,0.7571666666666667,9458719488
bdsvm,iid,3826,2,2400,0.5791817290367045,0.7637916666666666,0.7575,9458472240
bdsvm,iid,3826,3,2400,0.5800313593711052,0.764,0.7578333333333334,9457236000
bdsvm,iid,3826,4,2400,0.579188574967898,0.7637916666666666,0.7575,9457483248
bdsvm,iid,3826,5,2400,0.5791530610142042,0.7639166666666667,0.7573333333333333,9457483248
bdsvm,iid,3826,6,2400,0.5800940986091346,0.7639583333333333,0.7578333333333334,9455999760
bdsvm,iid,3826,7,2400,0.5802716059392998,0.7639166666666667,0.7578333333333334,9457730496
bdsvm,iid,3826,8,2400,0.5791803924919756,0.76375,0.7575,9456741504
bdsvm,iid,3826,9,2400,0.5791375682818708,0.7637916666666666,0.7573333333333333,9457483248
bdsvm,iid,3851,0,2400,0.5703031479510434,0.7659583333333333,0.7608333333333334,9517811760
bdsvm,iid,3851,1,2400,0.5699663936478289,0.766,0.761,9520531488
bdsvm,iid,3851,2,2400,0.5705416419350977,0.7660833333333333,0.7603333333333333,9520284240
bdsvm,iid,3851,3,2400,0.572376865770563,0.7655416666666667,0.7596666666666667,9519048000
bdsvm,iid,3851,4,2400,0.5724327218941266,0.7654166666666666,0.7603333333333333,9519295248
bdsvm,iid,3851,5,2400,0.5702986054156348,0.7659583333333333,0.7606666666666667,9519295248
bdsvm,iid,3851,6,2400,0.5697706189094572,0.7659583333333333,0.7603333333333333,9517811760
bdsvm,iid,3851,7,2400,0.5702833598928048,0.7659583333333333,0.7603333333333333,9519542496
bdsvm,iid,3851,8,2400,0.5723204230601192,0.765875,0.7603333333333333,9518553504
bdsvm,iid,3851,9,2400,0.5702805655044894,0.7659583333333333,0.7606666666666667,9519295248
bdsvm,iid,3876,0,2400,0.5731807199960233,0.7649583333333333,0.7596666666666667,9579623760
bdsvm,iid,3876,1,2400,0.5734615876074883,0.764875,0.7596666666666667,9582343488
bdsvm,iid,3876,2,2400,0.573260615123811,0.765125,0.76,9582096240
bdsvm,iid,3876,3,2400,0.5736139273281202,0.7649166666666667,0.7596666666666667,9580860000
bdsvm,iid,3876,4,2400,0.5735226869143053,0.7652083333333334,0.7598333333333334,9581107248
bdsvm,iid,3876,5,2400,0.5735483408866213,0.765,0.7595,9581107248
bdsvm,iid,3876,6,2400,0.5732445251243352,0.764875,0.7596666666666667,9579623760
bdsvm,iid,3876,7,2400,0.5733563648089465,0.7652083333333334,0.7598333333333334,9581354496
bdsvm,iid,3876,8,2400,0.5733929629904815,0.76525,0.7595,9580365504
bdsvm,iid,3876,9,2400,0.5736252395299191,0.765,0.7596666666666667,9581107248
bdsvm,iid,3901,0,2400,0.588577196912043,0.7607916666666666,0.7555,9641435760
bdsvm,iid,3901,1,2400,0.5885688963404868,0.760875,0.7555,9644155488
bdsvm,iid,3901,2,2400,0.5886649186389532,0.7607916666666666,0.7556666666666667,9643908240
bdsvm,iid,3901,3,2400,0.5885649470824134,0.76075,0.756,9642672000
bdsvm,iid,3901,4,2400,0.5886984839606736,0.7607083333333333,0.7556666666666667,9642919248
bdsvm,iid,3901,5,2400,0.5885119909505815,0.7608333333333334,0.7558333333333334,9642919248
bdsvm,iid,3901,6,2400,0.588637248902403,0.7607083333333333,0.7558333333333334,9641435760
bdsvm,iid,3901,7,2400,0.5886337292737721,0.76075,0.756,9643166496
bdsvm,iid,3901,8,2400,0.5886975218404807,0.7607083333333333,0.7556666666666667,9642177504
bdsvm,iid,3901,9,2400,0.5884941107189238,0.760875,0.7558333333333334,9642919248
bdsvm,iid,3926,0,2400,0.5914019223033062,0.7568333333333334,0.7518333333333334,9703247760
bdsvm,iid,3926,1,2400,0.5917755405110988,0.756875,0.7513333333333333,9705967488
bdsvm,iid,3926,2,2400,0.5924777352602032,0.7564166666666666,0.7508333333333334,9705720240
bdsvm,iid,3926,3,2400,0.5916892933641534,0.7570833333333333,0.7518333333333334,9704484000
bdsvm,iid,3926,4,2400,0.5916296238570959,0.757,0.752,9704731248
bdsvm,iid,3926,5,2400,0.591816575319077,0.7569166666666667,0.7515,9704731248
bdsvm,iid,3926,6,2400,0.5918012625742537,0.7569583333333333,0.7513333333333333,9703247760
bdsvm,iid,3926,7,2400,0.5914537632078397,0.756875,0.7521666666666667,9704978496
bdsvm,iid,3926,8,2400,0.5916669260625712,0.757125,0.752,9703989504
bdsvm,iid,3926,9,2400,0.5915996082068632,0.7569166666666667,0.752,9704731248
bdsvm,iid,3951,0,2400,0.576010032753294,0.7641666666666667,0.7593333333333333,9765059760
bdsvm,iid,3951,1,2400,0.5755947955222129,0.76425,0.7593333333333333,9767779488
bdsvm,iid,3951,2,2400,0.5764499075933561,0.7645,0.7593333333333333,9767532240
bdsvm,iid,3951,3,2400,0.5756360694202414,0.7641666666666667,0.7593333333333333,9766296000
bdsvm,iid,3951,4,2400,0.5759372158081532,0.76425,0.7593333333333333,9766543248
bdsvm,iid,3951,5,2400,0.5750492868879148,0.7644583333333334,0.759,9766543248
bdsvm,iid,3951,6,2400,0.5756201166891222,0.764125,0.7595,9765059760
bdsvm,iid,3951,7,2400,0.5761191311146369,0.7643333333333333,0.7593333333333333,9766790496
bdsvm,iid,3951,8,2400,0.5761171778959078,0.764375,0.7595,9765801504
bdsvm,iid,3951,9,2400,0.5754225468831183,0.7640833333333333,0.7595,9766543248
bdsvm,iid,3976,0,2400,0.5709761919062657,0.765875,0.7595,9826871760
bdsvm,iid,3976,1,2400,0.5709738538968436,0.766,0.7591666666666667,9829591488
bdsvm,iid,3976,2,2400,0.5710242267290664,0.7660833333333333,0.7596666666666667,9829344240
bdsvm,iid,3976,3,2400,0.5709679473143281,0.7659583333333333,0.7593333333333333,9828108000
bdsvm,iid,3976,4,2400,0.5710498085682262,0.7659166666666667,0.7596666666666667,9828355248
bdsvm,iid,3976,5,2400,0.5711008359832016,0.7659166666666667,0.7593333333333333,9828355248
bdsvm,iid,3976,6,2400,0.5710287484648764,0.7659583333333333,0.7591666666666667,9826871760
bdsvm,iid,3976,7,2400,0.5709871693650671,0.7659166666666667,0.7596666666666667,9828602496
bdsvm,iid,3976,8,2400,0.5709480088859401,0.7658333333333334,0.7598333333333334,9827613504
bdsvm,iid,3976,9,2400,0.5710488458576376,0.7658333333333334,0.7593333333333333,9828355248
bdsvm,iid,4001,0,2400,0.5773898253298222,0.7639583333333333,0.7575,9888683760
bdsvm,iid,4001,1,2400,0.5774487643033699,0.7637916666666666,0.7575,9891403488
bdsvm,iid,4001,2,2400,0.5776352714083355,0.764,0.7571666666666667,9891156240
bdsvm,iid,4001,3,2400,0.5775601636639656,0.7637916666666666,0.7576666666666667,9889920000
bdsvm,iid,4001,4,2400,0.5776392832029152,0.7638333333333334,0.7575,9890167248
bdsvm,iid,4001,5,2400,0.5775922525673306,0.763875,0.7576666666666667,9890167248
bdsvm,iid,4001,6,2400,0.5775292656006695,0.7639583333333333,0.7576666666666667,9888683760
bdsvm,iid,4001,7,2400,0.5776288759558788,0.7639166666666667,0.7576666666666667,9890414496
bdsvm,iid,4001,8,2400,0.5776142658369444,0.7640833333333333,0.758,9889425504
bdsvm,iid,4001,9,2400,0.5776800820690585,0.76375,0.7576666666666667,9890167248
bdsvm,iid,4026,0,2400,0.5787381350287284,0.7640416666666666,0.759,9950495760
bdsvm,iid,4026,1,2400,0.5776664882486094,0.76425,0.7595,9953215488
bdsvm,iid,4026,2,2400,0.5779089180546777,0.764,0.7596666666666667,9952968240
bdsvm,iid,4026,3,2400,0.5783964775050385,0.764125,0.7595,9951732000
bdsvm,iid,4026,4,2400,0.5783045685828433,0.764125,0.7595,9951979248
bdsvm,iid,4026,5,2400,0.5778477926137379,0.7639583333333333,0.759,9951979248
bdsvm,iid,4026,6,2400,0.5782238235438918,0.7642916666666667,0.7591666666666667,9950495760
bdsvm,iid,4026,7,2400,0.5784394927254776,0.7641666666666667,0.7591666666666667,9952226496
bdsvm,iid,4026,8,2400,0.5776001326533751,0.7640416666666666,0.7595,9951237504
bdsvm,iid,4026,9,2400,0.5778063306200594,0.7642916666666667,0.7596666666666667,9951979248
bdsvm,iid,4051,0,2400,0.5825674747627726,0.7635833333333333,0.7578333333333334,10012307760
bdsvm,iid,4051,1,2400,0.5816770070236493,0.7635833333333333,0.758,10015027488
bdsvm,iid,4051,2,2400,0.5818391261385856,0.763625,0.7576666666666667,10014780240
bdsvm,iid,4051,3,2400,0.5819035171474793,0.7635833333333333,0.7581666666666667,10013544000
bdsvm,iid,4051,4,2400,0.5814563233354517,0.7638333333333334,0.7573333333333333,10013791248
bdsvm,iid,4051,5,2400,0.5818257797234172,0.7635833333333333,0.7575,10013791248
bdsvm,iid,4051,6,2400,0.5814350658686032,0.7636666666666667,0.7576666666666667,10012307760
bdsvm,iid,4051,7,2400,0.5826450425234208,0.7637916666666666,0.7576666666666667,10014038496
bdsvm,iid,4051,8,2400,0.581414769299648,0.7640416666666666,0.7578333333333334,10013049504
bdsvm,iid,4051,9,2400,0.5813346609835854,0.7637916666666666,0.758,10013791248
bdsvm,iid,4076,0,2400,0.5773635672609968,0.7647083333333333,0.7576666666666667,10074119760
bdsvm,iid,4076,1,2400,0.5772227636569515,0.7646666666666667,0.7575,10076839488
bdsvm,iid,4076,2,2400,0.5775609917338516,0.7647083333333333,0.7578333333333334,10076592240
bdsvm,iid,4076,3,2400,0.5775254435013205,0.7645833333333333,0.758,10075356000
bdsvm,iid,4076,4,2400,0.576934403381729,0.7645,0.7575,10075603248
bdsvm,iid,4076,5,2400,0.5772898978390302,0.764625,0.7575,10075603248
bdsvm,iid,4076,6,2400,0.5772882317645109,0.76475,0.7578333333333334,10074119760
bdsvm,iid,4076,7,2400,0.5775410540410528,0.76475,0.7578333333333334,10075850496
bdsvm,iid,4076,8,2400,0.5774849801591201,0.7645416666666667,0.7576666666666667,10074861504
bdsvm,iid,4076,9,2400,0.5773095440319724,0.76475,0.7573333333333333,10075603248
bdsvm,iid,4101,0,2400,0.580444414072449,0.7640416666666666,0.7583333333333333,10135931760
bdsvm,iid,4101,1,2400,0.5803365556904444,0.7640833333333333,0.7581666666666667,10138651488
bdsvm,iid,4101,2,2400,0.5801022868721247,0.7640833333333333,0.7581666666666667,10138404240
bdsvm,iid,4101,3,2400,0.580225953884043,0.7640416666666666,0.7581666666666667,10137168000
bdsvm,iid,4101,4,2400,0.5802599540044424,0.764,0.7576666666666667,10137415248
bdsvm,iid,4101,5,2400,0.5805276102799559,0.764125,0.7583333333333333,10137415248
bdsvm,iid,4101,6,2400,0.5800462396999155,0.7641666666666667,0.7585,10135931760
bdsvm,iid,4101,7,2400,0.5801052219557035,0.7640416666666666,0.7576666666666667,10137662496
bdsvm,iid,4101,8,2400,0.5800794205116069,0.7641666666666667,0.7583333333333333,10136673504
bdsvm,iid,4101,9,2400,0.5804856540273188,0.7640833333333333,0.7583333333333333,10137415248
bdsvm,iid,4126,0,2400,0.5727366114476328,0.76575,0.759,10197743760
bdsvm,iid,4126,1,2400,0.5720908516726678,0.7656666666666667,0.7596666666666667,10200463488
bdsvm,iid,4126,2,2400,0.5723594608151386,0.7658333333333334,0.7591666666666667,10200216240
bdsvm,iid,4126,3,2400,0.5726474828904283,0.7655833333333333,0.7591666666666667,10198980000
bdsvm,iid,4126,4,2400,0.5724310866073407,0.7655833333333333,0.7588333333333334,10199227248
bdsvm,iid,4126,5,2400,0.5726304566397978,0.7655833333333333,0.7586666666666667,10199227248
bdsvm,iid,4126,6,2400,0.57199624874145,0.7655833333333333,0.7593333333333333,10197743760
bdsvm,iid,4126,7,2400,0.5726615536615016,0.7657916666666666,0.7595,10199474496
bdsvm,iid,4126,8,2400,0.5722904188309826,0.76575,0.7598333333333334,10198485504
bdsvm,iid,4126,9,2400,0.5727255790744198,0.7657083333333333,0.759,10199227248
bdsvm,iid,4151,0,2400,0.5804808161340138,0.764125,0.7576666666666667,10259555760
bdsvm,iid,4151,1,2400,0.58038831403377,0.7640833333333333,0.7576666666666667,10262275488
bdsvm,iid,4151,2,2400,0.58056157529533,0.7639583333333333,0.7576666666666667,10262028240
bdsvm,iid,4151,3,2400,0.580491284927485,0.764125,0.7575,10260792000
bdsvm,iid,4151,4,2400,0.5803922120626785,0.764125,0.7573333333333333,10261039248
bdsvm,iid,4151,5,2400,0.5803183214186058,0.7642083333333334,0.7575,10261039248
bdsvm,iid,4151,6,2400,0.5804569880697238,0.7640833333333333,0.7575,10259555760
bdsvm,iid,4151,7,2400,0.5805227008515603,0.764125,0.7575,10261286496
bdsvm,iid,4151,8,2400,0.5805090875180323,0.7640416666666666,0.7573333333333333,10260297504
bdsvm,iid,4151,9,2400,0.5804843595726934,0.7640833333333333,0.7576666666666667,10261039248
bdsvm,iid,4176,0,2400,0.5709826362359248,0.7660416666666666,0.7588333333333334,10321367760
bdsvm,iid,4176,1,2400,0.5709443220811502,0.7656666666666667,0.7588333333333334,10324087488
bdsvm,iid,4176,2,2400,0.5710720227698988,0.7655416666666667,0.7586666666666667,10323840240
bdsvm,iid,4176,3,2400,0.5710306297098622,0.7656666666666667,0.7586666666666667,10322604000
bdsvm,iid,4176,4,2400,0.570862738774644,0.7658333333333334,0.7585,10322851248
bdsvm,iid,4176,5,2400,0.5709312351837265,0.7658333333333334,0.7588333333333334,10322851248
bdsvm,iid,4176,6,2400,0.5709890708376356,0.76575,0.7591666666666667,10321367760
bdsvm,iid,4176,7,2400,0.5712152825308543,0.7655416666666667,0.7588333333333334,10323098496
bdsvm,iid,4176,8,2400,0.5708501905337606,0.7656666666666667,0.7585,10322109504
bdsvm,iid,4176,9,2400,0.5709291460036695,0.7655,0.7588333333333334,10322851248
bdsvm,iid,4201,0,2400,0.5802527289330366,0.7636666666666667,0.7583333333333333,10383179760
bdsvm,iid,4201,1,2400,0.5801182305972737,0.763875,0.758,10385899488
bdsvm,iid,4201,2,2400,0.5800823552919077,0.7637083333333333,0.7578333333333334,10385652240
bdsvm,iid,4201,3,2400,0.5801326666627391,0.7636666666666667,0.7578333333333334,10384416000
bdsvm,iid,4201,4,2400,0.5801926513327681,0.7636666666666667,0.7581666666666667,10384663248
bdsvm,iid,4201,5,2400,0.5801592255538616,0.7638333333333334,0.7578333333333334,10384663248
bdsvm,iid,4201,6,2400,0.5801417717340782,0.763625,0.7578333333333334,10383179760
bdsvm,iid,4201,7,2400,0.5801996445621894,0.7637083333333333,0.7581666666666667,10384910496
bdsvm,iid,4201,8,2400,0.5801071196370869,0.7636666666666667,0.7581666666666667,10383921504
bdsvm,iid,4201,9,2400,0.5801707766741212,0.7636666666666667,0.758,10384663248
bdsvm,iid,4226,0,2400,0.58868508564897,0.7597083333333333,0.755,10444991760
bdsvm,iid,4226,1,2400,0.5886817551232394,0.7597083333333333,0.7551666666666667,10447711488
bdsvm,iid,4226,2,2400,0.5887000150751648,0.7597083333333333,0.7551666666666667,10447464240
bdsvm,iid,4226,3,2400,0.58885498282982,0.7597916666666666,0.7553333333333333,10446228000
bdsvm,iid,4226,4,2400,0.5887623426977892,0.7597083333333333,0.7551666666666667,10446475248
bdsvm,iid,4226,5,2400,0.5885854862092755,0.759875,0.7553333333333333,10446475248
bdsvm,iid,4226,6,2400,0.5886405427975003,0.7597083333333333,0.755,10444991760
bdsvm,iid,4226,7,2400,0.5887157978529135,0.7597083333333333,0.7548333333333334,10446722496
bdsvm,iid,4226,8,2400,0.5887770922151971,0.76,0.7553333333333333,10445733504
bdsvm,iid,4226,9,2400,0.5886490019788938,0.759875,0.755,10446475248
bdsvm,iid,4251,0,2400,0.5910097538759296,0.7325,0.7276666666666667,10506803760
bdsvm,iid,4251,1,2400,0.5915324053734372,0.73025,0.7261666666666666,10509523488
bdsvm,iid,4251,2,2400,0.5910399773651246,0.7316666666666667,0.7273333333333334,10509276240
bdsvm,iid,4251,3,2400,0.5915532430892199,0.7302916666666667,0.7263333333333334,10508040000
bdsvm,iid,4251,4,2400,0.591440714512334,0.7313333333333333,0.7271666666666666,10508287248
bdsvm,iid,4251,5,2400,0.5913902285141097,0.730875,0.7268333333333333,10508287248
bdsvm,iid,4251,6,2400,0.5921928662846626,0.7292083333333333,0.7255,10506803760
bdsvm,iid,4251,7,2400,0.5908687511133386,0.732625,0.7281666666666666,10508534496
bdsvm,iid,4251,8,2400,0.5914237748829614,0.7313333333333333,0.7275,10507545504
bdsvm,iid,4251,9,2400,0.5909915956873101,0.7322916666666667,0.7276666666666667,10508287248
bdsvm,iid,4276,0,2400,0.5858652358787032,0.760125,0.7541666666666667,10568615760
bdsvm,iid,4276,1,2400,0.5860476668631485,0.7600416666666666,0.7541666666666667,10571335488
bdsvm,iid,4276,2,2400,0.586057106787511,0.76,0.7538333333333334,10571088240
bdsvm,iid,4276,3,2400,0.5859013265074552,0.7600416666666666,0.7538333333333334,10569852000
bdsvm,iid,4276,4,2400,0.585912791932147,0.760375,0.7541666666666667,10570099248
bdsvm,iid,4276,5,2400,0.5858234523254316,0.76025,0.7541666666666667,10570099248
bdsvm,iid,4276,6,2400,0.5855906748210156,0.7603333333333333,0.7543333333333333,10568615760
bdsvm,iid,4276,7,2400,0.5859283859117922,0.7602916666666667,0.7541666666666667,10570346496
bdsvm,iid,4276,8,2400,0.5858844928174456,0.7602916666666667,0.754,10569357504
bdsvm,iid,4276,9,2400,0.5859235899374251,0.7602083333333334,0.754,10570099248
bdsvm,iid,4301,0,2400,0.5802879027857811,0.7627083333333333,0.7573333333333333,10630427760
bdsvm,iid,4301,1,2400,0.5804451136150524,0.7626666666666667,0.7566666666666667,10633147488
bdsvm,iid,4301,2,2400,0.5801280449118211,0.76275,0.7576666666666667,10632900240
bdsvm,iid,4301,3,2400,0.5799988584406494,0.7627083333333333,0.7576666666666667,10631664000
bdsvm,iid,4301,4,2400,0.581574411940304,0.7620833333333333,0.7563333333333333,10631911248
bdsvm,iid,4301,5,2400,0.5806215482046388,0.762625,0.7563333333333333,10631911248
bdsvm,iid,4301,6,2400,0.5875189186009069,0.7594166666666666,0.7535,10630427760
bdsvm,iid,4301,7,2400,0.5798398931369045,0.7630416666666666,0.7573333333333333,10632158496
bdsvm,iid,4301,8,2400,0.5809669512791218,0.762625,0.7568333333333334,10631169504
bdsvm,iid,4301,9,2400,0.5812635387682504,0.7625833333333333,0.7563333333333333,10631911248
bdsvm,iid,4326,0,2400,0.5760004155823172,0.7644583333333334,0.7586666666666667,10692239760
bdsvm,iid,4326,1,2400,0.5759947923075309,0.7644583333333334,0.7588333333333334,10694959488
bdsvm,iid,4326,2,2400,0.5759371816765876,0.7645,0.7586666666666667,10694712240
bdsvm,iid,4326,3,2400,0.5759879888665129,0.764375,0.7588333333333334,10693476000
bdsvm,iid,4326,4,2400,0.5759993669259398,0.7644166666666666,0.7586666666666667,10693723248
bdsvm,iid,4326,5,2400,0.5760719461847611,0.764375,0.7588333333333334,10693723248
bdsvm,iid,4326,6,2400,0.57597601529136,0.764375,0.7588333333333334,10692239760
bdsvm,iid,4326,7,2400,0.576056876036887,0.764375,0.7586666666666667,10693970496
bdsvm,iid,4326,8,2400,0.5760476151378727,0.7644166666666666,0.7588333333333334,10692981504
bdsvm,iid,4326,9,2400,0.5759922722455977,0.764375,0.7588333333333334,10693723248
bdsvm,iid,4351,0,2400,0.5742608432330295,0.765125,0.7586666666666667,10754051760
bdsvm,iid,4351,1,2400,0.5744157808066976,0.765125,0.7583333333333333,10756771488
bdsvm,iid,4351,2,2400,0.5738282765966429,0.7654166666666666,0.7588333333333334,10756524240
bdsvm,iid,4351,3,2400,0.5740121496897816,0.7655,0.7588333333333334,10755288000
bdsvm,iid,4351,4,2400,0.5742356306108789,0.7650416666666666,0.7586666666666667,10755535248
bdsvm,iid,4351,5,2400,0.574257851143262,0.765125,0.7586666666666667,10755535248
bdsvm,iid,4351,6,2400,0.5742725304883632,0.7651666666666667,0.7585,10754051760
bdsvm,iid,4351,7,2400,0.5741420317237371,0.76525,0.759,10755782496
bdsvm,iid,4351,8,2400,0.5738174318503002,0.765125,0.7588333333333334,10754793504
bdsvm,iid,4351,9,2400,0.5742913799116584,0.7652083333333334,0.7586666666666667,10755535248
bdsvm,iid,4376,0,2400,0.5754977434588904,0.7650416666666666,0.7583333333333333,10815863760
bdsvm,iid,4376,1,2400,0.575501239561448,0.76525,0.7585,10818583488
bdsvm,iid,4376,2,2400,0.5756412346125891,0.7652916666666667,0.759,10818336240
bdsvm,iid,4376,3,2400,0.5755266387031841,0.7650833333333333,0.7583333333333333,10817100000
bdsvm,iid,4376,4,2400,0.5753920070882982,0.76525,0.759,10817347248
bdsvm,iid,4376,5,2400,0.5757710810737106,0.7650416666666666,0.7586666666666667,10817347248
bdsvm,iid,4376,6,2400,0.5753405469345454,0.7651666666666667,0.759,10815863760
bdsvm,iid,4376,7,2400,0.5753244040805663,0.76525,0.759,10817594496
bdsvm,iid,4376,8,2400,0.5755541832476626,0.7652916666666667,0.7588333333333334,10816605504
bdsvm,iid,4376,9,2400,0.5754604087568296,0.7652083333333334,0.7586666666666667,10817347248
bdsvm,iid,4401,0,2400,0.5802340329169272,0.7640833333333333,0.7575,10877675760
bdsvm,iid,4401,1,2400,0.5802187747785876,0.7640833333333333,0.7578333333333334,10880395488
bdsvm,iid,4401,2,2400,0.5802574864377938,0.7640416666666666,0.7576666666666667,10880148240
bdsvm,iid,4401,3,2400,0.5802360844102775,0.7640833333333333,0.7575,10878912000
bdsvm,iid,4401,4,2400,0.5802660452812692,0.7640833333333333,0.7576666666666667,10879159248
bdsvm,iid,4401,5,2400,0.5802671998646749,0.7640416666666666,0.7575,10879159248
bdsvm,iid,4401,6,2400,0.5802332481323759,0.7640833333333333,0.7575,10877675760
bdsvm,iid,4401,7,2400,0.580477877983729,0.7639166666666667,0.7576666666666667,10879406496
bdsvm,iid,4401,8,2400,0.5803057278878875,0.7640833333333333,0.7575,10878417504
bdsvm,iid,4401,9,2400,0.580234438459549,0.7640416666666666,0.7576666666666667,10879159248
bdsvm,iid,4426,0,2400,0.571989414170698,0.7657083333333333,0.7586666666666667,10939487760
bdsvm,iid,4426,1,2400,0.5718958507899355,0.765375,0.7581666666666667,10942207488
bdsvm,iid,4426,2,2400,0.5717642764740914,0.7658333333333334,0.7585,10941960240
bdsvm,iid,4426,3,2400,0.5721501286875146,0.7655416666666667,0.7585,10940724000
bdsvm,iid,4426,4,2400,0.5720428644729162,0.7657916666666666,0.7588333333333334,10940971248
bdsvm,iid,4426,5,2400,0.5722300332570653,0.7655416666666667,0.7583333333333333,10940971248
bdsvm,iid,4426,6,2400,0.5720056461315691,0.7655,0.7586666666666667,10939487760
bdsvm,iid,4426,7,2400,0.5720608946622776,0.7655416666666667,0.7588333333333334,10941218496
bdsvm,iid,4426,8,2400,0.5719042988195199,0.76575,0.7585,10940229504
bdsvm,iid,4426,9,2400,0.5721862602159107,0.7655416666666667,0.7585,10940971248
bdsvm,iid,4451,0,2400,0.5715250256106307,0.7658333333333334,0.7613333333333333,11001299760
bdsvm,iid,4451,1,2400,0.5718112426246338,0.7660416666666666,0.7611666666666667,11004019488
bdsvm,iid,4451,2,2400,0.5719833833277479,0.7657916666666666,0.761,11003772240
bdsvm,iid,4451,3,2400,0.5712712681234772,0.7659166666666667,0.7611666666666667,11002536000
bdsvm,iid,4451,4,2400,0.5717817915621185,0.7660833333333333,0.7613333333333333,11002783248
bdsvm,iid,4451,5,2400,0.5713253156955002,0.7659166666666667,0.7613333333333333,11002783248
bdsvm,iid,4451,6,2400,0.5714630975886517,0.76575,0.7611666666666667,11001299760
bdsvm,iid,4451,7,2400,0.5718787061188261,0.76575,0.761,11003030496
bdsvm,iid,4451,8,2400,0.5717482410073262,0.76575,0.7608333333333334,11002041504
bdsvm,iid,4451,9,2400,0.571366228086329,0.765875,0.761,11002783248
bdsvm,iid,4476,0,2400,0.5815759585509037,0.763625,0.7575,11063111760
bdsvm,iid,4476,1,2400,0.5815489075185724,0.7634166666666666,0.758,11065831488
bdsvm,iid,4476,2,2400,0.5818653604014427,0.7635,0.7575,11065584240
bdsvm,iid,4476,3,2400,0.5815048963518475,0.7634583333333333,0.7578333333333334,11064348000
bdsvm,iid,4476,4,2400,0.5814315727346274,0.7635833333333333,0.7578333333333334,11064595248
bdsvm,iid,4476,5,2400,0.5815535214868333,0.7635,0.7578333333333334,11064595248
bdsvm,iid,4476,6,2400,0.5808602059218951,0.7637916666666666,0.7581666666666667,11063111760
bdsvm,iid,4476,7,2400,0.581411973264951,0.7636666666666667,0.7578333333333334,11064842496
bdsvm,iid,4476,8,2400,0.5808455045695672,0.7639166666666667,0.7578333333333334,11063853504
bdsvm,iid,4476,9,2400,0.581449608828401,0.7634583333333333,0.758,11064595248
bdsvm,iid,4501,0,2400,0.5711877462810381,0.7660833333333333,0.7591666666666667,11124923760
bdsvm,iid,4501,1,2400,0.5713977716841482,0.7660416666666666,0.7588333333333334,11127643488
bdsvm,iid,4501,2,2400,0.5710846701827438,0.7664166666666666,0.7595,11127396240
bdsvm,iid,4501,3,2400,0.5714432904257826,0.76625,0.7588333333333334,11126160000
bdsvm,iid,4501,4,2400,0.5712250060356384,0.7661666666666667,0.759,11126407248
bdsvm,iid,4501,5,2400,0.5713477275391025,0.76625,0.7588333333333334,11126407248
bdsvm,iid,4501,6,2400,0.5713502618819554,0.76625,0.7593333333333333,11124923760
bdsvm,iid,4501,7,2400,0.5711532643909566,0.76625,0.7591666666666667,11126654496
bdsvm,iid,4501,8,2400,0.5711836526518006,0.7662083333333334,0.7596666666666667,11125665504
bdsvm,iid,4501,9,2400,0.5714029506091531,0.766125,0.759,11126407248
bdsvm,iid,4526,0,2400,0.5785604487400919,0.7642916666666667,0.7585,11186735760
bdsvm,iid,4526,1,2400,0.578588009979531,0.7643333333333333,0.7585,11189455488
bdsvm,iid,4526,2,2400,0.5785003503623234,0.7644166666666666,0.7586666666666667,11189208240
bdsvm,iid,4526,3,2400,0.5785445774329114,0.76425,0.7585,11187972000
bdsvm,iid,4526,4,2400,0.5784808581942374,0.764375,0.7585,11188219248
bdsvm,iid,4526,5,2400,0.5785898412473877,0.7642083333333334,0.7585,11188219248
bdsvm,iid,4526,6,2400,0.5786167985012051,0.7642083333333334,0.7585,11186735760
bdsvm,iid,4526,7,2400,0.578523763305742,0.7643333333333333,0.7585,11188466496
bdsvm,iid,4526,8,2400,0.5785281425162524,0.7644583333333334,0.7588333333333334,11187477504
bdsvm,iid,4526,9,2400,0.5785334770872216,0.76425,0.7586666666666667,11188219248
bdsvm,iid,4551,0,2400,0.5749159421763196,0.76475,0.7578333333333334,11248547760
bdsvm,iid,4551,1,2400,0.5746396044176668,0.76475,0.7576666666666667,11251267488
bdsvm,iid,4551,2,2400,0.575033239916436,0.7647083333333333,0.7585,11251020240
bdsvm,iid,4551,3,2400,0.5749780538242639,0.76475,0.7578333333333334,11249784000
bdsvm,iid,4551,4,2400,0.5750400136722084,0.7647916666666666,0.7581666666666667,11250031248
bdsvm,iid,4551,5,2400,0.5749293171707522,0.7648333333333334,0.7578333333333334,11250031248
bdsvm,iid,4551,6,2400,0.5746963554309977,0.76475,0.7581666666666667,11248547760
bdsvm,iid,4551,7,2400,0.5750408492885273,0.764875,0.7581666666666667,11250278496
bdsvm,iid,4551,8,2400,0.5743939242686162,0.7650416666666666,0.7591666666666667,11249289504
bdsvm,iid,4551,9,2400,0.5750465757653505,0.7647916666666666,0.7576666666666667,11250031248
bdsvm,iid,4576,0,2400,0.5807950083058251,0.7638333333333334,0.758,11310359760
bdsvm,iid,4576,1,2400,0.5806579091842655,0.7637916666666666,0.7581666666666667,11313079488
bdsvm,iid,4576,2,2400,0.5807535944733051,0.7638333333333334,0.7581666666666667,11312832240
bdsvm,iid,4576,3,2400,0.5807440942117942,0.763875,0.7578333333333334,11311596000
bdsvm,iid,4576,4,2400,0.5808433885773733,0.763875,0.7581666666666667,11311843248
bdsvm,iid,4576,5,2400,0.5806177619876831,0.7638333333333334,0.7581666666666667,11311843248
bdsvm,iid,4576,6,2400,0.5808125567674818,0.7638333333333334,0.7581666666666667,11310359760
bdsvm,iid,4576,7,2400,0.5808390952345643,0.7638333333333334,0.758,11312090496
bdsvm,iid,4576,8,2400,0.580752417329541,0.763875,0.7585,11311101504
bdsvm,iid,4576,9,2400,0.5807986023637224,0.7638333333333334,0.7581666666666667,11311843248
bdsvm,iid,4601,0,2400,0.5706946226374106,0.7660416666666666,0.7605,11372171760
bdsvm,iid,4601,1,2400,0.5707228631731559,0.7659166666666667,0.7598333333333334,11374891488
bdsvm,iid,4601,2,2400,0.5703613065091557,0.766125,0.7603333333333333,11374644240
bdsvm,iid,4601,3,2400,0.5706688812629086,0.7659583333333333,0.7603333333333333,11373408000
bdsvm,iid,4601,4,2400,0.5703293830608966,0.7660833333333333,0.7601666666666667,11373655248
bdsvm,iid,4601,5,2400,0.5705039827219914,0.7660833333333333,0.7601666666666667,11373655248
bdsvm,iid,4601,6,2400,0.5707535826155722,0.766125,0.7608333333333334,11372171760
bdsvm,iid,4601,7,2400,0.5707232410458766,0.765875,0.7608333333333334,11373902496
bdsvm,iid,4601,8,2400,0.570636581729755,0.7660416666666666,0.761,11372913504
bdsvm,iid,4601,9,2400,0.5707322074017196,0.7661666666666667,0.7605,11373655248
bdsvm,iid,4626,0,2400,0.5773424792511059,0.76525,0.7586666666666667,11433983760
bdsvm,iid,4626,1,2400,0.5767876807585837,0.76525,0.759,11436703488
bdsvm,iid,4626,2,2400,0.5770740019435635,0.7653333333333333,0.7586666666666667,11436456240
bdsvm,iid,4626,3,2400,0.5769419854873739,0.7652916666666667,0.759,11435220000
bdsvm,iid,4626,4,2400,0.5772053517856932,0.76525,0.7588333333333334,11435467248
bdsvm,iid,4626,5,2400,0.5770795924089559,0.7655,0.7586666666666667,11435467248
bdsvm,iid,4626,6,2400,0.5768589845796915,0.7653333333333333,0.759,11433983760
bdsvm,iid,4626,7,2400,0.576837629849933,0.7652916666666667,0.759,11435714496
bdsvm,iid,4626,8,2400,0.5772057419200849,0.7650833333333333,0.7588333333333334,11434725504
bdsvm,iid,4626,9,2400,0.5767715466175048,0.7653333333333333,0.7591666666666667,11435467248
bdsvm,iid,4651,0,2400,0.5900768778110864,0.75925,0.754,11495795760
bdsvm,iid,4651,1,2400,0.5955304421924924,0.7544166666666666,0.7511666666666666,11498515488
bdsvm,iid,4651,2,2400,0.5949935395733035,0.7555833333333334,0.7523333333333333,11498268240
bdsvm,iid,4651,3,2400,0.594984917810512,0.7547916666666666,0.7505,11497032000
bdsvm,iid,4651,4,2400,0.5948367587480782,0.7554583333333333,0.7521666666666667,11497279248
bdsvm,iid,4651,5,2400,0.5904907692961467,0.759,0.7546666666666667,11497279248
bdsvm,iid,4651,6,2400,0.5890887142782029,0.759375,0.7545,11495795760
bdsvm,iid,4651,7,2400,0.5901483770924743,0.7590833333333333,0.7536666666666667,11497526496
bdsvm,iid,4651,8,2400,0.5954857923099766,0.7542083333333334,0.752,11496537504
bdsvm,iid,4651,9,2400,0.5992925415995134,0.7502916666666667,0.7478333333333333,11497279248
bdsvm,iid,4676,0,2400,0.5941507809534889,0.751875,0.7495,11557607760
bdsvm,iid,4676,1,2400,0.5942071465450816,0.7518333333333334,0.7491666666666666,11560327488
bdsvm,iid,4676,2,2400,0.5941028987932998,0.7520833333333333,0.7491666666666666,11560080240
bdsvm,iid,4676,3,2400,0.5941053380346907,0.7520833333333333,0.749,11558844000
bdsvm,iid,4676,4,2400,0.5940737745457686,0.7522083333333334,0.749,11559091248
bdsvm,iid,4676,5,2400,0.5940219244995305,0.752125,0.749,11559091248
bdsvm,iid,4676,6,2400,0.5941060030305396,0.7522916666666667,0.7491666666666666,11557607760
bdsvm,iid,4676,7,2400,0.5940590590936067,0.7521666666666667,0.7491666666666666,11559338496
bdsvm,iid,4676,8,2400,0.5941374454738823,0.7520833333333333,0.7493333333333333,11558349504
bdsvm,iid,4676,9,2400,0.5940962787701048,0.752,0.7491666666666666,11559091248
bdsvm,iid,4701,0,2400,0.5745842859608972,0.7642083333333334,0.7583333333333333,11619419760
bdsvm,iid,4701,1,2400,0.5745380987551448,0.7648333333333334,0.7583333333333333,11622139488
bdsvm,iid,4701,2,2400,0.5744404143775668,0.7647083333333333,0.7581666666666667,11621892240
bdsvm,iid,4701,3,2400,0.5745996734367356,0.7645833333333333,0.7586666666666667,11620656000
bdsvm,iid,4701,4,2400,0.5746357685589133,0.76425,0.7586666666666667,11620903248
bdsvm,iid,4701,5,2400,0.574493904384516,0.7648333333333334,0.7578333333333334,11620903248
bdsvm,iid,4701,6,2400,0.5745757765954016,0.7647916666666666,0.7578333333333334,11619419760
bdsvm,iid,4701,7,2400,0.5746289766519337,0.7643333333333333,0.7583333333333333,11621150496
bdsvm,iid,4701,8,2400,0.5744814691406156,0.7648333333333334,0.758,11620161504
bdsvm,iid,4701,9,2400,0.574351963821464,0.7649583333333333,0.7583333333333333,11620903248
bdsvm,iid,4726,0,2400,0.578302541421045,0.7642083333333334,0.7581666666666667,11681231760
bdsvm,iid,4726,1,2400,0.5783116529903455,0.7642916666666667,0.7575,11683951488
bdsvm,iid,4726,2,2400,0.5783036328494654,0.7643333333333333,0.7583333333333333,11683704240
bdsvm,iid,4726,3,2400,0.5782819936986522,0.7642916666666667,0.7581666666666667,11682468000
bdsvm,iid,4726,4,2400,0.5783011542174898,0.7643333333333333,0.7581666666666667,11682715248
bdsvm,iid,4726,5,2400,0.5781942932697411,0.7644166666666666,0.758,11682715248
bdsvm,iid,4726,6,2400,0.5783068227877409,0.76425,0.7581666666666667,11681231760
bdsvm,iid,4726,7,2400,0.5782688314914434,0.7644166666666666,0.7583333333333333,11682962496
bdsvm,iid,4726,8,2400,0.5783118483184444,0.7643333333333333,0.7581666666666667,11681973504
bdsvm,iid,4726,9,2400,0.5782984713304326,0.7645,0.758,11682715248
bdsvm,iid,4751,0,2400,0.5794914760439067,0.7640416666666666,0.7576666666666667,11743043760
bdsvm,iid,4751,1,2400,0.5795053906826144,0.7640416666666666,0.7578333333333334,11745763488
bdsvm,iid,4751,2,2400,0.5793785155084058,0.7639583333333333,0.7571666666666667,11745516240
bdsvm,iid,4751,3,2400,0.5797765211177818,0.764,0.758,11744280000
bdsvm,iid,4751,4,2400,0.5791461118347921,0.7640416666666666,0.7575,11744527248
bdsvm,iid,4751,5,2400,0.5792885195520984,0.7639583333333333,0.7581666666666667,11744527248
bdsvm,iid,4751,6,2400,0.5791720035029716,0.7639583333333333,0.7575,11743043760
bdsvm,iid,4751,7,2400,0.5795738453347106,0.764125,0.7576666666666667,11744774496
bdsvm,iid,4751,8,2400,0.5793872462839273,0.7639583333333333,0.758,11743785504
bdsvm,iid,4751,9,2400,0.5794756995718751,0.7640833333333333,0.7576666666666667,11744527248
bdsvm,iid,4776,0,2400,0.5768577345491028,0.7644583333333334,0.7595,11804855760
bdsvm,iid,4776,1,2400,0.5768773946390394,0.7642916666666667,0.7588333333333334,11807575488
bdsvm,iid,4776,2,2400,0.5771883454718774,0.7644166666666666,0.759,11807328240
bdsvm,iid,4776,3,2400,0.5771935281005636,0.7645,0.7586666666666667,11806092000
bdsvm,iid,4776,4,2400,0.577629012042524,0.7644166666666666,0.7586666666666667,11806339248
bdsvm,iid,4776,5,2400,0.5782941234992285,0.7639166666666667,0.7593333333333333,11806339248
bdsvm,iid,4776,6,2400,0.5771502132017728,0.7644583333333334,0.7588333333333334,11804855760
bdsvm,iid,4776,7,2400,0.577137769451021,0.7645416666666667,0.7585,11806586496
bdsvm,iid,4776,8,2400,0.5769628904010545,0.7645,0.7593333333333333,11805597504
bdsvm,iid,4776,9,2400,0.5769337870294754,0.7642083333333334,0.7588333333333334,11806339248
bdsvm,iid,4801,0,2400,0.6076562916125552,0.746875,0.7426666666666667,11866667760
bdsvm,iid,4801,1,2400,0.5801822941142024,0.7639166666666667,0.7583333333333333,11869387488
bdsvm,iid,4801,2,2400,0.5816366384440873,0.7635416666666667,0.7576666666666667,11869140240
bdsvm,iid,4801,3,2400,0.5800982841769688,0.7639166666666667,0.7586666666666667,11867904000
bdsvm,iid,4801,4,2400,0.5816224863201537,0.7639583333333333,0.7573333333333333,11868151248
bdsvm,iid,4801,5,2400,0.5801076707266221,0.7640416666666666,0.7586666666666667,11868151248
bdsvm,iid,4801,6,2400,0.6067984154494328,0.7515416666666667,0.7478333333333333,11866667760
bdsvm,iid,4801,7,2400,0.580028460292277,0.7640833333333333,0.7586666666666667,11868398496
bdsvm,iid,4801,8,2400,0.6076883851696285,0.7479583333333333,0.745,11867409504
bdsvm,iid,4801,9,2400,0.5817579433856408,0.7637083333333333,0.7576666666666667,11868151248
bdsvm,iid,4826,0,2400,0.5911192343254035,0.7590833333333333,0.755,11928479760
bdsvm,iid,4826,1,2400,0.5912056236347686,0.7590833333333333,0.755,11931199488
bdsvm,iid,4826,2,2400,0.5917842187562227,0.7587083333333333,0.7543333333333333,11930952240
bdsvm,iid,4826,3,2400,0.5908857060636603,0.7590833333333333,0.7551666666666667,11929716000
bdsvm,iid,4826,4,2400,0.5909433596390303,0.759375,0.7555,11929963248
bdsvm,iid,4826,5,2400,0.5916441956607008,0.7589166666666667,0.7548333333333334,11929963248
bdsvm,iid,4826,6,2400,0.5909681454749286,0.7590833333333333,0.7553333333333333,11928479760
bdsvm,iid,4826,7,2400,0.5912381232225304,0.759125,0.7548333333333334,11930210496
bdsvm,iid,4826,8,2400,0.5910716687414199,0.759375,0.7551666666666667,11929221504
bdsvm,iid,4826,9,2400,0.5910109511282765,0.7595,0.7553333333333333,11929963248
bdsvm,iid,4851,0,2400,0.5721243252492816,0.7655,0.7596666666666667,11990291760
bdsvm,iid,4851,1,2400,0.5717301152648901,0.765625,0.7593333333333333,11993011488
bdsvm,iid,4851,2,2400,0.5719337314577356,0.7655416666666667,0.7598333333333334,11992764240
bdsvm,iid,4851,3,2400,0.5720200322672861,0.7655833333333333,0.7591666666666667,11991528000
bdsvm,iid,4851,4,2400,0.5719515107423103,0.7654166666666666,0.7598333333333334,11991775248
bdsvm,iid,4851,5,2400,0.5721360285584188,0.7655,0.7595,11991775248
bdsvm,iid,4851,6,2400,0.5719472437582179,0.7655833333333333,0.7595,11990291760
bdsvm,iid,4851,7,2400,0.5718215408584808,0.7655416666666667,0.7598333333333334,11992022496
bdsvm,iid,4851,8,2400,0.5719557123529679,0.7656666666666667,0.7595,11991033504
bdsvm,iid,4851,9,2400,0.5720734816179566,0.7655416666666667,0.7593333333333333,11991775248
bdsvm,iid,4876,0,2400,0.5779664845888336,0.765125,0.7588333333333334,12052103760
bdsvm,iid,4876,1,2400,0.5779944763011343,0.7650416666666666,0.759,12054823488
bdsvm,iid,4876,2,2400,0.5779790299330828,0.7651666666666667,0.759,12054576240
bdsvm,iid,4876,3,2400,0.5775175995103159,0.765375,0.7585,12053340000
bdsvm,iid,4876,4,2400,0.5779582520531907,0.7652916666666667,0.759,12053587248
bdsvm,iid,4876,5,2400,0.577455547707412,0.7652916666666667,0.7585,12053587248
bdsvm,iid,4876,6,2400,0.5775018654908511,0.765375,0.7585,12052103760
bdsvm,iid,4876,7,2400,0.577953989536605,0.76525,0.759,12053834496
bdsvm,iid,4876,8,2400,0.5775712575450901,0.7654166666666666,0.759,12052845504
bdsvm,iid,4876,9,2400,0.577976327865041,0.765125,0.7591666666666667,12053587248
bdsvm,iid,4901,0,2400,0.5787436426579243,0.7642083333333334,0.7581666666666667,12113915760
bdsvm,iid,4901,1,2400,0.5786689623992792,0.76425,0.7581666666666667,12116635488
bdsvm,iid,4901,2,2400,0.5787994459701716,0.7642916666666667,0.758,12116388240
bdsvm,iid,4901,3,2400,0.578890098086836,0.7644166666666666,0.7581666666666667,12115152000
bdsvm,iid,4901,4,2400,0.5789294517841843,0.7644583333333334,0.7583333333333333,12115399248
bdsvm,iid,4901,5,2400,0.5787812742230664,0.7642916666666667,0.758,12115399248
bdsvm,iid,4901,6,2400,0.5786176435528054,0.7643333333333333,0.7583333333333333,12113915760
bdsvm,iid,4901,7,2400,0.5790017793846169,0.7643333333333333,0.7581666666666667,12115646496
bdsvm,iid,4901,8,2400,0.5786723893576184,0.7643333333333333,0.7581666666666667,12114657504
bdsvm,iid,4901,9,2400,0.5786938004131605,0.7642083333333334,0.7581666666666667,12115399248
bdsvm,iid,4926,0,2400,0.5714914652326519,0.7661666666666667,0.7573333333333333,12175727760
bdsvm,iid,4926,1,2400,0.5712894518144092,0.766125,0.7575,12178447488
bdsvm,iid,4926,2,2400,0.5714950512610136,0.7662083333333334,0.7576666666666667,12178200240
bdsvm,iid,4926,3,2400,0.5714613394795839,0.7662083333333334,0.7573333333333333,12176964000
bdsvm,iid,4926,4,2400,0.5713574972527475,0.7662083333333334,0.7578333333333334,12177211248
bdsvm,iid,4926,5,2400,0.5715098788388662,0.7662083333333334,0.7575,12177211248
bdsvm,iid,4926,6,2400,0.5715259899582545,0.7662916666666667,0.7575,12175727760
bdsvm,iid,4926,7,2400,0.5713527184303654,0.766375,0.7578333333333334,12177458496
bdsvm,iid,4926,8,2400,0.5714174545638336,0.76625,0.7581666666666667,12176469504
bdsvm,iid,4926,9,2400,0.5713375749519329,0.7661666666666667,0.757,12177211248
bdsvm,iid,4951,0,2400,0.5811372643627791,0.76475,0.7583333333333333,12237539760
bdsvm,iid,4951,1,2400,0.5809726504961088,0.7643333333333333,0.7581666666666667,12240259488
bdsvm,iid,4951,2,2400,0.5813646264973392,0.7647083333333333,0.7583333333333333,12240012240
bdsvm,iid,4951,3,2400,0.5810229957537383,0.7645416666666667,0.7581666666666667,12238776000
bdsvm,iid,4951,4,2400,0.5807758281341168,0.7645416666666667,0.7585,12239023248
bdsvm,iid,4951,5,2400,0.5797436077768736,0.7645416666666667,0.7588333333333334,12239023248
bdsvm,iid,4951,6,2400,0.5804736444433334,0.7645833333333333,0.7585,12237539760
bdsvm,iid,4951,7,2400,0.5807185497143178,0.76475,0.7585,12239270496
bdsvm,iid,4951,8,2400,0.5810728426769894,0.7645416666666667,0.7585,12238281504
bdsvm,iid,4951,9,2400,0.5807035088179667,0.7644583333333334,0.7585,12239023248
bdsvm,iid,4976,0,2400,0.5780508693796685,0.7637916666666666,0.7581666666666667,12299351760
bdsvm,iid,4976,1,2400,0.5766474549591722,0.7645416666666667,0.7586666666666667,12302071488
bdsvm,iid,4976,2,2400,0.5780651454139025,0.7639166666666667,0.7583333333333333,12301824240
bdsvm,iid,4976,3,2400,0.5777456354167125,0.7638333333333334,0.7585,12300588000
bdsvm,iid,4976,4,2400,0.577867424684472,0.764125,0.759,12300835248
bdsvm,iid,4976,5,2400,0.5764397886585773,0.7649583333333333,0.7593333333333333,12300835248
bdsvm,iid,4976,6,2400,0.5766645972349759,0.7644166666666666,0.759,12299351760
bdsvm,iid,4976,7,2400,0.5765620081734582,0.7645416666666667,0.7586666666666667,12301082496
bdsvm,iid,4976,8,2400,0.5779399944273146,0.763875,0.7588333333333334,12300093504
bdsvm,iid,4976,9,2400,0.5765946579582321,0.7641666666666667,0.7588333333333334,12300835248
bdsvm,iid,5000,0,2400,0.5752758038330575,0.7650833333333333,0.7585,12358691280
bdsvm,iid,5000,1,2400,0.5751236770350007,0.7650833333333333,0.7583333333333333,12361411008
bdsvm,iid,5000,2,2400,0.5752740807004564,0.7651666666666667,0.7588333333333334,12361163760
bdsvm,iid,5000,3,2400,0.5752824769079282,0.765125,0.7586666666666667,12359927520
bdsvm,iid,5000,4,2400,0.5753234050293438,0.7651666666666667,0.759,12360174768
bdsvm,iid,5000,5,2400,0.5751256001687598,0.765125,0.7581666666666667,12360174768
bdsvm,iid,5000,6,2400,0.5750919197293937,0.7650833333333333,0.7583333333333333,12358691280
bdsvm,iid,5000,7,2400,0.5752826315672142,0.7652083333333334,0.7588333333333334,12360422016
bdsvm,iid,5000,8,2400,0.5750507597204649,0.7652083333333334,0.7585,12359433024
bdsvm,iid,5000,9,2400,0.5751661294269201,0.765125,0.7586666666666667,12360174768
