method,scheme,round,node,n_local,hinge_loss,train_acc,test_acc,comm_bytes
sdca,iid,1,0,2400,0.7080102110411517,0.7358333333333333,0.7316666666666667,6720
sdca,iid,1,1,2400,0.6935101729746711,0.7484583333333333,0.7443333333333333,10752
sdca,iid,1,2,2400,0.6947959095318678,0.737,0.7346666666666667,8064
sdca,iid,1,3,2400,0.7650549136757027,0.6955416666666666,0.6928333333333333,2688
sdca,iid,1,4,2400,0.7107316050891369,0.7439166666666667,0.7345,9408
sdca,iid,1,5,2400,0.7535245842005164,0.6814166666666667,0.6688333333333333,2688
sdca,iid,1,6,2400,0.7928182140689587,0.6891666666666667,0.6815,1344
sdca,iid,1,7,2400,0.7662336169390752,0.6893333333333334,0.679,2688
sdca,iid,1,8,2400,0.7211866518217394,0.7434166666666666,0.7405,10752
sdca,iid,1,9,2400,0.8193094253960738,0.6612916666666667,0.6535,1344
sdca,iid,26,0,2400,0.5877580252979404,0.762625,0.7586666666666667,342720
sdca,iid,26,1,2400,0.5881857219967166,0.7587083333333333,0.7531666666666667,344064
sdca,iid,26,2,2400,0.587044607653639,0.7654583333333334,0.761,344064
sdca,iid,26,3,2400,0.5877395720662858,0.761625,0.7583333333333333,338688
sdca,iid,26,4,2400,0.5998605228502324,0.7649583333333333,0.7606666666666667,345408
sdca,iid,26,5,2400,0.5879628870997672,0.7598333333333334,0.756,336000
sdca,iid,26,6,2400,0.5884695975665939,0.7667083333333333,0.7635,331968
sdca,iid,26,7,2400,0.5872143478515061,0.761,0.7573333333333333,338688
sdca,iid,26,8,2400,0.587492471059348,0.7591666666666667,0.7541666666666667,344064
sdca,iid,26,9,2400,0.5857065975614048,0.7640833333333333,0.7603333333333333,337344
sdca,iid,51,0,2400,0.5813146881345093,0.761125,0.7571666666666667,678720
sdca,iid,51,1,2400,0.5808737108110338,0.7619166666666667,0.756,680064
sdca,iid,51,2,2400,0.5798134755531779,0.7653333333333333,0.764,680064
sdca,iid,51,3,2400,0.5798549454320284,0.7631666666666667,0.7613333333333333,674688
sdca,iid,51,4,2400,0.5797106968250638,0.7658333333333334,0.764,681408
sdca,iid,51,5,2400,0.5798758306914449,0.763625,0.7616666666666667,672000
sdca,iid,51,6,2400,0.5802176348028203,0.7652083333333334,0.7598333333333334,667968
sdca,iid,51,7,2400,0.5807796302694969,0.7644166666666666,0.7606666666666667,674688
sdca,iid,51,8,2400,0.580795227287224,0.76475,0.7615,680064
sdca,iid,51,9,2400,0.5802425805848757,0.764625,0.7618333333333334,673344
sdca,iid,76,0,2400,0.579147016033299,0.76325,0.7593333333333333,1014720
sdca,iid,76,1,2400,0.5793509544898766,0.7628333333333334,0.7593333333333333,1016064
sdca,iid,76,2,2400,0.5789111735426147,0.765875,0.765,1016064
sdca,iid,76,3,2400,0.5792663157473573,0.7629583333333333,0.7598333333333334,1010688
sdca,iid,76,4,2400,0.5796322014052262,0.7652916666666667,0.7616666666666667,1017408
sdca,iid,76,5,2400,0.5791393147109591,0.7652083333333334,0.7618333333333334,1008000
sdca,iid,76,6,2400,0.5797162192708764,0.765,0.7603333333333333,1003968
sdca,iid,76,7,2400,0.5807593462893587,0.76475,0.7628333333333334,1010688
sdca,iid,76,8,2400,0.5789473279389322,0.7652916666666667,0.7645,1016064
sdca,iid,76,9,2400,0.5791760727519151,0.7653333333333333,0.7636666666666667,1009344
sdca,iid,101,0,2400,0.5789013678839248,0.7638333333333334,0.7613333333333333,1350720
sdca,iid,101,1,2400,0.5790084089696076,0.7626666666666667,0.7596666666666667,1352064
sdca,iid,101,2,2400,0.5787573213018723,0.7658333333333334,0.764,1352064
sdca,iid,101,3,2400,0.5792667820174016,0.7622083333333334,0.7598333333333334,1346688
sdca,iid,101,4,2400,0.5791877775266676,0.7647083333333333,0.7621666666666667,1353408
sdca,iid,101,5,2400,0.5788335208364196,0.7659166666666667,0.7626666666666667,1344000
sdca,iid,101,6,2400,0.5795360076286253,0.7655833333333333,0.762,1339968
sdca,iid,101,7,2400,0.5789794747219629,0.7655,0.763,1346688
sdca,iid,101,8,2400,0.5790526500104288,0.7665833333333333,0.7651666666666667,1352064
sdca,iid,101,9,2400,0.5791401689667344,0.7645,0.763,1345344
sdca,iid,126,0,2400,0.5789777507290511,0.76325,0.7603333333333333,1686720
sdca,iid,126,1,2400,0.5788005126104963,0.7639583333333333,0.7603333333333333,1688064
sdca,iid,126,2,2400,0.5787687608738198,0.7662083333333334,0.7643333333333333,1688064
sdca,iid,126,3,2400,0.5789805439859639,0.7637916666666666,0.7605,1682688
sdca,iid,126,4,2400,0.5788245660426681,0.765375,0.7635,1689408
sdca,iid,126,5,2400,0.5791558929354287,0.76525,0.7635,1680000
sdca,iid,126,6,2400,0.5796116333143426,0.7644166666666666,0.7615,1675968
sdca,iid,126,7,2400,0.5793535836412871,0.7659583333333333,0.7628333333333334,1682688
sdca,iid,126,8,2400,0.578873869155235,0.7665,0.7641666666666667,1688064
sdca,iid,126,9,2400,0.578997210418767,0.7653333333333333,0.7641666666666667,1681344
sdca,iid,151,0,2400,0.5789879603796639,0.7630416666666666,0.7608333333333334,2022720
sdca,iid,151,1,2400,0.5788573604071462,0.76325,0.76,2024064
sdca,iid,151,2,2400,0.578664541822063,0.7662083333333334,0.7645,2024064
sdca,iid,151,3,2400,0.5787594697626711,0.7639583333333333,0.7625,2018688
sdca,iid,151,4,2400,0.5787481459659292,0.7646666666666667,0.7626666666666667,2025408
sdca,iid,151,5,2400,0.5788988126281792,0.7656666666666667,0.7626666666666667,2016000
sdca,iid,151,6,2400,0.5796519366885227,0.7648333333333334,0.7623333333333333,2011968
sdca,iid,151,7,2400,0.5789951167986829,0.7652916666666667,0.7633333333333333,2018688
sdca,iid,151,8,2400,0.5787820990620801,0.7662083333333334,0.7641666666666667,2024064
sdca,iid,151,9,2400,0.5788927735810953,0.7655,0.7631666666666667,2017344
sdca,iid,176,0,2400,0.5788343254157872,0.7638333333333334,0.7615,2358720
sdca,iid,176,1,2400,0.5789258771489385,0.765625,0.7615,2360064
sdca,iid,176,2,2400,0.5785882178300982,0.7659166666666667,0.7636666666666667,2360064
sdca,iid,176,3,2400,0.5787026545074719,0.7636666666666667,0.7626666666666667,2354688
sdca,iid,176,4,2400,0.578799128011045,0.76525,0.7636666666666667,2361408
sdca,iid,176,5,2400,0.5787667709181381,0.7655416666666667,0.7628333333333334,2352000
sdca,iid,176,6,2400,0.579519171678247,0.76475,0.7616666666666667,2347968
sdca,iid,176,7,2400,0.5789301899546067,0.7655416666666667,0.7638333333333334,2354688
sdca,iid,176,8,2400,0.5786917537829436,0.7660416666666666,0.7646666666666667,2360064
sdca,iid,176,9,2400,0.5792178138432605,0.765625,0.763,2353344
sdca,iid,201,0,2400,0.5789205922588156,0.7637916666666666,0.7618333333333334,2694720
sdca,iid,201,1,2400,0.5787656981037851,0.7649166666666667,0.7616666666666667,2696064
sdca,iid,201,2,2400,0.5786683404103411,0.7662083333333334,0.7643333333333333,2696064
sdca,iid,201,3,2400,0.5786900939451352,0.7646666666666667,0.7623333333333333,2690688
sdca,iid,201,4,2400,0.578712083618172,0.7649166666666667,0.7631666666666667,2697408
sdca,iid,201,5,2400,0.5787089178087053,0.7653333333333333,0.7633333333333333,2688000
sdca,iid,201,6,2400,0.579296369039288,0.7652916666666667,0.7636666666666667,2683968
sdca,iid,201,7,2400,0.578800996733964,0.76475,0.7621666666666667,2690688
sdca,iid,201,8,2400,0.5786549556749052,0.7660833333333333,0.7648333333333334,2696064
sdca,iid,201,9,2400,0.5790519657910281,0.7655833333333333,0.7633333333333333,2689344
sdca,iid,226,0,2400,0.5787791916521351,0.764,0.7621666666666667,3030720
sdca,iid,226,1,2400,0.5787747971676194,0.7645833333333333,0.761,3032064
sdca,iid,226,2,2400,0.578539966307148,0.7655416666666667,0.7628333333333334,3032064
sdca,iid,226,3,2400,0.5785577737033598,0.7649583333333333,0.7628333333333334,3026688
sdca,iid,226,4,2400,0.5787885545581929,0.765,0.763,3033408
sdca,iid,226,5,2400,0.5786653739070482,0.764375,0.7613333333333333,3024000
sdca,iid,226,6,2400,0.579271084349967,0.7643333333333333,0.7633333333333333,3019968
sdca,iid,226,7,2400,0.5790864879182366,0.765375,0.7636666666666667,3026688
sdca,iid,226,8,2400,0.5786620936572638,0.7660833333333333,0.7645,3032064
sdca,iid,226,9,2400,0.5789794204846005,0.7655833333333333,0.7626666666666667,3025344
sdca,iid,251,0,2400,0.5786237298656912,0.764875,0.7626666666666667,3366720
sdca,iid,251,1,2400,0.5786957258528813,0.7645,0.7613333333333333,3368064
sdca,iid,251,2,2400,0.5785881602630601,0.7655,0.763,3368064
sdca,iid,251,3,2400,0.5786430872262678,0.7645416666666667,0.7621666666666667,3362688
sdca,iid,251,4,2400,0.5785497090985732,0.7653333333333333,0.7628333333333334,3369408
sdca,iid,251,5,2400,0.5786273938832929,0.7647916666666666,0.762,3360000
sdca,iid,251,6,2400,0.5794106273010359,0.7645,0.7626666666666667,3355968
sdca,iid,251,7,2400,0.578918649890877,0.7655833333333333,0.764,3362688
sdca,iid,251,8,2400,0.5786291177761913,0.7665416666666667,0.764,3368064
sdca,iid,251,9,2400,0.5790166357477434,0.7654583333333334,0.7638333333333334,3361344
sdca,iid,276,0,2400,0.5786052230157342,0.7645,0.7621666666666667,3702720
sdca,iid,276,1,2400,0.5787673949593215,0.7650416666666666,0.762,3704064
sdca,iid,276,2,2400,0.5785417853983434,0.7654166666666666,0.763,3704064
sdca,iid,276,3,2400,0.5785768565815513,0.764625,0.761,3698688
sdca,iid,276,4,2400,0.5786371467945428,0.7650833333333333,0.7628333333333334,3705408
sdca,iid,276,5,2400,0.578755839341334,0.76525,0.762,3696000
sdca,iid,276,6,2400,0.5795223241183581,0.7641666666666667,0.7623333333333333,3691968
sdca,iid,276,7,2400,0.5788329235254268,0.7655,0.7626666666666667,3698688
sdca,iid,276,8,2400,0.5786015035013153,0.76625,0.7643333333333333,3704064
sdca,iid,276,9,2400,0.5791302862641992,0.7657916666666666,0.7628333333333334,3697344
sdca,iid,301,0,2400,0.5788267458931858,0.763875,0.7615,4038720
sdca,iid,301,1,2400,0.5786664792425775,0.7649583333333333,0.7621666666666667,4040064
sdca,iid,301,2,2400,0.5785603117196999,0.764625,0.7615,4040064
sdca,iid,301,3,2400,0.57864154036117,0.7645,0.7625,4034688
sdca,iid,301,4,2400,0.5786689903059161,0.764375,0.7623333333333333,4041408
sdca,iid,301,5,2400,0.5786771297461119,0.7649166666666667,0.7625,4032000
sdca,iid,301,6,2400,0.5792099165911587,0.7645833333333333,0.7628333333333334,4027968
sdca,iid,301,7,2400,0.578766477529424,0.7649166666666667,0.7628333333333334,4034688
sdca,iid,301,8,2400,0.5786140272728254,0.76575,0.7638333333333334,4040064
sdca,iid,301,9,2400,0.5790543107075676,0.7650416666666666,0.7633333333333333,4033344
sdca,iid,326,0,2400,0.5787178386049864,0.7643333333333333,0.7613333333333333,4374720
sdca,iid,326,1,2400,0.578730186170859,0.764125,0.7608333333333334,4376064
sdca,iid,326,2,2400,0.5785820029139538,0.7654166666666666,0.763,4376064
sdca,iid,326,3,2400,0.5786397093122394,0.76475,0.7626666666666667,4370688
sdca,iid,326,4,2400,0.578796783674468,0.7650833333333333,0.7633333333333333,4377408
sdca,iid,326,5,2400,0.5787282484553826,0.76475,0.7623333333333333,4368000
sdca,iid,326,6,2400,0.579132716250568,0.7650416666666666,0.7626666666666667,4363968
sdca,iid,326,7,2400,0.5788259629170758,0.7651666666666667,0.7621666666666667,4370688
sdca,iid,326,8,2400,0.5786092844474116,0.766,0.7645,4376064
sdca,iid,326,9,2400,0.5790292323512283,0.76525,0.7633333333333333,4369344
sdca,iid,351,0,2400,0.5786624294485468,0.7645833333333333,0.7621666666666667,4710720
sdca,iid,351,1,2400,0.5787617323285645,0.7650833333333333,0.7616666666666667,4712064
sdca,iid,351,2,2400,0.5785767801045508,0.7650416666666666,0.7625,4712064
sdca,iid,351,3,2400,0.5786389041318655,0.7651666666666667,0.7611666666666667,4706688
sdca,iid,351,4,2400,0.5786888684920971,0.7653333333333333,0.7631666666666667,4713408
sdca,iid,351,5,2400,0.5788124382231202,0.7652916666666667,0.7623333333333333,4704000
sdca,iid,351,6,2400,0.5791463566339587,0.7655,0.7621666666666667,4699968
sdca,iid,351,7,2400,0.5788262966655465,0.7650416666666666,0.7635,4706688
sdca,iid,351,8,2400,0.5786676025530383,0.7660833333333333,0.764,4712064
sdca,iid,351,9,2400,0.5790810293808191,0.7652083333333334,0.7628333333333334,4705344
sdca,iid,376,0,2400,0.5787420173601182,0.7642083333333334,0.7618333333333334,5046720
sdca,iid,376,1,2400,0.5786700938432925,0.7642083333333334,0.7608333333333334,5048064
sdca,iid,376,2,2400,0.5786468053231266,0.7657916666666666,0.7633333333333333,5048064
sdca,iid,376,3,2400,0.5786212614786254,0.7646666666666667,0.7613333333333333,5042688
sdca,iid,376,4,2400,0.5787657354326704,0.7649166666666667,0.763,5049408
sdca,iid,376,5,2400,0.5788331692976135,0.7653333333333333,0.7618333333333334,5040000
sdca,iid,376,6,2400,0.5789909756899881,0.76425,0.7628333333333334,5035968
sdca,iid,376,7,2400,0.5791152708208288,0.7652083333333334,0.7628333333333334,5042688
sdca,iid,376,8,2400,0.5787034349196228,0.7659583333333333,0.7636666666666667,5048064
sdca,iid,376,9,2400,0.5790208871033531,0.7650833333333333,0.7631666666666667,5041344
sdca,iid,401,0,2400,0.5787304719561818,0.7648333333333334,0.7621666666666667,5382720
sdca,iid,401,1,2400,0.578692681585955,0.7640833333333333,0.7616666666666667,5384064
sdca,iid,401,2,2400,0.5785932569924036,0.7653333333333333,0.7626666666666667,5384064
sdca,iid,401,3,2400,0.578708015936304,0.763875,0.761,5378688
sdca,iid,401,4,2400,0.5786068509792955,0.76525,0.7626666666666667,5385408
sdca,iid,401,5,2400,0.5787204605464523,0.7645833333333333,0.7621666666666667,5376000
sdca,iid,401,6,2400,0.5790661398212863,0.76475,0.7626666666666667,5371968
sdca,iid,401,7,2400,0.5788198969353966,0.76475,0.7633333333333333,5378688
sdca,iid,401,8,2400,0.5786214516387286,0.76625,0.7641666666666667,5384064
sdca,iid,401,9,2400,0.5790222642215911,0.7652083333333334,0.763,5377344
sdca,iid,426,0,2400,0.5787935409092082,0.7639583333333333,0.762,5718720
sdca,iid,426,1,2400,0.5787665122622437,0.7648333333333334,0.7623333333333333,5720064
sdca,iid,426,2,2400,0.5785888895735318,0.7650416666666666,0.7625,5720064
sdca,iid,426,3,2400,0.5786661807260138,0.764875,0.7626666666666667,5714688
sdca,iid,426,4,2400,0.578731838801795,0.76525,0.7618333333333334,5721408
sdca,iid,426,5,2400,0.5786899310724865,0.7640416666666666,0.7613333333333333,5712000
sdca,iid,426,6,2400,0.5791313834039266,0.7642916666666667,0.7628333333333334,5707968
sdca,iid,426,7,2400,0.5787961809149667,0.7646666666666667,0.7631666666666667,5714688
sdca,iid,426,8,2400,0.5786379000016183,0.7659583333333333,0.7638333333333334,5720064
sdca,iid,426,9,2400,0.5788685303276164,0.7650416666666666,0.763,5713344
sdca,iid,451,0,2400,0.5786654360560074,0.7649583333333333,0.7626666666666667,6054720
sdca,iid,451,1,2400,0.5787200140915867,0.7653333333333333,0.7631666666666667,6056064
sdca,iid,451,2,2400,0.5785874724887332,0.765375,0.763,6056064
sdca,iid,451,3,2400,0.5786931356165356,0.7644583333333334,0.7623333333333333,6050688
sdca,iid,451,4,2400,0.578645782568971,0.7649166666666667,0.7626666666666667,6057408
sdca,iid,451,5,2400,0.5787989389420457,0.7650833333333333,0.7623333333333333,6048000
sdca,iid,451,6,2400,0.5790568157097266,0.765375,0.7621666666666667,6043968
sdca,iid,451,7,2400,0.5786799710558567,0.7654166666666666,0.7621666666666667,6050688
sdca,iid,451,8,2400,0.5786428451633299,0.764875,0.763,6056064
sdca,iid,451,9,2400,0.5789672676260491,0.7649166666666667,0.7626666666666667,6049344
sdca,iid,476,0,2400,0.5786745791978363,0.7647916666666666,0.7625,6390720
sdca,iid,476,1,2400,0.5787193185825963,0.7649583333333333,0.7625,6392064
sdca,iid,476,2,2400,0.5785701328610964,0.7648333333333334,0.7621666666666667,6392064
sdca,iid,476,3,2400,0.5786358777530053,0.7651666666666667,0.7618333333333334,6386688
sdca,iid,476,4,2400,0.578724385696781,0.7650833333333333,0.7621666666666667,6393408
sdca,iid,476,5,2400,0.5787761720363249,0.7652916666666667,0.7623333333333333,6384000
sdca,iid,476,6,2400,0.5791010084544574,0.764625,0.762,6379968
sdca,iid,476,7,2400,0.5787241765160818,0.7650416666666666,0.7626666666666667,6386688
sdca,iid,476,8,2400,0.5786272010918619,0.7658333333333334,0.7635,6392064
sdca,iid,476,9,2400,0.5789580229533148,0.7652916666666667,0.7626666666666667,6385344
sdca,iid,501,0,2400,0.5786597293138206,0.76475,0.7625,6726720
sdca,iid,501,1,2400,0.5787420970013116,0.764625,0.7623333333333333,6728064
sdca,iid,501,2,2400,0.578573971081782,0.7648333333333334,0.7623333333333333,6728064
sdca,iid,501,3,2400,0.5786253400246069,0.7649583333333333,0.7618333333333334,6722688
sdca,iid,501,4,2400,0.5787309651483491,0.7646666666666667,0.7628333333333334,6729408
sdca,iid,501,5,2400,0.5787084264323741,0.7650416666666666,0.763,6720000
sdca,iid,501,6,2400,0.5788419276368909,0.76425,0.7625,6715968
sdca,iid,501,7,2400,0.5786270776241169,0.7655416666666667,0.7623333333333333,6722688
sdca,iid,501,8,2400,0.5785908870710876,0.7648333333333334,0.7623333333333333,6728064
sdca,iid,501,9,2400,0.5789467836226111,0.7654166666666666,0.7631666666666667,6721344
sdca,iid,526,0,2400,0.5786260266401971,0.765,0.762,7062720
sdca,iid,526,1,2400,0.5786752338927276,0.764875,0.7628333333333334,7064064
sdca,iid,526,2,2400,0.5786150909928146,0.7650833333333333,0.7631666666666667,7064064
sdca,iid,526,3,2400,0.5786440133016666,0.7650416666666666,0.7623333333333333,7058688
sdca,iid,526,4,2400,0.5786594775289196,0.7647916666666666,0.7626666666666667,7065408
sdca,iid,526,5,2400,0.5786994465643831,0.7647916666666666,0.7618333333333334,7056000
sdca,iid,526,6,2400,0.5790111598152379,0.7649166666666667,0.763,7051968
sdca,iid,526,7,2400,0.5787133241228182,0.7655,0.763,7058688
sdca,iid,526,8,2400,0.5786122516624755,0.765,0.7628333333333334,7064064
sdca,iid,526,9,2400,0.5789039485049055,0.7652083333333334,0.7626666666666667,7057344
sdca,iid,551,0,2400,0.5787171065746126,0.7645,0.7625,7398720
sdca,iid,551,1,2400,0.5786618339706238,0.765375,0.7625,7400064
sdca,iid,551,2,2400,0.5785812772697653,0.7650833333333333,0.7625,7400064
sdca,iid,551,3,2400,0.5786137493519583,0.7649166666666667,0.7616666666666667,7394688
sdca,iid,551,4,2400,0.5786225504400482,0.7647916666666666,0.7625,7401408
sdca,iid,551,5,2400,0.578794678806516,0.7651666666666667,0.7615,7392000
sdca,iid,551,6,2400,0.5789556489612971,0.764625,0.7631666666666667,7387968
sdca,iid,551,7,2400,0.578652021267191,0.7655416666666667,0.7621666666666667,7394688
sdca,iid,551,8,2400,0.5786369438823574,0.7655833333333333,0.7638333333333334,7400064
sdca,iid,551,9,2400,0.5789489142137764,0.765125,0.7638333333333334,7393344
sdca,iid,576,0,2400,0.5786779688223008,0.7649583333333333,0.7626666666666667,7734720
sdca,iid,576,1,2400,0.5787745252554428,0.764875,0.7628333333333334,7736064
sdca,iid,576,2,2400,0.5785688895476903,0.765125,0.7625,7736064
sdca,iid,576,3,2400,0.5786560015828837,0.7649166666666667,0.7623333333333333,7730688
sdca,iid,576,4,2400,0.5786248995729202,0.76525,0.7621666666666667,7737408
sdca,iid,576,5,2400,0.5786826004143591,0.7646666666666667,0.7628333333333334,7728000
sdca,iid,576,6,2400,0.5788766585867435,0.7647916666666666,0.7626666666666667,7723968
sdca,iid,576,7,2400,0.5786288085033164,0.7650833333333333,0.7626666666666667,7730688
sdca,iid,576,8,2400,0.578599250792342,0.7655,0.763,7736064
sdca,iid,576,9,2400,0.5789407004368267,0.7650833333333333,0.7625,7729344
sdca,iid,601,0,2400,0.5786367416895207,0.76525,0.7618333333333334,8070720
sdca,iid,601,1,2400,0.5786529764999875,0.7650833333333333,0.7623333333333333,8072064
sdca,iid,601,2,2400,0.5785789265185435,0.7652916666666667,0.7623333333333333,8072064
sdca,iid,601,3,2400,0.5786241172480283,0.7651666666666667,0.7621666666666667,8066688
sdca,iid,601,4,2400,0.5786440251768575,0.765125,0.7628333333333334,8073408
sdca,iid,601,5,2400,0.578739425895642,0.7648333333333334,0.7625,8064000
sdca,iid,601,6,2400,0.5790245904807836,0.764375,0.763,8059968
sdca,iid,601,7,2400,0.5786286648345428,0.765375,0.7623333333333333,8066688
sdca,iid,601,8,2400,0.5786131972623492,0.7653333333333333,0.7631666666666667,8072064
sdca,iid,601,9,2400,0.578982224076208,0.7653333333333333,0.763,8065344
sdca,iid,626,0,2400,0.5786353925663037,0.7649583333333333,0.7623333333333333,8406720
sdca,iid,626,1,2400,0.5787063467260212,0.7649583333333333,0.7626666666666667,8408064
sdca,iid,626,2,2400,0.5785737571545866,0.7650416666666666,0.7625,8408064
sdca,iid,626,3,2400,0.5786089879067439,0.7650833333333333,0.7615,8402688
sdca,iid,626,4,2400,0.5786662947962695,0.7649166666666667,0.7623333333333333,8409408
sdca,iid,626,5,2400,0.5787784045810952,0.7649583333333333,0.7626666666666667,8400000
sdca,iid,626,6,2400,0.5789003713200007,0.7647083333333333,0.763,8395968
sdca,iid,626,7,2400,0.5786543647235329,0.765625,0.7628333333333334,8402688
sdca,iid,626,8,2400,0.5785951854501327,0.7649166666666667,0.7625,8408064
sdca,iid,626,9,2400,0.5788683569575713,0.764875,0.763,8401344
sdca,iid,651,0,2400,0.5786091871882475,0.764875,0.7615,8742720
sdca,iid,651,1,2400,0.5787121209430165,0.7652083333333334,0.7636666666666667,8744064
sdca,iid,651,2,2400,0.5786137287675307,0.765125,0.7621666666666667,8744064
sdca,iid,651,3,2400,0.5786711108868949,0.765125,0.7623333333333333,8738688
sdca,iid,651,4,2400,0.5786466623657466,0.7650416666666666,0.7623333333333333,8745408
sdca,iid,651,5,2400,0.5787374342007824,0.7647083333333333,0.7626666666666667,8736000
sdca,iid,651,6,2400,0.5789820202017399,0.765125,0.764,8731968
sdca,iid,651,7,2400,0.5786535342034255,0.7657083333333333,0.7635,8738688
sdca,iid,651,8,2400,0.5786001101548086,0.7652083333333334,0.7626666666666667,8744064
sdca,iid,651,9,2400,0.5787843639788507,0.7647916666666666,0.7626666666666667,8737344
sdca,iid,676,0,2400,0.578630946097356,0.7649583333333333,0.7618333333333334,9078720
sdca,iid,676,1,2400,0.5786605883436898,0.7646666666666667,0.7625,9080064
sdca,iid,676,2,2400,0.5785827526741733,0.7655833333333333,0.7631666666666667,9080064
sdca,iid,676,3,2400,0.5786381090023768,0.765125,0.7618333333333334,9074688
sdca,iid,676,4,2400,0.578583756157789,0.765,0.7623333333333333,9081408
sdca,iid,676,5,2400,0.57874124823916,0.764875,0.7623333333333333,9072000
sdca,iid,676,6,2400,0.5789178991643391,0.7650416666666666,0.7633333333333333,9067968
sdca,iid,676,7,2400,0.5786511226129499,0.7658333333333334,0.7626666666666667,9074688
sdca,iid,676,8,2400,0.5786008200663117,0.76525,0.7633333333333333,9080064
sdca,iid,676,9,2400,0.5788617176423589,0.765,0.7628333333333334,9073344
sdca,iid,701,0,2400,0.5786019788336503,0.7650416666666666,0.762,9414720
sdca,iid,701,1,2400,0.5788573559602076,0.7650416666666666,0.7625,9416064
sdca,iid,701,2,2400,0.5785675691541365,0.7650833333333333,0.7623333333333333,9416064
sdca,iid,701,3,2400,0.5786201459008964,0.765,0.7623333333333333,9410688
sdca,iid,701,4,2400,0.5786361742699616,0.765125,0.7621666666666667,9417408
sdca,iid,701,5,2400,0.578697958964533,0.7649166666666667,0.7628333333333334,9408000
sdca,iid,701,6,2400,0.5789825156711307,0.7649583333333333,0.7641666666666667,9403968
sdca,iid,701,7,2400,0.5786492592593434,0.765375,0.7626666666666667,9410688
sdca,iid,701,8,2400,0.5785854092715699,0.7651666666666667,0.7628333333333334,9416064
sdca,iid,701,9,2400,0.578874619224078,0.7650416666666666,0.7626666666666667,9409344
sdca,iid,726,0,2400,0.5786378859572232,0.7648333333333334,0.7621666666666667,9750720
sdca,iid,726,1,2400,0.5786956089787134,0.7647083333333333,0.7631666666666667,9752064
sdca,iid,726,2,2400,0.5786036745316963,0.765,0.7621666666666667,9752064
sdca,iid,726,3,2400,0.5786112442649944,0.7649583333333333,0.762,9746688
sdca,iid,726,4,2400,0.5786260671423807,0.76525,0.7621666666666667,9753408
sdca,iid,726,5,2400,0.5787226913053275,0.7648333333333334,0.7633333333333333,9744000
sdca,iid,726,6,2400,0.57888020890069,0.7649583333333333,0.7631666666666667,9739968
sdca,iid,726,7,2400,0.578623431293415,0.766125,0.7638333333333334,9746688
sdca,iid,726,8,2400,0.5786275294779243,0.7657083333333333,0.7635,9752064
sdca,iid,726,9,2400,0.5788804369517856,0.7649583333333333,0.7626666666666667,9745344
sdca,iid,751,0,2400,0.5786353141280677,0.7650416666666666,0.7621666666666667,10086720
sdca,iid,751,1,2400,0.5786759665222627,0.764625,0.7631666666666667,10088064
sdca,iid,751,2,2400,0.5785685426711594,0.7647916666666666,0.762,10088064
sdca,iid,751,3,2400,0.5786018790862405,0.765125,0.762,10082688
sdca,iid,751,4,2400,0.5786409928612634,0.7650833333333333,0.7618333333333334,10089408
sdca,iid,751,5,2400,0.5787669578531007,0.7649166666666667,0.7633333333333333,10080000
sdca,iid,751,6,2400,0.5789849164053196,0.7647916666666666,0.7631666666666667,10075968
sdca,iid,751,7,2400,0.5786048411566849,0.765625,0.7626666666666667,10082688
sdca,iid,751,8,2400,0.5786282077081388,0.7653333333333333,0.7626666666666667,10088064
sdca,iid,751,9,2400,0.5788823501821202,0.7649583333333333,0.763,10081344
sdca,iid,776,0,2400,0.578620925502556,0.7649583333333333,0.7623333333333333,10422720
sdca,iid,776,1,2400,0.5786378918742365,0.7657916666666666,0.7623333333333333,10424064
sdca,iid,776,2,2400,0.57858473579609,0.76575,0.7631666666666667,10424064
sdca,iid,776,3,2400,0.5786315839293207,0.7653333333333333,0.7625,10418688
sdca,iid,776,4,2400,0.5786077690394935,0.7649583333333333,0.7626666666666667,10425408
sdca,iid,776,5,2400,0.578734763661031,0.7652083333333334,0.7631666666666667,10416000
sdca,iid,776,6,2400,0.5789462213715971,0.76475,0.7628333333333334,10411968
sdca,iid,776,7,2400,0.578616825803174,0.766,0.7628333333333334,10418688
sdca,iid,776,8,2400,0.5786095687585515,0.76525,0.7626666666666667,10424064
sdca,iid,776,9,2400,0.5789365758754527,0.765125,0.763,10417344
sdca,iid,801,0,2400,0.5785839640228249,0.765125,0.763,10758720
sdca,iid,801,1,2400,0.5786662206324286,0.7653333333333333,0.7631666666666667,10760064
sdca,iid,801,2,2400,0.578580173908258,0.76525,0.7628333333333334,10760064
sdca,iid,801,3,2400,0.5785986435423983,0.7652916666666667,0.7626666666666667,10754688
sdca,iid,801,4,2400,0.5786401386818347,0.7650416666666666,0.762,10761408
sdca,iid,801,5,2400,0.5787957420606993,0.7650833333333333,0.7635,10752000
sdca,iid,801,6,2400,0.5788519822375802,0.7646666666666667,0.763,10747968
sdca,iid,801,7,2400,0.5786344856698804,0.7658333333333334,0.7623333333333333,10754688
sdca,iid,801,8,2400,0.5786275784758663,0.764875,0.7623333333333333,10760064
sdca,iid,801,9,2400,0.5788758323341793,0.764875,0.763,10753344
sdca,iid,826,0,2400,0.5786712813188963,0.7649166666666667,0.7621666666666667,11094720
sdca,iid,826,1,2400,0.5786080031371116,0.7645,0.761,11096064
sdca,iid,826,2,2400,0.5785837732262744,0.765,0.763,11096064
sdca,iid,826,3,2400,0.5786237685119704,0.765125,0.762,11090688
sdca,iid,826,4,2400,0.5785884966215197,0.7650833333333333,0.763,11097408
sdca,iid,826,5,2400,0.5787533252199053,0.7652083333333334,0.7633333333333333,11088000
sdca,iid,826,6,2400,0.5788166615652399,0.7643333333333333,0.7623333333333333,11083968
sdca,iid,826,7,2400,0.5786268183367422,0.765125,0.762,11090688
sdca,iid,826,8,2400,0.5786030034968466,0.76475,0.7628333333333334,11096064
sdca,iid,826,9,2400,0.5789205501250564,0.765125,0.763,11089344
sdca,iid,851,0,2400,0.5786033654049235,0.76525,0.7621666666666667,11430720
sdca,iid,851,1,2400,0.5786750458201053,0.7651666666666667,0.7631666666666667,11432064
sdca,iid,851,2,2400,0.5785767649665504,0.7649583333333333,0.7621666666666667,11432064
sdca,iid,851,3,2400,0.5785841297964968,0.7651666666666667,0.762,11426688
sdca,iid,851,4,2400,0.5786195164364526,0.7651666666666667,0.7623333333333333,11433408
sdca,iid,851,5,2400,0.578669517148145,0.7649166666666667,0.7636666666666667,11424000
sdca,iid,851,6,2400,0.5788011527751874,0.7648333333333334,0.7623333333333333,11419968
sdca,iid,851,7,2400,0.5786046205757658,0.7655,0.7626666666666667,11426688
sdca,iid,851,8,2400,0.5785946574318119,0.7651666666666667,0.7626666666666667,11432064
sdca,iid,851,9,2400,0.5788830009867483,0.764875,0.7623333333333333,11425344
sdca,iid,876,0,2400,0.5785976560046151,0.765375,0.7621666666666667,11766720
sdca,iid,876,1,2400,0.5786007602834071,0.7647916666666666,0.7621666666666667,11768064
sdca,iid,876,2,2400,0.5785724442521237,0.7649583333333333,0.7625,11768064
sdca,iid,876,3,2400,0.5786149183044972,0.7653333333333333,0.7623333333333333,11762688
sdca,iid,876,4,2400,0.5785720444611862,0.7648333333333334,0.7625,11769408
sdca,iid,876,5,2400,0.5786668232975208,0.7651666666666667,0.7625,11760000
sdca,iid,876,6,2400,0.5787686181514249,0.76475,0.7623333333333333,11755968
sdca,iid,876,7,2400,0.5786047589555213,0.76575,0.7623333333333333,11762688
sdca,iid,876,8,2400,0.5785756203376394,0.7650416666666666,0.7623333333333333,11768064
sdca,iid,876,9,2400,0.5788074220628133,0.764875,0.7631666666666667,11761344
sdca,iid,901,0,2400,0.5785784682356798,0.7650416666666666,0.762,12102720
sdca,iid,901,1,2400,0.5786722977181136,0.76475,0.7628333333333334,12104064
sdca,iid,901,2,2400,0.5785690691665301,0.7650833333333333,0.7623333333333333,12104064
sdca,iid,901,3,2400,0.5785867623113197,0.7652916666666667,0.7621666666666667,12098688
sdca,iid,901,4,2400,0.5786017032238838,0.7651666666666667,0.7618333333333334,12105408
sdca,iid,901,5,2400,0.5787165681437851,0.7652083333333334,0.7633333333333333,12096000
sdca,iid,901,6,2400,0.5787816336808767,0.7645,0.762,12091968
sdca,iid,901,7,2400,0.5785988462637568,0.764625,0.7618333333333334,12098688
sdca,iid,901,8,2400,0.5786342416516543,0.7650833333333333,0.7625,12104064
sdca,iid,901,9,2400,0.5788534025987948,0.7650416666666666,0.7621666666666667,12097344
sdca,iid,926,0,2400,0.578616690225143,0.7652916666666667,0.7623333333333333,12438720
sdca,iid,926,1,2400,0.5787413620698586,0.764875,0.7628333333333334,12440064
sdca,iid,926,2,2400,0.5785749481651459,0.765125,0.7623333333333333,12440064
sdca,iid,926,3,2400,0.5785942457391727,0.765375,0.7618333333333334,12434688
sdca,iid,926,4,2400,0.5786091754513608,0.7651666666666667,0.7625,12441408
sdca,iid,926,5,2400,0.5787255186640805,0.7649166666666667,0.7628333333333334,12432000
sdca,iid,926,6,2400,0.5788124354211389,0.76475,0.7621666666666667,12427968
sdca,iid,926,7,2400,0.5785926999461597,0.7654583333333334,0.7626666666666667,12434688
sdca,iid,926,8,2400,0.5785776986280524,0.7652083333333334,0.7625,12440064
sdca,iid,926,9,2400,0.5788134193655082,0.7647083333333333,0.7631666666666667,12433344
sdca,iid,951,0,2400,0.5786491132228284,0.7651666666666667,0.7611666666666667,12774720
sdca,iid,951,1,2400,0.5786808973972745,0.7649583333333333,0.7623333333333333,12776064
sdca,iid,951,2,2400,0.5785703437315555,0.764875,0.762,12776064
sdca,iid,951,3,2400,0.5785997932365596,0.76525,0.7628333333333334,12770688
sdca,iid,951,4,2400,0.5786066179604102,0.765125,0.7621666666666667,12777408
sdca,iid,951,5,2400,0.5787202477439818,0.7650833333333333,0.7628333333333334,12768000
sdca,iid,951,6,2400,0.5787558153906628,0.765,0.7618333333333334,12763968
sdca,iid,951,7,2400,0.578589976973233,0.7654166666666666,0.7626666666666667,12770688
sdca,iid,951,8,2400,0.5786019647743668,0.7651666666666667,0.7625,12776064
sdca,iid,951,9,2400,0.5788099832007193,0.765,0.7636666666666667,12769344
sdca,iid,976,0,2400,0.5785860281098584,0.7653333333333333,0.7626666666666667,13110720
sdca,iid,976,1,2400,0.5786595062322843,0.765,0.7626666666666667,13112064
sdca,iid,976,2,2400,0.5785654936150237,0.7651666666666667,0.7623333333333333,13112064
sdca,iid,976,3,2400,0.5786082498917842,0.7652916666666667,0.7625,13106688
sdca,iid,976,4,2400,0.5786094340217126,0.765375,0.7628333333333334,13113408
sdca,iid,976,5,2400,0.5786414054054005,0.7649166666666667,0.7628333333333334,13104000
sdca,iid,976,6,2400,0.5787571877515487,0.7649166666666667,0.762,13099968
sdca,iid,976,7,2400,0.578590564927856,0.7654166666666666,0.7631666666666667,13106688
sdca,iid,976,8,2400,0.5785755590724397,0.765125,0.7626666666666667,13112064
sdca,iid,976,9,2400,0.5787887308205661,0.7648333333333334,0.7633333333333333,13105344
sdca,iid,1001,0,2400,0.5785801607843056,0.765375,0.762,13446720
sdca,iid,1001,1,2400,0.5785941345066917,0.7649166666666667,0.7621666666666667,13448064
sdca,iid,1001,2,2400,0.5785646380136583,0.7651666666666667,0.7625,13448064
sdca,iid,1001,3,2400,0.5785592372524205,0.7649583333333333,0.7625,13442688
sdca,iid,1001,4,2400,0.5786045279020765,0.765125,0.7626666666666667,13449408
sdca,iid,1001,5,2400,0.5787463821005262,0.7650416666666666,0.7626666666666667,13440000
sdca,iid,1001,6,2400,0.5788018547398273,0.7645416666666667,0.7621666666666667,13435968
sdca,iid,1001,7,2400,0.5785860802145697,0.7652916666666667,0.7625,13442688
sdca,iid,1001,8,2400,0.5785825832287055,0.765125,0.763,13448064
sdca,iid,1001,9,2400,0.5787048820291258,0.765375,0.7636666666666667,13441344
sdca,iid,1026,0,2400,0.5785928156144092,0.7653333333333333,0.762,13782720
sdca,iid,1026,1,2400,0.5785746005239292,0.7644583333333334,0.7608333333333334,13784064
sdca,iid,1026,2,2400,0.5785560131826446,0.76475,0.7621666666666667,13784064
sdca,iid,1026,3,2400,0.5785682346391968,0.765125,0.762,13778688
sdca,iid,1026,4,2400,0.578630850814455,0.765,0.7621666666666667,13785408
sdca,iid,1026,5,2400,0.5786636124281634,0.7652916666666667,0.763,13776000
sdca,iid,1026,6,2400,0.5786630202665448,0.7652083333333334,0.7618333333333334,13771968
sdca,iid,1026,7,2400,0.5786106830126867,0.765125,0.7628333333333334,13778688
sdca,iid,1026,8,2400,0.5785873494022802,0.765375,0.7628333333333334,13784064
sdca,iid,1026,9,2400,0.5787500597224047,0.7649166666666667,0.763,13777344
sdca,iid,1051,0,2400,0.578586736624962,0.7654166666666666,0.7625,14118720
sdca,iid,1051,1,2400,0.5786952850516878,0.7650416666666666,0.7631666666666667,14120064
sdca,iid,1051,2,2400,0.5785954471331015,0.7655416666666667,0.7626666666666667,14120064
sdca,iid,1051,3,2400,0.5785755221083929,0.7653333333333333,0.7626666666666667,14114688
sdca,iid,1051,4,2400,0.5785897576218024,0.7654166666666666,0.7625,14121408
sdca,iid,1051,5,2400,0.5786648934344026,0.765125,0.7626666666666667,14112000
sdca,iid,1051,6,2400,0.5787805105487772,0.7652083333333334,0.7621666666666667,14107968
sdca,iid,1051,7,2400,0.5785749382310997,0.765125,0.7626666666666667,14114688
sdca,iid,1051,8,2400,0.5785761519336201,0.7652916666666667,0.7626666666666667,14120064
sdca,iid,1051,9,2400,0.5787488246300337,0.7648333333333334,0.763,14113344
sdca,iid,1076,0,2400,0.5786159631010557,0.765375,0.7625,14454720
sdca,iid,1076,1,2400,0.578620972314079,0.7653333333333333,0.7628333333333334,14456064
sdca,iid,1076,2,2400,0.5785580591707424,0.7650833333333333,0.7623333333333333,14456064
sdca,iid,1076,3,2400,0.5785939465604665,0.7655833333333333,0.763,14450688
sdca,iid,1076,4,2400,0.5785722365014522,0.7652916666666667,0.7635,14457408
sdca,iid,1076,5,2400,0.5786634540225983,0.7652916666666667,0.7628333333333334,14448000
sdca,iid,1076,6,2400,0.5787465554664465,0.7653333333333333,0.7621666666666667,14443968
sdca,iid,1076,7,2400,0.57858329649631,0.7654583333333334,0.7626666666666667,14450688
sdca,iid,1076,8,2400,0.5786017881916657,0.76525,0.7628333333333334,14456064
sdca,iid,1076,9,2400,0.5787192264314247,0.7650416666666666,0.7628333333333334,14449344
sdca,iid,1101,0,2400,0.5785999724930022,0.7651666666666667,0.7623333333333333,14790720
sdca,iid,1101,1,2400,0.5786802359619518,0.7652083333333334,0.763,14792064
sdca,iid,1101,2,2400,0.5785867780814362,0.7651666666666667,0.763,14792064
sdca,iid,1101,3,2400,0.5785830280803294,0.765125,0.763,14786688
sdca,iid,1101,4,2400,0.5786111869708942,0.7650416666666666,0.7625,14793408
sdca,iid,1101,5,2400,0.5786369371134855,0.7652083333333334,0.7628333333333334,14784000
sdca,iid,1101,6,2400,0.5787935253834396,0.765,0.7626666666666667,14779968
sdca,iid,1101,7,2400,0.5785820833125059,0.765375,0.7623333333333333,14786688
sdca,iid,1101,8,2400,0.5786366973092287,0.765375,0.7626666666666667,14792064
sdca,iid,1101,9,2400,0.5787436675068154,0.7652916666666667,0.7636666666666667,14785344
sdca,iid,1126,0,2400,0.5785615684095928,0.7652916666666667,0.763,15126720
sdca,iid,1126,1,2400,0.5786860847049035,0.7655416666666667,0.763,15128064
sdca,iid,1126,2,2400,0.5785838752432292,0.7652083333333334,0.7631666666666667,15128064
sdca,iid,1126,3,2400,0.5785614254316027,0.7650416666666666,0.7626666666666667,15122688
sdca,iid,1126,4,2400,0.5785945930791148,0.7655416666666667,0.763,15129408
sdca,iid,1126,5,2400,0.5786186214462318,0.7649583333333333,0.7626666666666667,15120000
sdca,iid,1126,6,2400,0.5787823424992659,0.765125,0.7625,15115968
sdca,iid,1126,7,2400,0.5785738688511793,0.7654166666666666,0.7635,15122688
sdca,iid,1126,8,2400,0.5785778880566944,0.7654583333333334,0.7626666666666667,15128064
sdca,iid,1126,9,2400,0.5787559580088271,0.7655,0.763,15121344
sdca,iid,1151,0,2400,0.5786245666492024,0.7650833333333333,0.7623333333333333,15462720
sdca,iid,1151,1,2400,0.5785772852203628,0.7651666666666667,0.7623333333333333,15464064
sdca,iid,1151,2,2400,0.5785539782547566,0.765125,0.7628333333333334,15464064
sdca,iid,1151,3,2400,0.5785653690396922,0.76525,0.7631666666666667,15458688
sdca,iid,1151,4,2400,0.578569487463106,0.7652916666666667,0.7631666666666667,15465408
sdca,iid,1151,5,2400,0.5786305389566245,0.76525,0.762,15456000
sdca,iid,1151,6,2400,0.5787538751787343,0.7650833333333333,0.7625,15451968
sdca,iid,1151,7,2400,0.578570323293786,0.765375,0.7631666666666667,15458688
sdca,iid,1151,8,2400,0.5785972848402254,0.765125,0.7626666666666667,15464064
sdca,iid,1151,9,2400,0.5788958820885385,0.76525,0.7638333333333334,15457344
sdca,iid,1176,0,2400,0.5785998133589835,0.76525,0.7621666666666667,15798720
sdca,iid,1176,1,2400,0.5786795016241504,0.7651666666666667,0.7628333333333334,15800064
sdca,iid,1176,2,2400,0.5785641576125508,0.7651666666666667,0.7633333333333333,15800064
sdca,iid,1176,3,2400,0.5785749286651986,0.7651666666666667,0.7625,15794688
sdca,iid,1176,4,2400,0.578560611667033,0.7652916666666667,0.7631666666666667,15801408
sdca,iid,1176,5,2400,0.5786722813530817,0.764625,0.763,15792000
sdca,iid,1176,6,2400,0.5787827739730433,0.7650416666666666,0.7623333333333333,15787968
sdca,iid,1176,7,2400,0.578576665947371,0.7650833333333333,0.7618333333333334,15794688
sdca,iid,1176,8,2400,0.5785810676327989,0.7653333333333333,0.763,15800064
sdca,iid,1176,9,2400,0.5786713090548072,0.76475,0.7628333333333334,15793344
sdca,iid,1201,0,2400,0.5786689556940197,0.7652916666666667,0.7621666666666667,16134720
sdca,iid,1201,1,2400,0.5786074255867678,0.7649583333333333,0.7623333333333333,16136064
sdca,iid,1201,2,2400,0.5785571013814915,0.76525,0.7623333333333333,16136064
sdca,iid,1201,3,2400,0.5785870034832097,0.7655,0.7626666666666667,16130688
sdca,iid,1201,4,2400,0.5785566880836653,0.7651666666666667,0.763,16137408
sdca,iid,1201,5,2400,0.5786481942615957,0.7651666666666667,0.7625,16128000
sdca,iid,1201,6,2400,0.5787731439371707,0.764875,0.7625,16123968
sdca,iid,1201,7,2400,0.5785703339132408,0.765,0.7616666666666667,16130688
sdca,iid,1201,8,2400,0.5785990490256171,0.7652083333333334,0.7623333333333333,16136064
sdca,iid,1201,9,2400,0.5786401611970129,0.7647083333333333,0.7626666666666667,16129344
sdca,iid,1226,0,2400,0.5785719237749604,0.765375,0.7628333333333334,16470720
sdca,iid,1226,1,2400,0.5786252685242322,0.76525,0.7618333333333334,16472064
sdca,iid,1226,2,2400,0.578561083781844,0.7650416666666666,0.7628333333333334,16472064
sdca,iid,1226,3,2400,0.5785656243677251,0.7650833333333333,0.763,16466688
sdca,iid,1226,4,2400,0.5785737284578848,0.76525,0.763,16473408
sdca,iid,1226,5,2400,0.5786290525156879,0.7651666666666667,0.7623333333333333,16464000
sdca,iid,1226,6,2400,0.5786905791127629,0.765,0.7618333333333334,16459968
sdca,iid,1226,7,2400,0.5785693066546613,0.7652083333333334,0.7631666666666667,16466688
sdca,iid,1226,8,2400,0.5785676282405747,0.76525,0.7631666666666667,16472064
sdca,iid,1226,9,2400,0.5786568626535272,0.7650833333333333,0.7623333333333333,16465344
sdca,iid,1251,0,2400,0.5785894526511026,0.7651666666666667,0.7626666666666667,16806720
sdca,iid,1251,1,2400,0.5786378422340622,0.765125,0.7626666666666667,16808064
sdca,iid,1251,2,2400,0.5785713727322471,0.7653333333333333,0.763,16808064
sdca,iid,1251,3,2400,0.5785655404232697,0.76525,0.7626666666666667,16802688
sdca,iid,1251,4,2400,0.5785644711645536,0.7652083333333334,0.7628333333333334,16809408
sdca,iid,1251,5,2400,0.5786528949752641,0.7650416666666666,0.7628333333333334,16800000
sdca,iid,1251,6,2400,0.5787213330597828,0.7649583333333333,0.7623333333333333,16795968
sdca,iid,1251,7,2400,0.5785770930679011,0.7649583333333333,0.7618333333333334,16802688
sdca,iid,1251,8,2400,0.5785894443909924,0.7652916666666667,0.763,16808064
sdca,iid,1251,9,2400,0.5786375708483973,0.7652083333333334,0.7625,16801344
sdca,iid,1276,0,2400,0.5786322180774499,0.7652083333333334,0.7623333333333333,17142720
sdca,iid,1276,1,2400,0.578647144424465,0.7653333333333333,0.7623333333333333,17144064
sdca,iid,1276,2,2400,0.5785662872020003,0.7651666666666667,0.7621666666666667,17144064
sdca,iid,1276,3,2400,0.5785678330696671,0.765,0.7618333333333334,17138688
sdca,iid,1276,4,2400,0.5785716618307891,0.765125,0.7626666666666667,17145408
sdca,iid,1276,5,2400,0.5786604921016568,0.7650833333333333,0.7623333333333333,17136000
sdca,iid,1276,6,2400,0.5787715414592948,0.764875,0.7623333333333333,17131968
sdca,iid,1276,7,2400,0.5785817724836702,0.7651666666666667,0.7625,17138688
sdca,iid,1276,8,2400,0.5785962526264281,0.7650833333333333,0.7635,17144064
sdca,iid,1276,9,2400,0.5787075601222743,0.7651666666666667,0.7628333333333334,17137344
sdca,iid,1301,0,2400,0.5786985992139547,0.7650416666666666,0.7623333333333333,17478720
sdca,iid,1301,1,2400,0.5786726775402934,0.765125,0.7625,17480064
sdca,iid,1301,2,2400,0.578569361790136,0.765125,0.7623333333333333,17480064
sdca,iid,1301,3,2400,0.5785729626628962,0.7649583333333333,0.7621666666666667,17474688
sdca,iid,1301,4,2400,0.5785841096668276,0.7652916666666667,0.763,17481408
sdca,iid,1301,5,2400,0.5786584457785712,0.7650833333333333,0.7628333333333334,17472000
sdca,iid,1301,6,2400,0.5787341903888007,0.7651666666666667,0.762,17467968
sdca,iid,1301,7,2400,0.5785734083001012,0.7649583333333333,0.7618333333333334,17474688
sdca,iid,1301,8,2400,0.5785979087109354,0.765,0.763,17480064
sdca,iid,1301,9,2400,0.5787151980975155,0.765,0.763,17473344
sdca,iid,1326,0,2400,0.5786097161029922,0.765,0.762,17814720
sdca,iid,1326,1,2400,0.578592224509214,0.7646666666666667,0.7608333333333334,17816064
sdca,iid,1326,2,2400,0.5785667279392694,0.7650416666666666,0.7626666666666667,17816064
sdca,iid,1326,3,2400,0.5785703069534955,0.765125,0.7621666666666667,17810688
sdca,iid,1326,4,2400,0.5785656644400553,0.7650833333333333,0.7628333333333334,17817408
sdca,iid,1326,5,2400,0.5786496981299111,0.764625,0.7623333333333333,17808000
sdca,iid,1326,6,2400,0.578732162788993,0.765125,0.7621666666666667,17803968
sdca,iid,1326,7,2400,0.5785855561732159,0.7654166666666666,0.7626666666666667,17810688
sdca,iid,1326,8,2400,0.5785916053789221,0.7652083333333334,0.7631666666666667,17816064
sdca,iid,1326,9,2400,0.5786438406113729,0.7646666666666667,0.7625,17809344
sdca,iid,1351,0,2400,0.5786448371582698,0.7653333333333333,0.7625,18150720
sdca,iid,1351,1,2400,0.5786154274751758,0.7650833333333333,0.7623333333333333,18152064
sdca,iid,1351,2,2400,0.5785641618653178,0.7650416666666666,0.7625,18152064
sdca,iid,1351,3,2400,0.5785855413130307,0.76525,0.763,18146688
sdca,iid,1351,4,2400,0.5785913311898184,0.765125,0.763,18153408
sdca,iid,1351,5,2400,0.5785998643760483,0.7650833333333333,0.7618333333333334,18144000
sdca,iid,1351,6,2400,0.5787707825727737,0.7648333333333334,0.7626666666666667,18139968
sdca,iid,1351,7,2400,0.5785655323867401,0.7650833333333333,0.762,18146688
sdca,iid,1351,8,2400,0.5785836621606589,0.7652083333333334,0.763,18152064
sdca,iid,1351,9,2400,0.5786775445813089,0.7647916666666666,0.7625,18145344
sdca,iid,1376,0,2400,0.5786033825030923,0.7649166666666667,0.7625,18486720
sdca,iid,1376,1,2400,0.5786326841348471,0.7648333333333334,0.7626666666666667,18488064
sdca,iid,1376,2,2400,0.5785674294849904,0.7650833333333333,0.7626666666666667,18488064
sdca,iid,1376,3,2400,0.5785636165398352,0.765125,0.7626666666666667,18482688
sdca,iid,1376,4,2400,0.5785705832378262,0.765,0.763,18489408
sdca,iid,1376,5,2400,0.5786396596638156,0.765,0.763,18480000
sdca,iid,1376,6,2400,0.5787628779253962,0.7646666666666667,0.7625,18475968
sdca,iid,1376,7,2400,0.5785652564362045,0.765,0.7623333333333333,18482688
sdca,iid,1376,8,2400,0.578581748506709,0.765125,0.763,18488064
sdca,iid,1376,9,2400,0.5786450921490196,0.7647916666666666,0.7625,18481344
sdca,iid,1401,0,2400,0.5785937308752958,0.765375,0.7626666666666667,18822720
sdca,iid,1401,1,2400,0.578579824811177,0.7647083333333333,0.7608333333333334,18824064
sdca,iid,1401,2,2400,0.5786164510385033,0.765,0.763,18824064
sdca,iid,1401,3,2400,0.578573297145233,0.765125,0.7625,18818688
sdca,iid,1401,4,2400,0.578573585061001,0.76525,0.7631666666666667,18825408
sdca,iid,1401,5,2400,0.5786461231297932,0.7654166666666666,0.7625,18816000
sdca,iid,1401,6,2400,0.5787385173254495,0.7650833333333333,0.7621666666666667,18811968
sdca,iid,1401,7,2400,0.5785753619387721,0.7653333333333333,0.7631666666666667,18818688
sdca,iid,1401,8,2400,0.5786087024823936,0.7651666666666667,0.7626666666666667,18824064
sdca,iid,1401,9,2400,0.5786848565998263,0.76525,0.7626666666666667,18817344
sdca,iid,1426,0,2400,0.5785634703993394,0.7650833333333333,0.7623333333333333,19158720
sdca,iid,1426,1,2400,0.5786209793564157,0.7650833333333333,0.762,19160064
sdca,iid,1426,2,2400,0.5785599716981388,0.7647916666666666,0.7625,19160064
sdca,iid,1426,3,2400,0.5785743139299946,0.7650416666666666,0.7626666666666667,19154688
sdca,iid,1426,4,2400,0.5785647185713467,0.7652083333333334,0.763,19161408
sdca,iid,1426,5,2400,0.5786296663325059,0.7649166666666667,0.7623333333333333,19152000
sdca,iid,1426,6,2400,0.5787095960521753,0.7651666666666667,0.7625,19147968
sdca,iid,1426,7,2400,0.5785732760441239,0.7649166666666667,0.7621666666666667,19154688
sdca,iid,1426,8,2400,0.5785807802543537,0.7651666666666667,0.7631666666666667,19160064
sdca,iid,1426,9,2400,0.5786939316996567,0.765125,0.7628333333333334,19153344
sdca,iid,1451,0,2400,0.5785693179921436,0.7650416666666666,0.7628333333333334,19494720
sdca,iid,1451,1,2400,0.5785699719252803,0.7648333333333334,0.7613333333333333,19496064
sdca,iid,1451,2,2400,0.5785593496100726,0.76475,0.7615,19496064
sdca,iid,1451,3,2400,0.5785784855561551,0.765375,0.7626666666666667,19490688
sdca,iid,1451,4,2400,0.578590259745436,0.7652916666666667,0.7628333333333334,19497408
sdca,iid,1451,5,2400,0.5786497931231225,0.7648333333333334,0.7623333333333333,19488000
sdca,iid,1451,6,2400,0.5787310200419641,0.7650416666666666,0.7625,19483968
sdca,iid,1451,7,2400,0.5785645099685496,0.7649583333333333,0.7618333333333334,19490688
sdca,iid,1451,8,2400,0.5785927899632729,0.7652083333333334,0.763,19496064
sdca,iid,1451,9,2400,0.5786570115884921,0.7648333333333334,0.7625,19489344
sdca,iid,1476,0,2400,0.5785683434538236,0.7652916666666667,0.7628333333333334,19830720
sdca,iid,1476,1,2400,0.578567062805846,0.76475,0.7613333333333333,19832064
sdca,iid,1476,2,2400,0.5785845535711941,0.7654166666666666,0.7628333333333334,19832064
sdca,iid,1476,3,2400,0.5785838624188506,0.7653333333333333,0.763,19826688
sdca,iid,1476,4,2400,0.5785937838645462,0.7652083333333334,0.7626666666666667,19833408
sdca,iid,1476,5,2400,0.578619475814633,0.764875,0.762,19824000
sdca,iid,1476,6,2400,0.5786874576806338,0.7653333333333333,0.7616666666666667,19819968
sdca,iid,1476,7,2400,0.5785648578355116,0.7649583333333333,0.7623333333333333,19826688
sdca,iid,1476,8,2400,0.578594856781193,0.76525,0.7626666666666667,19832064
sdca,iid,1476,9,2400,0.5786791197861669,0.765125,0.7628333333333334,19825344
sdca,iid,1501,0,2400,0.5786171633124728,0.765,0.7625,20166720
sdca,iid,1501,1,2400,0.5786030538584503,0.76525,0.7623333333333333,20168064
sdca,iid,1501,2,2400,0.5785616991917274,0.765,0.7626666666666667,20168064
sdca,iid,1501,3,2400,0.5786173831800424,0.765,0.7625,20162688
sdca,iid,1501,4,2400,0.5786012843306543,0.765125,0.7628333333333334,20169408
sdca,iid,1501,5,2400,0.5785787442958816,0.764875,0.7615,20160000
sdca,iid,1501,6,2400,0.5788019600209671,0.764625,0.7626666666666667,20155968
sdca,iid,1501,7,2400,0.5785731798412406,0.7650416666666666,0.7623333333333333,20162688
sdca,iid,1501,8,2400,0.578569154548961,0.7651666666666667,0.7628333333333334,20168064
sdca,iid,1501,9,2400,0.5786198272617367,0.7655416666666667,0.7623333333333333,20161344
sdca,iid,1526,0,2400,0.5785650857687745,0.7652916666666667,0.763,20502720
sdca,iid,1526,1,2400,0.5785957223078616,0.7649583333333333,0.7618333333333334,20504064
sdca,iid,1526,2,2400,0.5785692922129491,0.7651666666666667,0.763,20504064
sdca,iid,1526,3,2400,0.5785788316747659,0.7655,0.763,20498688
sdca,iid,1526,4,2400,0.5785785309675787,0.7654583333333334,0.763,20505408
sdca,iid,1526,5,2400,0.5786575094053087,0.7652083333333334,0.7628333333333334,20496000
sdca,iid,1526,6,2400,0.5787449002000243,0.7650416666666666,0.7626666666666667,20491968
sdca,iid,1526,7,2400,0.5785652095307913,0.7653333333333333,0.7635,20498688
sdca,iid,1526,8,2400,0.5785848276425618,0.765375,0.763,20504064
sdca,iid,1526,9,2400,0.5786336221238098,0.7649166666666667,0.7625,20497344
sdca,iid,1551,0,2400,0.5785575327627417,0.7651666666666667,0.7628333333333334,20838720
sdca,iid,1551,1,2400,0.578563860439601,0.764625,0.7613333333333333,20840064
sdca,iid,1551,2,2400,0.5785615524201968,0.7651666666666667,0.763,20840064
sdca,iid,1551,3,2400,0.5785675812863766,0.765125,0.7626666666666667,20834688
sdca,iid,1551,4,2400,0.5785727202171131,0.7653333333333333,0.7628333333333334,20841408
sdca,iid,1551,5,2400,0.5786458130253704,0.7652083333333334,0.7628333333333334,20832000
sdca,iid,1551,6,2400,0.5787670399675543,0.7647916666666666,0.7626666666666667,20827968
sdca,iid,1551,7,2400,0.578579171946109,0.7649166666666667,0.7616666666666667,20834688
sdca,iid,1551,8,2400,0.5785947598969384,0.765125,0.763,20840064
sdca,iid,1551,9,2400,0.5786255760080968,0.7651666666666667,0.7621666666666667,20833344
sdca,iid,1576,0,2400,0.5786105435791911,0.7652083333333334,0.7625,21174720
sdca,iid,1576,1,2400,0.5785606179956868,0.7647083333333333,0.7611666666666667,21176064
sdca,iid,1576,2,2400,0.5785581102431684,0.7651666666666667,0.7628333333333334,21176064
sdca,iid,1576,3,2400,0.5786149280611085,0.76525,0.7626666666666667,21170688
sdca,iid,1576,4,2400,0.5785670095447935,0.76525,0.7631666666666667,21177408
sdca,iid,1576,5,2400,0.578624740092035,0.76475,0.7625,21168000
sdca,iid,1576,6,2400,0.5787197260061283,0.7652083333333334,0.7628333333333334,21163968
sdca,iid,1576,7,2400,0.5785802610350779,0.7650833333333333,0.7615,21170688
sdca,iid,1576,8,2400,0.5785941920716547,0.7651666666666667,0.7628333333333334,21176064
sdca,iid,1576,9,2400,0.5786911215721141,0.7652916666666667,0.763,21169344
sdca,iid,1601,0,2400,0.5785841060898176,0.7653333333333333,0.763,21510720
sdca,iid,1601,1,2400,0.5786041274621901,0.7650833333333333,0.7623333333333333,21512064
sdca,iid,1601,2,2400,0.5785783571130296,0.7655,0.763,21512064
sdca,iid,1601,3,2400,0.5785596254056354,0.7650833333333333,0.7625,21506688
sdca,iid,1601,4,2400,0.5785664889396838,0.7649583333333333,0.761,21513408
sdca,iid,1601,5,2400,0.5786192969407061,0.7647083333333333,0.762,21504000
sdca,iid,1601,6,2400,0.5787131613057589,0.7650416666666666,0.7621666666666667,21499968
sdca,iid,1601,7,2400,0.5785584218242272,0.7649166666666667,0.7623333333333333,21506688
sdca,iid,1601,8,2400,0.5785993845010606,0.7654166666666666,0.7626666666666667,21512064
sdca,iid,1601,9,2400,0.5786671629134402,0.7649583333333333,0.7625,21505344
sdca,iid,1626,0,2400,0.5785567871515476,0.7651666666666667,0.7625,21846720
sdca,iid,1626,1,2400,0.5785609519488796,0.7647916666666666,0.7615,21848064
sdca,iid,1626,2,2400,0.5785637983342355,0.765375,0.7633333333333333,21848064
sdca,iid,1626,3,2400,0.5785817081684644,0.7654583333333334,0.763,21842688
sdca,iid,1626,4,2400,0.5785776262778051,0.7653333333333333,0.7631666666666667,21849408
sdca,iid,1626,5,2400,0.5786311852098502,0.7650416666666666,0.7623333333333333,21840000
sdca,iid,1626,6,2400,0.5786771484513069,0.7651666666666667,0.762,21835968
sdca,iid,1626,7,2400,0.578562969648597,0.7651666666666667,0.7623333333333333,21842688
sdca,iid,1626,8,2400,0.5785654697240314,0.7653333333333333,0.7633333333333333,21848064
sdca,iid,1626,9,2400,0.5786959300451965,0.7652083333333334,0.7631666666666667,21841344
sdca,iid,1651,0,2400,0.5785590494954744,0.7652083333333334,0.7626666666666667,22182720
sdca,iid,1651,1,2400,0.5785717438931721,0.7646666666666667,0.7606666666666667,22184064
sdca,iid,1651,2,2400,0.5785574809596699,0.7647916666666666,0.7615,22184064
sdca,iid,1651,3,2400,0.5785832901149532,0.7654166666666666,0.7626666666666667,22178688
sdca,iid,1651,4,2400,0.5785557179022898,0.765125,0.7631666666666667,22185408
sdca,iid,1651,5,2400,0.578629194663387,0.7649583333333333,0.7623333333333333,22176000
sdca,iid,1651,6,2400,0.5787092529285819,0.7650833333333333,0.7626666666666667,22171968
sdca,iid,1651,7,2400,0.5785606316200725,0.7650416666666666,0.7625,22178688
sdca,iid,1651,8,2400,0.5785896802449191,0.7654583333333334,0.7626666666666667,22184064
sdca,iid,1651,9,2400,0.5786513616843093,0.764875,0.7626666666666667,22177344
sdca,iid,1676,0,2400,0.5785619556196757,0.765375,0.7628333333333334,22518720
sdca,iid,1676,1,2400,0.5785767201225851,0.765125,0.7616666666666667,22520064
sdca,iid,1676,2,2400,0.5785723188592383,0.7653333333333333,0.7618333333333334,22520064
sdca,iid,1676,3,2400,0.5785730725550489,0.765375,0.763,22514688
sdca,iid,1676,4,2400,0.578554738672295,0.765375,0.7628333333333334,22521408
sdca,iid,1676,5,2400,0.5786720737476159,0.7647916666666666,0.7628333333333334,22512000
sdca,iid,1676,6,2400,0.578697827015143,0.7650416666666666,0.7621666666666667,22507968
sdca,iid,1676,7,2400,0.5785583961882114,0.7647916666666666,0.7615,22514688
sdca,iid,1676,8,2400,0.5785811060307067,0.7655,0.7628333333333334,22520064
sdca,iid,1676,9,2400,0.578607972829827,0.76475,0.7618333333333334,22513344
sdca,iid,1701,0,2400,0.5785544511577589,0.7650416666666666,0.7623333333333333,22854720
sdca,iid,1701,1,2400,0.5785598936725278,0.7646666666666667,0.7613333333333333,22856064
sdca,iid,1701,2,2400,0.5785805365852357,0.7654583333333334,0.7631666666666667,22856064
sdca,iid,1701,3,2400,0.5785610061476655,0.7652916666666667,0.763,22850688
sdca,iid,1701,4,2400,0.5785688648533629,0.765375,0.763,22857408
sdca,iid,1701,5,2400,0.5786095662984314,0.7647083333333333,0.7616666666666667,22848000
sdca,iid,1701,6,2400,0.5786919293062472,0.7650416666666666,0.7621666666666667,22843968
sdca,iid,1701,7,2400,0.5785664956739799,0.7650416666666666,0.762,22850688
sdca,iid,1701,8,2400,0.5785693830387254,0.7654583333333334,0.763,22856064
sdca,iid,1701,9,2400,0.5787341985832373,0.7651666666666667,0.7628333333333334,22849344
sdca,iid,1726,0,2400,0.5785566409475447,0.765125,0.7626666666666667,23190720
sdca,iid,1726,1,2400,0.5786005664254876,0.7645,0.7615,23192064
sdca,iid,1726,2,2400,0.5785610904029849,0.7652916666666667,0.7628333333333334,23192064
sdca,iid,1726,3,2400,0.5785618588723297,0.765125,0.7626666666666667,23186688
sdca,iid,1726,4,2400,0.5785838045823172,0.7651666666666667,0.7625,23193408
sdca,iid,1726,5,2400,0.578614818322079,0.7645,0.7616666666666667,23184000
sdca,iid,1726,6,2400,0.5787608643645686,0.7647916666666666,0.7625,23179968
sdca,iid,1726,7,2400,0.5785567409074888,0.7651666666666667,0.7625,23186688
sdca,iid,1726,8,2400,0.5785665708608153,0.7652083333333334,0.7626666666666667,23192064
sdca,iid,1726,9,2400,0.5786639945069535,0.7645833333333333,0.7628333333333334,23185344
sdca,iid,1751,0,2400,0.5786218029788158,0.765,0.7623333333333333,23526720
sdca,iid,1751,1,2400,0.5785743799262651,0.7647916666666666,0.7611666666666667,23528064
sdca,iid,1751,2,2400,0.5785563052106837,0.7652083333333334,0.7628333333333334,23528064
sdca,iid,1751,3,2400,0.5785611058426824,0.7650833333333333,0.7626666666666667,23522688
sdca,iid,1751,4,2400,0.5785605318571818,0.765125,0.7626666666666667,23529408
sdca,iid,1751,5,2400,0.578630613527188,0.7647083333333333,0.7626666666666667,23520000
sdca,iid,1751,6,2400,0.5786879129477321,0.7650416666666666,0.7625,23515968
sdca,iid,1751,7,2400,0.5785606791917283,0.7649166666666667,0.7615,23522688
sdca,iid,1751,8,2400,0.5785541282652807,0.765375,0.7628333333333334,23528064
sdca,iid,1751,9,2400,0.578671045168625,0.7647916666666666,0.763,23521344
sdca,iid,1776,0,2400,0.578604170155907,0.765375,0.7626666666666667,23862720
sdca,iid,1776,1,2400,0.5785785133089976,0.7650416666666666,0.7615,23864064
sdca,iid,1776,2,2400,0.5785624038186407,0.765,0.7631666666666667,23864064
sdca,iid,1776,3,2400,0.5785547847085485,0.765,0.763,23858688
sdca,iid,1776,4,2400,0.5785558022895106,0.765,0.7628333333333334,23865408
sdca,iid,1776,5,2400,0.5786279548097042,0.76525,0.7625,23856000
sdca,iid,1776,6,2400,0.5787039866498258,0.76525,0.7621666666666667,23851968
sdca,iid,1776,7,2400,0.5785627205373514,0.7652083333333334,0.762,23858688
sdca,iid,1776,8,2400,0.5786133297012421,0.7650833333333333,0.762,23864064
sdca,iid,1776,9,2400,0.5785914197395443,0.765,0.762,23857344
sdca,iid,1801,0,2400,0.5785524978732991,0.76525,0.763,24198720
sdca,iid,1801,1,2400,0.5785640407749323,0.764625,0.7608333333333334,24200064
sdca,iid,1801,2,2400,0.578550494145175,0.7649166666666667,0.7621666666666667,24200064
sdca,iid,1801,3,2400,0.578561240000936,0.76525,0.7631666666666667,24194688
sdca,iid,1801,4,2400,0.5785634789594337,0.7651666666666667,0.763,24201408
sdca,iid,1801,5,2400,0.5786228129067181,0.7644583333333334,0.762,24192000
sdca,iid,1801,6,2400,0.5786767315152865,0.765125,0.7625,24187968
sdca,iid,1801,7,2400,0.5785639560452805,0.7649583333333333,0.7616666666666667,24194688
sdca,iid,1801,8,2400,0.5785530993963771,0.7654166666666666,0.763,24200064
sdca,iid,1801,9,2400,0.5786379072851291,0.7650833333333333,0.7625,24193344
sdca,iid,1826,0,2400,0.5785660326887931,0.7651666666666667,0.7625,24534720
sdca,iid,1826,1,2400,0.5785567163685158,0.7646666666666667,0.7615,24536064
sdca,iid,1826,2,2400,0.5785591226069781,0.76525,0.7623333333333333,24536064
sdca,iid,1826,3,2400,0.5785515043313808,0.7652083333333334,0.763,24530688
sdca,iid,1826,4,2400,0.5785545947709778,0.7652083333333334,0.7631666666666667,24537408
sdca,iid,1826,5,2400,0.578601478337991,0.76475,0.7618333333333334,24528000
sdca,iid,1826,6,2400,0.5786639437243821,0.7650833333333333,0.7621666666666667,24523968
sdca,iid,1826,7,2400,0.5785525617601542,0.765,0.7621666666666667,24530688
sdca,iid,1826,8,2400,0.5785665326487641,0.7651666666666667,0.7628333333333334,24536064
sdca,iid,1826,9,2400,0.5786149119285476,0.7649583333333333,0.7623333333333333,24529344
sdca,iid,1851,0,2400,0.5785514085237633,0.7647083333333333,0.7618333333333334,24870720
sdca,iid,1851,1,2400,0.5785646546146274,0.764625,0.7608333333333334,24872064
sdca,iid,1851,2,2400,0.5785506157988759,0.76475,0.7616666666666667,24872064
sdca,iid,1851,3,2400,0.5785532911437128,0.765125,0.7631666666666667,24866688
sdca,iid,1851,4,2400,0.5785563295251454,0.7650416666666666,0.763,24873408
sdca,iid,1851,5,2400,0.5786216298248997,0.7646666666666667,0.7616666666666667,24864000
sdca,iid,1851,6,2400,0.5786699356702322,0.7651666666666667,0.7625,24859968
sdca,iid,1851,7,2400,0.5785641900804114,0.7646666666666667,0.7611666666666667,24866688
sdca,iid,1851,8,2400,0.5785619608548067,0.7650833333333333,0.7628333333333334,24872064
sdca,iid,1851,9,2400,0.5786062431350862,0.7645833333333333,0.7616666666666667,24865344
sdca,iid,1876,0,2400,0.578549162049614,0.7652083333333334,0.763,25206720
sdca,iid,1876,1,2400,0.5786403771912916,0.764875,0.7628333333333334,25208064
sdca,iid,1876,2,2400,0.5785543646037004,0.7650416666666666,0.763,25208064
sdca,iid,1876,3,2400,0.578555152013228,0.765375,0.7628333333333334,25202688
sdca,iid,1876,4,2400,0.5785544556173859,0.7651666666666667,0.7628333333333334,25209408
sdca,iid,1876,5,2400,0.5786006740279371,0.76475,0.7616666666666667,25200000
sdca,iid,1876,6,2400,0.5787055649164767,0.765125,0.7625,25195968
sdca,iid,1876,7,2400,0.5785598372291679,0.765125,0.7616666666666667,25202688
sdca,iid,1876,8,2400,0.5785524993908985,0.7650833333333333,0.763,25208064
sdca,iid,1876,9,2400,0.5786076713900465,0.765125,0.7621666666666667,25201344
sdca,iid,1901,0,2400,0.5785502748140666,0.76525,0.7628333333333334,25542720
sdca,iid,1901,1,2400,0.5785935208584062,0.764875,0.7615,25544064
sdca,iid,1901,2,2400,0.5785497703377968,0.7650416666666666,0.7626666666666667,25544064
sdca,iid,1901,3,2400,0.5785517312409699,0.7650833333333333,0.7628333333333334,25538688
sdca,iid,1901,4,2400,0.5785594967335761,0.764875,0.763,25545408
sdca,iid,1901,5,2400,0.5786009432441441,0.7646666666666667,0.7623333333333333,25536000
sdca,iid,1901,6,2400,0.5786913948225062,0.765125,0.7621666666666667,25531968
sdca,iid,1901,7,2400,0.5785628922633772,0.765125,0.7613333333333333,25538688
sdca,iid,1901,8,2400,0.5785588564176037,0.7650833333333333,0.763,25544064
sdca,iid,1901,9,2400,0.5786003820827835,0.764875,0.7621666666666667,25537344
sdca,iid,1926,0,2400,0.5785617725623828,0.76475,0.7606666666666667,25878720
sdca,iid,1926,1,2400,0.5786110850361644,0.764875,0.7625,25880064
sdca,iid,1926,2,2400,0.578551487524378,0.7649583333333333,0.7623333333333333,25880064
sdca,iid,1926,3,2400,0.5785535689144314,0.7651666666666667,0.7631666666666667,25874688
sdca,iid,1926,4,2400,0.5785516654897737,0.76525,0.7631666666666667,25881408
sdca,iid,1926,5,2400,0.5785921859481791,0.7647083333333333,0.7616666666666667,25872000
sdca,iid,1926,6,2400,0.5786661783775415,0.7651666666666667,0.7621666666666667,25867968
sdca,iid,1926,7,2400,0.5785695274934699,0.7650833333333333,0.7618333333333334,25874688
sdca,iid,1926,8,2400,0.5785595164095793,0.765125,0.763,25880064
sdca,iid,1926,9,2400,0.5785965665502453,0.7647083333333333,0.7616666666666667,25873344
sdca,iid,1951,0,2400,0.5785543798532327,0.7651666666666667,0.763,26214720
sdca,iid,1951,1,2400,0.5785897781169804,0.7650833333333333,0.762,26216064
sdca,iid,1951,2,2400,0.5785772786985997,0.7652916666666667,0.7626666666666667,26216064
sdca,iid,1951,3,2400,0.5785619693870179,0.764625,0.7606666666666667,26210688
sdca,iid,1951,4,2400,0.5785499855517072,0.7652916666666667,0.7628333333333334,26217408
sdca,iid,1951,5,2400,0.5786077221585905,0.76475,0.7625,26208000
sdca,iid,1951,6,2400,0.5786522410307989,0.7651666666666667,0.763,26203968
sdca,iid,1951,7,2400,0.5785530780647975,0.7650833333333333,0.7623333333333333,26210688
sdca,iid,1951,8,2400,0.5785526013720383,0.7652083333333334,0.7633333333333333,26216064
sdca,iid,1951,9,2400,0.5785705774210241,0.7652916666666667,0.762,26209344
sdca,iid,1976,0,2400,0.578552538800477,0.7650833333333333,0.7628333333333334,26550720
sdca,iid,1976,1,2400,0.5785669360506835,0.7647083333333333,0.7606666666666667,26552064
sdca,iid,1976,2,2400,0.5785482003347076,0.7649166666666667,0.7626666666666667,26552064
sdca,iid,1976,3,2400,0.5785494723239819,0.7650416666666666,0.7628333333333334,26546688
sdca,iid,1976,4,2400,0.5785496018688197,0.7653333333333333,0.763,26553408
sdca,iid,1976,5,2400,0.5785763300506146,0.7647083333333333,0.761,26544000
sdca,iid,1976,6,2400,0.578648213464531,0.7652083333333334,0.7631666666666667,26539968
sdca,iid,1976,7,2400,0.5785542234449312,0.7649166666666667,0.7615,26546688
sdca,iid,1976,8,2400,0.5785512996416191,0.7651666666666667,0.7628333333333334,26552064
sdca,iid,1976,9,2400,0.5785787960760397,0.76475,0.7615,26545344
sdca,iid,2001,0,2400,0.5785704479439154,0.7652083333333334,0.7628333333333334,26886720
sdca,iid,2001,1,2400,0.578575359640906,0.7647916666666666,0.761,26888064
sdca,iid,2001,2,2400,0.5785514177211903,0.7649166666666667,0.7626666666666667,26888064
sdca,iid,2001,3,2400,0.5785626010567402,0.765125,0.7631666666666667,26882688
sdca,iid,2001,4,2400,0.5785578757084417,0.7649166666666667,0.7621666666666667,26889408
sdca,iid,2001,5,2400,0.5786106512246462,0.7649583333333333,0.7625,26880000
sdca,iid,2001,6,2400,0.5786749635278007,0.7651666666666667,0.7625,26875968
sdca,iid,2001,7,2400,0.5785560470655562,0.7648333333333334,0.7616666666666667,26882688
sdca,iid,2001,8,2400,0.5785705847070467,0.76525,0.763,26888064
sdca,iid,2001,9,2400,0.5786202153580409,0.7649583333333333,0.7623333333333333,26881344
sdca,iid,2026,0,2400,0.5785480323779434,0.765125,0.7628333333333334,27222720
sdca,iid,2026,1,2400,0.5785643785567361,0.7646666666666667,0.7603333333333333,27224064
sdca,iid,2026,2,2400,0.5785470092343235,0.7650416666666666,0.7625,27224064
sdca,iid,2026,3,2400,0.5785540712645684,0.7651666666666667,0.763,27218688
sdca,iid,2026,4,2400,0.5785475584535992,0.765,0.7628333333333334,27225408
sdca,iid,2026,5,2400,0.5786075696681613,0.764875,0.7621666666666667,27216000
sdca,iid,2026,6,2400,0.5786287851106069,0.7650416666666666,0.7628333333333334,27211968
sdca,iid,2026,7,2400,0.5785490060572976,0.7648333333333334,0.7621666666666667,27218688
sdca,iid,2026,8,2400,0.5785770274866002,0.765375,0.7628333333333334,27224064
sdca,iid,2026,9,2400,0.5786088192771827,0.7646666666666667,0.762,27217344
sdca,iid,2051,0,2400,0.5785535715591464,0.7652083333333334,0.7631666666666667,27558720
sdca,iid,2051,1,2400,0.5785627465059375,0.7649583333333333,0.7611666666666667,27560064
sdca,iid,2051,2,2400,0.5785509542392056,0.7650833333333333,0.763,27560064
sdca,iid,2051,3,2400,0.5785506460384476,0.7652083333333334,0.7631666666666667,27554688
sdca,iid,2051,4,2400,0.5785577016625228,0.765125,0.763,27561408
sdca,iid,2051,5,2400,0.5786159262536218,0.7645,0.7621666666666667,27552000
sdca,iid,2051,6,2400,0.578640788728259,0.765125,0.763,27547968
sdca,iid,2051,7,2400,0.578551495529921,0.7652083333333334,0.7628333333333334,27554688
sdca,iid,2051,8,2400,0.5785688890685411,0.7650833333333333,0.763,27560064
sdca,iid,2051,9,2400,0.5785938961829524,0.7649166666666667,0.762,27553344
sdca,iid,2076,0,2400,0.5785560950615966,0.76475,0.7613333333333333,27894720
sdca,iid,2076,1,2400,0.5785929298418281,0.7648333333333334,0.762,27896064
sdca,iid,2076,2,2400,0.5785505191200868,0.76525,0.7631666666666667,27896064
sdca,iid,2076,3,2400,0.5785546681177166,0.7652083333333334,0.763,27890688
sdca,iid,2076,4,2400,0.5785542151605092,0.7652083333333334,0.763,27897408
sdca,iid,2076,5,2400,0.5786006689656995,0.7648333333333334,0.7618333333333334,27888000
sdca,iid,2076,6,2400,0.5786344940964756,0.7651666666666667,0.7628333333333334,27883968
sdca,iid,2076,7,2400,0.5785598027930156,0.7650416666666666,0.7616666666666667,27890688
sdca,iid,2076,8,2400,0.5785556110122695,0.765125,0.763,27896064
sdca,iid,2076,9,2400,0.578624795132997,0.76475,0.7628333333333334,27889344
sdca,iid,2101,0,2400,0.5785858419606437,0.765375,0.7628333333333334,28230720
sdca,iid,2101,1,2400,0.5785648395613197,0.7647916666666666,0.7608333333333334,28232064
sdca,iid,2101,2,2400,0.5785488819255017,0.7649583333333333,0.7616666666666667,28232064
sdca,iid,2101,3,2400,0.5785505504387866,0.7651666666666667,0.763,28226688
sdca,iid,2101,4,2400,0.578548162205236,0.765125,0.7628333333333334,28233408
sdca,iid,2101,5,2400,0.5786041620073511,0.7648333333333334,0.7623333333333333,28224000
sdca,iid,2101,6,2400,0.5786164462405827,0.7649583333333333,0.7625,28219968
sdca,iid,2101,7,2400,0.5785523144361806,0.7647083333333333,0.7615,28226688
sdca,iid,2101,8,2400,0.5785658521009857,0.765125,0.7631666666666667,28232064
sdca,iid,2101,9,2400,0.5786444808449227,0.7650416666666666,0.763,28225344
sdca,iid,2126,0,2400,0.5785480995202492,0.7651666666666667,0.763,28566720
sdca,iid,2126,1,2400,0.5785719193731408,0.7649583333333333,0.7615,28568064
sdca,iid,2126,2,2400,0.57854680258577,0.7650833333333333,0.7625,28568064
sdca,iid,2126,3,2400,0.5785487430989361,0.765125,0.763,28562688
sdca,iid,2126,4,2400,0.5785466390440701,0.7650833333333333,0.7625,28569408
sdca,iid,2126,5,2400,0.5786078409964497,0.765,0.7623333333333333,28560000
sdca,iid,2126,6,2400,0.5785851475518187,0.765125,0.763,28555968
sdca,iid,2126,7,2400,0.5785472558944527,0.7650416666666666,0.7623333333333333,28562688
sdca,iid,2126,8,2400,0.5785532720065919,0.7649166666666667,0.763,28568064
sdca,iid,2126,9,2400,0.5785883386073815,0.7651666666666667,0.7625,28561344
sdca,iid,2151,0,2400,0.5785843199366378,0.7653333333333333,0.7628333333333334,28902720
sdca,iid,2151,1,2400,0.578557010201111,0.7645416666666667,0.761,28904064
sdca,iid,2151,2,2400,0.5785804621591077,0.7655833333333333,0.7626666666666667,28904064
sdca,iid,2151,3,2400,0.5785503261963367,0.765,0.7628333333333334,28898688
sdca,iid,2151,4,2400,0.5785502690650564,0.7649166666666667,0.7631666666666667,28905408
sdca,iid,2151,5,2400,0.5785930171146279,0.7645416666666667,0.7611666666666667,28896000
sdca,iid,2151,6,2400,0.5787368022351398,0.765,0.7623333333333333,28891968
sdca,iid,2151,7,2400,0.5785470694266919,0.764875,0.7631666666666667,28898688
sdca,iid,2151,8,2400,0.5785640445125289,0.7650416666666666,0.7628333333333334,28904064
sdca,iid,2151,9,2400,0.5786211593775498,0.764875,0.763,28897344
sdca,iid,2176,0,2400,0.5785574175523324,0.7650416666666666,0.763,29238720
sdca,iid,2176,1,2400,0.5785665745128772,0.7649166666666667,0.7611666666666667,29240064
sdca,iid,2176,2,2400,0.578549669603226,0.7652916666666667,0.7631666666666667,29240064
sdca,iid,2176,3,2400,0.5785605386859577,0.765125,0.7626666666666667,29234688
sdca,iid,2176,4,2400,0.5785520968217164,0.7653333333333333,0.7628333333333334,29241408
sdca,iid,2176,5,2400,0.5785810873194661,0.7647083333333333,0.7615,29232000
sdca,iid,2176,6,2400,0.578615896377488,0.765,0.7625,29227968
sdca,iid,2176,7,2400,0.5785527332782334,0.7648333333333334,0.7613333333333333,29234688
sdca,iid,2176,8,2400,0.5785666053246414,0.7650833333333333,0.7628333333333334,29240064
sdca,iid,2176,9,2400,0.5786134241880333,0.764875,0.7628333333333334,29233344
sdca,iid,2201,0,2400,0.5785543165533185,0.765,0.7626666666666667,29574720
sdca,iid,2201,1,2400,0.5785778524014633,0.7649166666666667,0.7618333333333334,29576064
sdca,iid,2201,2,2400,0.5785589816373549,0.7649583333333333,0.7628333333333334,29576064
sdca,iid,2201,3,2400,0.5785471250727141,0.76525,0.7631666666666667,29570688
sdca,iid,2201,4,2400,0.5785531016647706,0.765125,0.7628333333333334,29577408
sdca,iid,2201,5,2400,0.5786087303074006,0.764625,0.7623333333333333,29568000
sdca,iid,2201,6,2400,0.5786774097311133,0.7653333333333333,0.7626666666666667,29563968
sdca,iid,2201,7,2400,0.5785497446611251,0.764875,0.7621666666666667,29570688
sdca,iid,2201,8,2400,0.5785547493510074,0.7650416666666666,0.763,29576064
sdca,iid,2201,9,2400,0.5785837733096484,0.7651666666666667,0.7621666666666667,29569344
sdca,iid,2226,0,2400,0.5785602248921836,0.765125,0.7626666666666667,29910720
sdca,iid,2226,1,2400,0.5785590520679671,0.7647083333333333,0.761,29912064
sdca,iid,2226,2,2400,0.5785480652647423,0.7651666666666667,0.763,29912064
sdca,iid,2226,3,2400,0.5785523716533426,0.7651666666666667,0.7631666666666667,29906688
sdca,iid,2226,4,2400,0.5785518855727064,0.7652083333333334,0.763,29913408
sdca,iid,2226,5,2400,0.5785947455199175,0.7647916666666666,0.7618333333333334,29904000
sdca,iid,2226,6,2400,0.5786250310977713,0.76525,0.7628333333333334,29899968
sdca,iid,2226,7,2400,0.5785498213897886,0.7648333333333334,0.7616666666666667,29906688
sdca,iid,2226,8,2400,0.5785476049836593,0.7650416666666666,0.763,29912064
sdca,iid,2226,9,2400,0.5786034561125329,0.7647083333333333,0.7625,29905344
sdca,iid,2251,0,2400,0.578546995119823,0.7645833333333333,0.762,30246720
sdca,iid,2251,1,2400,0.5785558819046026,0.7647916666666666,0.7613333333333333,30248064
sdca,iid,2251,2,2400,0.5785508690603273,0.7653333333333333,0.763,30248064
sdca,iid,2251,3,2400,0.5785508771385817,0.765125,0.763,30242688
sdca,iid,2251,4,2400,0.57854709479565,0.7647916666666666,0.762,30249408
sdca,iid,2251,5,2400,0.5786126521014114,0.7646666666666667,0.7626666666666667,30240000
sdca,iid,2251,6,2400,0.5786085008953489,0.7652916666666667,0.7625,30235968
sdca,iid,2251,7,2400,0.5785473328100802,0.7647083333333333,0.7618333333333334,30242688
sdca,iid,2251,8,2400,0.5785814605467469,0.7651666666666667,0.7628333333333334,30248064
sdca,iid,2251,9,2400,0.5785754367863071,0.7650416666666666,0.7623333333333333,30241344
sdca,iid,2276,0,2400,0.5785512682150117,0.7651666666666667,0.763,30582720
sdca,iid,2276,1,2400,0.5785515163663745,0.7647083333333333,0.761,30584064
sdca,iid,2276,2,2400,0.57854965674094,0.7652083333333334,0.7631666666666667,30584064
sdca,iid,2276,3,2400,0.5785554821375328,0.7650416666666666,0.763,30578688
sdca,iid,2276,4,2400,0.5785800639275505,0.7651666666666667,0.763,30585408
sdca,iid,2276,5,2400,0.5786217039381703,0.7648333333333334,0.7628333333333334,30576000
sdca,iid,2276,6,2400,0.5786023366912131,0.7652916666666667,0.7625,30571968
sdca,iid,2276,7,2400,0.5785503577023031,0.7647916666666666,0.7611666666666667,30578688
sdca,iid,2276,8,2400,0.57855540164168,0.765,0.7631666666666667,30584064
sdca,iid,2276,9,2400,0.5785692922689888,0.765,0.7618333333333334,30577344
sdca,iid,2301,0,2400,0.5785586323656019,0.7651666666666667,0.7628333333333334,30918720
sdca,iid,2301,1,2400,0.5785801206706777,0.7649583333333333,0.762,30920064
sdca,iid,2301,2,2400,0.5785508981599571,0.7650833333333333,0.7628333333333334,30920064
sdca,iid,2301,3,2400,0.5785592538895601,0.7651666666666667,0.7628333333333334,30914688
sdca,iid,2301,4,2400,0.5785522871445831,0.7650833333333333,0.763,30921408
sdca,iid,2301,5,2400,0.5785812623834686,0.7647916666666666,0.7615,30912000
sdca,iid,2301,6,2400,0.578632805505797,0.7650416666666666,0.7631666666666667,30907968
sdca,iid,2301,7,2400,0.5785541115929296,0.7647916666666666,0.7611666666666667,30914688
sdca,iid,2301,8,2400,0.5785590949668322,0.7650833333333333,0.7631666666666667,30920064
sdca,iid,2301,9,2400,0.5786036428404331,0.765125,0.7626666666666667,30913344
sdca,iid,2326,0,2400,0.57855077285081,0.7647083333333333,0.762,31254720
sdca,iid,2326,1,2400,0.5785905615491439,0.764625,0.762,31256064
sdca,iid,2326,2,2400,0.5785506937556177,0.764875,0.7621666666666667,31256064
sdca,iid,2326,3,2400,0.5785554060189113,0.7650833333333333,0.763,31250688
sdca,iid,2326,4,2400,0.5785508218027635,0.7649166666666667,0.7625,31257408
sdca,iid,2326,5,2400,0.5785741752201822,0.7646666666666667,0.7615,31248000
sdca,iid,2326,6,2400,0.5786169922920594,0.7651666666666667,0.7626666666666667,31243968
sdca,iid,2326,7,2400,0.5785529402981249,0.7649583333333333,0.7615,31250688
sdca,iid,2326,8,2400,0.5785713308569288,0.7650833333333333,0.7628333333333334,31256064
sdca,iid,2326,9,2400,0.5786121803144533,0.7645416666666667,0.7628333333333334,31249344
sdca,iid,2351,0,2400,0.5785508683021856,0.7651666666666667,0.7626666666666667,31590720
sdca,iid,2351,1,2400,0.5785931073576587,0.7648333333333334,0.7628333333333334,31592064
sdca,iid,2351,2,2400,0.5785510919009877,0.765125,0.7623333333333333,31592064
sdca,iid,2351,3,2400,0.5785662344927314,0.7649583333333333,0.7628333333333334,31586688
sdca,iid,2351,4,2400,0.5785529514280217,0.76525,0.7631666666666667,31593408
sdca,iid,2351,5,2400,0.5785990057459326,0.764875,0.7628333333333334,31584000
sdca,iid,2351,6,2400,0.5785884315783156,0.7650833333333333,0.7628333333333334,31579968
sdca,iid,2351,7,2400,0.5785510441055896,0.7649166666666667,0.7621666666666667,31586688
sdca,iid,2351,8,2400,0.5785532047402575,0.7652083333333334,0.7628333333333334,31592064
sdca,iid,2351,9,2400,0.5786228311606842,0.7649166666666667,0.7625,31585344
sdca,iid,2376,0,2400,0.5785664334966495,0.765,0.7628333333333334,31926720
sdca,iid,2376,1,2400,0.5785686836252512,0.764875,0.761,31928064
sdca,iid,2376,2,2400,0.5785539915861319,0.765125,0.7631666666666667,31928064
sdca,iid,2376,3,2400,0.578550728165125,0.7650416666666666,0.7628333333333334,31922688
sdca,iid,2376,4,2400,0.5785527796065297,0.7651666666666667,0.7631666666666667,31929408
sdca,iid,2376,5,2400,0.5786239961594339,0.7650416666666666,0.7628333333333334,31920000
sdca,iid,2376,6,2400,0.5786112156013352,0.765,0.7623333333333333,31915968
sdca,iid,2376,7,2400,0.5785526022502832,0.76475,0.7615,31922688
sdca,iid,2376,8,2400,0.5785596861726823,0.764875,0.763,31928064
sdca,iid,2376,9,2400,0.5785933221685843,0.765,0.7626666666666667,31921344
sdca,iid,2401,0,2400,0.5785536969871684,0.7649583333333333,0.7616666666666667,32262720
sdca,iid,2401,1,2400,0.5785752587475851,0.7648333333333334,0.7618333333333334,32264064
sdca,iid,2401,2,2400,0.5785624375820659,0.7650833333333333,0.7615,32264064
sdca,iid,2401,3,2400,0.5785578805857496,0.7652083333333334,0.763,32258688
sdca,iid,2401,4,2400,0.5785621235372407,0.7650416666666666,0.763,32265408
sdca,iid,2401,5,2400,0.5786020360675859,0.7648333333333334,0.7625,32256000
sdca,iid,2401,6,2400,0.5786100492871837,0.7651666666666667,0.7625,32251968
sdca,iid,2401,7,2400,0.5785553777669006,0.7648333333333334,0.7618333333333334,32258688
sdca,iid,2401,8,2400,0.5785576653662784,0.7652083333333334,0.763,32264064
sdca,iid,2401,9,2400,0.5786070532558117,0.765125,0.7623333333333333,32257344
sdca,iid,2426,0,2400,0.5785717015421726,0.764875,0.7626666666666667,32598720
sdca,iid,2426,1,2400,0.5785772449257073,0.764875,0.7613333333333333,32600064
sdca,iid,2426,2,2400,0.5785580505370264,0.7650833333333333,0.7628333333333334,32600064
sdca,iid,2426,3,2400,0.5785582717367849,0.7650833333333333,0.7628333333333334,32594688
sdca,iid,2426,4,2400,0.5785598788939595,0.765125,0.763,32601408
sdca,iid,2426,5,2400,0.5785785537763487,0.7646666666666667,0.7613333333333333,32592000
sdca,iid,2426,6,2400,0.5786105621325511,0.7650416666666666,0.7621666666666667,32587968
sdca,iid,2426,7,2400,0.5785524704575582,0.764875,0.7623333333333333,32594688
sdca,iid,2426,8,2400,0.578559110380006,0.765,0.763,32600064
sdca,iid,2426,9,2400,0.5785813841512486,0.7647916666666666,0.7613333333333333,32593344
sdca,iid,2451,0,2400,0.5785650842991464,0.76525,0.7628333333333334,32934720
sdca,iid,2451,1,2400,0.5785888558844328,0.7648333333333334,0.762,32936064
sdca,iid,2451,2,2400,0.5785536916746126,0.7651666666666667,0.7625,32936064
sdca,iid,2451,3,2400,0.5785591376740511,0.7651666666666667,0.763,32930688
sdca,iid,2451,4,2400,0.5785547918368531,0.765125,0.763,32937408
sdca,iid,2451,5,2400,0.5785817116563272,0.76475,0.7615,32928000
sdca,iid,2451,6,2400,0.5785838204704832,0.7649166666666667,0.7626666666666667,32923968
sdca,iid,2451,7,2400,0.5785566627831124,0.7649166666666667,0.7613333333333333,32930688
sdca,iid,2451,8,2400,0.5785808819526036,0.7649166666666667,0.7625,32936064
sdca,iid,2451,9,2400,0.5785698933134725,0.765,0.761,32929344
sdca,iid,2476,0,2400,0.5785845809876548,0.7650416666666666,0.7626666666666667,33270720
sdca,iid,2476,1,2400,0.5785976408053911,0.7647083333333333,0.7623333333333333,33272064
sdca,iid,2476,2,2400,0.5785534153477261,0.7648333333333334,0.7623333333333333,33272064
sdca,iid,2476,3,2400,0.5785545141098388,0.76475,0.762,33266688
sdca,iid,2476,4,2400,0.5785529136655737,0.7649166666666667,0.7623333333333333,33273408
sdca,iid,2476,5,2400,0.5786304774680755,0.7649583333333333,0.763,33264000
sdca,iid,2476,6,2400,0.5785901198816046,0.7650416666666666,0.7628333333333334,33259968
sdca,iid,2476,7,2400,0.5785543023561979,0.765,0.7623333333333333,33266688
sdca,iid,2476,8,2400,0.5785604318557656,0.765,0.7633333333333333,33272064
sdca,iid,2476,9,2400,0.5785589531223971,0.7649166666666667,0.7618333333333334,33265344
sdca,iid,2501,0,2400,0.5785525008810705,0.765,0.7625,33606720
sdca,iid,2501,1,2400,0.5785633640569984,0.7648333333333334,0.7613333333333333,33608064
sdca,iid,2501,2,2400,0.5785664743429915,0.765125,0.7631666666666667,33608064
sdca,iid,2501,3,2400,0.5785689948158933,0.7650416666666666,0.763,33602688
sdca,iid,2501,4,2400,0.5785547987096017,0.765,0.7626666666666667,33609408
sdca,iid,2501,5,2400,0.5785830963267408,0.7647083333333333,0.7613333333333333,33600000
sdca,iid,2501,6,2400,0.5786019239533949,0.7650416666666666,0.7628333333333334,33595968
sdca,iid,2501,7,2400,0.5785624482945706,0.764875,0.7615,33602688
sdca,iid,2501,8,2400,0.5785724761238085,0.7650416666666666,0.7631666666666667,33608064
sdca,iid,2501,9,2400,0.578683923455326,0.7652916666666667,0.7628333333333334,33601344
sdca,iid,2526,0,2400,0.5785515582530533,0.764875,0.7618333333333334,33942720
sdca,iid,2526,1,2400,0.5785630188940626,0.7647916666666666,0.7613333333333333,33944064
sdca,iid,2526,2,2400,0.5785555157647887,0.7649166666666667,0.763,33944064
sdca,iid,2526,3,2400,0.5785530137497855,0.7647916666666666,0.7618333333333334,33938688
sdca,iid,2526,4,2400,0.5785546377442075,0.7649583333333333,0.7628333333333334,33945408
sdca,iid,2526,5,2400,0.5786060891728158,0.7647083333333333,0.7625,33936000
sdca,iid,2526,6,2400,0.5786170182091364,0.7652083333333334,0.7625,33931968
sdca,iid,2526,7,2400,0.578554404156944,0.764875,0.7613333333333333,33938688
sdca,iid,2526,8,2400,0.5785613610203468,0.7649583333333333,0.763,33944064
sdca,iid,2526,9,2400,0.5785782049545718,0.7649166666666667,0.7611666666666667,33937344
sdca,iid,2551,0,2400,0.5785586215330759,0.7650416666666666,0.7626666666666667,34278720
sdca,iid,2551,1,2400,0.5785764934850096,0.764875,0.7611666666666667,34280064
sdca,iid,2551,2,2400,0.5785543828012202,0.7649583333333333,0.7621666666666667,34280064
sdca,iid,2551,3,2400,0.5785536968315812,0.765,0.7626666666666667,34274688
sdca,iid,2551,4,2400,0.5785590705983109,0.765,0.763,34281408
sdca,iid,2551,5,2400,0.578575721106337,0.7645416666666667,0.761,34272000
sdca,iid,2551,6,2400,0.5786041678465424,0.764875,0.7625,34267968
sdca,iid,2551,7,2400,0.5785598776969169,0.7649166666666667,0.7613333333333333,34274688
sdca,iid,2551,8,2400,0.5785781756980688,0.7650833333333333,0.763,34280064
sdca,iid,2551,9,2400,0.5785810952747932,0.7648333333333334,0.7613333333333333,34273344
sdca,iid,2576,0,2400,0.5785523007235103,0.7646666666666667,0.7618333333333334,34614720
sdca,iid,2576,1,2400,0.578569922618274,0.7648333333333334,0.761,34616064
sdca,iid,2576,2,2400,0.5785528501635995,0.764625,0.762,34616064
sdca,iid,2576,3,2400,0.5785542082715125,0.765,0.7628333333333334,34610688
sdca,iid,2576,4,2400,0.5785554461040621,0.7650833333333333,0.7631666666666667,34617408
sdca,iid,2576,5,2400,0.5786004340185725,0.7645833333333333,0.7616666666666667,34608000
sdca,iid,2576,6,2400,0.5786410730088063,0.7650833333333333,0.7625,34603968
sdca,iid,2576,7,2400,0.5785537759038595,0.7648333333333334,0.762,34610688
sdca,iid,2576,8,2400,0.5785522215304342,0.7650833333333333,0.7626666666666667,34616064
sdca,iid,2576,9,2400,0.5786192496113097,0.764625,0.7625,34609344
sdca,iid,2601,0,2400,0.5785537817397088,0.7650416666666666,0.7626666666666667,34950720
sdca,iid,2601,1,2400,0.578562140334423,0.765,0.7615,34952064
sdca,iid,2601,2,2400,0.5785661851555509,0.7650833333333333,0.763,34952064
sdca,iid,2601,3,2400,0.5785787831588862,0.765,0.7628333333333334,34946688
sdca,iid,2601,4,2400,0.5785581309408655,0.765,0.7628333333333334,34953408
sdca,iid,2601,5,2400,0.5786132450301661,0.764875,0.7625,34944000
sdca,iid,2601,6,2400,0.5786014115782229,0.7650833333333333,0.763,34939968
sdca,iid,2601,7,2400,0.578556738064078,0.7652083333333334,0.7628333333333334,34946688
sdca,iid,2601,8,2400,0.5785629457077489,0.7650833333333333,0.7631666666666667,34952064
sdca,iid,2601,9,2400,0.5785853963692507,0.7648333333333334,0.762,34945344
sdca,iid,2626,0,2400,0.5785557719429505,0.7648333333333334,0.7626666666666667,35286720
sdca,iid,2626,1,2400,0.5785680090419524,0.7647916666666666,0.7605,35288064
sdca,iid,2626,2,2400,0.5785532415806454,0.765,0.7626666666666667,35288064
sdca,iid,2626,3,2400,0.5785576707317864,0.7649166666666667,0.7631666666666667,35282688
sdca,iid,2626,4,2400,0.5785768505966126,0.7650833333333333,0.7631666666666667,35289408
sdca,iid,2626,5,2400,0.5786072036932552,0.764625,0.7618333333333334,35280000
sdca,iid,2626,6,2400,0.5786250200043139,0.7651666666666667,0.7623333333333333,35275968
sdca,iid,2626,7,2400,0.5785632672895625,0.7652083333333334,0.7613333333333333,35282688
sdca,iid,2626,8,2400,0.578560771381188,0.7649583333333333,0.7631666666666667,35288064
sdca,iid,2626,9,2400,0.5785993680675524,0.7645833333333333,0.7613333333333333,35281344
sdca,iid,2651,0,2400,0.5785535840674378,0.764875,0.762,35622720
sdca,iid,2651,1,2400,0.5785662757662212,0.7649166666666667,0.761,35624064
sdca,iid,2651,2,2400,0.5785550538961273,0.7649583333333333,0.762,35624064
sdca,iid,2651,3,2400,0.5785654655207912,0.7650416666666666,0.7631666666666667,35618688
sdca,iid,2651,4,2400,0.5785671499154291,0.7649583333333333,0.7631666666666667,35625408
sdca,iid,2651,5,2400,0.5786044524426796,0.7647916666666666,0.7625,35616000
sdca,iid,2651,6,2400,0.5785967077633303,0.7648333333333334,0.7628333333333334,35611968
sdca,iid,2651,7,2400,0.5785539796985106,0.7647083333333333,0.7621666666666667,35618688
sdca,iid,2651,8,2400,0.5785641970763649,0.7649583333333333,0.7631666666666667,35624064
sdca,iid,2651,9,2400,0.5785690781816762,0.7649583333333333,0.761,35617344
sdca,iid,2676,0,2400,0.5785607330754591,0.765,0.7631666666666667,35958720
sdca,iid,2676,1,2400,0.5785869148237642,0.764625,0.7615,35960064
sdca,iid,2676,2,2400,0.578553213243757,0.7646666666666667,0.7621666666666667,35960064
sdca,iid,2676,3,2400,0.578557471401311,0.7650416666666666,0.7631666666666667,35954688
sdca,iid,2676,4,2400,0.5785524761500767,0.76525,0.7628333333333334,35961408
sdca,iid,2676,5,2400,0.5785861706983629,0.7645416666666667,0.7613333333333333,35952000
sdca,iid,2676,6,2400,0.5785803830634718,0.7649583333333333,0.7625,35947968
sdca,iid,2676,7,2400,0.5785523207326554,0.765125,0.7625,35954688
sdca,iid,2676,8,2400,0.5785781364941852,0.7650833333333333,0.763,35960064
sdca,iid,2676,9,2400,0.5786063876574511,0.7649583333333333,0.7625,35953344
sdca,iid,2701,0,2400,0.5785520043990492,0.765125,0.7625,36294720
sdca,iid,2701,1,2400,0.5785546813701471,0.7647916666666666,0.7618333333333334,36296064
sdca,iid,2701,2,2400,0.5785524623502232,0.76525,0.7625,36296064
sdca,iid,2701,3,2400,0.5785546097184744,0.7649583333333333,0.763,36290688
sdca,iid,2701,4,2400,0.5785594346236532,0.7649583333333333,0.7631666666666667,36297408
sdca,iid,2701,5,2400,0.5786016469784487,0.7648333333333334,0.7623333333333333,36288000
sdca,iid,2701,6,2400,0.5786011853234121,0.7649166666666667,0.7625,36283968
sdca,iid,2701,7,2400,0.5785595120444976,0.764875,0.7615,36290688
sdca,iid,2701,8,2400,0.5785633581713202,0.764875,0.7631666666666667,36296064
sdca,iid,2701,9,2400,0.5785787280048588,0.7649583333333333,0.7616666666666667,36289344
sdca,iid,2726,0,2400,0.5785567004210718,0.7649166666666667,0.7628333333333334,36630720
sdca,iid,2726,1,2400,0.5785666629342804,0.7649583333333333,0.7606666666666667,36632064
sdca,iid,2726,2,2400,0.5785597341393605,0.765,0.7615,36632064
sdca,iid,2726,3,2400,0.5785653383591857,0.7649166666666667,0.7631666666666667,36626688
sdca,iid,2726,4,2400,0.5785602583635829,0.7650416666666666,0.7631666666666667,36633408
sdca,iid,2726,5,2400,0.5785985946088833,0.7645416666666667,0.762,36624000
sdca,iid,2726,6,2400,0.5786211587133572,0.7650833333333333,0.7623333333333333,36619968
sdca,iid,2726,7,2400,0.5785531836992083,0.7646666666666667,0.762,36626688
sdca,iid,2726,8,2400,0.5785648037071272,0.7649583333333333,0.7631666666666667,36632064
sdca,iid,2726,9,2400,0.5785951947710455,0.7647916666666666,0.7625,36625344
sdca,iid,2751,0,2400,0.5785933356264927,0.7650833333333333,0.763,36966720
sdca,iid,2751,1,2400,0.5785783812965422,0.7646666666666667,0.7611666666666667,36968064
sdca,iid,2751,2,2400,0.5785720666735132,0.765,0.7626666666666667,36968064
sdca,iid,2751,3,2400,0.578557018646067,0.7649583333333333,0.7628333333333334,36962688
sdca,iid,2751,4,2400,0.5785608501324472,0.7649583333333333,0.7628333333333334,36969408
sdca,iid,2751,5,2400,0.5785973283513102,0.7647083333333333,0.7623333333333333,36960000
sdca,iid,2751,6,2400,0.5785866596368915,0.7651666666666667,0.763,36955968
sdca,iid,2751,7,2400,0.5785627213019124,0.764875,0.7615,36962688
sdca,iid,2751,8,2400,0.5785659820484561,0.7649583333333333,0.763,36968064
sdca,iid,2751,9,2400,0.5785817854173161,0.7646666666666667,0.7613333333333333,36961344
sdca,iid,2776,0,2400,0.5785539779046724,0.7646666666666667,0.7616666666666667,37302720
sdca,iid,2776,1,2400,0.5785683043016443,0.7649166666666667,0.761,37304064
sdca,iid,2776,2,2400,0.5785534581847918,0.7649583333333333,0.7623333333333333,37304064
sdca,iid,2776,3,2400,0.578555652610069,0.7651666666666667,0.763,37298688
sdca,iid,2776,4,2400,0.5785602795560341,0.7650833333333333,0.763,37305408
sdca,iid,2776,5,2400,0.5785959743505427,0.7645833333333333,0.7616666666666667,37296000
sdca,iid,2776,6,2400,0.5786166652599082,0.7650833333333333,0.7626666666666667,37291968
sdca,iid,2776,7,2400,0.578553512348463,0.765,0.7623333333333333,37298688
sdca,iid,2776,8,2400,0.5785670538669685,0.7649583333333333,0.7631666666666667,37304064
sdca,iid,2776,9,2400,0.5785976366030212,0.7646666666666667,0.7621666666666667,37297344
sdca,iid,2801,0,2400,0.5785539615964183,0.765,0.7625,37638720
sdca,iid,2801,1,2400,0.5785663733129442,0.7646666666666667,0.761,37640064
sdca,iid,2801,2,2400,0.5785544511123759,0.764625,0.7618333333333334,37640064
sdca,iid,2801,3,2400,0.5785551353079984,0.7649583333333333,0.7621666666666667,37634688
sdca,iid,2801,4,2400,0.5785544540496729,0.7650833333333333,0.7625,37641408
sdca,iid,2801,5,2400,0.5786084536082747,0.7650416666666666,0.7626666666666667,37632000
sdca,iid,2801,6,2400,0.5786017939795539,0.7649583333333333,0.7628333333333334,37627968
sdca,iid,2801,7,2400,0.5785546010904362,0.7651666666666667,0.7623333333333333,37634688
sdca,iid,2801,8,2400,0.5785540769633909,0.7649583333333333,0.7625,37640064
sdca,iid,2801,9,2400,0.5786107175298959,0.7650833333333333,0.7626666666666667,37633344
sdca,iid,2826,0,2400,0.578568905286351,0.764875,0.7633333333333333,37974720
sdca,iid,2826,1,2400,0.5785732614478443,0.7650416666666666,0.761,37976064
sdca,iid,2826,2,2400,0.5785609946071799,0.7650833333333333,0.762,37976064
sdca,iid,2826,3,2400,0.5785957147545351,0.765125,0.7628333333333334,37970688
sdca,iid,2826,4,2400,0.5785787454428039,0.765125,0.763,37977408
sdca,iid,2826,5,2400,0.5786130465263425,0.7644166666666666,0.7623333333333333,37968000
sdca,iid,2826,6,2400,0.5786017077062878,0.7649583333333333,0.7623333333333333,37963968
sdca,iid,2826,7,2400,0.5785531543418397,0.765,0.762,37970688
sdca,iid,2826,8,2400,0.5785611895754444,0.7649583333333333,0.7628333333333334,37976064
sdca,iid,2826,9,2400,0.578560615628456,0.7652083333333334,0.7621666666666667,37969344
sdca,iid,2851,0,2400,0.5785585228898549,0.765,0.7628333333333334,38310720
sdca,iid,2851,1,2400,0.5785640576313072,0.7648333333333334,0.7611666666666667,38312064
sdca,iid,2851,2,2400,0.5785540992685495,0.765125,0.7628333333333334,38312064
sdca,iid,2851,3,2400,0.5785545898710183,0.7650416666666666,0.7626666666666667,38306688
sdca,iid,2851,4,2400,0.5785599921659309,0.7649166666666667,0.7628333333333334,38313408
sdca,iid,2851,5,2400,0.5785848217713934,0.7645833333333333,0.7611666666666667,38304000
sdca,iid,2851,6,2400,0.578583557371525,0.765125,0.763,38299968
sdca,iid,2851,7,2400,0.5785546238559259,0.765,0.7628333333333334,38306688
sdca,iid,2851,8,2400,0.5785598792797771,0.7649583333333333,0.763,38312064
sdca,iid,2851,9,2400,0.5785849841092345,0.764625,0.7611666666666667,38305344
sdca,iid,2876,0,2400,0.5785571245602767,0.764875,0.762,38646720
sdca,iid,2876,1,2400,0.5785818196693728,0.764625,0.7615,38648064
sdca,iid,2876,2,2400,0.5785565263196732,0.764875,0.763,38648064
sdca,iid,2876,3,2400,0.5785531331194516,0.7650833333333333,0.7628333333333334,38642688
sdca,iid,2876,4,2400,0.5785535027266864,0.764625,0.7618333333333334,38649408
sdca,iid,2876,5,2400,0.5786079507086566,0.7650833333333333,0.7626666666666667,38640000
sdca,iid,2876,6,2400,0.5785879068461791,0.7650416666666666,0.763,38635968
sdca,iid,2876,7,2400,0.5785521496798963,0.7649583333333333,0.7621666666666667,38642688
sdca,iid,2876,8,2400,0.578554492949005,0.7650833333333333,0.7628333333333334,38648064
sdca,iid,2876,9,2400,0.5785858512946686,0.7646666666666667,0.762,38641344
sdca,iid,2901,0,2400,0.5785634344089353,0.7648333333333334,0.7615,38982720
sdca,iid,2901,1,2400,0.5785766799443504,0.7645833333333333,0.7611666666666667,38984064
sdca,iid,2901,2,2400,0.5785530868704543,0.765125,0.7626666666666667,38984064
sdca,iid,2901,3,2400,0.5785556148146006,0.7650833333333333,0.763,38978688
sdca,iid,2901,4,2400,0.5785519153472871,0.765125,0.7626666666666667,38985408
sdca,iid,2901,5,2400,0.5786025412788333,0.7649166666666667,0.7626666666666667,38976000
sdca,iid,2901,6,2400,0.5785775718663794,0.7650416666666666,0.7628333333333334,38971968
sdca,iid,2901,7,2400,0.578552548306135,0.7650833333333333,0.7625,38978688
sdca,iid,2901,8,2400,0.5785547044662659,0.7646666666666667,0.762,38984064
sdca,iid,2901,9,2400,0.5786011946567384,0.7649583333333333,0.7626666666666667,38977344
sdca,iid,2926,0,2400,0.5785588544743677,0.764875,0.763,39318720
sdca,iid,2926,1,2400,0.5785624100200163,0.7649166666666667,0.7613333333333333,39320064
sdca,iid,2926,2,2400,0.5785542212111403,0.7646666666666667,0.7615,39320064
sdca,iid,2926,3,2400,0.578556852723393,0.7649583333333333,0.763,39314688
sdca,iid,2926,4,2400,0.5785562205189597,0.765,0.763,39321408
sdca,iid,2926,5,2400,0.57858966113635,0.7647083333333333,0.7618333333333334,39312000
sdca,iid,2926,6,2400,0.5785933947923286,0.7650416666666666,0.7628333333333334,39307968
sdca,iid,2926,7,2400,0.5785524158346661,0.764875,0.7616666666666667,39314688
sdca,iid,2926,8,2400,0.5785583746144092,0.7649583333333333,0.763,39320064
sdca,iid,2926,9,2400,0.5785753392527907,0.764875,0.7611666666666667,39313344
sdca,iid,2951,0,2400,0.5785576927509982,0.7649583333333333,0.7613333333333333,39654720
sdca,iid,2951,1,2400,0.5785692390582631,0.76475,0.7613333333333333,39656064
sdca,iid,2951,2,2400,0.5786036499351439,0.764875,0.7625,39656064
sdca,iid,2951,3,2400,0.5785533266162862,0.7649166666666667,0.7621666666666667,39650688
sdca,iid,2951,4,2400,0.5785545441554456,0.7649166666666667,0.762,39657408
sdca,iid,2951,5,2400,0.5785784090557136,0.76475,0.7611666666666667,39648000
sdca,iid,2951,6,2400,0.5785921267672544,0.765,0.7628333333333334,39643968
sdca,iid,2951,7,2400,0.5785532194178618,0.7650416666666666,0.762,39650688
sdca,iid,2951,8,2400,0.5785572336983873,0.7649583333333333,0.7628333333333334,39656064
sdca,iid,2951,9,2400,0.5786030352220127,0.7647083333333333,0.7625,39649344
sdca,iid,2976,0,2400,0.5785524344571186,0.7647916666666666,0.762,39990720
sdca,iid,2976,1,2400,0.5785787090927949,0.7647916666666666,0.7611666666666667,39992064
sdca,iid,2976,2,2400,0.5785539026862211,0.76475,0.7618333333333334,39992064
sdca,iid,2976,3,2400,0.5785553423642419,0.7650833333333333,0.7628333333333334,39986688
sdca,iid,2976,4,2400,0.578559241287897,0.7649583333333333,0.763,39993408
sdca,iid,2976,5,2400,0.578582689379986,0.7646666666666667,0.7611666666666667,39984000
sdca,iid,2976,6,2400,0.5786134076797539,0.7649583333333333,0.7625,39979968
sdca,iid,2976,7,2400,0.5785542592177658,0.76475,0.7615,39986688
sdca,iid,2976,8,2400,0.5785602494172891,0.765,0.763,39992064
sdca,iid,2976,9,2400,0.5786082231026669,0.764875,0.7625,39985344
sdca,iid,3001,0,2400,0.578557483627032,0.7649583333333333,0.763,40326720
sdca,iid,3001,1,2400,0.5785802359424347,0.7645,0.7613333333333333,40328064
sdca,iid,3001,2,2400,0.5785579445788231,0.76475,0.762,40328064
sdca,iid,3001,3,2400,0.5785538873264752,0.7650416666666666,0.7626666666666667,40322688
sdca,iid,3001,4,2400,0.5785535896458334,0.7649166666666667,0.7626666666666667,40329408
sdca,iid,3001,5,2400,0.5785979155591086,0.764625,0.7621666666666667,40320000
sdca,iid,3001,6,2400,0.5786059891175959,0.765,0.7628333333333334,40315968
sdca,iid,3001,7,2400,0.5785538323477948,0.7649166666666667,0.7626666666666667,40322688
sdca,iid,3001,8,2400,0.578570464549439,0.7650833333333333,0.7626666666666667,40328064
sdca,iid,3001,9,2400,0.5785699732122787,0.765,0.7613333333333333,40321344
sdca,iid,3026,0,2400,0.5785648824986458,0.7649583333333333,0.7626666666666667,40662720
sdca,iid,3026,1,2400,0.5785693550609914,0.7647083333333333,0.7613333333333333,40664064
sdca,iid,3026,2,2400,0.5785857386999012,0.7650416666666666,0.7625,40664064
sdca,iid,3026,3,2400,0.5785533208154293,0.7647916666666666,0.7621666666666667,40658688
sdca,iid,3026,4,2400,0.5785757102586406,0.7651666666666667,0.7625,40665408
sdca,iid,3026,5,2400,0.5785871855607843,0.7645833333333333,0.7615,40656000
sdca,iid,3026,6,2400,0.5785974459955638,0.765,0.762,40651968
sdca,iid,3026,7,2400,0.5785559858846315,0.765,0.7626666666666667,40658688
sdca,iid,3026,8,2400,0.5785551196521459,0.7649583333333333,0.7626666666666667,40664064
sdca,iid,3026,9,2400,0.5785808359051449,0.764625,0.7613333333333333,40657344
sdca,iid,3051,0,2400,0.5785530656285788,0.764875,0.7623333333333333,40998720
sdca,iid,3051,1,2400,0.5785811487170237,0.7647083333333333,0.7615,41000064
sdca,iid,3051,2,2400,0.5785569497260808,0.7650416666666666,0.7625,41000064
sdca,iid,3051,3,2400,0.5785555596287921,0.7650416666666666,0.7626666666666667,40994688
sdca,iid,3051,4,2400,0.5785527869704156,0.765125,0.7625,41001408
sdca,iid,3051,5,2400,0.5786024293827945,0.7650833333333333,0.7623333333333333,40992000
sdca,iid,3051,6,2400,0.5785994484838649,0.7650416666666666,0.7628333333333334,40987968
sdca,iid,3051,7,2400,0.5785589780116882,0.7649166666666667,0.7611666666666667,40994688
sdca,iid,3051,8,2400,0.5785560273860508,0.765,0.7626666666666667,41000064
sdca,iid,3051,9,2400,0.5785740481741135,0.765,0.7618333333333334,40993344
sdca,iid,3076,0,2400,0.5785615521741071,0.764875,0.7613333333333333,41334720
sdca,iid,3076,1,2400,0.5785741481722635,0.7649583333333333,0.7611666666666667,41336064
sdca,iid,3076,2,2400,0.5785625217704542,0.7649166666666667,0.7628333333333334,41336064
sdca,iid,3076,3,2400,0.5785601324570296,0.7649583333333333,0.763,41330688
sdca,iid,3076,4,2400,0.5785599040383923,0.765,0.763,41337408
sdca,iid,3076,5,2400,0.5786092343566087,0.764625,0.7618333333333334,41328000
sdca,iid,3076,6,2400,0.578608111445578,0.7650416666666666,0.7626666666666667,41323968
sdca,iid,3076,7,2400,0.5785534090643187,0.7650416666666666,0.7626666666666667,41330688
sdca,iid,3076,8,2400,0.5785573647881531,0.7650416666666666,0.7628333333333334,41336064
sdca,iid,3076,9,2400,0.5785861891424826,0.764625,0.762,41329344
sdca,iid,3101,0,2400,0.5785588293220482,0.765,0.763,41670720
sdca,iid,3101,1,2400,0.5786344925064483,0.7647916666666666,0.7628333333333334,41672064
sdca,iid,3101,2,2400,0.5785540577738641,0.7650833333333333,0.7628333333333334,41672064
sdca,iid,3101,3,2400,0.5785580563750579,0.7650833333333333,0.763,41666688
sdca,iid,3101,4,2400,0.5785526216558425,0.7652083333333334,0.7625,41673408
sdca,iid,3101,5,2400,0.578610449945913,0.764625,0.762,41664000
sdca,iid,3101,6,2400,0.578595410272536,0.765125,0.7626666666666667,41659968
sdca,iid,3101,7,2400,0.5785540920971758,0.7650416666666666,0.7623333333333333,41666688
sdca,iid,3101,8,2400,0.5785693659528139,0.765,0.7628333333333334,41672064
sdca,iid,3101,9,2400,0.5786036336856172,0.7646666666666667,0.7615,41665344
sdca,iid,3126,0,2400,0.5785551676317454,0.7650833333333333,0.763,42006720
sdca,iid,3126,1,2400,0.5785816461443039,0.7647916666666666,0.7611666666666667,42008064
sdca,iid,3126,2,2400,0.57855283290552,0.7650833333333333,0.7625,42008064
sdca,iid,3126,3,2400,0.5785566811316984,0.7649583333333333,0.7631666666666667,42002688
sdca,iid,3126,4,2400,0.5785746084505282,0.7650416666666666,0.7628333333333334,42009408
sdca,iid,3126,5,2400,0.578587814732133,0.76475,0.7611666666666667,42000000
sdca,iid,3126,6,2400,0.5786051021871176,0.7649583333333333,0.7623333333333333,41995968
sdca,iid,3126,7,2400,0.5785535584625117,0.76525,0.7623333333333333,42002688
sdca,iid,3126,8,2400,0.5785543725497991,0.765,0.7628333333333334,42008064
sdca,iid,3126,9,2400,0.5785935014089109,0.7646666666666667,0.7615,42001344
sdca,iid,3151,0,2400,0.5785543675313567,0.7649583333333333,0.7623333333333333,42342720
sdca,iid,3151,1,2400,0.5785701088783667,0.7650416666666666,0.7613333333333333,42344064
sdca,iid,3151,2,2400,0.5785615518733219,0.765,0.7628333333333334,42344064
sdca,iid,3151,3,2400,0.5785539233680147,0.765,0.7623333333333333,42338688
sdca,iid,3151,4,2400,0.5785586470638722,0.765,0.763,42345408
sdca,iid,3151,5,2400,0.5785989128423371,0.764625,0.7616666666666667,42336000
sdca,iid,3151,6,2400,0.5785921816982806,0.765,0.7625,42331968
sdca,iid,3151,7,2400,0.5785629347659186,0.7649166666666667,0.7615,42338688
sdca,iid,3151,8,2400,0.5785586002944446,0.7650416666666666,0.763,42344064
sdca,iid,3151,9,2400,0.5785828614471645,0.7647916666666666,0.7613333333333333,42337344
sdca,iid,3176,0,2400,0.5785546224260255,0.7649583333333333,0.763,42678720
sdca,iid,3176,1,2400,0.5785901997861357,0.7647083333333333,0.7613333333333333,42680064
sdca,iid,3176,2,2400,0.5785544396635445,0.7649583333333333,0.7623333333333333,42680064
sdca,iid,3176,3,2400,0.5785541405106693,0.7648333333333334,0.7628333333333334,42674688
sdca,iid,3176,4,2400,0.5785587277463948,0.7648333333333334,0.762,42681408
sdca,iid,3176,5,2400,0.5786074345132166,0.7647083333333333,0.7621666666666667,42672000
sdca,iid,3176,6,2400,0.5785847666183543,0.765,0.7625,42667968
sdca,iid,3176,7,2400,0.5785539996460326,0.7650833333333333,0.7628333333333334,42674688
sdca,iid,3176,8,2400,0.5785627137562972,0.7650416666666666,0.7626666666666667,42680064
sdca,iid,3176,9,2400,0.5785947564792985,0.764625,0.7615,42673344
sdca,iid,3201,0,2400,0.5785571711625306,0.7647916666666666,0.7618333333333334,43014720
sdca,iid,3201,1,2400,0.5785593489394817,0.764875,0.7616666666666667,43016064
sdca,iid,3201,2,2400,0.5785563528592567,0.7650416666666666,0.7631666666666667,43016064
sdca,iid,3201,3,2400,0.5785535173782389,0.7649166666666667,0.7621666666666667,43010688
sdca,iid,3201,4,2400,0.5785588071602924,0.765,0.763,43017408
sdca,iid,3201,5,2400,0.578599367769591,0.7646666666666667,0.762,43008000
sdca,iid,3201,6,2400,0.5785723940012462,0.7651666666666667,0.7628333333333334,43003968
sdca,iid,3201,7,2400,0.5785644392240133,0.7647916666666666,0.7613333333333333,43010688
sdca,iid,3201,8,2400,0.5785547894402362,0.765,0.763,43016064
sdca,iid,3201,9,2400,0.5785724155677899,0.7649166666666667,0.7615,43009344
sdca,iid,3226,0,2400,0.5785519713198055,0.7649166666666667,0.7621666666666667,43350720
sdca,iid,3226,1,2400,0.5785710017159601,0.7649583333333333,0.7615,43352064
sdca,iid,3226,2,2400,0.5785573549967474,0.765,0.7626666666666667,43352064
sdca,iid,3226,3,2400,0.5785554230750506,0.765,0.7633333333333333,43346688
sdca,iid,3226,4,2400,0.5785526652401581,0.7649583333333333,0.7628333333333334,43353408
sdca,iid,3226,5,2400,0.578602079710525,0.764875,0.7625,43344000
sdca,iid,3226,6,2400,0.5785801691837434,0.7652083333333334,0.7626666666666667,43339968
sdca,iid,3226,7,2400,0.57856102226382,0.7649583333333333,0.7613333333333333,43346688
sdca,iid,3226,8,2400,0.5785555317785003,0.7649583333333333,0.7633333333333333,43352064
sdca,iid,3226,9,2400,0.5785678513116008,0.7650416666666666,0.7613333333333333,43345344
sdca,iid,3251,0,2400,0.5785706968352259,0.7649583333333333,0.7628333333333334,43686720
sdca,iid,3251,1,2400,0.5785831182107983,0.7647916666666666,0.7615,43688064
sdca,iid,3251,2,2400,0.5785514279718476,0.7650416666666666,0.7628333333333334,43688064
sdca,iid,3251,3,2400,0.5785508717605203,0.7650416666666666,0.7626666666666667,43682688
sdca,iid,3251,4,2400,0.57856739939028,0.7650833333333333,0.763,43689408
sdca,iid,3251,5,2400,0.5785909197661484,0.764625,0.7616666666666667,43680000
sdca,iid,3251,6,2400,0.5785861717801629,0.765125,0.7625,43675968
sdca,iid,3251,7,2400,0.5785518675394252,0.7650416666666666,0.7625,43682688
sdca,iid,3251,8,2400,0.5785708849403385,0.7651666666666667,0.7626666666666667,43688064
sdca,iid,3251,9,2400,0.5785588299996248,0.7651666666666667,0.7616666666666667,43681344
sdca,iid,3276,0,2400,0.5785512413716307,0.7649166666666667,0.763,44022720
sdca,iid,3276,1,2400,0.5785811092245046,0.76475,0.7611666666666667,44024064
sdca,iid,3276,2,2400,0.5785566886727179,0.7649166666666667,0.763,44024064
sdca,iid,3276,3,2400,0.5785532850808051,0.7649583333333333,0.7626666666666667,44018688
sdca,iid,3276,4,2400,0.5785501427913775,0.765,0.7625,44025408
sdca,iid,3276,5,2400,0.5785932992827554,0.7646666666666667,0.762,44016000
sdca,iid,3276,6,2400,0.5785773128240601,0.765125,0.7626666666666667,44011968
sdca,iid,3276,7,2400,0.578554073647284,0.7648333333333334,0.7611666666666667,44018688
sdca,iid,3276,8,2400,0.5785508220339363,0.7650416666666666,0.763,44024064
sdca,iid,3276,9,2400,0.5785873864538401,0.7646666666666667,0.7615,44017344
sdca,iid,3301,0,2400,0.5785492208252792,0.7649166666666667,0.7625,44358720
sdca,iid,3301,1,2400,0.5785701089134357,0.7649583333333333,0.7611666666666667,44360064
sdca,iid,3301,2,2400,0.578548345284215,0.765,0.7625,44360064
sdca,iid,3301,3,2400,0.5785496506115161,0.7649583333333333,0.7628333333333334,44354688
sdca,iid,3301,4,2400,0.5785492628695423,0.7649583333333333,0.763,44361408
sdca,iid,3301,5,2400,0.5786017540860071,0.7648333333333334,0.7625,44352000
sdca,iid,3301,6,2400,0.5785676544450711,0.765,0.7626666666666667,44347968
sdca,iid,3301,7,2400,0.578548209395216,0.7648333333333334,0.7623333333333333,44354688
sdca,iid,3301,8,2400,0.5785511234464594,0.765,0.763,44360064
sdca,iid,3301,9,2400,0.578585213836567,0.7647083333333333,0.7616666666666667,44353344
sdca,iid,3326,0,2400,0.5785937525723232,0.7650833333333333,0.7626666666666667,44694720
sdca,iid,3326,1,2400,0.5785641256493221,0.7650416666666666,0.7611666666666667,44696064
sdca,iid,3326,2,2400,0.5785471636016749,0.7650416666666666,0.7625,44696064
sdca,iid,3326,3,2400,0.5785632882637777,0.7650416666666666,0.763,44690688
sdca,iid,3326,4,2400,0.5785493818202176,0.7647916666666666,0.7616666666666667,44697408
sdca,iid,3326,5,2400,0.5785951209948604,0.7647916666666666,0.7623333333333333,44688000
sdca,iid,3326,6,2400,0.5785680748600246,0.7650416666666666,0.7628333333333334,44683968
sdca,iid,3326,7,2400,0.578547549025103,0.7650833333333333,0.7626666666666667,44690688
sdca,iid,3326,8,2400,0.5785541777831846,0.7649166666666667,0.7633333333333333,44696064
sdca,iid,3326,9,2400,0.578558819891656,0.765,0.7615,44689344
sdca,iid,3351,0,2400,0.5785468590668316,0.7649166666666667,0.7626666666666667,45030720
sdca,iid,3351,1,2400,0.5785718855008033,0.7648333333333334,0.7616666666666667,45032064
sdca,iid,3351,2,2400,0.5785488640982013,0.7650833333333333,0.7628333333333334,45032064
sdca,iid,3351,3,2400,0.5785469015626442,0.7650416666666666,0.7625,45026688
sdca,iid,3351,4,2400,0.5785570107262243,0.7648333333333334,0.763,45033408
sdca,iid,3351,5,2400,0.5785794177194892,0.7646666666666667,0.7613333333333333,45024000
sdca,iid,3351,6,2400,0.5785874202474168,0.7650833333333333,0.7623333333333333,45019968
sdca,iid,3351,7,2400,0.5785484475396178,0.764625,0.7618333333333334,45026688
sdca,iid,3351,8,2400,0.5785665380607922,0.7649583333333333,0.7628333333333334,45032064
sdca,iid,3351,9,2400,0.5785825568366877,0.7648333333333334,0.7618333333333334,45025344
sdca,iid,3376,0,2400,0.5785695258782125,0.7652083333333334,0.7626666666666667,45366720
sdca,iid,3376,1,2400,0.5785568743108784,0.7649166666666667,0.7613333333333333,45368064
sdca,iid,3376,2,2400,0.5785490524730154,0.764875,0.7628333333333334,45368064
sdca,iid,3376,3,2400,0.5785534673147198,0.7647916666666666,0.7631666666666667,45362688
sdca,iid,3376,4,2400,0.5785471813814914,0.7650833333333333,0.7628333333333334,45369408
sdca,iid,3376,5,2400,0.5786071570666662,0.76475,0.7623333333333333,45360000
sdca,iid,3376,6,2400,0.5785775272344167,0.7650416666666666,0.7623333333333333,45355968
sdca,iid,3376,7,2400,0.578548461468994,0.7649166666666667,0.763,45362688
sdca,iid,3376,8,2400,0.5785598533998171,0.7649583333333333,0.763,45368064
sdca,iid,3376,9,2400,0.5785671174625182,0.7648333333333334,0.7616666666666667,45361344
sdca,iid,3401,0,2400,0.578548873821489,0.7648333333333334,0.762,45702720
sdca,iid,3401,1,2400,0.5785654931160239,0.765,0.7613333333333333,45704064
sdca,iid,3401,2,2400,0.5785538930216914,0.7649166666666667,0.763,45704064
sdca,iid,3401,3,2400,0.5785505975006621,0.764875,0.763,45698688
sdca,iid,3401,4,2400,0.5785648149537745,0.7649166666666667,0.763,45705408
sdca,iid,3401,5,2400,0.5785814401362123,0.7647083333333333,0.7613333333333333,45696000
sdca,iid,3401,6,2400,0.5785923766064367,0.765,0.7623333333333333,45691968
sdca,iid,3401,7,2400,0.5785505097082257,0.764875,0.7616666666666667,45698688
sdca,iid,3401,8,2400,0.5785477558108542,0.7652083333333334,0.7628333333333334,45704064
sdca,iid,3401,9,2400,0.5785792585287524,0.7648333333333334,0.7613333333333333,45697344
sdca,iid,3426,0,2400,0.5785646069714468,0.7648333333333334,0.7613333333333333,46038720
sdca,iid,3426,1,2400,0.5785657795224808,0.7650833333333333,0.7615,46040064
sdca,iid,3426,2,2400,0.5785480186382899,0.76475,0.762,46040064
sdca,iid,3426,3,2400,0.5785459731813004,0.765,0.7625,46034688
sdca,iid,3426,4,2400,0.578622179777027,0.765,0.7623333333333333,46041408
sdca,iid,3426,5,2400,0.5785836483929154,0.764875,0.7616666666666667,46032000
sdca,iid,3426,6,2400,0.5786061179176477,0.765,0.7625,46027968
sdca,iid,3426,7,2400,0.5785464677536577,0.76525,0.7628333333333334,46034688
sdca,iid,3426,8,2400,0.5785514656415249,0.76475,0.7631666666666667,46040064
sdca,iid,3426,9,2400,0.5785726297380455,0.764875,0.7616666666666667,46033344
sdca,iid,3451,0,2400,0.5785449168231778,0.7649583333333333,0.7626666666666667,46374720
sdca,iid,3451,1,2400,0.5785624742851043,0.764875,0.7615,46376064
sdca,iid,3451,2,2400,0.5785513839340083,0.7649583333333333,0.763,46376064
sdca,iid,3451,3,2400,0.5785465226657822,0.76475,0.763,46370688
sdca,iid,3451,4,2400,0.5785489188614374,0.7649166666666667,0.7631666666666667,46377408
sdca,iid,3451,5,2400,0.5786002817825316,0.7649166666666667,0.7626666666666667,46368000
sdca,iid,3451,6,2400,0.578583112414604,0.7650833333333333,0.7626666666666667,46363968
sdca,iid,3451,7,2400,0.5785494099707201,0.7649166666666667,0.763,46370688
sdca,iid,3451,8,2400,0.5785608378050348,0.7647916666666666,0.7625,46376064
sdca,iid,3451,9,2400,0.5785930994902952,0.764625,0.7621666666666667,46369344
sdca,iid,3476,0,2400,0.5785447875760252,0.7650416666666666,0.7628333333333334,46710720
sdca,iid,3476,1,2400,0.5785568607262507,0.7650416666666666,0.7613333333333333,46712064
sdca,iid,3476,2,2400,0.578545276589617,0.7650833333333333,0.7628333333333334,46712064
sdca,iid,3476,3,2400,0.5785507996712191,0.764875,0.7633333333333333,46706688
sdca,iid,3476,4,2400,0.5785455612514488,0.7649166666666667,0.7625,46713408
sdca,iid,3476,5,2400,0.5785984336798519,0.7649166666666667,0.7628333333333334,46704000
sdca,iid,3476,6,2400,0.5785633747677222,0.7650833333333333,0.7628333333333334,46699968
sdca,iid,3476,7,2400,0.57854473136759,0.765,0.7628333333333334,46706688
sdca,iid,3476,8,2400,0.5785591661040539,0.765,0.7626666666666667,46712064
sdca,iid,3476,9,2400,0.5785765898595295,0.7647916666666666,0.7621666666666667,46705344
sdca,iid,3501,0,2400,0.5785447071383935,0.7647916666666666,0.7621666666666667,47046720
sdca,iid,3501,1,2400,0.5785662948343263,0.7647916666666666,0.7611666666666667,47048064
sdca,iid,3501,2,2400,0.5785476337945935,0.764875,0.7626666666666667,47048064
sdca,iid,3501,3,2400,0.5785478464517847,0.764875,0.7628333333333334,47042688
sdca,iid,3501,4,2400,0.578550867361415,0.7648333333333334,0.7631666666666667,47049408
sdca,iid,3501,5,2400,0.578573058709156,0.764625,0.7613333333333333,47040000
sdca,iid,3501,6,2400,0.578583345498986,0.76525,0.7626666666666667,47035968
sdca,iid,3501,7,2400,0.5785445566759961,0.7648333333333334,0.7625,47042688
sdca,iid,3501,8,2400,0.5785597265415152,0.7649583333333333,0.7628333333333334,47048064
sdca,iid,3501,9,2400,0.5785494884457254,0.7647083333333333,0.7615,47041344
sdca,iid,3526,0,2400,0.5785430403552441,0.765125,0.7626666666666667,47382720
sdca,iid,3526,1,2400,0.5785588896377837,0.7650833333333333,0.7615,47384064
sdca,iid,3526,2,2400,0.5785431316369034,0.765125,0.7626666666666667,47384064
sdca,iid,3526,3,2400,0.5785503158663491,0.7649166666666667,0.7631666666666667,47378688
sdca,iid,3526,4,2400,0.5785627471880858,0.7649166666666667,0.7628333333333334,47385408
sdca,iid,3526,5,2400,0.5785798874554605,0.76475,0.762,47376000
sdca,iid,3526,6,2400,0.5785594186692926,0.7649166666666667,0.7626666666666667,47371968
sdca,iid,3526,7,2400,0.5785469884205816,0.764875,0.7623333333333333,47378688
sdca,iid,3526,8,2400,0.5785434661241501,0.7650416666666666,0.7626666666666667,47384064
sdca,iid,3526,9,2400,0.5785575408895742,0.7650833333333333,0.7615,47377344
sdca,iid,3551,0,2400,0.5785451095431657,0.7647083333333333,0.7618333333333334,47718720
sdca,iid,3551,1,2400,0.5785554783659618,0.765,0.7615,47720064
sdca,iid,3551,2,2400,0.5785443442586731,0.7648333333333334,0.7623333333333333,47720064
sdca,iid,3551,3,2400,0.5785444706900288,0.7649166666666667,0.763,47714688
sdca,iid,3551,4,2400,0.5785428322409386,0.7651666666666667,0.763,47721408
sdca,iid,3551,5,2400,0.5785773379755039,0.764625,0.7613333333333333,47712000
sdca,iid,3551,6,2400,0.5785762513362699,0.7652083333333334,0.7625,47707968
sdca,iid,3551,7,2400,0.5785430950842892,0.7650416666666666,0.7628333333333334,47714688
sdca,iid,3551,8,2400,0.578547140110524,0.7648333333333334,0.7631666666666667,47720064
sdca,iid,3551,9,2400,0.5785843991500411,0.7646666666666667,0.7618333333333334,47713344
sdca,iid,3576,0,2400,0.5785450344752611,0.764875,0.7621666666666667,48054720
sdca,iid,3576,1,2400,0.5785734125112121,0.7646666666666667,0.7613333333333333,48056064
sdca,iid,3576,2,2400,0.5785469406697223,0.7648333333333334,0.7631666666666667,48056064
sdca,iid,3576,3,2400,0.5785480910779564,0.7649166666666667,0.7628333333333334,48050688
sdca,iid,3576,4,2400,0.57855460954913,0.764875,0.7628333333333334,48057408
sdca,iid,3576,5,2400,0.5785674933708684,0.7649166666666667,0.7611666666666667,48048000
sdca,iid,3576,6,2400,0.5785523578665106,0.7649583333333333,0.7628333333333334,48043968
sdca,iid,3576,7,2400,0.5785422223379216,0.7650416666666666,0.7626666666666667,48050688
sdca,iid,3576,8,2400,0.5785584270417273,0.764875,0.7628333333333334,48056064
sdca,iid,3576,9,2400,0.5785465841987343,0.764875,0.762,48049344
sdca,iid,3601,0,2400,0.5785580299345717,0.7649166666666667,0.7615,48390720
sdca,iid,3601,1,2400,0.5785702276459113,0.76475,0.7611666666666667,48392064
sdca,iid,3601,2,2400,0.5785444008970817,0.764875,0.7626666666666667,48392064
sdca,iid,3601,3,2400,0.578548702552509,0.7648333333333334,0.7631666666666667,48386688
sdca,iid,3601,4,2400,0.5785432061770497,0.7650833333333333,0.763,48393408
sdca,iid,3601,5,2400,0.5785773918739298,0.764625,0.7616666666666667,48384000
sdca,iid,3601,6,2400,0.5785631453259839,0.7649583333333333,0.7626666666666667,48379968
sdca,iid,3601,7,2400,0.5785439127657481,0.7651666666666667,0.763,48386688
sdca,iid,3601,8,2400,0.5785472623998424,0.765,0.7631666666666667,48392064
sdca,iid,3601,9,2400,0.5785784622797779,0.7647083333333333,0.762,48385344
sdca,iid,3626,0,2400,0.578551445549516,0.7650416666666666,0.7631666666666667,48726720
sdca,iid,3626,1,2400,0.5785730333225175,0.7646666666666667,0.7616666666666667,48728064
sdca,iid,3626,2,2400,0.5785502284713269,0.765125,0.762,48728064
sdca,iid,3626,3,2400,0.5785445962504676,0.7650416666666666,0.7631666666666667,48722688
sdca,iid,3626,4,2400,0.578555267787722,0.7649583333333333,0.7631666666666667,48729408
sdca,iid,3626,5,2400,0.5785783414153572,0.7648333333333334,0.7623333333333333,48720000
sdca,iid,3626,6,2400,0.5785773711190927,0.7650833333333333,0.7625,48715968
sdca,iid,3626,7,2400,0.5785454417221705,0.7649166666666667,0.7631666666666667,48722688
sdca,iid,3626,8,2400,0.5785567809041727,0.765,0.763,48728064
sdca,iid,3626,9,2400,0.5785658858816207,0.7650416666666666,0.7618333333333334,48721344
sdca,iid,3651,0,2400,0.5785428398656492,0.7651666666666667,0.7628333333333334,49062720
sdca,iid,3651,1,2400,0.5785679232841304,0.7647916666666666,0.7611666666666667,49064064
sdca,iid,3651,2,2400,0.5785442189093469,0.7649583333333333,0.7626666666666667,49064064
sdca,iid,3651,3,2400,0.5785480924560987,0.7649166666666667,0.7631666666666667,49058688
sdca,iid,3651,4,2400,0.5785494563223627,0.7649166666666667,0.7631666666666667,49065408
sdca,iid,3651,5,2400,0.5785741695631719,0.7647916666666666,0.7616666666666667,49056000
sdca,iid,3651,6,2400,0.5785695336760767,0.7649166666666667,0.7626666666666667,49051968
sdca,iid,3651,7,2400,0.5785447505862329,0.7649583333333333,0.7633333333333333,49058688
sdca,iid,3651,8,2400,0.5785435995355147,0.7652916666666667,0.7628333333333334,49064064
sdca,iid,3651,9,2400,0.5785588583330261,0.7649583333333333,0.7616666666666667,49057344
sdca,iid,3676,0,2400,0.5785516552569119,0.7647916666666666,0.7613333333333333,49398720
sdca,iid,3676,1,2400,0.5785655977566051,0.7647916666666666,0.7611666666666667,49400064
sdca,iid,3676,2,2400,0.5785415916865592,0.7650833333333333,0.7628333333333334,49400064
sdca,iid,3676,3,2400,0.5785438645773485,0.7649166666666667,0.7633333333333333,49394688
sdca,iid,3676,4,2400,0.5785414035990425,0.7649583333333333,0.7628333333333334,49401408
sdca,iid,3676,5,2400,0.5785637849429387,0.7648333333333334,0.7613333333333333,49392000
sdca,iid,3676,6,2400,0.5785416361739345,0.7649166666666667,0.7631666666666667,49387968
sdca,iid,3676,7,2400,0.578542598973341,0.7651666666666667,0.7626666666666667,49394688
sdca,iid,3676,8,2400,0.5785454587602442,0.764875,0.7633333333333333,49400064
sdca,iid,3676,9,2400,0.5785524551712887,0.7648333333333334,0.7613333333333333,49393344
sdca,iid,3701,0,2400,0.5785473196029605,0.7646666666666667,0.7615,49734720
sdca,iid,3701,1,2400,0.5785487637012032,0.7647916666666666,0.7611666666666667,49736064
sdca,iid,3701,2,2400,0.5785521088637631,0.764875,0.7628333333333334,49736064
sdca,iid,3701,3,2400,0.5785421332458726,0.7650833333333333,0.763,49730688
sdca,iid,3701,4,2400,0.578544127427427,0.765,0.7631666666666667,49737408
sdca,iid,3701,5,2400,0.5785722236779262,0.7647083333333333,0.7618333333333334,49728000
sdca,iid,3701,6,2400,0.5785692161639634,0.765,0.7625,49723968
sdca,iid,3701,7,2400,0.5785430506172761,0.7650416666666666,0.7631666666666667,49730688
sdca,iid,3701,8,2400,0.5785572292738976,0.764875,0.7628333333333334,49736064
sdca,iid,3701,9,2400,0.5785757585134554,0.7647916666666666,0.762,49729344
sdca,iid,3726,0,2400,0.5785433703167135,0.7647916666666666,0.7623333333333333,50070720
sdca,iid,3726,1,2400,0.5785649539224333,0.7648333333333334,0.7611666666666667,50072064
sdca,iid,3726,2,2400,0.5785409850123246,0.7652083333333334,0.7626666666666667,50072064
sdca,iid,3726,3,2400,0.5785466432798241,0.7649166666666667,0.7631666666666667,50066688
sdca,iid,3726,4,2400,0.5785440485775399,0.7649166666666667,0.7631666666666667,50073408
sdca,iid,3726,5,2400,0.5785979294471375,0.7648333333333334,0.7626666666666667,50064000
sdca,iid,3726,6,2400,0.5785739794752146,0.7651666666666667,0.7625,50059968
sdca,iid,3726,7,2400,0.5785449655607797,0.7649166666666667,0.7633333333333333,50066688
sdca,iid,3726,8,2400,0.5785574531192689,0.7649166666666667,0.7626666666666667,50072064
sdca,iid,3726,9,2400,0.5785508222563673,0.7649583333333333,0.7615,50065344
sdca,iid,3751,0,2400,0.5785415191619968,0.765125,0.7626666666666667,50406720
sdca,iid,3751,1,2400,0.578594840163507,0.7649166666666667,0.7625,50408064
sdca,iid,3751,2,2400,0.5785443374493772,0.7649583333333333,0.7633333333333333,50408064
sdca,iid,3751,3,2400,0.5785414638602113,0.765125,0.7626666666666667,50402688
sdca,iid,3751,4,2400,0.5785459767494792,0.7649583333333333,0.7631666666666667,50409408
sdca,iid,3751,5,2400,0.5785503928354359,0.7646666666666667,0.7615,50400000
sdca,iid,3751,6,2400,0.5785822274003994,0.765125,0.7625,50395968
sdca,iid,3751,7,2400,0.5785414971378803,0.765125,0.7625,50402688
sdca,iid,3751,8,2400,0.5785553733853853,0.7649583333333333,0.7628333333333334,50408064
sdca,iid,3751,9,2400,0.5785587074139193,0.7649583333333333,0.7615,50401344
sdca,iid,3776,0,2400,0.5785415205750656,0.7649583333333333,0.7626666666666667,50742720
sdca,iid,3776,1,2400,0.5785551818035465,0.7645833333333333,0.7615,50744064
sdca,iid,3776,2,2400,0.5785421380723254,0.76475,0.7625,50744064
sdca,iid,3776,3,2400,0.5785444115326427,0.7649583333333333,0.7633333333333333,50738688
sdca,iid,3776,4,2400,0.5785440181657817,0.7650416666666666,0.7631666666666667,50745408
sdca,iid,3776,5,2400,0.5785673561384643,0.7648333333333334,0.7611666666666667,50736000
sdca,iid,3776,6,2400,0.5785629154304673,0.7650416666666666,0.7626666666666667,50731968
sdca,iid,3776,7,2400,0.5785448355211604,0.764625,0.7615,50738688
sdca,iid,3776,8,2400,0.5785479307122656,0.765,0.7631666666666667,50744064
sdca,iid,3776,9,2400,0.5785640952504235,0.7647916666666666,0.7613333333333333,50737344
sdca,iid,3801,0,2400,0.5785446720167731,0.7649583333333333,0.7633333333333333,51078720
sdca,iid,3801,1,2400,0.5785811366559832,0.7646666666666667,0.762,51080064
sdca,iid,3801,2,2400,0.5785476190492725,0.7649583333333333,0.7633333333333333,51080064
sdca,iid,3801,3,2400,0.5785463246813018,0.7649583333333333,0.7633333333333333,51074688
sdca,iid,3801,4,2400,0.5785475489310222,0.765,0.7633333333333333,51081408
sdca,iid,3801,5,2400,0.5785772152383488,0.7646666666666667,0.7616666666666667,51072000
sdca,iid,3801,6,2400,0.5785710269080843,0.7650416666666666,0.7623333333333333,51067968
sdca,iid,3801,7,2400,0.5785421056881992,0.7651666666666667,0.7628333333333334,51074688
sdca,iid,3801,8,2400,0.5785518347381117,0.7649166666666667,0.7631666666666667,51080064
sdca,iid,3801,9,2400,0.578574567084057,0.76475,0.762,51073344
sdca,iid,3826,0,2400,0.5785486522001567,0.764875,0.763,51414720
sdca,iid,3826,1,2400,0.5785642044069057,0.7648333333333334,0.7613333333333333,51416064
sdca,iid,3826,2,2400,0.5785413569838488,0.7647916666666666,0.7621666666666667,51416064
sdca,iid,3826,3,2400,0.5785424447611096,0.765125,0.7633333333333333,51410688
sdca,iid,3826,4,2400,0.5785456765375241,0.7650416666666666,0.7633333333333333,51417408
sdca,iid,3826,5,2400,0.5785790981505836,0.76475,0.762,51408000
sdca,iid,3826,6,2400,0.5785536765720388,0.7649583333333333,0.7628333333333334,51403968
sdca,iid,3826,7,2400,0.5785414743453234,0.7651666666666667,0.7631666666666667,51410688
sdca,iid,3826,8,2400,0.578549438066526,0.7647916666666666,0.763,51416064
sdca,iid,3826,9,2400,0.5785719432863652,0.7648333333333334,0.7613333333333333,51409344
sdca,iid,3851,0,2400,0.5785520237562156,0.7650416666666666,0.7628333333333334,51750720
sdca,iid,3851,1,2400,0.5785432285749527,0.764875,0.7621666666666667,51752064
sdca,iid,3851,2,2400,0.5785461732877563,0.764875,0.763,51752064
sdca,iid,3851,3,2400,0.5785399408278572,0.7650833333333333,0.7625,51746688
sdca,iid,3851,4,2400,0.5785400175481045,0.7651666666666667,0.7626666666666667,51753408
sdca,iid,3851,5,2400,0.5785786949268853,0.764625,0.7618333333333334,51744000
sdca,iid,3851,6,2400,0.5785572008979778,0.7650416666666666,0.7626666666666667,51739968
sdca,iid,3851,7,2400,0.578546088547398,0.7649166666666667,0.7621666666666667,51746688
sdca,iid,3851,8,2400,0.5785518226942831,0.7649583333333333,0.7628333333333334,51752064
sdca,iid,3851,9,2400,0.578559545490142,0.764875,0.7615,51745344
sdca,iid,3876,0,2400,0.5785398178337269,0.7649583333333333,0.7621666666666667,52086720
sdca,iid,3876,1,2400,0.5785551041927873,0.7647083333333333,0.7613333333333333,52088064
sdca,iid,3876,2,2400,0.5785404236953232,0.765,0.7631666666666667,52088064
sdca,iid,3876,3,2400,0.5785398994372973,0.7650416666666666,0.7631666666666667,52082688
sdca,iid,3876,4,2400,0.5785420954954003,0.7649583333333333,0.7633333333333333,52089408
sdca,iid,3876,5,2400,0.5785794511193448,0.7647083333333333,0.7618333333333334,52080000
sdca,iid,3876,6,2400,0.5785540153691624,0.7649166666666667,0.7628333333333334,52075968
sdca,iid,3876,7,2400,0.5785418867704417,0.765,0.7631666666666667,52082688
sdca,iid,3876,8,2400,0.578547467015512,0.7649166666666667,0.763,52088064
sdca,iid,3876,9,2400,0.5785729743286976,0.7647916666666666,0.7613333333333333,52081344
sdca,iid,3901,0,2400,0.5785399317483412,0.7651666666666667,0.7628333333333334,52422720
sdca,iid,3901,1,2400,0.5785434253916959,0.7647916666666666,0.762,52424064
sdca,iid,3901,2,2400,0.578540768340139,0.765125,0.7628333333333334,52424064
sdca,iid,3901,3,2400,0.5785418969061759,0.7649583333333333,0.7631666666666667,52418688
sdca,iid,3901,4,2400,0.5785587924900669,0.764875,0.7626666666666667,52425408
sdca,iid,3901,5,2400,0.5785518458361614,0.7645416666666667,0.7611666666666667,52416000
sdca,iid,3901,6,2400,0.5785582115654808,0.7649166666666667,0.7626666666666667,52411968
sdca,iid,3901,7,2400,0.578540991209666,0.7650833333333333,0.7628333333333334,52418688
sdca,iid,3901,8,2400,0.5785592676113344,0.7648333333333334,0.7626666666666667,52424064
sdca,iid,3901,9,2400,0.5785696114015473,0.7649166666666667,0.761,52417344
sdca,iid,3926,0,2400,0.5785396079407459,0.765,0.7628333333333334,52758720
sdca,iid,3926,1,2400,0.5785445643372935,0.7647916666666666,0.7615,52760064
sdca,iid,3926,2,2400,0.5785399193619309,0.764875,0.7626666666666667,52760064
sdca,iid,3926,3,2400,0.5785439173849465,0.7649166666666667,0.7633333333333333,52754688
sdca,iid,3926,4,2400,0.5785474895694354,0.7649166666666667,0.763,52761408
sdca,iid,3926,5,2400,0.5785563729635269,0.76475,0.7611666666666667,52752000
sdca,iid,3926,6,2400,0.5785586677206997,0.7647916666666666,0.7626666666666667,52747968
sdca,iid,3926,7,2400,0.5785414881207681,0.7649166666666667,0.7631666666666667,52754688
sdca,iid,3926,8,2400,0.5785472231456851,0.7649583333333333,0.763,52760064
sdca,iid,3926,9,2400,0.5785671693475832,0.7648333333333334,0.7615,52753344
sdca,iid,3951,0,2400,0.5785441851520836,0.76475,0.7616666666666667,53094720
sdca,iid,3951,1,2400,0.5785634088143191,0.7648333333333334,0.7613333333333333,53096064
sdca,iid,3951,2,2400,0.5785456019724605,0.7649583333333333,0.7631666666666667,53096064
sdca,iid,3951,3,2400,0.578541362344806,0.765125,0.763,53090688
sdca,iid,3951,4,2400,0.5785462309790436,0.765,0.7631666666666667,53097408
sdca,iid,3951,5,2400,0.5785811850249415,0.76475,0.7623333333333333,53088000
sdca,iid,3951,6,2400,0.5785690362210776,0.7650833333333333,0.7625,53083968
sdca,iid,3951,7,2400,0.5785431457490678,0.7646666666666667,0.7618333333333334,53090688
sdca,iid,3951,8,2400,0.5785566354898696,0.7647916666666666,0.763,53096064
sdca,iid,3951,9,2400,0.5785700424585448,0.7647916666666666,0.7616666666666667,53089344
sdca,iid,3976,0,2400,0.5785557904869827,0.765125,0.7616666666666667,53430720
sdca,iid,3976,1,2400,0.5785574703883891,0.765,0.7616666666666667,53432064
sdca,iid,3976,2,2400,0.5785511783065469,0.764875,0.763,53432064
sdca,iid,3976,3,2400,0.5785407847502013,0.7650416666666666,0.7631666666666667,53426688
sdca,iid,3976,4,2400,0.5785399002188291,0.76525,0.763,53433408
sdca,iid,3976,5,2400,0.5785718648897212,0.76475,0.7618333333333334,53424000
sdca,iid,3976,6,2400,0.5785489482299218,0.7647916666666666,0.7631666666666667,53419968
sdca,iid,3976,7,2400,0.5785546518481831,0.7648333333333334,0.7628333333333334,53426688
sdca,iid,3976,8,2400,0.5785614919686181,0.7650833333333333,0.7625,53432064
sdca,iid,3976,9,2400,0.5785501853377538,0.7650416666666666,0.7615,53425344
sdca,iid,4001,0,2400,0.5785413358979464,0.764875,0.7633333333333333,53766720
sdca,iid,4001,1,2400,0.5785689991424581,0.7647916666666666,0.7616666666666667,53768064
sdca,iid,4001,2,2400,0.5785394424818996,0.7652916666666667,0.763,53768064
sdca,iid,4001,3,2400,0.5785445809126566,0.7649166666666667,0.7631666666666667,53762688
sdca,iid,4001,4,2400,0.5785405842914406,0.765,0.7631666666666667,53769408
sdca,iid,4001,5,2400,0.5785783415455998,0.7647916666666666,0.762,53760000
sdca,iid,4001,6,2400,0.5785588137668205,0.7650833333333333,0.7625,53755968
sdca,iid,4001,7,2400,0.57854140074636,0.7649166666666667,0.7633333333333333,53762688
sdca,iid,4001,8,2400,0.5785500498613708,0.7647916666666666,0.763,53768064
sdca,iid,4001,9,2400,0.578546482662759,0.7647083333333333,0.7611666666666667,53761344
sdca,iid,4026,0,2400,0.578542951370469,0.7646666666666667,0.7616666666666667,54102720
sdca,iid,4026,1,2400,0.5785629204068677,0.764875,0.7613333333333333,54104064
sdca,iid,4026,2,2400,0.5785404557063465,0.7649166666666667,0.7625,54104064
sdca,iid,4026,3,2400,0.5785392849529233,0.7652083333333334,0.763,54098688
sdca,iid,4026,4,2400,0.5785396430149393,0.76525,0.763,54105408
sdca,iid,4026,5,2400,0.578579202182952,0.7649166666666667,0.7618333333333334,54096000
sdca,iid,4026,6,2400,0.5785552044265728,0.7647083333333333,0.7628333333333334,54091968
sdca,iid,4026,7,2400,0.5785444174051577,0.76475,0.7616666666666667,54098688
sdca,iid,4026,8,2400,0.5785528080047282,0.7647916666666666,0.763,54104064
sdca,iid,4026,9,2400,0.5785462311483722,0.7647916666666666,0.7616666666666667,54097344
sdca,iid,4051,0,2400,0.5785405823761481,0.7649583333333333,0.7623333333333333,54438720
sdca,iid,4051,1,2400,0.578554041894851,0.764875,0.7616666666666667,54440064
sdca,iid,4051,2,2400,0.5785423685462829,0.7650833333333333,0.7631666666666667,54440064
sdca,iid,4051,3,2400,0.5785396324564813,0.7651666666666667,0.7628333333333334,54434688
sdca,iid,4051,4,2400,0.5785484304641212,0.7649166666666667,0.763,54441408
sdca,iid,4051,5,2400,0.5785745205910439,0.764875,0.7613333333333333,54432000
sdca,iid,4051,6,2400,0.5785480907753748,0.7648333333333334,0.7631666666666667,54427968
sdca,iid,4051,7,2400,0.5785456236821531,0.7647916666666666,0.7616666666666667,54434688
sdca,iid,4051,8,2400,0.5785590309010128,0.765,0.7626666666666667,54440064
sdca,iid,4051,9,2400,0.5785594453500205,0.764875,0.7613333333333333,54433344
sdca,iid,4076,0,2400,0.5785450260440219,0.7648333333333334,0.7623333333333333,54774720
sdca,iid,4076,1,2400,0.5785513790560828,0.7652083333333334,0.7611666666666667,54776064
sdca,iid,4076,2,2400,0.5785416972577764,0.7652083333333334,0.763,54776064
sdca,iid,4076,3,2400,0.5785457431484965,0.765,0.7631666666666667,54770688
sdca,iid,4076,4,2400,0.5785455619823471,0.7649583333333333,0.7631666666666667,54777408
sdca,iid,4076,5,2400,0.578572103806632,0.7647916666666666,0.762,54768000
sdca,iid,4076,6,2400,0.5785533840361321,0.7648333333333334,0.763,54763968
sdca,iid,4076,7,2400,0.5785401750507759,0.76525,0.7631666666666667,54770688
sdca,iid,4076,8,2400,0.5785758100167506,0.7651666666666667,0.7626666666666667,54776064
sdca,iid,4076,9,2400,0.578554822990787,0.7652083333333334,0.7615,54769344
sdca,iid,4101,0,2400,0.5785400857999417,0.7650833333333333,0.7631666666666667,55110720
sdca,iid,4101,1,2400,0.5785732636216756,0.7647916666666666,0.7623333333333333,55112064
sdca,iid,4101,2,2400,0.5785403841749316,0.7650416666666666,0.7625,55112064
sdca,iid,4101,3,2400,0.5785419291715038,0.765,0.7631666666666667,55106688
sdca,iid,4101,4,2400,0.5785394730720734,0.7652916666666667,0.763,55113408
sdca,iid,4101,5,2400,0.578578738068537,0.7647083333333333,0.7618333333333334,55104000
sdca,iid,4101,6,2400,0.578558950876122,0.765,0.7628333333333334,55099968
sdca,iid,4101,7,2400,0.5785406582036262,0.765,0.7621666666666667,55106688
sdca,iid,4101,8,2400,0.5785430004527755,0.765,0.7631666666666667,55112064
sdca,iid,4101,9,2400,0.578569953341406,0.7648333333333334,0.762,55105344
sdca,iid,4126,0,2400,0.5785464551491519,0.7647916666666666,0.7615,55446720
sdca,iid,4126,1,2400,0.5785865179774577,0.764625,0.7623333333333333,55448064
sdca,iid,4126,2,2400,0.5785421563036043,0.7648333333333334,0.763,55448064
sdca,iid,4126,3,2400,0.57853844219097,0.7650416666666666,0.763,55442688
sdca,iid,4126,4,2400,0.578552000752046,0.7649166666666667,0.7626666666666667,55449408
sdca,iid,4126,5,2400,0.5785604299683672,0.76475,0.7611666666666667,55440000
sdca,iid,4126,6,2400,0.5785640285592073,0.765,0.7625,55435968
sdca,iid,4126,7,2400,0.5785387908815037,0.765,0.7626666666666667,55442688
sdca,iid,4126,8,2400,0.5785446384289326,0.7649583333333333,0.7628333333333334,55448064
sdca,iid,4126,9,2400,0.5785624865250127,0.7649166666666667,0.7611666666666667,55441344
sdca,iid,4151,0,2400,0.57853899253092,0.7652083333333334,0.763,55782720
sdca,iid,4151,1,2400,0.5785534862420885,0.7647083333333333,0.7613333333333333,55784064
sdca,iid,4151,2,2400,0.578543883368069,0.7649166666666667,0.7633333333333333,55784064
sdca,iid,4151,3,2400,0.5785441796629283,0.764875,0.7633333333333333,55778688
sdca,iid,4151,4,2400,0.578539406684331,0.7651666666666667,0.7631666666666667,55785408
sdca,iid,4151,5,2400,0.578574724863278,0.7647916666666666,0.7616666666666667,55776000
sdca,iid,4151,6,2400,0.578561951283842,0.765,0.7625,55771968
sdca,iid,4151,7,2400,0.5785431317395007,0.7647083333333333,0.7613333333333333,55778688
sdca,iid,4151,8,2400,0.5785450940603152,0.764875,0.7633333333333333,55784064
sdca,iid,4151,9,2400,0.5785446880320204,0.76475,0.7611666666666667,55777344
sdca,iid,4176,0,2400,0.5785386025135921,0.7653333333333333,0.763,56118720
sdca,iid,4176,1,2400,0.5785606043535932,0.7647916666666666,0.7611666666666667,56120064
sdca,iid,4176,2,2400,0.578540328914978,0.765125,0.7633333333333333,56120064
sdca,iid,4176,3,2400,0.5785391549586626,0.765125,0.7631666666666667,56114688
sdca,iid,4176,4,2400,0.57854347420056,0.7649583333333333,0.763,56121408
sdca,iid,4176,5,2400,0.5785670856644672,0.7648333333333334,0.7613333333333333,56112000
sdca,iid,4176,6,2400,0.5785513932865908,0.764875,0.7628333333333334,56107968
sdca,iid,4176,7,2400,0.5785479915242171,0.7646666666666667,0.7615,56114688
sdca,iid,4176,8,2400,0.5785462207134142,0.7648333333333334,0.763,56120064
sdca,iid,4176,9,2400,0.5785557025873133,0.7649583333333333,0.7613333333333333,56113344
sdca,iid,4201,0,2400,0.5785417327468897,0.765,0.7625,56454720
sdca,iid,4201,1,2400,0.5785520359896716,0.7652083333333334,0.7616666666666667,56456064
sdca,iid,4201,2,2400,0.578540780964181,0.7651666666666667,0.7628333333333334,56456064
sdca,iid,4201,3,2400,0.5785525553094425,0.7648333333333334,0.7631666666666667,56450688
sdca,iid,4201,4,2400,0.5785452680316199,0.764875,0.7631666666666667,56457408
sdca,iid,4201,5,2400,0.578591753980146,0.7650833333333333,0.7625,56448000
sdca,iid,4201,6,2400,0.5785490516255208,0.764875,0.7633333333333333,56443968
sdca,iid,4201,7,2400,0.5785392912276984,0.7652083333333334,0.763,56450688
sdca,iid,4201,8,2400,0.578540101159763,0.765125,0.763,56456064
sdca,iid,4201,9,2400,0.5785514777537076,0.7652916666666667,0.7615,56449344
sdca,iid,4226,0,2400,0.5785570689342436,0.765125,0.7615,56790720
sdca,iid,4226,1,2400,0.5785584197503801,0.765,0.7615,56792064
sdca,iid,4226,2,2400,0.5785452824967926,0.7648333333333334,0.7616666666666667,56792064
sdca,iid,4226,3,2400,0.5785395268759693,0.7651666666666667,0.7631666666666667,56786688
sdca,iid,4226,4,2400,0.5785425048902259,0.7649166666666667,0.7631666666666667,56793408
sdca,iid,4226,5,2400,0.5785613501474465,0.764875,0.7615,56784000
sdca,iid,4226,6,2400,0.5785708957408181,0.7651666666666667,0.7628333333333334,56779968
sdca,iid,4226,7,2400,0.5785432874119448,0.7649166666666667,0.7633333333333333,56786688
sdca,iid,4226,8,2400,0.5785403844586017,0.7650416666666666,0.7631666666666667,56792064
sdca,iid,4226,9,2400,0.5785463255506396,0.764875,0.7613333333333333,56785344
sdca,iid,4251,0,2400,0.5785543194569678,0.7649166666666667,0.7626666666666667,57126720
sdca,iid,4251,1,2400,0.578546645868295,0.764875,0.7615,57128064
sdca,iid,4251,2,2400,0.5785515654553927,0.7648333333333334,0.763,57128064
sdca,iid,4251,3,2400,0.5785396997353075,0.7650833333333333,0.763,57122688
sdca,iid,4251,4,2400,0.5785501147451232,0.764875,0.763,57129408
sdca,iid,4251,5,2400,0.57856535932062,0.764875,0.7613333333333333,57120000
sdca,iid,4251,6,2400,0.5785580747386256,0.7649166666666667,0.7628333333333334,57115968
sdca,iid,4251,7,2400,0.5785413103230382,0.764875,0.7625,57122688
sdca,iid,4251,8,2400,0.5785725963029991,0.7650833333333333,0.7625,57128064
sdca,iid,4251,9,2400,0.5785502071859426,0.7648333333333334,0.7613333333333333,57121344
sdca,iid,4276,0,2400,0.578552637894867,0.7649166666666667,0.7628333333333334,57462720
sdca,iid,4276,1,2400,0.5785603891426383,0.764875,0.7613333333333333,57464064
sdca,iid,4276,2,2400,0.5785412667202339,0.765,0.7628333333333334,57464064
sdca,iid,4276,3,2400,0.5785405097959926,0.7651666666666667,0.763,57458688
sdca,iid,4276,4,2400,0.5785493968347388,0.7649583333333333,0.7631666666666667,57465408
sdca,iid,4276,5,2400,0.578576217716839,0.7647083333333333,0.7618333333333334,57456000
sdca,iid,4276,6,2400,0.5785605540156508,0.7649583333333333,0.7625,57451968
sdca,iid,4276,7,2400,0.5785419803354421,0.7650416666666666,0.763,57458688
sdca,iid,4276,8,2400,0.578559950306685,0.7648333333333334,0.7626666666666667,57464064
sdca,iid,4276,9,2400,0.578545286128168,0.7647916666666666,0.7615,57457344
sdca,iid,4301,0,2400,0.5785535058492938,0.7647916666666666,0.763,57798720
sdca,iid,4301,1,2400,0.5785526101654263,0.76475,0.7616666666666667,57800064
sdca,iid,4301,2,2400,0.5785403552721635,0.7652916666666667,0.763,57800064
sdca,iid,4301,3,2400,0.578542961377205,0.7649583333333333,0.7631666666666667,57794688
sdca,iid,4301,4,2400,0.5785454606643002,0.765,0.7631666666666667,57801408
sdca,iid,4301,5,2400,0.5785769328121259,0.76475,0.7616666666666667,57792000
sdca,iid,4301,6,2400,0.5785707290207291,0.7652083333333334,0.7626666666666667,57787968
sdca,iid,4301,7,2400,0.5785523578989915,0.764875,0.7633333333333333,57794688
sdca,iid,4301,8,2400,0.5785429742828966,0.765,0.7631666666666667,57800064
sdca,iid,4301,9,2400,0.5785433647473819,0.7647916666666666,0.7616666666666667,57793344
sdca,iid,4326,0,2400,0.5785411462436967,0.7650833333333333,0.7628333333333334,58134720
sdca,iid,4326,1,2400,0.5785592100889977,0.7650416666666666,0.7616666666666667,58136064
sdca,iid,4326,2,2400,0.5785452247821766,0.7649166666666667,0.763,58136064
sdca,iid,4326,3,2400,0.5785424667256515,0.7649583333333333,0.7631666666666667,58130688
sdca,iid,4326,4,2400,0.5785420953565303,0.7650833333333333,0.7631666666666667,58137408
sdca,iid,4326,5,2400,0.5785542753818912,0.7649583333333333,0.7615,58128000
sdca,iid,4326,6,2400,0.5785625213592331,0.7650833333333333,0.7625,58123968
sdca,iid,4326,7,2400,0.5785412974202147,0.7651666666666667,0.7631666666666667,58130688
sdca,iid,4326,8,2400,0.5785429428941544,0.765,0.7631666666666667,58136064
sdca,iid,4326,9,2400,0.5785640882784826,0.7649166666666667,0.7611666666666667,58129344
sdca,iid,4351,0,2400,0.5785558488869148,0.7650833333333333,0.7626666666666667,58470720
sdca,iid,4351,1,2400,0.578583514925353,0.7645833333333333,0.7611666666666667,58472064
sdca,iid,4351,2,2400,0.5785430671791696,0.7649166666666667,0.763,58472064
sdca,iid,4351,3,2400,0.5785447281652797,0.764875,0.7631666666666667,58466688
sdca,iid,4351,4,2400,0.5785465076156667,0.7649166666666667,0.7631666666666667,58473408
sdca,iid,4351,5,2400,0.5785499096685144,0.7646666666666667,0.7611666666666667,58464000
sdca,iid,4351,6,2400,0.5785661887775755,0.765,0.7625,58459968
sdca,iid,4351,7,2400,0.578541798587999,0.765,0.763,58466688
sdca,iid,4351,8,2400,0.5785450567732933,0.7649583333333333,0.7631666666666667,58472064
sdca,iid,4351,9,2400,0.5785588297165861,0.7646666666666667,0.7615,58465344
sdca,iid,4376,0,2400,0.5785482480591346,0.7649166666666667,0.763,58806720
sdca,iid,4376,1,2400,0.5785604051450552,0.76475,0.7613333333333333,58808064
sdca,iid,4376,2,2400,0.5785419852875039,0.76525,0.7625,58808064
sdca,iid,4376,3,2400,0.5785418433578875,0.765,0.7626666666666667,58802688
sdca,iid,4376,4,2400,0.5785439978954237,0.765,0.7631666666666667,58809408
sdca,iid,4376,5,2400,0.5785784848806387,0.76475,0.7611666666666667,58800000
sdca,iid,4376,6,2400,0.5785611427545694,0.7649583333333333,0.7625,58795968
sdca,iid,4376,7,2400,0.5785435954003609,0.7647916666666666,0.7623333333333333,58802688
sdca,iid,4376,8,2400,0.5785569730088695,0.7647916666666666,0.7628333333333334,58808064
sdca,iid,4376,9,2400,0.578549034936308,0.7647916666666666,0.7613333333333333,58801344
sdca,iid,4401,0,2400,0.5785508615810051,0.7651666666666667,0.7613333333333333,59142720
sdca,iid,4401,1,2400,0.5785591740403868,0.764875,0.7615,59144064
sdca,iid,4401,2,2400,0.5785418761688702,0.7652083333333334,0.763,59144064
sdca,iid,4401,3,2400,0.578541142873635,0.76525,0.763,59138688
sdca,iid,4401,4,2400,0.5785442690544582,0.7650416666666666,0.7631666666666667,59145408
sdca,iid,4401,5,2400,0.5785834911870522,0.76475,0.7621666666666667,59136000
sdca,iid,4401,6,2400,0.5785488280953945,0.7649166666666667,0.7631666666666667,59131968
sdca,iid,4401,7,2400,0.5785422644279258,0.7650833333333333,0.7626666666666667,59138688
sdca,iid,4401,8,2400,0.5785518112607925,0.7649166666666667,0.763,59144064
sdca,iid,4401,9,2400,0.5785539440677471,0.765125,0.7613333333333333,59137344
sdca,iid,4426,0,2400,0.5785438122509596,0.76475,0.7618333333333334,59478720
sdca,iid,4426,1,2400,0.5785670900429145,0.76475,0.7611666666666667,59480064
sdca,iid,4426,2,2400,0.5785502741743503,0.7650416666666666,0.7618333333333334,59480064
sdca,iid,4426,3,2400,0.5785419844785606,0.7650416666666666,0.763,59474688
sdca,iid,4426,4,2400,0.5785431996161546,0.7649166666666667,0.7631666666666667,59481408
sdca,iid,4426,5,2400,0.5785744484845466,0.76475,0.7611666666666667,59472000
sdca,iid,4426,6,2400,0.5785555897497621,0.76475,0.7626666666666667,59467968
sdca,iid,4426,7,2400,0.5785511971819812,0.764875,0.7611666666666667,59474688
sdca,iid,4426,8,2400,0.5785509420803201,0.764875,0.763,59480064
sdca,iid,4426,9,2400,0.578562305822943,0.76475,0.7611666666666667,59473344
sdca,iid,4451,0,2400,0.5785418068662233,0.7649166666666667,0.763,59814720
sdca,iid,4451,1,2400,0.5785740604509425,0.7648333333333334,0.7613333333333333,59816064
sdca,iid,4451,2,2400,0.5785434233205111,0.7649166666666667,0.7631666666666667,59816064
sdca,iid,4451,3,2400,0.5785431745230294,0.7649166666666667,0.7633333333333333,59810688
sdca,iid,4451,4,2400,0.5785436182496683,0.7649166666666667,0.7631666666666667,59817408
sdca,iid,4451,5,2400,0.5785658946121415,0.7647916666666666,0.7613333333333333,59808000
sdca,iid,4451,6,2400,0.5785576539795076,0.7649166666666667,0.7626666666666667,59803968
sdca,iid,4451,7,2400,0.5785517115567597,0.765,0.7628333333333334,59810688
sdca,iid,4451,8,2400,0.5785501996933399,0.7649166666666667,0.763,59816064
sdca,iid,4451,9,2400,0.5785540679068506,0.7647083333333333,0.7613333333333333,59809344
sdca,iid,4476,0,2400,0.5785413782798396,0.7649166666666667,0.7623333333333333,60150720
sdca,iid,4476,1,2400,0.5785641289460527,0.7647916666666666,0.7613333333333333,60152064
sdca,iid,4476,2,2400,0.5785445757553096,0.764875,0.7633333333333333,60152064
sdca,iid,4476,3,2400,0.5785409324297429,0.765,0.763,60146688
sdca,iid,4476,4,2400,0.578543781538323,0.7649166666666667,0.7633333333333333,60153408
sdca,iid,4476,5,2400,0.5785625220649866,0.7647083333333333,0.7611666666666667,60144000
sdca,iid,4476,6,2400,0.5785679112399145,0.7649583333333333,0.7625,60139968
sdca,iid,4476,7,2400,0.5785432604031749,0.764875,0.7631666666666667,60146688
sdca,iid,4476,8,2400,0.578549241630161,0.7648333333333334,0.7631666666666667,60152064
sdca,iid,4476,9,2400,0.5785502827172442,0.7647083333333333,0.7613333333333333,60145344
sdca,iid,4501,0,2400,0.5785459618671892,0.7647083333333333,0.7613333333333333,60486720
sdca,iid,4501,1,2400,0.5785504505052722,0.7647916666666666,0.7613333333333333,60488064
sdca,iid,4501,2,2400,0.5785443423118023,0.7649166666666667,0.7631666666666667,60488064
sdca,iid,4501,3,2400,0.5785405824422984,0.7650416666666666,0.7631666666666667,60482688
sdca,iid,4501,4,2400,0.5785515023030143,0.7649166666666667,0.7626666666666667,60489408
sdca,iid,4501,5,2400,0.5785699423676529,0.7647916666666666,0.7611666666666667,60480000
sdca,iid,4501,6,2400,0.5785555978737158,0.7648333333333334,0.7628333333333334,60475968
sdca,iid,4501,7,2400,0.5785412655090094,0.765,0.7623333333333333,60482688
sdca,iid,4501,8,2400,0.5785443671070983,0.7649166666666667,0.7631666666666667,60488064
sdca,iid,4501,9,2400,0.5785475953217915,0.76475,0.7615,60481344
sdca,iid,4526,0,2400,0.578550088467326,0.76475,0.7613333333333333,60822720
sdca,iid,4526,1,2400,0.5785620337914436,0.7646666666666667,0.7611666666666667,60824064
sdca,iid,4526,2,2400,0.5785414903071755,0.7650416666666666,0.763,60824064
sdca,iid,4526,3,2400,0.5785420551222874,0.7649166666666667,0.763,60818688
sdca,iid,4526,4,2400,0.578541891771726,0.7649166666666667,0.763,60825408
sdca,iid,4526,5,2400,0.5785666737881281,0.7647916666666666,0.7611666666666667,60816000
sdca,iid,4526,6,2400,0.578566694954142,0.765,0.7625,60811968
sdca,iid,4526,7,2400,0.5785425034031129,0.7650416666666666,0.7625,60818688
sdca,iid,4526,8,2400,0.578546001887248,0.7648333333333334,0.7631666666666667,60824064
sdca,iid,4526,9,2400,0.578555059566322,0.764625,0.7615,60817344
sdca,iid,4551,0,2400,0.5785487565913386,0.7649166666666667,0.7613333333333333,61158720
sdca,iid,4551,1,2400,0.578563326264956,0.7647916666666666,0.7611666666666667,61160064
sdca,iid,4551,2,2400,0.5785430239517928,0.7649583333333333,0.7633333333333333,61160064
sdca,iid,4551,3,2400,0.5785420814763027,0.7650833333333333,0.7631666666666667,61154688
sdca,iid,4551,4,2400,0.5785443114621978,0.764875,0.7631666666666667,61161408
sdca,iid,4551,5,2400,0.5785680720592026,0.7648333333333334,0.7611666666666667,61152000
sdca,iid,4551,6,2400,0.5785577855596891,0.764875,0.7626666666666667,61147968
sdca,iid,4551,7,2400,0.5785411465396646,0.7649166666666667,0.7625,61154688
sdca,iid,4551,8,2400,0.5785462664342238,0.7649583333333333,0.763,61160064
sdca,iid,4551,9,2400,0.5785633213987281,0.7648333333333334,0.7611666666666667,61153344
sdca,iid,4576,0,2400,0.5785452396985039,0.764875,0.7615,61494720
sdca,iid,4576,1,2400,0.5785499696341837,0.7645416666666667,0.7615,61496064
sdca,iid,4576,2,2400,0.5785447331904511,0.764875,0.7615,61496064
sdca,iid,4576,3,2400,0.578541422892576,0.7649166666666667,0.7631666666666667,61490688
sdca,iid,4576,4,2400,0.5785452543082292,0.764875,0.7631666666666667,61497408
sdca,iid,4576,5,2400,0.5785702048225468,0.76475,0.7611666666666667,61488000
sdca,iid,4576,6,2400,0.5785489626613949,0.7649166666666667,0.7626666666666667,61483968
sdca,iid,4576,7,2400,0.5785472055954729,0.7649166666666667,0.7631666666666667,61490688
sdca,iid,4576,8,2400,0.5785438153923741,0.7649166666666667,0.763,61496064
sdca,iid,4576,9,2400,0.5785856226322151,0.764625,0.761,61489344
sdca,iid,4601,0,2400,0.5785426399812446,0.7648333333333334,0.7616666666666667,61830720
sdca,iid,4601,1,2400,0.5785619432307705,0.7645,0.7613333333333333,61832064
sdca,iid,4601,2,2400,0.5785409361723242,0.7650416666666666,0.7628333333333334,61832064
sdca,iid,4601,3,2400,0.5785425560650311,0.765,0.7633333333333333,61826688
sdca,iid,4601,4,2400,0.5785428772634507,0.764875,0.7615,61833408
sdca,iid,4601,5,2400,0.5785702704726107,0.7648333333333334,0.7611666666666667,61824000
sdca,iid,4601,6,2400,0.5785519359768987,0.7648333333333334,0.7626666666666667,61819968
sdca,iid,4601,7,2400,0.5785468222997489,0.76475,0.7613333333333333,61826688
sdca,iid,4601,8,2400,0.5785501759867444,0.7648333333333334,0.7626666666666667,61832064
sdca,iid,4601,9,2400,0.5785420585277145,0.7647083333333333,0.7621666666666667,61825344
sdca,iid,4626,0,2400,0.5785406897327641,0.7647916666666666,0.762,62166720
sdca,iid,4626,1,2400,0.5785506017265808,0.764625,0.7613333333333333,62168064
sdca,iid,4626,2,2400,0.5785414088432862,0.764875,0.7616666666666667,62168064
sdca,iid,4626,3,2400,0.5785405359124067,0.76475,0.7618333333333334,62162688
sdca,iid,4626,4,2400,0.5785395504861175,0.7648333333333334,0.7626666666666667,62169408
sdca,iid,4626,5,2400,0.5785618470269568,0.764625,0.7611666666666667,62160000
sdca,iid,4626,6,2400,0.5785476176590713,0.7649166666666667,0.7626666666666667,62155968
sdca,iid,4626,7,2400,0.5785465750299706,0.7649583333333333,0.7628333333333334,62162688
sdca,iid,4626,8,2400,0.5785556378181465,0.7649166666666667,0.7625,62168064
sdca,iid,4626,9,2400,0.5785401812496693,0.7647916666666666,0.762,62161344
sdca,iid,4651,0,2400,0.578539416637069,0.765,0.7628333333333334,62502720
sdca,iid,4651,1,2400,0.5785473562484114,0.7647083333333333,0.7615,62504064
sdca,iid,4651,2,2400,0.5785431234859849,0.7649166666666667,0.763,62504064
sdca,iid,4651,3,2400,0.5785407623781095,0.7649583333333333,0.7631666666666667,62498688
sdca,iid,4651,4,2400,0.5785395805222705,0.7649166666666667,0.7631666666666667,62505408
sdca,iid,4651,5,2400,0.5785542554467296,0.7644166666666666,0.761,62496000
sdca,iid,4651,6,2400,0.5785566627307102,0.76475,0.7626666666666667,62491968
sdca,iid,4651,7,2400,0.5785389198124696,0.7649583333333333,0.7626666666666667,62498688
sdca,iid,4651,8,2400,0.5785408633849404,0.7649583333333333,0.7631666666666667,62504064
sdca,iid,4651,9,2400,0.5785439821722114,0.7647916666666666,0.7611666666666667,62497344
sdca,iid,4676,0,2400,0.5785434632501307,0.7648333333333334,0.7613333333333333,62838720
sdca,iid,4676,1,2400,0.578556831644445,0.7645833333333333,0.7611666666666667,62840064
sdca,iid,4676,2,2400,0.5785386935308621,0.7649583333333333,0.7626666666666667,62840064
sdca,iid,4676,3,2400,0.5785392254652916,0.7650416666666666,0.7631666666666667,62834688
sdca,iid,4676,4,2400,0.578538990127357,0.765,0.7631666666666667,62841408
sdca,iid,4676,5,2400,0.5785651003713593,0.7647083333333333,0.7613333333333333,62832000
sdca,iid,4676,6,2400,0.5785555255780309,0.7647916666666666,0.7626666666666667,62827968
sdca,iid,4676,7,2400,0.5785396137271749,0.7648333333333334,0.7625,62834688
sdca,iid,4676,8,2400,0.5785501333836433,0.7649583333333333,0.7628333333333334,62840064
sdca,iid,4676,9,2400,0.5785469013512164,0.7647916666666666,0.7613333333333333,62833344
sdca,iid,4701,0,2400,0.5785441090602459,0.764875,0.7611666666666667,63174720
sdca,iid,4701,1,2400,0.5785513887449905,0.7645,0.761,63176064
sdca,iid,4701,2,2400,0.5785395477092372,0.764875,0.7628333333333334,63176064
sdca,iid,4701,3,2400,0.5785390168272826,0.76475,0.7625,63170688
sdca,iid,4701,4,2400,0.5785415269833157,0.765,0.7631666666666667,63177408
sdca,iid,4701,5,2400,0.5785614978207927,0.7645833333333333,0.761,63168000
sdca,iid,4701,6,2400,0.5785478191241645,0.7649166666666667,0.7626666666666667,63163968
sdca,iid,4701,7,2400,0.5785421397932188,0.7649583333333333,0.763,63170688
sdca,iid,4701,8,2400,0.5785504668642296,0.7648333333333334,0.7626666666666667,63176064
sdca,iid,4701,9,2400,0.5785531438295409,0.7645833333333333,0.7608333333333334,63169344
sdca,iid,4726,0,2400,0.5785385038412256,0.76475,0.7625,63510720
sdca,iid,4726,1,2400,0.5785562016166031,0.7645416666666667,0.7611666666666667,63512064
sdca,iid,4726,2,2400,0.5785396949155681,0.765,0.763,63512064
sdca,iid,4726,3,2400,0.578539531698274,0.7650833333333333,0.763,63506688
sdca,iid,4726,4,2400,0.578542378130919,0.765,0.7628333333333334,63513408
sdca,iid,4726,5,2400,0.5785578450604756,0.764625,0.761,63504000
sdca,iid,4726,6,2400,0.5785467243354704,0.7649166666666667,0.7628333333333334,63499968
sdca,iid,4726,7,2400,0.578538583927459,0.7647083333333333,0.7626666666666667,63506688
sdca,iid,4726,8,2400,0.5785410648084434,0.7650416666666666,0.763,63512064
sdca,iid,4726,9,2400,0.5785482602878084,0.7645833333333333,0.7613333333333333,63505344
sdca,iid,4751,0,2400,0.5785385059601842,0.764875,0.7625,63846720
sdca,iid,4751,1,2400,0.578557698767106,0.764625,0.7615,63848064
sdca,iid,4751,2,2400,0.5785383647939033,0.76475,0.7626666666666667,63848064
sdca,iid,4751,3,2400,0.5785409690571688,0.765,0.7626666666666667,63842688
sdca,iid,4751,4,2400,0.5785405921287892,0.765,0.7628333333333334,63849408
sdca,iid,4751,5,2400,0.5785618814488613,0.7645,0.761,63840000
sdca,iid,4751,6,2400,0.578544523755659,0.765,0.7628333333333334,63835968
sdca,iid,4751,7,2400,0.5785405920108971,0.7650833333333333,0.763,63842688
sdca,iid,4751,8,2400,0.5785403539323097,0.7649583333333333,0.7628333333333334,63848064
sdca,iid,4751,9,2400,0.578551327661094,0.764625,0.7613333333333333,63841344
sdca,iid,4776,0,2400,0.5785367446744718,0.7650833333333333,0.763,64182720
sdca,iid,4776,1,2400,0.5785572492491178,0.7647083333333333,0.761,64184064
sdca,iid,4776,2,2400,0.5785384997150468,0.7651666666666667,0.763,64184064
sdca,iid,4776,3,2400,0.578537090960146,0.765125,0.763,64178688
sdca,iid,4776,4,2400,0.5785395024208794,0.7651666666666667,0.7631666666666667,64185408
sdca,iid,4776,5,2400,0.578554997907202,0.7645833333333333,0.761,64176000
sdca,iid,4776,6,2400,0.5785512414555506,0.7647916666666666,0.7626666666666667,64171968
sdca,iid,4776,7,2400,0.5785371532714761,0.7647916666666666,0.7621666666666667,64178688
sdca,iid,4776,8,2400,0.5785402959641858,0.7649583333333333,0.763,64184064
sdca,iid,4776,9,2400,0.5785370390444905,0.76475,0.7623333333333333,64177344
sdca,iid,4801,0,2400,0.5785358899636239,0.7649166666666667,0.7628333333333334,64518720
sdca,iid,4801,1,2400,0.578558654665582,0.7644583333333334,0.761,64520064
sdca,iid,4801,2,2400,0.5785460176853413,0.765,0.7628333333333334,64520064
sdca,iid,4801,3,2400,0.5785360827272303,0.7649166666666667,0.7628333333333334,64514688
sdca,iid,4801,4,2400,0.5785399823244376,0.7649583333333333,0.7626666666666667,64521408
sdca,iid,4801,5,2400,0.5785560885273624,0.7645,0.7611666666666667,64512000
sdca,iid,4801,6,2400,0.5785452960185977,0.7648333333333334,0.763,64507968
sdca,iid,4801,7,2400,0.5785506436780309,0.76475,0.7628333333333334,64514688
sdca,iid,4801,8,2400,0.5785450218332645,0.7648333333333334,0.763,64520064
sdca,iid,4801,9,2400,0.5785464702869987,0.7645833333333333,0.7611666666666667,64513344
sdca,iid,4826,0,2400,0.5785361884779758,0.7647916666666666,0.7625,64854720
sdca,iid,4826,1,2400,0.5785468827048246,0.7646666666666667,0.7611666666666667,64856064
sdca,iid,4826,2,2400,0.5785363411047945,0.7648333333333334,0.7625,64856064
sdca,iid,4826,3,2400,0.5785353805841553,0.7648333333333334,0.7626666666666667,64850688
sdca,iid,4826,4,2400,0.5785372519193553,0.7650416666666666,0.7628333333333334,64857408
sdca,iid,4826,5,2400,0.5785604511124307,0.7645416666666667,0.7606666666666667,64848000
sdca,iid,4826,6,2400,0.5785431245897457,0.7649583333333333,0.763,64843968
sdca,iid,4826,7,2400,0.5785360659656317,0.7650416666666666,0.7628333333333334,64850688
sdca,iid,4826,8,2400,0.578542950858343,0.7649166666666667,0.763,64856064
sdca,iid,4826,9,2400,0.5785401511606424,0.76475,0.7613333333333333,64849344
sdca,iid,4851,0,2400,0.5785353390946217,0.7648333333333334,0.7623333333333333,65190720
sdca,iid,4851,1,2400,0.5785617042681334,0.76475,0.761,65192064
sdca,iid,4851,2,2400,0.5785345035314828,0.7649166666666667,0.7628333333333334,65192064
sdca,iid,4851,3,2400,0.5785343196415073,0.7647916666666666,0.7628333333333334,65186688
sdca,iid,4851,4,2400,0.5785343549818636,0.7647916666666666,0.7626666666666667,65193408
sdca,iid,4851,5,2400,0.5785604922959711,0.7647083333333333,0.7611666666666667,65184000
sdca,iid,4851,6,2400,0.5785427448013573,0.7649583333333333,0.7628333333333334,65179968
sdca,iid,4851,7,2400,0.5785344387009552,0.7647916666666666,0.7626666666666667,65186688
sdca,iid,4851,8,2400,0.5785352420166543,0.7649583333333333,0.7628333333333334,65192064
sdca,iid,4851,9,2400,0.5785540764607384,0.76475,0.761,65185344
sdca,iid,4876,0,2400,0.5785338506107425,0.765,0.7626666666666667,65526720
sdca,iid,4876,1,2400,0.5785410697904209,0.7649166666666667,0.7613333333333333,65528064
sdca,iid,4876,2,2400,0.5785356507777818,0.7647083333333333,0.7618333333333334,65528064
sdca,iid,4876,3,2400,0.5785410885533089,0.7650416666666666,0.763,65522688
sdca,iid,4876,4,2400,0.5785339467629745,0.7647916666666666,0.7626666666666667,65529408
sdca,iid,4876,5,2400,0.5785538136812807,0.7646666666666667,0.7608333333333334,65520000
sdca,iid,4876,6,2400,0.578546890231348,0.7649166666666667,0.7628333333333334,65515968
sdca,iid,4876,7,2400,0.5785337609123735,0.7649583333333333,0.7628333333333334,65522688
sdca,iid,4876,8,2400,0.5785453555142396,0.7649583333333333,0.7628333333333334,65528064
sdca,iid,4876,9,2400,0.5785457836574971,0.764625,0.7611666666666667,65521344
sdca,iid,4901,0,2400,0.5785372337161976,0.7647916666666666,0.7615,65862720
sdca,iid,4901,1,2400,0.5785521410004739,0.7645,0.761,65864064
sdca,iid,4901,2,2400,0.5785369232468558,0.765,0.7628333333333334,65864064
sdca,iid,4901,3,2400,0.578536281431723,0.765,0.7628333333333334,65858688
sdca,iid,4901,4,2400,0.5785350926530003,0.76475,0.7621666666666667,65865408
sdca,iid,4901,5,2400,0.5785537513141699,0.764625,0.761,65856000
sdca,iid,4901,6,2400,0.5785497814548146,0.7649166666666667,0.7625,65851968
sdca,iid,4901,7,2400,0.5785348846366135,0.7646666666666667,0.7621666666666667,65858688
sdca,iid,4901,8,2400,0.5785424055064557,0.7649583333333333,0.763,65864064
sdca,iid,4901,9,2400,0.5785495119959178,0.7645416666666667,0.7611666666666667,65857344
sdca,iid,4926,0,2400,0.5785359958483888,0.7647083333333333,0.7616666666666667,66198720
sdca,iid,4926,1,2400,0.5785508413498173,0.7645416666666667,0.7608333333333334,66200064
sdca,iid,4926,2,2400,0.5785452471073583,0.7649166666666667,0.7628333333333334,66200064
sdca,iid,4926,3,2400,0.57853270813955,0.764875,0.7628333333333334,66194688
sdca,iid,4926,4,2400,0.5785371410116809,0.7651666666666667,0.7628333333333334,66201408
sdca,iid,4926,5,2400,0.5785653027308255,0.7646666666666667,0.761,66192000
sdca,iid,4926,6,2400,0.5785434623400345,0.7649166666666667,0.7625,66187968
sdca,iid,4926,7,2400,0.5785343796657063,0.7647083333333333,0.762,66194688
sdca,iid,4926,8,2400,0.5785345470922606,0.7650833333333333,0.763,66200064
sdca,iid,4926,9,2400,0.5785627316161681,0.7647083333333333,0.7611666666666667,66193344
sdca,iid,4951,0,2400,0.5785354610761279,0.7650833333333333,0.7626666666666667,66534720
sdca,iid,4951,1,2400,0.5785411120374124,0.7645833333333333,0.7611666666666667,66536064
sdca,iid,4951,2,2400,0.5785328556805746,0.76475,0.7621666666666667,66536064
sdca,iid,4951,3,2400,0.5785341008428027,0.7648333333333334,0.7616666666666667,66530688
sdca,iid,4951,4,2400,0.5785579136627523,0.7648333333333334,0.7621666666666667,66537408
sdca,iid,4951,5,2400,0.5785549210286683,0.7644166666666666,0.7608333333333334,66528000
sdca,iid,4951,6,2400,0.5785341136578394,0.765,0.7626666666666667,66523968
sdca,iid,4951,7,2400,0.578544572057995,0.7649166666666667,0.7626666666666667,66530688
sdca,iid,4951,8,2400,0.5785815446682884,0.765,0.7623333333333333,66536064
sdca,iid,4951,9,2400,0.5785387982183398,0.7646666666666667,0.7615,66529344
sdca,iid,4976,0,2400,0.5785338546454818,0.76475,0.7623333333333333,66870720
sdca,iid,4976,1,2400,0.578550797622389,0.76475,0.7608333333333334,66872064
sdca,iid,4976,2,2400,0.5785508842339523,0.7647916666666666,0.7625,66872064
sdca,iid,4976,3,2400,0.5785359852965885,0.765125,0.7628333333333334,66866688
sdca,iid,4976,4,2400,0.5785334259328746,0.7648333333333334,0.7625,66873408
sdca,iid,4976,5,2400,0.5785601017407691,0.7646666666666667,0.7611666666666667,66864000
sdca,iid,4976,6,2400,0.578556329798224,0.7649166666666667,0.7623333333333333,66859968
sdca,iid,4976,7,2400,0.5785405219746041,0.765,0.7628333333333334,66866688
sdca,iid,4976,8,2400,0.5785408645418639,0.7649583333333333,0.7628333333333334,66872064
sdca,iid,4976,9,2400,0.5785501218516963,0.76475,0.7608333333333334,66865344
sdca,iid,5000,0,2400,0.5785386118377807,0.7649166666666667,0.7628333333333334,67193280
sdca,iid,5000,1,2400,0.578544269449521,0.7645833333333333,0.761,67194624
sdca,iid,5000,2,2400,0.5785330139761968,0.7650416666666666,0.7626666666666667,67194624
sdca,iid,5000,3,2400,0.5785322872167739,0.76475,0.7626666666666667,67189248
sdca,iid,5000,4,2400,0.5785325115445666,0.7650416666666666,0.7626666666666667,67195968
sdca,iid,5000,5,2400,0.5785666562239415,0.764625,0.7608333333333334,67186560
sdca,iid,5000,6,2400,0.5785475171528409,0.7649166666666667,0.7626666666666667,67182528
sdca,iid,5000,7,2400,0.5785337026927183,0.7650833333333333,0.7628333333333334,67189248
sdca,iid,5000,8,2400,0.5785346033321676,0.7649583333333333,0.7628333333333334,67194624
sdca,iid,5000,9,2400,0.5785442469827494,0.764625,0.761,67187904
