method,scheme,round,node,n_local,hinge_loss,train_acc,test_acc,comm_bytes
sdca,dirichlet_0.3,1,0,63,0.9684574912948016,0.5034166666666666,0.4985,4032
sdca,dirichlet_0.3,1,1,229,0.8619463613546272,0.634,0.6296666666666667,10752
sdca,dirichlet_0.3,1,2,3623,0.7673338281701533,0.663,0.6523333333333333,4032
sdca,dirichlet_0.3,1,3,2851,0.9347681409689579,0.486,0.4825,1344
sdca,dirichlet_0.3,1,4,2684,0.8612254406402113,0.5540833333333334,0.558,2688
sdca,dirichlet_0.3,1,5,7691,0.7689663933626766,0.6544583333333334,0.653,1344
sdca,dirichlet_0.3,1,6,3655,1.053967117645951,0.5140416666666666,0.5175,1344
sdca,dirichlet_0.3,1,7,2159,0.9868216964454689,0.4859583333333333,0.4825,1344
sdca,dirichlet_0.3,1,8,0,0.8207616492682746,0.5875833333333333,0.5936666666666667,8064
sdca,dirichlet_0.3,1,9,1045,0.9223231527001825,0.5140416666666666,0.5175,1344
sdca,dirichlet_0.3,26,0,63,0.8535248576821737,0.5736666666666667,0.569,340032
sdca,dirichlet_0.3,26,1,229,0.8228824685558849,0.5879583333333334,0.5848333333333333,346752
sdca,dirichlet_0.3,26,2,3623,0.6650028447699796,0.6783333333333333,0.6708333333333333,336000
sdca,dirichlet_0.3,26,3,2851,0.931535980945177,0.5587916666666667,0.5551666666666667,336000
sdca,dirichlet_0.3,26,4,2684,0.8641291040539341,0.5865416666666666,0.5838333333333333,338688
sdca,dirichlet_0.3,26,5,7691,0.7683717943295524,0.5940833333333333,0.5971666666666666,337344
sdca,dirichlet_0.3,26,6,3655,1.1855132799946333,0.5150833333333333,0.5175,337344
sdca,dirichlet_0.3,26,7,2159,0.9080018094750513,0.578125,0.5765,336000
sdca,dirichlet_0.3,26,8,0,2.168021651728483,0.5140416666666666,0.5175,340032
sdca,dirichlet_0.3,26,9,1045,0.8452222015832334,0.572125,0.5725,333312
sdca,dirichlet_0.3,51,0,63,0.764026068101313,0.60875,0.6075,676032
sdca,dirichlet_0.3,51,1,229,0.7816795721483553,0.6109583333333334,0.6088333333333333,682752
sdca,dirichlet_0.3,51,2,3623,0.6776803110604671,0.6489583333333333,0.6388333333333334,672000
sdca,dirichlet_0.3,51,3,2851,0.913094738042614,0.5944166666666667,0.5936666666666667,672000
sdca,dirichlet_0.3,51,4,2684,0.8107404050083423,0.604375,0.604,674688
sdca,dirichlet_0.3,51,5,7691,0.7917219660447319,0.572125,0.572,673344
sdca,dirichlet_0.3,51,6,3655,1.1020396496607987,0.517375,0.5193333333333333,673344
sdca,dirichlet_0.3,51,7,2159,0.90791564815805,0.6025416666666666,0.6023333333333334,672000
sdca,dirichlet_0.3,51,8,0,1.295235115099449,0.515125,0.5175,676032
sdca,dirichlet_0.3,51,9,1045,0.8797759507198266,0.5657083333333334,0.565,669312
sdca,dirichlet_0.3,76,0,63,0.7177312217011212,0.644125,0.6386666666666667,1012032
sdca,dirichlet_0.3,76,1,229,0.8054223624335597,0.6038333333333333,0.6036666666666667,1018752
sdca,dirichlet_0.3,76,2,3623,0.7279169889157511,0.613125,0.6111666666666666,1008000
sdca,dirichlet_0.3,76,3,2851,0.8755926329723109,0.6047916666666666,0.6053333333333333,1008000
sdca,dirichlet_0.3,76,4,2684,0.8003924133752517,0.60975,0.609,1010688
sdca,dirichlet_0.3,76,5,7691,0.8160347868181702,0.5657083333333334,0.5646666666666667,1009344
sdca,dirichlet_0.3,76,6,3655,1.0377963237092227,0.5239166666666667,0.5243333333333333,1009344
sdca,dirichlet_0.3,76,7,2159,0.8304229972889124,0.6094166666666667,0.6085,1008000
sdca,dirichlet_0.3,76,8,0,0.7279169889157511,0.613125,0.6111666666666666,1012032
sdca,dirichlet_0.3,76,9,1045,0.8580305672155599,0.5656666666666667,0.5645,1005312
sdca,dirichlet_0.3,101,0,63,0.7457172146857768,0.6094583333333333,0.6085,1348032
sdca,dirichlet_0.3,101,1,229,0.7778231589392508,0.6093333333333333,0.6083333333333333,1354752
sdca,dirichlet_0.3,101,2,3623,0.7359195722376957,0.6094583333333333,0.6083333333333333,1344000
sdca,dirichlet_0.3,101,3,2851,0.8310767456237069,0.6094583333333333,0.6085,1344000
sdca,dirichlet_0.3,101,4,2684,0.7989084086396259,0.6094583333333333,0.6085,1346688
sdca,dirichlet_0.3,101,5,7691,0.8282443123726968,0.5656666666666667,0.5645,1345344
sdca,dirichlet_0.3,101,6,3655,0.9370900681333075,0.5656666666666667,0.5645,1345344
sdca,dirichlet_0.3,101,7,2159,0.8434236737209186,0.6094166666666667,0.6085,1344000
sdca,dirichlet_0.3,101,8,0,1.5301089034265878,0.5140416666666666,0.5175,1348032
sdca,dirichlet_0.3,101,9,1045,0.8519257024336393,0.5656666666666667,0.5645,1341312
sdca,dirichlet_0.3,126,0,63,0.7869343237356111,0.5944166666666667,0.5965,1684032
sdca,dirichlet_0.3,126,1,229,0.7790371400761731,0.6094583333333333,0.6085,1690752
sdca,dirichlet_0.3,126,2,3623,0.7547194452292963,0.6094583333333333,0.6085,1680000
sdca,dirichlet_0.3,126,3,2851,0.8107547474233922,0.6094583333333333,0.6085,1680000
sdca,dirichlet_0.3,126,4,2684,0.8020449166992054,0.6094583333333333,0.6085,1682688
sdca,dirichlet_0.3,126,5,7691,0.8385927466243119,0.5656666666666667,0.5645,1681344
sdca,dirichlet_0.3,126,6,3655,0.937345473301298,0.5656666666666667,0.5645,1681344
sdca,dirichlet_0.3,126,7,2159,0.8542134975266936,0.6094583333333333,0.6085,1680000
sdca,dirichlet_0.3,126,8,0,0.7442033240628492,0.6095,0.6085,1684032
sdca,dirichlet_0.3,126,9,1045,0.852260571896644,0.5656666666666667,0.5645,1677312
sdca,dirichlet_0.3,151,0,63,0.7798127576962206,0.6095,0.6085,2020032
sdca,dirichlet_0.3,151,1,229,0.7753689341950415,0.6094583333333333,0.6085,2026752
sdca,dirichlet_0.3,151,2,3623,0.7590428572577517,0.6094583333333333,0.6085,2016000
sdca,dirichlet_0.3,151,3,2851,0.8395991975931721,0.6095,0.6085,2016000
sdca,dirichlet_0.3,151,4,2684,0.7951045070830606,0.6094583333333333,0.6085,2018688
sdca,dirichlet_0.3,151,5,7691,0.8419454562243663,0.5656666666666667,0.5645,2017344
sdca,dirichlet_0.3,151,6,3655,0.9200108496183754,0.5656666666666667,0.5645,2017344
sdca,dirichlet_0.3,151,7,2159,0.7943508095519171,0.6094583333333333,0.6085,2016000
sdca,dirichlet_0.3,151,8,0,2.0312777461017184,0.5140416666666666,0.5175,2020032
sdca,dirichlet_0.3,151,9,1045,0.8659636038379719,0.5656666666666667,0.5645,2013312
sdca,dirichlet_0.3,176,0,63,0.7710479731341322,0.6777916666666667,0.6676666666666666,2356032
sdca,dirichlet_0.3,176,1,229,0.7796018278629812,0.6094583333333333,0.6085,2362752
sdca,dirichlet_0.3,176,2,3623,0.7422568175187423,0.6095416666666666,0.6085,2352000
sdca,dirichlet_0.3,176,3,2851,0.8415698548832939,0.6095416666666666,0.6085,2352000
sdca,dirichlet_0.3,176,4,2684,0.7975128261986796,0.6094583333333333,0.6085,2354688
sdca,dirichlet_0.3,176,5,7691,0.845529442184751,0.5656666666666667,0.5645,2353344
sdca,dirichlet_0.3,176,6,3655,0.905669324236923,0.5656666666666667,0.5645,2353344
sdca,dirichlet_0.3,176,7,2159,0.8261542652429995,0.6094583333333333,0.6085,2352000
sdca,dirichlet_0.3,176,8,0,0.7919467505031369,0.63675,0.639,2356032
sdca,dirichlet_0.3,176,9,1045,0.8411488499693102,0.5656666666666667,0.5645,2349312
sdca,dirichlet_0.3,201,0,63,0.8746576194988536,0.5656666666666667,0.5645,2692032
sdca,dirichlet_0.3,201,1,229,0.7545784708438731,0.6094583333333333,0.6085,2698752
sdca,dirichlet_0.3,201,2,3623,0.7545331567960549,0.6094583333333333,0.6085,2688000
sdca,dirichlet_0.3,201,3,2851,0.8213559319948238,0.6095,0.6085,2688000
sdca,dirichlet_0.3,201,4,2684,0.8003251179027933,0.6095,0.6085,2690688
sdca,dirichlet_0.3,201,5,7691,0.837593313643656,0.5656666666666667,0.5645,2689344
sdca,dirichlet_0.3,201,6,3655,0.9220807445325011,0.5656666666666667,0.5645,2689344
sdca,dirichlet_0.3,201,7,2159,0.8165380717507638,0.6095,0.6085,2688000
sdca,dirichlet_0.3,201,8,0,0.9220807445324923,0.5656666666666667,0.5645,2692032
sdca,dirichlet_0.3,201,9,1045,0.8429178418675771,0.5656666666666667,0.5645,2685312
sdca,dirichlet_0.3,226,0,63,0.7537987242916876,0.6484166666666666,0.641,3028032
sdca,dirichlet_0.3,226,1,229,0.7432159800726125,0.6094583333333333,0.6085,3034752
sdca,dirichlet_0.3,226,2,3623,0.7427309106549804,0.6094583333333333,0.6085,3024000
sdca,dirichlet_0.3,226,3,2851,0.8116434357274077,0.6094583333333333,0.6085,3024000
sdca,dirichlet_0.3,226,4,2684,0.800340671410985,0.6094583333333333,0.6085,3026688
sdca,dirichlet_0.3,226,5,7691,0.8358806230405647,0.5656666666666667,0.5645,3025344
sdca,dirichlet_0.3,226,6,3655,0.9000793545378437,0.5656666666666667,0.5645,3025344
sdca,dirichlet_0.3,226,7,2159,0.8256763439957635,0.6094583333333333,0.6085,3024000
sdca,dirichlet_0.3,226,8,0,0.9004429535653142,0.5656666666666667,0.5645,3028032
sdca,dirichlet_0.3,226,9,1045,0.843432922924608,0.5656666666666667,0.5645,3021312
sdca,dirichlet_0.3,251,0,63,0.7592810653221921,0.6094583333333333,0.6085,3364032
sdca,dirichlet_0.3,251,1,229,0.7609175008730751,0.6094583333333333,0.6085,3370752
sdca,dirichlet_0.3,251,2,3623,0.7599358738755361,0.6094583333333333,0.6085,3360000
sdca,dirichlet_0.3,251,3,2851,0.816485484854901,0.6095,0.6085,3360000
sdca,dirichlet_0.3,251,4,2684,0.7984267672446798,0.6094583333333333,0.6085,3362688
sdca,dirichlet_0.3,251,5,7691,0.842633728052285,0.5656666666666667,0.5645,3361344
sdca,dirichlet_0.3,251,6,3655,0.8957083074849557,0.5656666666666667,0.5645,3361344
sdca,dirichlet_0.3,251,7,2159,0.8215599757731188,0.6094583333333333,0.6085,3360000
sdca,dirichlet_0.3,251,8,0,1.5387723482671032,0.5043333333333333,0.5035,3364032
sdca,dirichlet_0.3,251,9,1045,0.8482686916077646,0.5656666666666667,0.5645,3357312
sdca,dirichlet_0.3,276,0,63,0.7398160788285112,0.6094583333333333,0.6083333333333333,3700032
sdca,dirichlet_0.3,276,1,229,0.7476625695389643,0.6094583333333333,0.6085,3706752
sdca,dirichlet_0.3,276,2,3623,0.7426049973352398,0.6094583333333333,0.6085,3696000
sdca,dirichlet_0.3,276,3,2851,0.8255887501697708,0.6094583333333333,0.6085,3696000
sdca,dirichlet_0.3,276,4,2684,0.802030406681969,0.6094583333333333,0.6085,3698688
sdca,dirichlet_0.3,276,5,7691,0.8334468920625274,0.5656666666666667,0.5645,3697344
sdca,dirichlet_0.3,276,6,3655,0.8884121589541105,0.5656666666666667,0.5645,3697344
sdca,dirichlet_0.3,276,7,2159,0.820399728841888,0.6094583333333333,0.6085,3696000
sdca,dirichlet_0.3,276,8,0,0.8255887501697587,0.6094583333333333,0.6085,3700032
sdca,dirichlet_0.3,276,9,1045,0.8432394374798764,0.5656666666666667,0.5645,3693312
sdca,dirichlet_0.3,301,0,63,1.4835400489922983,0.5199583333333333,0.5216666666666666,4036032
sdca,dirichlet_0.3,301,1,229,0.7471023027851943,0.6094583333333333,0.6085,4042752
sdca,dirichlet_0.3,301,2,3623,0.7493258251023791,0.6094583333333333,0.6085,4032000
sdca,dirichlet_0.3,301,3,2851,0.8288237785058529,0.6094583333333333,0.6085,4032000
sdca,dirichlet_0.3,301,4,2684,0.8069452041301894,0.6094583333333333,0.6085,4034688
sdca,dirichlet_0.3,301,5,7691,0.8345902250172346,0.5656666666666667,0.5645,4033344
sdca,dirichlet_0.3,301,6,3655,0.9077983721332157,0.5656666666666667,0.5645,4033344
sdca,dirichlet_0.3,301,7,2159,0.8323024017295386,0.6094583333333333,0.6085,4032000
sdca,dirichlet_0.3,301,8,0,1.044876189150292,0.5656666666666667,0.5645,4036032
sdca,dirichlet_0.3,301,9,1045,0.8353082849319208,0.5656666666666667,0.5645,4029312
sdca,dirichlet_0.3,326,0,63,0.7413639547356713,0.6094583333333333,0.6083333333333333,4372032
sdca,dirichlet_0.3,326,1,229,0.8326803402752934,0.5656666666666667,0.5645,4378752
sdca,dirichlet_0.3,326,2,3623,0.7349420792714724,0.6094583333333333,0.6085,4368000
sdca,dirichlet_0.3,326,3,2851,0.8244946092975198,0.6094583333333333,0.6085,4368000
sdca,dirichlet_0.3,326,4,2684,0.7982238213051046,0.6094583333333333,0.6085,4370688
sdca,dirichlet_0.3,326,5,7691,0.8289020877266657,0.5656666666666667,0.5645,4369344
sdca,dirichlet_0.3,326,6,3655,0.8950491653352901,0.5656666666666667,0.5645,4369344
sdca,dirichlet_0.3,326,7,2159,0.8152845703862006,0.6094583333333333,0.6085,4368000
sdca,dirichlet_0.3,326,8,0,0.7931741756036614,0.6094583333333333,0.6085,4372032
sdca,dirichlet_0.3,326,9,1045,0.8236917599382108,0.5656666666666667,0.5645,4365312
sdca,dirichlet_0.3,351,0,63,0.7845441897641149,0.6094583333333333,0.6086666666666667,4708032
sdca,dirichlet_0.3,351,1,229,0.7342009927537008,0.6097916666666666,0.609,4714752
sdca,dirichlet_0.3,351,2,3623,0.7320555197682588,0.61,0.6088333333333333,4704000
sdca,dirichlet_0.3,351,3,2851,0.8069121473793336,0.6094583333333333,0.6085,4704000
sdca,dirichlet_0.3,351,4,2684,0.8111778902372307,0.6094583333333333,0.6085,4706688
sdca,dirichlet_0.3,351,5,7691,0.8235173004730256,0.5656666666666667,0.5645,4705344
sdca,dirichlet_0.3,351,6,3655,0.8789448838653247,0.5656666666666667,0.5645,4705344
sdca,dirichlet_0.3,351,7,2159,0.8094474177802601,0.6094583333333333,0.6085,4704000
sdca,dirichlet_0.3,351,8,0,0.8061710580574942,0.6094583333333333,0.6085,4708032
sdca,dirichlet_0.3,351,9,1045,0.8239127680289675,0.5656666666666667,0.5645,4701312
sdca,dirichlet_0.3,376,0,63,0.7947502638263031,0.5656666666666667,0.5645,5044032
sdca,dirichlet_0.3,376,1,229,0.7322320270853526,0.612375,0.611,5050752
sdca,dirichlet_0.3,376,2,3623,0.7512169498373323,0.6094583333333333,0.6086666666666667,5040000
sdca,dirichlet_0.3,376,3,2851,0.8089845389439714,0.6094583333333333,0.6085,5040000
sdca,dirichlet_0.3,376,4,2684,0.7976079690330786,0.6094583333333333,0.6085,5042688
sdca,dirichlet_0.3,376,5,7691,0.8284888798583188,0.5656666666666667,0.5645,5041344
sdca,dirichlet_0.3,376,6,3655,0.8822833248439848,0.5656666666666667,0.5645,5041344
sdca,dirichlet_0.3,376,7,2159,0.801967440234007,0.6094583333333333,0.6085,5040000
sdca,dirichlet_0.3,376,8,0,1.3652594557494784,0.5395,0.5406666666666666,5044032
sdca,dirichlet_0.3,376,9,1045,0.8266778139723582,0.5656666666666667,0.5645,5037312
sdca,dirichlet_0.3,401,0,63,0.7406916109914482,0.6095,0.6085,5380032
sdca,dirichlet_0.3,401,1,229,0.7327560227766641,0.610875,0.6098333333333333,5386752
sdca,dirichlet_0.3,401,2,3623,0.7407255347979878,0.6094583333333333,0.6085,5376000
sdca,dirichlet_0.3,401,3,2851,0.8137544450396178,0.6094583333333333,0.6085,5376000
sdca,dirichlet_0.3,401,4,2684,0.7971479400541565,0.6094583333333333,0.6085,5378688
sdca,dirichlet_0.3,401,5,7691,0.8205312007859912,0.5656666666666667,0.5645,5377344
sdca,dirichlet_0.3,401,6,3655,0.8918449945921806,0.5656666666666667,0.5645,5377344
sdca,dirichlet_0.3,401,7,2159,0.8046556688573505,0.6094583333333333,0.6085,5376000
sdca,dirichlet_0.3,401,8,0,0.7563044836989966,0.6094583333333333,0.6085,5380032
sdca,dirichlet_0.3,401,9,1045,0.8207084530578331,0.5656666666666667,0.5645,5373312
sdca,dirichlet_0.3,426,0,63,0.8228518019470973,0.5656666666666667,0.5645,5716032
sdca,dirichlet_0.3,426,1,229,0.7447252044413702,0.6094583333333333,0.6085,5722752
sdca,dirichlet_0.3,426,2,3623,0.7425114022531011,0.6094583333333333,0.6085,5712000
sdca,dirichlet_0.3,426,3,2851,0.8067669840480252,0.6094583333333333,0.6085,5712000
sdca,dirichlet_0.3,426,4,2684,0.8055870512233172,0.6094583333333333,0.6085,5714688
sdca,dirichlet_0.3,426,5,7691,0.8206599859487028,0.5656666666666667,0.5645,5713344
sdca,dirichlet_0.3,426,6,3655,0.8792915923741551,0.5656666666666667,0.5645,5713344
sdca,dirichlet_0.3,426,7,2159,0.788290832627109,0.6094583333333333,0.6085,5712000
sdca,dirichlet_0.3,426,8,0,0.742886407923559,0.6105416666666666,0.6095,5716032
sdca,dirichlet_0.3,426,9,1045,0.8197772462865426,0.5656666666666667,0.5645,5709312
sdca,dirichlet_0.3,451,0,63,0.7634795009757502,0.6094583333333333,0.6085,6052032
sdca,dirichlet_0.3,451,1,229,0.7373724212648703,0.6094583333333333,0.6086666666666667,6058752
sdca,dirichlet_0.3,451,2,3623,0.7282829317169253,0.6095833333333334,0.6085,6048000
sdca,dirichlet_0.3,451,3,2851,0.7872093534709657,0.6094583333333333,0.6085,6048000
sdca,dirichlet_0.3,451,4,2684,0.8042522542403103,0.6094583333333333,0.6085,6050688
sdca,dirichlet_0.3,451,5,7691,0.8199502990657693,0.5656666666666667,0.5645,6049344
sdca,dirichlet_0.3,451,6,3655,0.8717389628282748,0.5656666666666667,0.5645,6049344
sdca,dirichlet_0.3,451,7,2159,0.7956922668951403,0.6094583333333333,0.6085,6048000
sdca,dirichlet_0.3,451,8,0,0.8100477714712424,0.6094583333333333,0.6085,6052032
sdca,dirichlet_0.3,451,9,1045,0.8086208303405759,0.565625,0.5645,6045312
sdca,dirichlet_0.3,476,0,63,0.7534640066273385,0.7483333333333333,0.7425,6388032
sdca,dirichlet_0.3,476,1,229,0.7615263648693674,0.6101666666666666,0.61,6394752
sdca,dirichlet_0.3,476,2,3623,0.7334414620841379,0.6094583333333333,0.6085,6384000
sdca,dirichlet_0.3,476,3,2851,0.8005104068280066,0.6094583333333333,0.6085,6384000
sdca,dirichlet_0.3,476,4,2684,0.7975154103438779,0.6094583333333333,0.6085,6386688
sdca,dirichlet_0.3,476,5,7691,0.816018342514004,0.5656666666666667,0.5645,6385344
sdca,dirichlet_0.3,476,6,3655,0.8777026170411882,0.5656666666666667,0.5645,6385344
sdca,dirichlet_0.3,476,7,2159,0.8009795769521073,0.6094583333333333,0.6085,6384000
sdca,dirichlet_0.3,476,8,0,0.8777026170411908,0.5656666666666667,0.5645,6388032
sdca,dirichlet_0.3,476,9,1045,0.8003520143048644,0.565625,0.5645,6381312
sdca,dirichlet_0.3,501,0,63,0.723738467020371,0.611875,0.6101666666666666,6724032
sdca,dirichlet_0.3,501,1,229,0.7197700233673953,0.6545,0.6476666666666666,6730752
sdca,dirichlet_0.3,501,2,3623,0.7201485519291331,0.6132083333333334,0.6108333333333333,6720000
sdca,dirichlet_0.3,501,3,2851,0.8121358467721754,0.6094166666666667,0.6085,6720000
sdca,dirichlet_0.3,501,4,2684,0.7962424248265343,0.6094166666666667,0.6086666666666667,6722688
sdca,dirichlet_0.3,501,5,7691,0.8091542227911317,0.5657083333333334,0.565,6721344
sdca,dirichlet_0.3,501,6,3655,0.8720673016152978,0.5656666666666667,0.5645,6721344
sdca,dirichlet_0.3,501,7,2159,0.8058863973196839,0.609375,0.6085,6720000
sdca,dirichlet_0.3,501,8,0,0.8035629480098546,0.6094166666666667,0.6085,6724032
sdca,dirichlet_0.3,501,9,1045,0.7868082119935055,0.5675833333333333,0.5673333333333334,6717312
sdca,dirichlet_0.3,526,0,63,1.2064434957821362,0.5517083333333334,0.553,7060032
sdca,dirichlet_0.3,526,1,229,0.836298708008263,0.565625,0.5645,7066752
sdca,dirichlet_0.3,526,2,3623,0.7264772702214156,0.6100416666666667,0.6091666666666666,7056000
sdca,dirichlet_0.3,526,3,2851,0.8117775821152114,0.6094583333333333,0.6085,7056000
sdca,dirichlet_0.3,526,4,2684,0.7995238784744825,0.6094583333333333,0.6085,7058688
sdca,dirichlet_0.3,526,5,7691,0.8049502778701729,0.5656666666666667,0.5646666666666667,7057344
sdca,dirichlet_0.3,526,6,3655,0.8710856710401271,0.5656666666666667,0.5645,7057344
sdca,dirichlet_0.3,526,7,2159,0.806947532081753,0.6094583333333333,0.6085,7056000
sdca,dirichlet_0.3,526,8,0,0.7600686511396603,0.635625,0.6395,7060032
sdca,dirichlet_0.3,526,9,1045,0.7847181470604123,0.5663333333333334,0.5656666666666667,7053312
sdca,dirichlet_0.3,551,0,63,1.1810983122091216,0.5614166666666667,0.5621666666666667,7396032
sdca,dirichlet_0.3,551,1,229,0.7639900890720859,0.5982916666666667,0.6013333333333334,7402752
sdca,dirichlet_0.3,551,2,3623,0.7333440954836169,0.6094166666666667,0.6085,7392000
sdca,dirichlet_0.3,551,3,2851,0.7953801296337482,0.6094583333333333,0.6085,7392000
sdca,dirichlet_0.3,551,4,2684,0.8091914140495177,0.6094583333333333,0.6085,7394688
sdca,dirichlet_0.3,551,5,7691,0.8104113383627725,0.565625,0.5645,7393344
sdca,dirichlet_0.3,551,6,3655,0.8769139359958374,0.5656666666666667,0.5645,7393344
sdca,dirichlet_0.3,551,7,2159,0.7975634073820204,0.6094583333333333,0.6085,7392000
sdca,dirichlet_0.3,551,8,0,0.7994085725091375,0.6094583333333333,0.6085,7396032
sdca,dirichlet_0.3,551,9,1045,0.7926925022166719,0.565875,0.565,7389312
sdca,dirichlet_0.3,576,0,63,1.3696628676799791,0.526,0.5275,7732032
sdca,dirichlet_0.3,576,1,229,0.7242842918542004,0.612625,0.6098333333333333,7738752
sdca,dirichlet_0.3,576,2,3623,0.7305578871411235,0.6097916666666666,0.6088333333333333,7728000
sdca,dirichlet_0.3,576,3,2851,0.7895080321771226,0.6094583333333333,0.6085,7728000
sdca,dirichlet_0.3,576,4,2684,0.7897017055748097,0.6094583333333333,0.6085,7730688
sdca,dirichlet_0.3,576,5,7691,0.8091615335121997,0.565625,0.5645,7729344
sdca,dirichlet_0.3,576,6,3655,0.8613298205156826,0.565625,0.5645,7729344
sdca,dirichlet_0.3,576,7,2159,0.7939560494973004,0.6094583333333333,0.6085,7728000
sdca,dirichlet_0.3,576,8,0,1.0227729282553817,0.5656666666666667,0.5648333333333333,7732032
sdca,dirichlet_0.3,576,9,1045,0.7952856288536544,0.56575,0.5646666666666667,7725312
sdca,dirichlet_0.3,601,0,63,0.7300493714052918,0.6096666666666667,0.6085,8068032
sdca,dirichlet_0.3,601,1,229,0.731709039418272,0.6110833333333333,0.6095,8074752
sdca,dirichlet_0.3,601,2,3623,0.7060531640218954,0.6425,0.6361666666666667,8064000
sdca,dirichlet_0.3,601,3,2851,0.7870635468747834,0.6094583333333333,0.6086666666666667,8064000
sdca,dirichlet_0.3,601,4,2684,0.7908995669505964,0.6094583333333333,0.6085,8066688
sdca,dirichlet_0.3,601,5,7691,0.8088325123539544,0.5660833333333334,0.565,8065344
sdca,dirichlet_0.3,601,6,3655,0.8609400528777824,0.565625,0.5645,8065344
sdca,dirichlet_0.3,601,7,2159,0.7844900027365797,0.6094583333333333,0.6085,8064000
sdca,dirichlet_0.3,601,8,0,0.7908995669506114,0.6094583333333333,0.6085,8068032
sdca,dirichlet_0.3,601,9,1045,0.7701997824061539,0.57675,0.5765,8061312
sdca,dirichlet_0.3,626,0,63,0.7556938875786706,0.6104166666666667,0.6095,8404032
sdca,dirichlet_0.3,626,1,229,0.723204344869136,0.7161666666666666,0.7143333333333334,8410752
sdca,dirichlet_0.3,626,2,3623,0.7098551087623994,0.6265,0.6223333333333333,8400000
sdca,dirichlet_0.3,626,3,2851,0.7968876627800646,0.6092916666666667,0.6083333333333333,8400000
sdca,dirichlet_0.3,626,4,2684,0.7980418607194316,0.6092916666666667,0.6083333333333333,8402688
sdca,dirichlet_0.3,626,5,7691,0.7926012929498572,0.5690833333333334,0.5683333333333334,8401344
sdca,dirichlet_0.3,626,6,3655,0.8527174971840747,0.5657083333333334,0.5645,8401344
sdca,dirichlet_0.3,626,7,2159,0.796930120432897,0.6094166666666667,0.6085,8400000
sdca,dirichlet_0.3,626,8,0,0.8527174971840729,0.5657083333333334,0.5645,8404032
sdca,dirichlet_0.3,626,9,1045,0.752317911944045,0.5887083333333333,0.5905,8397312
sdca,dirichlet_0.3,651,0,63,0.8033500378392711,0.56725,0.5661666666666667,8740032
sdca,dirichlet_0.3,651,1,229,0.7119581753166166,0.628625,0.625,8746752
sdca,dirichlet_0.3,651,2,3623,0.7092932756388639,0.623625,0.6198333333333333,8736000
sdca,dirichlet_0.3,651,3,2851,0.7933421345315655,0.609125,0.6081666666666666,8736000
sdca,dirichlet_0.3,651,4,2684,0.7919570641406172,0.609125,0.6085,8738688
sdca,dirichlet_0.3,651,5,7691,0.7924404662723138,0.569125,0.5688333333333333,8737344
sdca,dirichlet_0.3,651,6,3655,0.8544453902156356,0.5657083333333334,0.5645,8737344
sdca,dirichlet_0.3,651,7,2159,0.785655121546965,0.6092083333333334,0.6086666666666667,8736000
sdca,dirichlet_0.3,651,8,0,0.8696979639016138,0.5657083333333334,0.5645,8740032
sdca,dirichlet_0.3,651,9,1045,0.7549534870291682,0.5866666666666667,0.5866666666666667,8733312
sdca,dirichlet_0.3,676,0,63,0.7462991125338102,0.6124166666666667,0.6105,9076032
sdca,dirichlet_0.3,676,1,229,0.6942424714703993,0.6671666666666667,0.6628333333333334,9082752
sdca,dirichlet_0.3,676,2,3623,0.7102352489141274,0.6225416666666667,0.6186666666666667,9072000
sdca,dirichlet_0.3,676,3,2851,0.7855491043971198,0.609375,0.6088333333333333,9072000
sdca,dirichlet_0.3,676,4,2684,0.803269966406326,0.6089583333333334,0.6083333333333333,9074688
sdca,dirichlet_0.3,676,5,7691,0.7923744211985844,0.572375,0.5716666666666667,9073344
sdca,dirichlet_0.3,676,6,3655,0.8573767557250103,0.5657083333333334,0.5645,9073344
sdca,dirichlet_0.3,676,7,2159,0.7731482353163531,0.60975,0.6091666666666666,9072000
sdca,dirichlet_0.3,676,8,0,1.8288092716527784,0.4915833333333333,0.48933333333333334,9076032
sdca,dirichlet_0.3,676,9,1045,0.7361882047813689,0.6072916666666667,0.6095,9069312
sdca,dirichlet_0.3,701,0,63,0.71766121210511,0.6226666666666667,0.6208333333333333,9412032
sdca,dirichlet_0.3,701,1,229,0.6940377380965774,0.6625,0.6565,9418752
sdca,dirichlet_0.3,701,2,3623,0.6995500473835288,0.6395833333333333,0.6335,9408000
sdca,dirichlet_0.3,701,3,2851,0.7965553669301702,0.6078333333333333,0.6073333333333333,9408000
sdca,dirichlet_0.3,701,4,2684,0.7990518295581672,0.607625,0.6071666666666666,9410688
sdca,dirichlet_0.3,701,5,7691,0.7803970423921972,0.5755833333333333,0.5755,9409344
sdca,dirichlet_0.3,701,6,3655,0.852341944141589,0.566625,0.5655,9409344
sdca,dirichlet_0.3,701,7,2159,0.7747788377303391,0.61,0.6088333333333333,9408000
sdca,dirichlet_0.3,701,8,0,0.852341944141585,0.566625,0.5655,9412032
sdca,dirichlet_0.3,701,9,1045,0.7394005789407752,0.6019166666666667,0.604,9405312
sdca,dirichlet_0.3,726,0,63,0.691536286457057,0.665375,0.6598333333333334,9748032
sdca,dirichlet_0.3,726,1,229,0.696389369681427,0.6501666666666667,0.6423333333333333,9754752
sdca,dirichlet_0.3,726,2,3623,0.6940781971163563,0.6548333333333334,0.6491666666666667,9744000
sdca,dirichlet_0.3,726,3,2851,0.7931690623562094,0.6092916666666667,0.6088333333333333,9744000
sdca,dirichlet_0.3,726,4,2684,0.7891334439939847,0.6094166666666667,0.609,9746688
sdca,dirichlet_0.3,726,5,7691,0.7792591008425268,0.576375,0.5768333333333333,9745344
sdca,dirichlet_0.3,726,6,3655,0.8371074080417071,0.56725,0.5663333333333334,9745344
sdca,dirichlet_0.3,726,7,2159,0.7761883909648258,0.6100416666666667,0.6095,9744000
sdca,dirichlet_0.3,726,8,0,0.827167936147777,0.5667916666666667,0.5651666666666667,9748032
sdca,dirichlet_0.3,726,9,1045,0.7348534343958492,0.606,0.6071666666666666,9741312
sdca,dirichlet_0.3,751,0,63,3.106527973875444,0.4859583333333333,0.4825,10084032
sdca,dirichlet_0.3,751,1,229,0.7550924259251709,0.6181666666666666,0.6135,10090752
sdca,dirichlet_0.3,751,2,3623,0.6981963205869651,0.700375,0.6991666666666667,10080000
sdca,dirichlet_0.3,751,3,2851,0.7644702586124442,0.626875,0.6223333333333333,10080000
sdca,dirichlet_0.3,751,4,2684,0.7624697997987576,0.6276666666666667,0.6241666666666666,10082688
sdca,dirichlet_0.3,751,5,7691,0.7845068183354706,0.5809583333333334,0.5821666666666667,10081344
sdca,dirichlet_0.3,751,6,3655,0.8240465972288645,0.5741666666666667,0.5743333333333334,10081344
sdca,dirichlet_0.3,751,7,2159,0.7578947735375008,0.6225416666666667,0.6216666666666667,10080000
sdca,dirichlet_0.3,751,8,0,8.666958078916497,0.4859583333333333,0.4825,10084032
sdca,dirichlet_0.3,751,9,1045,0.7476315923716349,0.6207083333333333,0.622,10077312
sdca,dirichlet_0.3,776,0,63,0.738898648603903,0.60725,0.61,10420032
sdca,dirichlet_0.3,776,1,229,0.6761747592689648,0.7349166666666667,0.7316666666666667,10426752
sdca,dirichlet_0.3,776,2,3623,0.6763628798459232,0.6897083333333334,0.6835,10416000
sdca,dirichlet_0.3,776,3,2851,0.7817122684190139,0.6103333333333333,0.6083333333333333,10416000
sdca,dirichlet_0.3,776,4,2684,0.7860483216370543,0.61175,0.6116666666666667,10418688
sdca,dirichlet_0.3,776,5,7691,0.7651410386689864,0.5892916666666667,0.5903333333333334,10417344
sdca,dirichlet_0.3,776,6,3655,0.8333292906842032,0.5708333333333333,0.571,10417344
sdca,dirichlet_0.3,776,7,2159,0.7717073333959176,0.6122916666666667,0.6103333333333333,10416000
sdca,dirichlet_0.3,776,8,0,0.8333292906841925,0.5708333333333333,0.571,10420032
sdca,dirichlet_0.3,776,9,1045,0.6966028898892159,0.6917916666666667,0.6975,10413312
sdca,dirichlet_0.3,801,0,63,0.7042197002416888,0.6413333333333333,0.6356666666666667,10756032
sdca,dirichlet_0.3,801,1,229,0.681171771155446,0.6939583333333333,0.6875,10762752
sdca,dirichlet_0.3,801,2,3623,0.6782165719452704,0.6919583333333333,0.6856666666666666,10752000
sdca,dirichlet_0.3,801,3,2851,0.7758605433710148,0.6110416666666667,0.6085,10752000
sdca,dirichlet_0.3,801,4,2684,0.7938949105751886,0.609125,0.606,10754688
sdca,dirichlet_0.3,801,5,7691,0.7606595706714198,0.5911666666666666,0.5936666666666667,10753344
sdca,dirichlet_0.3,801,6,3655,0.8213966744590345,0.5742916666666666,0.5738333333333333,10753344
sdca,dirichlet_0.3,801,7,2159,0.7613418759647176,0.6137916666666666,0.6121666666666666,10752000
sdca,dirichlet_0.3,801,8,0,0.7031538683284341,0.6785416666666667,0.684,10756032
sdca,dirichlet_0.3,801,9,1045,0.7031538683284331,0.6785416666666667,0.684,10749312
sdca,dirichlet_0.3,826,0,63,0.7024728499450912,0.6448333333333334,0.6388333333333334,11092032
sdca,dirichlet_0.3,826,1,229,0.6742289287931502,0.755125,0.7518333333333334,11098752
sdca,dirichlet_0.3,826,2,3623,0.6778669781424728,0.6877083333333334,0.682,11088000
sdca,dirichlet_0.3,826,3,2851,0.7851671246123291,0.6104583333333333,0.6085,11088000
sdca,dirichlet_0.3,826,4,2684,0.8109930468217653,0.60675,0.6031666666666666,11090688
sdca,dirichlet_0.3,826,5,7691,0.7577974351370151,0.5924166666666667,0.5961666666666666,11089344
sdca,dirichlet_0.3,826,6,3655,0.8242352918270084,0.572125,0.5726666666666667,11089344
sdca,dirichlet_0.3,826,7,2159,0.7537618516792163,0.6174166666666666,0.6155,11088000
sdca,dirichlet_0.3,826,8,0,0.7190989795469722,0.6285833333333334,0.6338333333333334,11092032
sdca,dirichlet_0.3,826,9,1045,0.7085150992806857,0.6639166666666667,0.6683333333333333,11085312
sdca,dirichlet_0.3,851,0,63,0.6996983996724604,0.6891666666666667,0.6955,11428032
sdca,dirichlet_0.3,851,1,229,0.6768296568005266,0.7520416666666667,0.7455,11434752
sdca,dirichlet_0.3,851,2,3623,0.6773944543367527,0.6904583333333333,0.6858333333333333,11424000
sdca,dirichlet_0.3,851,3,2851,0.7828785100409092,0.6115416666666667,0.6088333333333333,11424000
sdca,dirichlet_0.3,851,4,2684,0.7941283372428932,0.6081666666666666,0.6063333333333333,11426688
sdca,dirichlet_0.3,851,5,7691,0.7557768093645318,0.5938333333333333,0.5955,11425344
sdca,dirichlet_0.3,851,6,3655,0.8193134822475754,0.572875,0.5743333333333334,11425344
sdca,dirichlet_0.3,851,7,2159,0.7651595457236539,0.613625,0.6105,11424000
sdca,dirichlet_0.3,851,8,0,0.6970040933650615,0.7025416666666666,0.7041666666666667,11428032
sdca,dirichlet_0.3,851,9,1045,0.6932172905363689,0.6889583333333333,0.6978333333333333,11421312
sdca,dirichlet_0.3,876,0,63,1.0831849613408047,0.5585,0.56,11764032
sdca,dirichlet_0.3,876,1,229,0.6823937792146677,0.7272916666666667,0.7323333333333333,11770752
sdca,dirichlet_0.3,876,2,3623,0.6774127739515569,0.6837916666666667,0.68,11760000
sdca,dirichlet_0.3,876,3,2851,0.7875628724945488,0.6116666666666667,0.6093333333333333,11760000
sdca,dirichlet_0.3,876,4,2684,0.7822541067170029,0.6140833333333333,0.6121666666666666,11762688
sdca,dirichlet_0.3,876,5,7691,0.7508951967289345,0.5984166666666667,0.599,11761344
sdca,dirichlet_0.3,876,6,3655,0.8138781231197803,0.579375,0.5788333333333333,11761344
sdca,dirichlet_0.3,876,7,2159,0.7496637010487732,0.622125,0.6181666666666666,11760000
sdca,dirichlet_0.3,876,8,0,0.782254106717,0.6140833333333333,0.6121666666666666,11764032
sdca,dirichlet_0.3,876,9,1045,0.6955698731523956,0.68525,0.6903333333333334,11757312
sdca,dirichlet_0.3,901,0,63,0.730660715458181,0.611125,0.6125,12100032
sdca,dirichlet_0.3,901,1,229,0.6701504377763519,0.6925,0.6856666666666666,12106752
sdca,dirichlet_0.3,901,2,3623,0.6633421533916795,0.7014583333333333,0.6953333333333334,12096000
sdca,dirichlet_0.3,901,3,2851,0.7665150793995593,0.624875,0.6223333333333333,12096000
sdca,dirichlet_0.3,901,4,2684,0.7767505402363594,0.6220416666666667,0.621,12098688
sdca,dirichlet_0.3,901,5,7691,0.749828137024086,0.5985,0.5986666666666667,12097344
sdca,dirichlet_0.3,901,6,3655,0.8154951822479329,0.5800833333333333,0.579,12097344
sdca,dirichlet_0.3,901,7,2159,0.746319767889362,0.62575,0.6231666666666666,12096000
sdca,dirichlet_0.3,901,8,0,0.7789201310480264,0.621375,0.6195,12100032
sdca,dirichlet_0.3,901,9,1045,0.6664369892067015,0.7583333333333333,0.7508333333333334,12093312
sdca,dirichlet_0.3,926,0,63,0.6949600791203505,0.6552916666666667,0.6491666666666667,12436032
sdca,dirichlet_0.3,926,1,229,0.6673775518813755,0.76175,0.758,12442752
sdca,dirichlet_0.3,926,2,3623,0.6745534187866937,0.6939583333333333,0.6878333333333333,12432000
sdca,dirichlet_0.3,926,3,2851,0.7664848904959696,0.6177916666666666,0.6148333333333333,12432000
sdca,dirichlet_0.3,926,4,2684,0.7888439768099841,0.61025,0.6078333333333333,12434688
sdca,dirichlet_0.3,926,5,7691,0.7487831360163294,0.5999583333333334,0.6008333333333333,12433344
sdca,dirichlet_0.3,926,6,3655,0.8038576616689321,0.5825416666666666,0.5815,12433344
sdca,dirichlet_0.3,926,7,2159,0.7527803074445472,0.624125,0.6216666666666667,12432000
sdca,dirichlet_0.3,926,8,0,0.6958399452655077,0.6866666666666666,0.6923333333333334,12436032
sdca,dirichlet_0.3,926,9,1045,0.6868912211256546,0.709,0.7158333333333333,12429312
sdca,dirichlet_0.3,951,0,63,0.6484207274299695,0.7316666666666667,0.7288333333333333,12772032
sdca,dirichlet_0.3,951,1,229,1.2252999779822278,0.5614166666666667,0.5623333333333334,12778752
sdca,dirichlet_0.3,951,2,3623,0.6696374491668465,0.6869166666666666,0.677,12768000
sdca,dirichlet_0.3,951,3,2851,0.7476646332719235,0.62925,0.6268333333333334,12768000
sdca,dirichlet_0.3,951,4,2684,0.7930290252061089,0.6185,0.6148333333333333,12770688
sdca,dirichlet_0.3,951,5,7691,0.7475152693240594,0.60075,0.601,12769344
sdca,dirichlet_0.3,951,6,3655,0.7977705625169315,0.584125,0.5848333333333333,12769344
sdca,dirichlet_0.3,951,7,2159,0.7065456015380417,0.6590416666666666,0.6501666666666667,12768000
sdca,dirichlet_0.3,951,8,0,3.939555003790375,0.5140416666666666,0.5175,12772032
sdca,dirichlet_0.3,951,9,1045,0.7052613019350604,0.6720416666666666,0.6775,12765312
sdca,dirichlet_0.3,976,0,63,0.6837396666396778,0.6615416666666667,0.6538333333333334,13108032
sdca,dirichlet_0.3,976,1,229,0.6481748512689279,0.737,0.7306666666666667,13114752
sdca,dirichlet_0.3,976,2,3623,0.6554480659332582,0.7203333333333334,0.7121666666666666,13104000
sdca,dirichlet_0.3,976,3,2851,0.7416647212921842,0.6368333333333334,0.6313333333333333,13104000
sdca,dirichlet_0.3,976,4,2684,0.7658315778812779,0.6312916666666667,0.6248333333333334,13106688
sdca,dirichlet_0.3,976,5,7691,0.7421104520687695,0.6064583333333333,0.6065,13105344
sdca,dirichlet_0.3,976,6,3655,0.7871813565317396,0.5930833333333333,0.5958333333333333,13105344
sdca,dirichlet_0.3,976,7,2159,0.7263246219647687,0.6426666666666667,0.6378333333333334,13104000
sdca,dirichlet_0.3,976,8,0,1.3477653436336663,0.5205,0.5225,13108032
sdca,dirichlet_0.3,976,9,1045,0.6569347670462331,0.762625,0.757,13101312
sdca,dirichlet_0.3,1001,0,63,0.7145452071094769,0.6325,0.6345,13444032
sdca,dirichlet_0.3,1001,1,229,0.6650614126319766,0.7424166666666666,0.7405,13450752
sdca,dirichlet_0.3,1001,2,3623,0.6541056298757569,0.7177916666666667,0.7096666666666667,13440000
sdca,dirichlet_0.3,1001,3,2851,0.756020263836437,0.627375,0.6221666666666666,13440000
sdca,dirichlet_0.3,1001,4,2684,0.7709425216575531,0.6243333333333333,0.619,13442688
sdca,dirichlet_0.3,1001,5,7691,0.7312991963177837,0.618,0.62,13441344
sdca,dirichlet_0.3,1001,6,3655,0.7941833013432644,0.5894166666666667,0.5923333333333334,13441344
sdca,dirichlet_0.3,1001,7,2159,0.7326252964010026,0.6368333333333334,0.6313333333333333,13440000
sdca,dirichlet_0.3,1001,8,0,0.7941833013432524,0.5894166666666667,0.5923333333333334,13444032
sdca,dirichlet_0.3,1001,9,1045,0.6550759504579481,0.759875,0.754,13437312
sdca,dirichlet_0.3,1026,0,63,0.6807794651836758,0.6969166666666666,0.7023333333333334,13780032
sdca,dirichlet_0.3,1026,1,229,0.6458022403806789,0.741,0.736,13786752
sdca,dirichlet_0.3,1026,2,3623,0.6520399985085882,0.7170416666666667,0.7123333333333334,13776000
sdca,dirichlet_0.3,1026,3,2851,0.7383618452456814,0.6362916666666667,0.6305,13776000
sdca,dirichlet_0.3,1026,4,2684,0.7678577221014687,0.627,0.6211666666666666,13778688
sdca,dirichlet_0.3,1026,5,7691,0.7245450418562736,0.6250833333333333,0.6283333333333333,13777344
sdca,dirichlet_0.3,1026,6,3655,0.7817089649326465,0.5935833333333334,0.5951666666666666,13777344
sdca,dirichlet_0.3,1026,7,2159,0.7213027477468137,0.641125,0.6345,13776000
sdca,dirichlet_0.3,1026,8,0,0.7323649375561275,0.61575,0.6196666666666667,13780032
sdca,dirichlet_0.3,1026,9,1045,0.6458740571341919,0.7659583333333333,0.765,13773312
sdca,dirichlet_0.3,1051,0,63,0.6587762689620141,0.749,0.747,14116032
sdca,dirichlet_0.3,1051,1,229,0.6500176595988812,0.72075,0.7116666666666667,14122752
sdca,dirichlet_0.3,1051,2,3623,0.6481201988901389,0.7233333333333334,0.7171666666666666,14112000
sdca,dirichlet_0.3,1051,3,2851,0.7518923476205082,0.6310833333333333,0.6245,14112000
sdca,dirichlet_0.3,1051,4,2684,0.7724351396213963,0.6246666666666667,0.6201666666666666,14114688
sdca,dirichlet_0.3,1051,5,7691,0.7268523285799805,0.6209583333333333,0.622,14113344
sdca,dirichlet_0.3,1051,6,3655,0.7814145489811377,0.596125,0.5981666666666666,14113344
sdca,dirichlet_0.3,1051,7,2159,0.7228008207160225,0.643875,0.6361666666666667,14112000
sdca,dirichlet_0.3,1051,8,0,0.7518923476204862,0.6310833333333333,0.6245,14116032
sdca,dirichlet_0.3,1051,9,1045,0.6505645956652626,0.7616666666666667,0.756,14109312
sdca,dirichlet_0.3,1076,0,63,0.6530735069635037,0.7521666666666667,0.7516666666666667,14452032
sdca,dirichlet_0.3,1076,1,229,0.6532502283812335,0.74275,0.7431666666666666,14458752
sdca,dirichlet_0.3,1076,2,3623,0.6398620045667333,0.731125,0.724,14448000
sdca,dirichlet_0.3,1076,3,2851,0.7215129992523374,0.6524166666666666,0.6453333333333333,14448000
sdca,dirichlet_0.3,1076,4,2684,0.7710521590516694,0.63275,0.6246666666666667,14450688
sdca,dirichlet_0.3,1076,5,7691,0.7210325733746733,0.630625,0.6338333333333334,14449344
sdca,dirichlet_0.3,1076,6,3655,0.7814896966124975,0.5975833333333334,0.5993333333333334,14449344
sdca,dirichlet_0.3,1076,7,2159,0.718693292650496,0.6492916666666667,0.6403333333333333,14448000
sdca,dirichlet_0.3,1076,8,0,0.9203163088940193,0.5645416666666667,0.5665,14452032
sdca,dirichlet_0.3,1076,9,1045,0.643895795115259,0.766375,0.7628333333333334,14445312
sdca,dirichlet_0.3,1101,0,63,0.6522863330728011,0.751125,0.7448333333333333,14788032
sdca,dirichlet_0.3,1101,1,229,0.6415153348900997,0.74925,0.7438333333333333,14794752
sdca,dirichlet_0.3,1101,2,3623,0.6463161221423787,0.72875,0.7226666666666667,14784000
sdca,dirichlet_0.3,1101,3,2851,0.7477695693958853,0.635,0.6271666666666667,14784000
sdca,dirichlet_0.3,1101,4,2684,0.7684229489328349,0.6290833333333333,0.6215,14786688
sdca,dirichlet_0.3,1101,5,7691,0.721185029081508,0.6285833333333334,0.6311666666666667,14785344
sdca,dirichlet_0.3,1101,6,3655,0.7736742975848027,0.60125,0.6023333333333334,14785344
sdca,dirichlet_0.3,1101,7,2159,0.7167283339063285,0.648625,0.6413333333333333,14784000
sdca,dirichlet_0.3,1101,8,0,0.7477695693958554,0.635,0.6271666666666667,14788032
sdca,dirichlet_0.3,1101,9,1045,0.6421888796886306,0.7665416666666667,0.763,14781312
sdca,dirichlet_0.3,1126,0,63,1.2808374226618664,0.5240833333333333,0.524,15124032
sdca,dirichlet_0.3,1126,1,229,0.6377946705467097,0.753375,0.7521666666666667,15130752
sdca,dirichlet_0.3,1126,2,3623,0.6424334246772271,0.740875,0.737,15120000
sdca,dirichlet_0.3,1126,3,2851,0.7410325853096317,0.6419166666666667,0.6346666666666667,15120000
sdca,dirichlet_0.3,1126,4,2684,0.7868567425970168,0.620625,0.6171666666666666,15122688
sdca,dirichlet_0.3,1126,5,7691,0.717304189751176,0.6342083333333334,0.6366666666666667,15121344
sdca,dirichlet_0.3,1126,6,3655,0.7620449240995051,0.6072083333333333,0.6085,15121344
sdca,dirichlet_0.3,1126,7,2159,0.720674864655308,0.6475833333333333,0.643,15120000
sdca,dirichlet_0.3,1126,8,0,1.6005823159165533,0.5140416666666666,0.5175,15124032
sdca,dirichlet_0.3,1126,9,1045,0.6436876097356193,0.759875,0.7543333333333333,15117312
sdca,dirichlet_0.3,1151,0,63,0.6870277944696954,0.6719166666666667,0.6791666666666667,15460032
sdca,dirichlet_0.3,1151,1,229,0.6674503887253983,0.6968333333333333,0.6895,15466752
sdca,dirichlet_0.3,1151,2,3623,0.6359291919862942,0.736375,0.7295,15456000
sdca,dirichlet_0.3,1151,3,2851,0.7329043355064302,0.642,0.6346666666666667,15456000
sdca,dirichlet_0.3,1151,4,2684,0.7459078023461874,0.6407916666666666,0.6326666666666667,15458688
sdca,dirichlet_0.3,1151,5,7691,0.7114593911503674,0.6426666666666667,0.646,15457344
sdca,dirichlet_0.3,1151,6,3655,0.7584790490432333,0.6097916666666666,0.6108333333333333,15457344
sdca,dirichlet_0.3,1151,7,2159,0.7019833617727136,0.6582083333333333,0.6515,15456000
sdca,dirichlet_0.3,1151,8,0,2.138648177393103,0.4892916666666667,0.4865,15460032
sdca,dirichlet_0.3,1151,9,1045,0.6479795679401541,0.7532083333333334,0.751,15453312
sdca,dirichlet_0.3,1176,0,63,0.6381600261403075,0.7666666666666667,0.764,15796032
sdca,dirichlet_0.3,1176,1,229,0.6532484588416696,0.7015,0.6955,15802752
sdca,dirichlet_0.3,1176,2,3623,0.6399732368392562,0.7403333333333333,0.7343333333333333,15792000
sdca,dirichlet_0.3,1176,3,2851,0.7374787552899529,0.640375,0.635,15792000
sdca,dirichlet_0.3,1176,4,2684,0.7689560590387132,0.6276666666666667,0.6211666666666666,15794688
sdca,dirichlet_0.3,1176,5,7691,0.7168451225677589,0.6354166666666666,0.6395,15793344
sdca,dirichlet_0.3,1176,6,3655,0.7513849610902654,0.6115,0.6145,15793344
sdca,dirichlet_0.3,1176,7,2159,0.7070392900504021,0.6565,0.6523333333333333,15792000
sdca,dirichlet_0.3,1176,8,0,0.6481724003720714,0.7494583333333333,0.7473333333333333,15796032
sdca,dirichlet_0.3,1176,9,1045,0.6407906697025456,0.763875,0.757,15789312
sdca,dirichlet_0.3,1201,0,63,0.8666400265773863,0.58575,0.5871666666666666,16132032
sdca,dirichlet_0.3,1201,1,229,0.6502609572047869,0.7299583333333334,0.727,16138752
sdca,dirichlet_0.3,1201,2,3623,0.63501047358715,0.742125,0.737,16128000
sdca,dirichlet_0.3,1201,3,2851,0.7284260649851334,0.650375,0.647,16128000
sdca,dirichlet_0.3,1201,4,2684,0.7628265904150935,0.6359166666666667,0.6266666666666667,16130688
sdca,dirichlet_0.3,1201,5,7691,0.7037534854413258,0.651,0.6565,16129344
sdca,dirichlet_0.3,1201,6,3655,0.7510059577408823,0.6123333333333333,0.6161666666666666,16129344
sdca,dirichlet_0.3,1201,7,2159,0.7008091878940423,0.6645416666666667,0.6588333333333334,16128000
sdca,dirichlet_0.3,1201,8,0,0.6482219328118567,0.7080833333333333,0.7003333333333334,16132032
sdca,dirichlet_0.3,1201,9,1045,0.6363157684639741,0.757875,0.7508333333333334,16125312
sdca,dirichlet_0.3,1226,0,63,0.6624341847723654,0.7130416666666667,0.7168333333333333,16468032
sdca,dirichlet_0.3,1226,1,229,0.6248935751241749,0.76575,0.764,16474752
sdca,dirichlet_0.3,1226,2,3623,0.6300595954686795,0.7351666666666666,0.7298333333333333,16464000
sdca,dirichlet_0.3,1226,3,2851,0.7110708683001897,0.658,0.654,16464000
sdca,dirichlet_0.3,1226,4,2684,0.760157670849923,0.6374583333333333,0.6291666666666667,16466688
sdca,dirichlet_0.3,1226,5,7691,0.7014449691324849,0.657125,0.666,16465344
sdca,dirichlet_0.3,1226,6,3655,0.7461521175627638,0.6174166666666666,0.6203333333333333,16465344
sdca,dirichlet_0.3,1226,7,2159,0.6835103402496258,0.6709166666666667,0.6678333333333333,16464000
sdca,dirichlet_0.3,1226,8,0,1.701614020985636,0.49604166666666666,0.49583333333333335,16468032
sdca,dirichlet_0.3,1226,9,1045,0.6402607215888358,0.75975,0.7553333333333333,16461312
sdca,dirichlet_0.3,1251,0,63,0.6511751936376068,0.7278333333333333,0.7283333333333334,16804032
sdca,dirichlet_0.3,1251,1,229,0.6278729308146997,0.7564166666666666,0.7521666666666667,16810752
sdca,dirichlet_0.3,1251,2,3623,0.632977863431021,0.7479583333333333,0.7433333333333333,16800000
sdca,dirichlet_0.3,1251,3,2851,0.7264731059122687,0.6496666666666666,0.6436666666666667,16800000
sdca,dirichlet_0.3,1251,4,2684,0.7558445962080315,0.6372083333333334,0.6283333333333333,16802688
sdca,dirichlet_0.3,1251,5,7691,0.7001698875897513,0.656375,0.6645,16801344
sdca,dirichlet_0.3,1251,6,3655,0.7505779048222466,0.6155416666666667,0.6193333333333333,16801344
sdca,dirichlet_0.3,1251,7,2159,0.6955749391900969,0.6665416666666667,0.6636666666666666,16800000
sdca,dirichlet_0.3,1251,8,0,0.7525785803625173,0.61525,0.6183333333333333,16804032
sdca,dirichlet_0.3,1251,9,1045,0.6333150701011101,0.76125,0.7555,16797312
sdca,dirichlet_0.3,1276,0,63,0.7166521752990727,0.6402083333333334,0.6468333333333334,17140032
sdca,dirichlet_0.3,1276,1,229,0.6752277395981305,0.6847083333333334,0.682,17146752
sdca,dirichlet_0.3,1276,2,3623,0.6461493290391129,0.7551666666666667,0.7553333333333333,17136000
sdca,dirichlet_0.3,1276,3,2851,0.7229101794764089,0.6554166666666666,0.6495,17136000
sdca,dirichlet_0.3,1276,4,2684,0.777011700573701,0.6210416666666667,0.6135,17138688
sdca,dirichlet_0.3,1276,5,7691,0.6936910360410573,0.6622916666666666,0.6713333333333333,17137344
sdca,dirichlet_0.3,1276,6,3655,0.7429318697735102,0.6225833333333334,0.625,17137344
sdca,dirichlet_0.3,1276,7,2159,0.7045821144449129,0.662,0.6573333333333333,17136000
sdca,dirichlet_0.3,1276,8,0,1.8875736761438706,0.5140416666666666,0.5175,17140032
sdca,dirichlet_0.3,1276,9,1045,0.665869112898068,0.715125,0.7215,17133312
sdca,dirichlet_0.3,1301,0,63,0.6543167895880356,0.700125,0.6923333333333334,17476032
sdca,dirichlet_0.3,1301,1,229,0.6266403055041667,0.7685,0.7643333333333333,17482752
sdca,dirichlet_0.3,1301,2,3623,0.6255331719642382,0.755875,0.7521666666666667,17472000
sdca,dirichlet_0.3,1301,3,2851,0.7086111310578606,0.661625,0.6578333333333334,17472000
sdca,dirichlet_0.3,1301,4,2684,0.7602983603575406,0.63875,0.6293333333333333,17474688
sdca,dirichlet_0.3,1301,5,7691,0.6870617397961165,0.6735416666666667,0.6816666666666666,17473344
sdca,dirichlet_0.3,1301,6,3655,0.7476836202263576,0.6220833333333333,0.6265,17473344
sdca,dirichlet_0.3,1301,7,2159,0.6916718824262315,0.6702916666666666,0.6661666666666667,17472000
sdca,dirichlet_0.3,1301,8,0,0.7602983603575716,0.63875,0.6293333333333333,17476032
sdca,dirichlet_0.3,1301,9,1045,0.6261489743272871,0.7652083333333334,0.7583333333333333,17469312
sdca,dirichlet_0.3,1326,0,63,0.8515403229981063,0.5899166666666666,0.5915,17812032
sdca,dirichlet_0.3,1326,1,229,0.6245130318807421,0.764625,0.7585,17818752
sdca,dirichlet_0.3,1326,2,3623,0.6231533429844073,0.7535416666666667,0.7491666666666666,17808000
sdca,dirichlet_0.3,1326,3,2851,0.7060370519086693,0.666125,0.662,17808000
sdca,dirichlet_0.3,1326,4,2684,0.7497460000353107,0.6445833333333333,0.6358333333333334,17810688
sdca,dirichlet_0.3,1326,5,7691,0.6896622720658266,0.6690416666666666,0.6753333333333333,17809344
sdca,dirichlet_0.3,1326,6,3655,0.7365529674928702,0.6267083333333333,0.6306666666666667,17809344
sdca,dirichlet_0.3,1326,7,2159,0.6807394872803981,0.6808333333333333,0.6763333333333333,17808000
sdca,dirichlet_0.3,1326,8,0,0.6224396476372421,0.7559166666666667,0.7536666666666667,17812032
sdca,dirichlet_0.3,1326,9,1045,0.6194870489131499,0.7640833333333333,0.7633333333333333,17805312
sdca,dirichlet_0.3,1351,0,63,0.7024194884342098,0.65825,0.6658333333333334,18148032
sdca,dirichlet_0.3,1351,1,229,0.6204747384527864,0.7651666666666667,0.764,18154752
sdca,dirichlet_0.3,1351,2,3623,0.6255814453500399,0.7471666666666666,0.7398333333333333,18144000
sdca,dirichlet_0.3,1351,3,2851,0.7078215771531627,0.6635416666666667,0.6586666666666666,18144000
sdca,dirichlet_0.3,1351,4,2684,0.7458254061928699,0.6435416666666667,0.6343333333333333,18146688
sdca,dirichlet_0.3,1351,5,7691,0.6863899066408603,0.6739166666666667,0.6816666666666666,18145344
sdca,dirichlet_0.3,1351,6,3655,0.7360886219300719,0.6260416666666667,0.6326666666666667,18145344
sdca,dirichlet_0.3,1351,7,2159,0.6826507445858176,0.6767083333333334,0.6741666666666667,18144000
sdca,dirichlet_0.3,1351,8,0,0.7360886219301201,0.6260416666666667,0.6326666666666667,18148032
sdca,dirichlet_0.3,1351,9,1045,0.6379893039363252,0.7547916666666666,0.7515,18141312
sdca,dirichlet_0.3,1376,0,63,0.635403273723553,0.7340833333333333,0.727,18484032
sdca,dirichlet_0.3,1376,1,229,0.6292041484684708,0.7427083333333333,0.7433333333333333,18490752
sdca,dirichlet_0.3,1376,2,3623,0.6256391901755294,0.754125,0.748,18480000
sdca,dirichlet_0.3,1376,3,2851,0.7099259099776973,0.6610416666666666,0.657,18480000
sdca,dirichlet_0.3,1376,4,2684,0.7389067462977813,0.6467916666666667,0.6398333333333334,18482688
sdca,dirichlet_0.3,1376,5,7691,0.6914513635257244,0.6677083333333333,0.6735,18481344
sdca,dirichlet_0.3,1376,6,3655,0.7320464295236967,0.6305,0.6343333333333333,18481344
sdca,dirichlet_0.3,1376,7,2159,0.6876783576375495,0.6736666666666666,0.6723333333333333,18480000
sdca,dirichlet_0.3,1376,8,0,0.8868448525963106,0.6003333333333334,0.5998333333333333,18484032
sdca,dirichlet_0.3,1376,9,1045,0.6293417803066094,0.7604583333333333,0.7535,18477312
sdca,dirichlet_0.3,1401,0,63,0.6304363483544838,0.7360416666666667,0.7321666666666666,18820032
sdca,dirichlet_0.3,1401,1,229,0.6233609163071935,0.7662083333333334,0.7605,18826752
sdca,dirichlet_0.3,1401,2,3623,0.6234000734323006,0.7503333333333333,0.7463333333333333,18816000
sdca,dirichlet_0.3,1401,3,2851,0.7068149012773186,0.6633333333333333,0.6595,18816000
sdca,dirichlet_0.3,1401,4,2684,0.740958671584466,0.6466666666666666,0.6383333333333333,18818688
sdca,dirichlet_0.3,1401,5,7691,0.6887771829882158,0.67175,0.6775,18817344
sdca,dirichlet_0.3,1401,6,3655,0.7300537688880778,0.6309583333333333,0.6378333333333334,18817344
sdca,dirichlet_0.3,1401,7,2159,0.6760044959241025,0.6845833333333333,0.6798333333333333,18816000
sdca,dirichlet_0.3,1401,8,0,0.7179420835733323,0.6416666666666667,0.6496666666666666,18820032
sdca,dirichlet_0.3,1401,9,1045,0.6222650565998551,0.7655416666666667,0.7583333333333333,18813312
sdca,dirichlet_0.3,1426,0,63,0.6774431083010487,0.6830416666666667,0.6765,19156032
sdca,dirichlet_0.3,1426,1,229,0.6252767089098735,0.7497083333333333,0.7455,19162752
sdca,dirichlet_0.3,1426,2,3623,0.6182109805420036,0.7583333333333333,0.7555,19152000
sdca,dirichlet_0.3,1426,3,2851,0.7027375440930035,0.66825,0.665,19152000
sdca,dirichlet_0.3,1426,4,2684,0.7436493305539004,0.648125,0.6418333333333334,19154688
sdca,dirichlet_0.3,1426,5,7691,0.6790524671012279,0.68525,0.6945,19153344
sdca,dirichlet_0.3,1426,6,3655,0.7219453952162433,0.6416666666666667,0.6471666666666667,19153344
sdca,dirichlet_0.3,1426,7,2159,0.6728529510572276,0.6866666666666666,0.6826666666666666,19152000
sdca,dirichlet_0.3,1426,8,0,1.479410919766362,0.5151666666666667,0.5185,19156032
sdca,dirichlet_0.3,1426,9,1045,0.6163464070680161,0.7645416666666667,0.7611666666666667,19149312
sdca,dirichlet_0.3,1451,0,63,0.6239652779534947,0.7475833333333334,0.742,19492032
sdca,dirichlet_0.3,1451,1,229,0.62724021056624,0.7449583333333333,0.74,19498752
sdca,dirichlet_0.3,1451,2,3623,0.6240727391948376,0.75475,0.75,19488000
sdca,dirichlet_0.3,1451,3,2851,0.7101265980140561,0.6600833333333334,0.6575,19488000
sdca,dirichlet_0.3,1451,4,2684,0.7450519164057862,0.6444583333333334,0.636,19490688
sdca,dirichlet_0.3,1451,5,7691,0.6865127146451984,0.6736666666666666,0.6808333333333333,19489344
sdca,dirichlet_0.3,1451,6,3655,0.7241621627005151,0.6385416666666667,0.646,19489344
sdca,dirichlet_0.3,1451,7,2159,0.6803335278890831,0.679625,0.6766666666666666,19488000
sdca,dirichlet_0.3,1451,8,0,0.7061762691627617,0.6630416666666666,0.6636666666666666,19492032
sdca,dirichlet_0.3,1451,9,1045,0.6301202059784806,0.7580833333333333,0.7518333333333334,19485312
sdca,dirichlet_0.3,1476,0,63,0.9617567324847863,0.571875,0.576,19828032
sdca,dirichlet_0.3,1476,1,229,0.6260979645209236,0.7445416666666667,0.7416666666666667,19834752
sdca,dirichlet_0.3,1476,2,3623,0.6229080905381881,0.757125,0.7533333333333333,19824000
sdca,dirichlet_0.3,1476,3,2851,0.7059146015354004,0.6639166666666667,0.6595,19824000
sdca,dirichlet_0.3,1476,4,2684,0.7406624758594296,0.646875,0.6378333333333334,19826688
sdca,dirichlet_0.3,1476,5,7691,0.6842197297715122,0.6780833333333334,0.685,19825344
sdca,dirichlet_0.3,1476,6,3655,0.7170213397511591,0.64475,0.6528333333333334,19825344
sdca,dirichlet_0.3,1476,7,2159,0.6629755967605283,0.6967916666666667,0.6893333333333334,19824000
sdca,dirichlet_0.3,1476,8,0,0.7059146015354123,0.6639166666666667,0.6595,19828032
sdca,dirichlet_0.3,1476,9,1045,0.6302969713084136,0.7567916666666666,0.7526666666666667,19821312
sdca,dirichlet_0.3,1501,0,63,0.6378583271606956,0.7360416666666667,0.7396666666666667,20164032
sdca,dirichlet_0.3,1501,1,229,0.6134899510817806,0.765625,0.7628333333333334,20170752
sdca,dirichlet_0.3,1501,2,3623,0.6203640519302953,0.7588333333333334,0.756,20160000
sdca,dirichlet_0.3,1501,3,2851,0.7081145495390377,0.6629166666666667,0.6606666666666666,20160000
sdca,dirichlet_0.3,1501,4,2684,0.7432312724376384,0.6470833333333333,0.6403333333333333,20162688
sdca,dirichlet_0.3,1501,5,7691,0.6785071312066491,0.682625,0.6898333333333333,20161344
sdca,dirichlet_0.3,1501,6,3655,0.7124625094630964,0.6459166666666667,0.654,20161344
sdca,dirichlet_0.3,1501,7,2159,0.6677919126469876,0.6964166666666667,0.6911666666666667,20160000
sdca,dirichlet_0.3,1501,8,0,0.622997716899281,0.7655,0.7608333333333334,20164032
sdca,dirichlet_0.3,1501,9,1045,0.624781746623954,0.75775,0.7506666666666667,20157312
sdca,dirichlet_0.3,1526,0,63,0.6208945584149036,0.748875,0.7431666666666666,20500032
sdca,dirichlet_0.3,1526,1,229,0.6162284795817816,0.765125,0.7608333333333334,20506752
sdca,dirichlet_0.3,1526,2,3623,0.6155328524552658,0.7570416666666666,0.7553333333333333,20496000
sdca,dirichlet_0.3,1526,3,2851,0.6999587135923533,0.6708333333333333,0.6668333333333333,20496000
sdca,dirichlet_0.3,1526,4,2684,0.7330861011411332,0.6520416666666666,0.6466666666666666,20498688
sdca,dirichlet_0.3,1526,5,7691,0.6781762540001106,0.6847916666666667,0.6953333333333334,20497344
sdca,dirichlet_0.3,1526,6,3655,0.7147204245769171,0.6494583333333334,0.6555,20497344
sdca,dirichlet_0.3,1526,7,2159,0.6554459856523425,0.7035416666666666,0.6973333333333334,20496000
sdca,dirichlet_0.3,1526,8,0,0.72955956549365,0.6494583333333334,0.6511666666666667,20500032
sdca,dirichlet_0.3,1526,9,1045,0.6213443616655546,0.7622916666666667,0.756,20493312
sdca,dirichlet_0.3,1551,0,63,0.6385808473232514,0.7209166666666667,0.7128333333333333,20836032
sdca,dirichlet_0.3,1551,1,229,0.6147262338071471,0.7639583333333333,0.7581666666666667,20842752
sdca,dirichlet_0.3,1551,2,3623,0.6155623236921163,0.76025,0.76,20832000
sdca,dirichlet_0.3,1551,3,2851,0.6938021542852606,0.6792083333333333,0.6726666666666666,20832000
sdca,dirichlet_0.3,1551,4,2684,0.7355978133675205,0.654125,0.6486666666666666,20834688
sdca,dirichlet_0.3,1551,5,7691,0.6742652671291384,0.6879583333333333,0.6991666666666667,20833344
sdca,dirichlet_0.3,1551,6,3655,0.7055414629332096,0.6571666666666667,0.6645,20833344
sdca,dirichlet_0.3,1551,7,2159,0.6612364996023687,0.6998333333333333,0.6943333333333334,20832000
sdca,dirichlet_0.3,1551,8,0,0.6986472941158406,0.6736666666666666,0.667,20836032
sdca,dirichlet_0.3,1551,9,1045,0.6217027705027902,0.7587083333333333,0.7523333333333333,20829312
sdca,dirichlet_0.3,1576,0,63,0.6905330952058052,0.671625,0.6803333333333333,21172032
sdca,dirichlet_0.3,1576,1,229,0.6130782042760405,0.7637083333333333,0.7586666666666667,21178752
sdca,dirichlet_0.3,1576,2,3623,0.6160241893251752,0.7599166666666667,0.758,21168000
sdca,dirichlet_0.3,1576,3,2851,0.6886066054452813,0.6801666666666667,0.6763333333333333,21168000
sdca,dirichlet_0.3,1576,4,2684,0.7347854017966271,0.65475,0.6495,21170688
sdca,dirichlet_0.3,1576,5,7691,0.6728120270659392,0.6901666666666667,0.6996666666666667,21169344
sdca,dirichlet_0.3,1576,6,3655,0.6937806657229589,0.667625,0.6763333333333333,21169344
sdca,dirichlet_0.3,1576,7,2159,0.6582915165208764,0.7013333333333334,0.6951666666666667,21168000
sdca,dirichlet_0.3,1576,8,0,0.6886066054452742,0.6801666666666667,0.6763333333333333,21172032
sdca,dirichlet_0.3,1576,9,1045,0.607077526803903,0.76175,0.7591666666666667,21165312
sdca,dirichlet_0.3,1601,0,63,0.6974032722263146,0.6664166666666667,0.673,21508032
sdca,dirichlet_0.3,1601,1,229,0.6168340776797974,0.7549166666666667,0.7503333333333333,21514752
sdca,dirichlet_0.3,1601,2,3623,0.6119652313754438,0.7612083333333334,0.7591666666666667,21504000
sdca,dirichlet_0.3,1601,3,2851,0.6824414319311289,0.6851666666666667,0.6823333333333333,21504000
sdca,dirichlet_0.3,1601,4,2684,0.7341278110964776,0.6523333333333333,0.649,21506688
sdca,dirichlet_0.3,1601,5,7691,0.6695965943827251,0.69425,0.703,21505344
sdca,dirichlet_0.3,1601,6,3655,0.6982325493837116,0.6667083333333333,0.674,21505344
sdca,dirichlet_0.3,1601,7,2159,0.6549826691145066,0.7044583333333333,0.6978333333333333,21504000
sdca,dirichlet_0.3,1601,8,0,0.6108348536688706,0.7658333333333334,0.7635,21508032
sdca,dirichlet_0.3,1601,9,1045,0.6128939025967571,0.765875,0.7601666666666667,21501312
sdca,dirichlet_0.3,1626,0,63,0.6772442454566369,0.6874583333333333,0.6978333333333333,21844032
sdca,dirichlet_0.3,1626,1,229,0.6120971215437954,0.7503333333333333,0.7468333333333333,21850752
sdca,dirichlet_0.3,1626,2,3623,0.6155567414601909,0.7579583333333333,0.7541666666666667,21840000
sdca,dirichlet_0.3,1626,3,2851,0.6837053661414839,0.6822916666666666,0.6778333333333333,21840000
sdca,dirichlet_0.3,1626,4,2684,0.727929796332945,0.6559166666666667,0.6528333333333334,21842688
sdca,dirichlet_0.3,1626,5,7691,0.6714709169657059,0.6927083333333334,0.7008333333333333,21841344
sdca,dirichlet_0.3,1626,6,3655,0.7003027356945052,0.6632916666666666,0.6696666666666666,21841344
sdca,dirichlet_0.3,1626,7,2159,0.6525081666909912,0.706,0.6991666666666667,21840000
sdca,dirichlet_0.3,1626,8,0,0.6196852558289492,0.7585,0.7535,21844032
sdca,dirichlet_0.3,1626,9,1045,0.6106230602987158,0.7674166666666666,0.7623333333333333,21837312
sdca,dirichlet_0.3,1651,0,63,0.6664026671204109,0.6970833333333334,0.7053333333333334,22180032
sdca,dirichlet_0.3,1651,1,229,0.6148095362997195,0.7565,0.7528333333333334,22186752
sdca,dirichlet_0.3,1651,2,3623,0.6119838878865126,0.75725,0.7546666666666667,22176000
sdca,dirichlet_0.3,1651,3,2851,0.6893967401793113,0.68,0.6751666666666667,22176000
sdca,dirichlet_0.3,1651,4,2684,0.7229711767412853,0.6607083333333333,0.6571666666666667,22178688
sdca,dirichlet_0.3,1651,5,7691,0.6740878530973847,0.6886666666666666,0.698,22177344
sdca,dirichlet_0.3,1651,6,3655,0.6912382804919344,0.6709166666666667,0.6773333333333333,22177344
sdca,dirichlet_0.3,1651,7,2159,0.6578740129605365,0.703,0.6971666666666667,22176000
sdca,dirichlet_0.3,1651,8,0,0.7046002077564508,0.6587916666666667,0.6641666666666667,22180032
sdca,dirichlet_0.3,1651,9,1045,0.6118343475245456,0.7657916666666666,0.7578333333333334,22173312
sdca,dirichlet_0.3,1676,0,63,0.6976011453328982,0.666625,0.675,22516032
sdca,dirichlet_0.3,1676,1,229,0.6101516446699241,0.7647083333333333,0.7606666666666667,22522752
sdca,dirichlet_0.3,1676,2,3623,0.6089409816495922,0.7594583333333333,0.7571666666666667,22512000
sdca,dirichlet_0.3,1676,3,2851,0.6939944862889079,0.6752916666666666,0.6705,22512000
sdca,dirichlet_0.3,1676,4,2684,0.7113681595574393,0.6677083333333333,0.6633333333333333,22514688
sdca,dirichlet_0.3,1676,5,7691,0.6642165462999268,0.701625,0.7083333333333334,22513344
sdca,dirichlet_0.3,1676,6,3655,0.6945519127606685,0.66975,0.6776666666666666,22513344
sdca,dirichlet_0.3,1676,7,2159,0.645672160671349,0.711125,0.7031666666666667,22512000
sdca,dirichlet_0.3,1676,8,0,0.6348123788262414,0.72625,0.7201666666666666,22516032
sdca,dirichlet_0.3,1676,9,1045,0.6166400546243272,0.7612916666666667,0.7541666666666667,22509312
sdca,dirichlet_0.3,1701,0,63,0.6084629117483575,0.7618333333333334,0.7571666666666667,22852032
sdca,dirichlet_0.3,1701,1,229,0.623284139930187,0.745875,0.7416666666666667,22858752
sdca,dirichlet_0.3,1701,2,3623,0.6133360730113733,0.7639166666666667,0.7636666666666667,22848000
sdca,dirichlet_0.3,1701,3,2851,0.689363542166908,0.682125,0.676,22848000
sdca,dirichlet_0.3,1701,4,2684,0.7166619315700992,0.6650833333333334,0.6605,22850688
sdca,dirichlet_0.3,1701,5,7691,0.6661089216813901,0.697,0.7043333333333334,22849344
sdca,dirichlet_0.3,1701,6,3655,0.6828819690823511,0.6788333333333333,0.6853333333333333,22849344
sdca,dirichlet_0.3,1701,7,2159,0.6561223251683375,0.7054583333333333,0.699,22848000
sdca,dirichlet_0.3,1701,8,0,0.6555926005281865,0.708,0.7143333333333334,22852032
sdca,dirichlet_0.3,1701,9,1045,0.610014037591653,0.7680833333333333,0.7595,22845312
sdca,dirichlet_0.3,1726,0,63,0.663581271762452,0.703125,0.6986666666666667,23188032
sdca,dirichlet_0.3,1726,1,229,0.6088892797182692,0.755625,0.7518333333333334,23194752
sdca,dirichlet_0.3,1726,2,3623,0.6146606080460458,0.762125,0.7625,23184000
sdca,dirichlet_0.3,1726,3,2851,0.6894891834031089,0.68025,0.6751666666666667,23184000
sdca,dirichlet_0.3,1726,4,2684,0.7175007652866658,0.662875,0.6591666666666667,23186688
sdca,dirichlet_0.3,1726,5,7691,0.6658484378878488,0.6942083333333333,0.7028333333333333,23185344
sdca,dirichlet_0.3,1726,6,3655,0.6821541935192154,0.6769166666666667,0.6835,23185344
sdca,dirichlet_0.3,1726,7,2159,0.6482462871644559,0.7141666666666666,0.706,23184000
sdca,dirichlet_0.3,1726,8,0,0.6800556381819776,0.68025,0.6856666666666666,23188032
sdca,dirichlet_0.3,1726,9,1045,0.6233547825273132,0.7504583333333333,0.7505,23181312
sdca,dirichlet_0.3,1751,0,63,0.6683273260604673,0.6978333333333333,0.7036666666666667,23524032
sdca,dirichlet_0.3,1751,1,229,0.618188568729537,0.7497916666666666,0.745,23530752
sdca,dirichlet_0.3,1751,2,3623,0.6112338782469395,0.7590833333333333,0.7543333333333333,23520000
sdca,dirichlet_0.3,1751,3,2851,0.6717314073341355,0.6937083333333334,0.6886666666666666,23520000
sdca,dirichlet_0.3,1751,4,2684,0.7171717494542547,0.666,0.6606666666666666,23522688
sdca,dirichlet_0.3,1751,5,7691,0.6657544585970391,0.699,0.706,23521344
sdca,dirichlet_0.3,1751,6,3655,0.688233205141862,0.675125,0.6821666666666667,23521344
sdca,dirichlet_0.3,1751,7,2159,0.6468624711420834,0.7123333333333334,0.7025,23520000
sdca,dirichlet_0.3,1751,8,0,0.612445710163566,0.7652916666666667,0.7583333333333333,23524032
sdca,dirichlet_0.3,1751,9,1045,0.615201076706337,0.762375,0.756,23517312
sdca,dirichlet_0.3,1776,0,63,0.713255735886286,0.664375,0.6726666666666666,23860032
sdca,dirichlet_0.3,1776,1,229,0.6487549414766706,0.719,0.7176666666666667,23866752
sdca,dirichlet_0.3,1776,2,3623,0.6117609490535926,0.7585416666666667,0.7571666666666667,23856000
sdca,dirichlet_0.3,1776,3,2851,0.6776104647091247,0.691875,0.6871666666666667,23856000
sdca,dirichlet_0.3,1776,4,2684,0.7016448856740671,0.67375,0.6711666666666667,23858688
sdca,dirichlet_0.3,1776,5,7691,0.6602284614502854,0.7037083333333334,0.7116666666666667,23857344
sdca,dirichlet_0.3,1776,6,3655,0.6751088242444971,0.6875416666666667,0.696,23857344
sdca,dirichlet_0.3,1776,7,2159,0.6550527156920479,0.7087083333333334,0.7035,23856000
sdca,dirichlet_0.3,1776,8,0,2.196342463273695,0.49020833333333336,0.48883333333333334,23860032
sdca,dirichlet_0.3,1776,9,1045,0.6072018470219869,0.7443333333333333,0.7445,23853312
sdca,dirichlet_0.3,1801,0,63,0.6178902598482097,0.7596666666666667,0.7551666666666667,24196032
sdca,dirichlet_0.3,1801,1,229,0.6101356467641232,0.7673333333333333,0.7611666666666667,24202752
sdca,dirichlet_0.3,1801,2,3623,0.6115742612696421,0.7601666666666667,0.7586666666666667,24192000
sdca,dirichlet_0.3,1801,3,2851,0.6912517382916626,0.6803333333333333,0.6768333333333333,24192000
sdca,dirichlet_0.3,1801,4,2684,0.7219331089308151,0.66225,0.6573333333333333,24194688
sdca,dirichlet_0.3,1801,5,7691,0.6685655569055095,0.694,0.7013333333333334,24193344
sdca,dirichlet_0.3,1801,6,3655,0.6853191991222278,0.6791666666666667,0.6846666666666666,24193344
sdca,dirichlet_0.3,1801,7,2159,0.643751966802157,0.71625,0.7095,24192000
sdca,dirichlet_0.3,1801,8,0,0.6188565908174901,0.74725,0.7415,24196032
sdca,dirichlet_0.3,1801,9,1045,0.612285838181117,0.7650416666666666,0.7571666666666667,24189312
sdca,dirichlet_0.3,1826,0,63,0.6232888567350261,0.7422916666666667,0.736,24532032
sdca,dirichlet_0.3,1826,1,229,0.6127114029190194,0.7519583333333333,0.7486666666666667,24538752
sdca,dirichlet_0.3,1826,2,3623,0.6099888215438724,0.7640833333333333,0.7628333333333334,24528000
sdca,dirichlet_0.3,1826,3,2851,0.6714903811030958,0.693,0.6883333333333334,24528000
sdca,dirichlet_0.3,1826,4,2684,0.7144971605074106,0.666875,0.6625,24530688
sdca,dirichlet_0.3,1826,5,7691,0.6634621975641567,0.7017083333333334,0.709,24529344
sdca,dirichlet_0.3,1826,6,3655,0.6727990303390403,0.6925833333333333,0.6978333333333333,24529344
sdca,dirichlet_0.3,1826,7,2159,0.6407881161445934,0.7185,0.7115,24528000
sdca,dirichlet_0.3,1826,8,0,0.7144971605074091,0.666875,0.6625,24532032
sdca,dirichlet_0.3,1826,9,1045,0.606682301596844,0.767375,0.7626666666666667,24525312
sdca,dirichlet_0.3,1851,0,63,1.883653503498632,0.5140416666666666,0.5175,24868032
sdca,dirichlet_0.3,1851,1,229,0.620592877181139,0.7492916666666667,0.7455,24874752
sdca,dirichlet_0.3,1851,2,3623,0.6071970102949755,0.7601666666666667,0.7595,24864000
sdca,dirichlet_0.3,1851,3,2851,0.68312380464636,0.687625,0.6833333333333333,24864000
sdca,dirichlet_0.3,1851,4,2684,0.6965188918436642,0.6799583333333333,0.6746666666666666,24866688
sdca,dirichlet_0.3,1851,5,7691,0.6569803431628161,0.7094583333333333,0.7151666666666666,24865344
sdca,dirichlet_0.3,1851,6,3655,0.6673419056595792,0.692125,0.7008333333333333,24865344
sdca,dirichlet_0.3,1851,7,2159,0.6437720680929383,0.7210416666666667,0.7145,24864000
sdca,dirichlet_0.3,1851,8,0,0.9327816347466336,0.5789166666666666,0.5815,24868032
sdca,dirichlet_0.3,1851,9,1045,0.6136948790923038,0.7667916666666666,0.7626666666666667,24861312
sdca,dirichlet_0.3,1876,0,63,0.6085451719290903,0.7624166666666666,0.7613333333333333,25204032
sdca,dirichlet_0.3,1876,1,229,0.6124802559903099,0.7532083333333334,0.751,25210752
sdca,dirichlet_0.3,1876,2,3623,0.6085853030242278,0.7585,0.7568333333333334,25200000
sdca,dirichlet_0.3,1876,3,2851,0.6812239545673945,0.689125,0.6836666666666666,25200000
sdca,dirichlet_0.3,1876,4,2684,0.7060588912995672,0.6728333333333333,0.6673333333333333,25202688
sdca,dirichlet_0.3,1876,5,7691,0.6589835325304824,0.7079583333333334,0.7145,25201344
sdca,dirichlet_0.3,1876,6,3655,0.6695095954977728,0.697,0.7055,25201344
sdca,dirichlet_0.3,1876,7,2159,0.634703553204974,0.7224166666666667,0.716,25200000
sdca,dirichlet_0.3,1876,8,0,0.6060335278011585,0.7605416666666667,0.7578333333333334,25204032
sdca,dirichlet_0.3,1876,9,1045,0.606071343824227,0.7643333333333333,0.7603333333333333,25197312
sdca,dirichlet_0.3,1901,0,63,0.6510681547990924,0.71675,0.7213333333333334,25540032
sdca,dirichlet_0.3,1901,1,229,0.614537297056095,0.7485,0.744,25546752
sdca,dirichlet_0.3,1901,2,3623,0.6067055415311308,0.7620833333333333,0.7605,25536000
sdca,dirichlet_0.3,1901,3,2851,0.6725949747163346,0.6945833333333333,0.6903333333333334,25536000
sdca,dirichlet_0.3,1901,4,2684,0.7024933848311307,0.67525,0.6691666666666667,25538688
sdca,dirichlet_0.3,1901,5,7691,0.6571263798579728,0.7101666666666666,0.7163333333333334,25537344
sdca,dirichlet_0.3,1901,6,3655,0.6718639049917714,0.694,0.7028333333333333,25537344
sdca,dirichlet_0.3,1901,7,2159,0.6344272066876119,0.7234166666666667,0.7161666666666666,25536000
sdca,dirichlet_0.3,1901,8,0,0.677167961907396,0.68775,0.6965,25540032
sdca,dirichlet_0.3,1901,9,1045,0.6100811902259993,0.7660833333333333,0.7583333333333333,25533312
sdca,dirichlet_0.3,1926,0,63,0.6040678466192523,0.7690416666666666,0.7611666666666667,25876032
sdca,dirichlet_0.3,1926,1,229,0.6180376073101359,0.7467916666666666,0.741,25882752
sdca,dirichlet_0.3,1926,2,3623,0.6034239903119297,0.7638333333333334,0.7626666666666667,25872000
sdca,dirichlet_0.3,1926,3,2851,0.6667942510960463,0.6992083333333333,0.6936666666666667,25872000
sdca,dirichlet_0.3,1926,4,2684,0.7028657242982912,0.6752916666666666,0.6705,25874688
sdca,dirichlet_0.3,1926,5,7691,0.6583726085608541,0.7093333333333334,0.7158333333333333,25873344
sdca,dirichlet_0.3,1926,6,3655,0.66528198201662,0.70175,0.7098333333333333,25873344
sdca,dirichlet_0.3,1926,7,2159,0.6318760868761107,0.7258333333333333,0.7175,25872000
sdca,dirichlet_0.3,1926,8,0,1.1829139899705854,0.5342916666666667,0.534,25876032
sdca,dirichlet_0.3,1926,9,1045,0.6073490710180172,0.766875,0.7605,25869312
sdca,dirichlet_0.3,1951,0,63,0.6036081687881186,0.7616666666666667,0.7573333333333333,26212032
sdca,dirichlet_0.3,1951,1,229,0.6096946656965626,0.7506666666666667,0.7475,26218752
sdca,dirichlet_0.3,1951,2,3623,0.6044054773959264,0.759875,0.7576666666666667,26208000
sdca,dirichlet_0.3,1951,3,2851,0.6626304113526766,0.701375,0.6955,26208000
sdca,dirichlet_0.3,1951,4,2684,0.7003835483303211,0.678375,0.6716666666666666,26210688
sdca,dirichlet_0.3,1951,5,7691,0.6540482747257337,0.7139166666666666,0.7203333333333334,26209344
sdca,dirichlet_0.3,1951,6,3655,0.6641555495432953,0.7021666666666667,0.7113333333333334,26209344
sdca,dirichlet_0.3,1951,7,2159,0.6308995317441166,0.7261666666666666,0.7185,26208000
sdca,dirichlet_0.3,1951,8,0,0.6155997690833814,0.7544583333333333,0.7483333333333333,26212032
sdca,dirichlet_0.3,1951,9,1045,0.6049907367522871,0.7650833333333333,0.7585,26205312
sdca,dirichlet_0.3,1976,0,63,0.6024774645913564,0.7679583333333333,0.763,26548032
sdca,dirichlet_0.3,1976,1,229,0.6028048116837357,0.7659166666666667,0.7606666666666667,26554752
sdca,dirichlet_0.3,1976,2,3623,0.6069125759548606,0.7623333333333333,0.763,26544000
sdca,dirichlet_0.3,1976,3,2851,0.6714826604116726,0.6966666666666667,0.6915,26544000
sdca,dirichlet_0.3,1976,4,2684,0.6916673475379918,0.6837916666666667,0.6796666666666666,26546688
sdca,dirichlet_0.3,1976,5,7691,0.6532791198167014,0.7139583333333334,0.7188333333333333,26545344
sdca,dirichlet_0.3,1976,6,3655,0.6604257286368396,0.7050416666666667,0.7131666666666666,26545344
sdca,dirichlet_0.3,1976,7,2159,0.6357249155586142,0.7242083333333333,0.7176666666666667,26544000
sdca,dirichlet_0.3,1976,8,0,0.6086818686457804,0.7556666666666667,0.751,26548032
sdca,dirichlet_0.3,1976,9,1045,0.6054832386619805,0.7656666666666667,0.7586666666666667,26541312
sdca,dirichlet_0.3,2001,0,63,0.9432978404510032,0.5675416666666667,0.57,26884032
sdca,dirichlet_0.3,2001,1,229,0.6163782493071973,0.7487083333333333,0.7443333333333333,26890752
sdca,dirichlet_0.3,2001,2,3623,0.6069899440263878,0.7602083333333334,0.7598333333333334,26880000
sdca,dirichlet_0.3,2001,3,2851,0.6694207352808863,0.6977083333333334,0.6928333333333333,26880000
sdca,dirichlet_0.3,2001,4,2684,0.6971961300948362,0.6799583333333333,0.6746666666666666,26882688
sdca,dirichlet_0.3,2001,5,7691,0.6523213660505921,0.716,0.721,26881344
sdca,dirichlet_0.3,2001,6,3655,0.6627143409676071,0.7030833333333333,0.7111666666666666,26881344
sdca,dirichlet_0.3,2001,7,2159,0.6301306655229089,0.7279166666666667,0.7216666666666667,26880000
sdca,dirichlet_0.3,2001,8,0,0.6017394967854253,0.76475,0.7615,26884032
sdca,dirichlet_0.3,2001,9,1045,0.6017394967854253,0.76475,0.7615,26877312
sdca,dirichlet_0.3,2026,0,63,0.6884936780699609,0.6803333333333333,0.686,27220032
sdca,dirichlet_0.3,2026,1,229,0.6092171506741996,0.7591666666666667,0.7523333333333333,27226752
sdca,dirichlet_0.3,2026,2,3623,0.603671969079718,0.763125,0.7635,27216000
sdca,dirichlet_0.3,2026,3,2851,0.6662682448035507,0.6998333333333333,0.6943333333333334,27216000
sdca,dirichlet_0.3,2026,4,2684,0.6942776771477032,0.68125,0.6775,27218688
sdca,dirichlet_0.3,2026,5,7691,0.6535433011886894,0.7147083333333333,0.7201666666666666,27217344
sdca,dirichlet_0.3,2026,6,3655,0.6609112031700591,0.7059583333333334,0.7135,27217344
sdca,dirichlet_0.3,2026,7,2159,0.6313527407196011,0.7265833333333334,0.722,27216000
sdca,dirichlet_0.3,2026,8,0,0.7013791608604776,0.6778333333333333,0.6711666666666667,27220032
sdca,dirichlet_0.3,2026,9,1045,0.6093248687462951,0.7664583333333334,0.7571666666666667,27213312
sdca,dirichlet_0.3,2051,0,63,0.6351652674544536,0.7314583333333333,0.7316666666666667,27556032
sdca,dirichlet_0.3,2051,1,229,0.6025144072606563,0.7641666666666667,0.7598333333333334,27562752
sdca,dirichlet_0.3,2051,2,3623,0.6015755776173086,0.7635,0.7615,27552000
sdca,dirichlet_0.3,2051,3,2851,0.6489088221379525,0.7115833333333333,0.704,27552000
sdca,dirichlet_0.3,2051,4,2684,0.6859043723065786,0.689125,0.6853333333333333,27554688
sdca,dirichlet_0.3,2051,5,7691,0.6502219317587326,0.7179166666666666,0.7216666666666667,27553344
sdca,dirichlet_0.3,2051,6,3655,0.6539077563150748,0.7122916666666667,0.7173333333333334,27553344
sdca,dirichlet_0.3,2051,7,2159,0.6249719947914281,0.7295833333333334,0.7241666666666666,27552000
sdca,dirichlet_0.3,2051,8,0,0.6016665329121479,0.7589166666666667,0.7563333333333333,27556032
sdca,dirichlet_0.3,2051,9,1045,0.5993121358330348,0.765875,0.7613333333333333,27549312
sdca,dirichlet_0.3,2076,0,63,0.6074014940113689,0.76125,0.7561666666666667,27892032
sdca,dirichlet_0.3,2076,1,229,0.6011574850395719,0.7655416666666667,0.7616666666666667,27898752
sdca,dirichlet_0.3,2076,2,3623,0.6027115837997307,0.7640833333333333,0.7641666666666667,27888000
sdca,dirichlet_0.3,2076,3,2851,0.6604459055560378,0.7024583333333333,0.6976666666666667,27888000
sdca,dirichlet_0.3,2076,4,2684,0.7074538261987475,0.67175,0.6676666666666666,27890688
sdca,dirichlet_0.3,2076,5,7691,0.6505476145736953,0.715875,0.722,27889344
sdca,dirichlet_0.3,2076,6,3655,0.6578243331332816,0.7094166666666667,0.7168333333333333,27889344
sdca,dirichlet_0.3,2076,7,2159,0.6212588682033173,0.7361666666666666,0.7316666666666667,27888000
sdca,dirichlet_0.3,2076,8,0,1.042535328148916,0.5625416666666667,0.566,27892032
sdca,dirichlet_0.3,2076,9,1045,0.6043630057484696,0.769,0.7608333333333334,27885312
sdca,dirichlet_0.3,2101,0,63,0.6293823284136377,0.7320833333333333,0.726,28228032
sdca,dirichlet_0.3,2101,1,229,0.6094184219687859,0.7567916666666666,0.7526666666666667,28234752
sdca,dirichlet_0.3,2101,2,3623,0.6037800553372554,0.7627916666666666,0.7635,28224000
sdca,dirichlet_0.3,2101,3,2851,0.6628431638089545,0.7030416666666667,0.6968333333333333,28224000
sdca,dirichlet_0.3,2101,4,2684,0.6904672821819231,0.6859166666666666,0.6826666666666666,28226688
sdca,dirichlet_0.3,2101,5,7691,0.6511800942093539,0.7177083333333333,0.7223333333333334,28225344
sdca,dirichlet_0.3,2101,6,3655,0.6567688121740629,0.7129166666666666,0.7173333333333334,28225344
sdca,dirichlet_0.3,2101,7,2159,0.6215393324717888,0.731375,0.7265,28224000
sdca,dirichlet_0.3,2101,8,0,0.6148705172866685,0.7552083333333334,0.7508333333333334,28228032
sdca,dirichlet_0.3,2101,9,1045,0.6059913235021328,0.76825,0.7595,28221312
sdca,dirichlet_0.3,2126,0,63,0.6647786376999881,0.703125,0.711,28564032
sdca,dirichlet_0.3,2126,1,229,0.6195182769130788,0.7397083333333333,0.7351666666666666,28570752
sdca,dirichlet_0.3,2126,2,3623,0.6023996582067532,0.7632916666666667,0.7623333333333333,28560000
sdca,dirichlet_0.3,2126,3,2851,0.6646799244107403,0.7019583333333334,0.6966666666666667,28560000
sdca,dirichlet_0.3,2126,4,2684,0.6894983473335915,0.6879166666666666,0.6838333333333333,28562688
sdca,dirichlet_0.3,2126,5,7691,0.6477767305434453,0.7207916666666667,0.7238333333333333,28561344
sdca,dirichlet_0.3,2126,6,3655,0.6527785148240028,0.7150833333333333,0.7193333333333334,28561344
sdca,dirichlet_0.3,2126,7,2159,0.6212650923059908,0.7329166666666667,0.7288333333333333,28560000
sdca,dirichlet_0.3,2126,8,0,0.8069409672760895,0.6270416666666667,0.6223333333333333,28564032
sdca,dirichlet_0.3,2126,9,1045,0.6074577130727441,0.7631666666666667,0.755,28557312
sdca,dirichlet_0.3,2151,0,63,0.6303255941577331,0.735,0.7301666666666666,28900032
sdca,dirichlet_0.3,2151,1,229,0.6163396313364977,0.7415,0.7373333333333333,28906752
sdca,dirichlet_0.3,2151,2,3623,0.6001614110138598,0.765125,0.7628333333333334,28896000
sdca,dirichlet_0.3,2151,3,2851,0.6600405668283137,0.7022083333333333,0.6973333333333334,28896000
sdca,dirichlet_0.3,2151,4,2684,0.693569014219887,0.6835833333333333,0.6776666666666666,28898688
sdca,dirichlet_0.3,2151,5,7691,0.6513055461289896,0.714875,0.7215,28897344
sdca,dirichlet_0.3,2151,6,3655,0.6519557098067705,0.7145416666666666,0.7198333333333333,28897344
sdca,dirichlet_0.3,2151,7,2159,0.622513713677446,0.7358333333333333,0.7313333333333333,28896000
sdca,dirichlet_0.3,2151,8,0,0.7470710959248428,0.6380416666666666,0.6441666666666667,28900032
sdca,dirichlet_0.3,2151,9,1045,0.6004673972483588,0.7647083333333333,0.76,28893312
sdca,dirichlet_0.3,2176,0,63,0.6002219788176996,0.7653333333333333,0.7603333333333333,29236032
sdca,dirichlet_0.3,2176,1,229,0.607624288100118,0.7581666666666667,0.7521666666666667,29242752
sdca,dirichlet_0.3,2176,2,3623,0.6014852421374977,0.7630833333333333,0.762,29232000
sdca,dirichlet_0.3,2176,3,2851,0.6572602152290609,0.7066666666666667,0.699,29232000
sdca,dirichlet_0.3,2176,4,2684,0.6894627497046318,0.6879583333333333,0.6838333333333333,29234688
sdca,dirichlet_0.3,2176,5,7691,0.6459594611484476,0.7234166666666667,0.7256666666666667,29233344
sdca,dirichlet_0.3,2176,6,3655,0.6520116288287989,0.7167083333333333,0.7206666666666667,29233344
sdca,dirichlet_0.3,2176,7,2159,0.6224749282546892,0.7348333333333333,0.7291666666666666,29232000
sdca,dirichlet_0.3,2176,8,0,0.6003675321643971,0.7671666666666667,0.7611666666666667,29236032
sdca,dirichlet_0.3,2176,9,1045,0.6003675321644021,0.7671666666666667,0.7611666666666667,29229312
sdca,dirichlet_0.3,2201,0,63,0.6007851432823417,0.765,0.7641666666666667,29572032
sdca,dirichlet_0.3,2201,1,229,0.6006505206325023,0.7679583333333333,0.7638333333333334,29578752
sdca,dirichlet_0.3,2201,2,3623,0.6017186355168256,0.7654166666666666,0.763,29568000
sdca,dirichlet_0.3,2201,3,2851,0.6595071717677939,0.7049583333333334,0.699,29568000
sdca,dirichlet_0.3,2201,4,2684,0.6892607575057288,0.6875416666666667,0.684,29570688
sdca,dirichlet_0.3,2201,5,7691,0.6420365173761857,0.727,0.7265,29569344
sdca,dirichlet_0.3,2201,6,3655,0.6446193130683538,0.7251666666666666,0.7255,29569344
sdca,dirichlet_0.3,2201,7,2159,0.6128904871950226,0.7388333333333333,0.7353333333333333,29568000
sdca,dirichlet_0.3,2201,8,0,0.6078526146843622,0.7595416666666667,0.7535,29572032
sdca,dirichlet_0.3,2201,9,1045,0.6041700139548105,0.7687916666666667,0.7603333333333333,29565312
sdca,dirichlet_0.3,2226,0,63,0.6409757561240295,0.7272083333333333,0.7293333333333333,29908032
sdca,dirichlet_0.3,2226,1,229,0.6016981267495868,0.7656666666666667,0.757,29914752
sdca,dirichlet_0.3,2226,2,3623,0.59834048690631,0.763,0.7635,29904000
sdca,dirichlet_0.3,2226,3,2851,0.6520903757518789,0.710375,0.7036666666666667,29904000
sdca,dirichlet_0.3,2226,4,2684,0.6863567186742465,0.6894166666666667,0.6863333333333334,29906688
sdca,dirichlet_0.3,2226,5,7691,0.6441677275084352,0.7244166666666667,0.7253333333333334,29905344
sdca,dirichlet_0.3,2226,6,3655,0.6445861955430751,0.7254166666666667,0.7261666666666666,29905344
sdca,dirichlet_0.3,2226,7,2159,0.6170953007158884,0.7377083333333333,0.7328333333333333,29904000
sdca,dirichlet_0.3,2226,8,0,0.6863567186742201,0.6894166666666667,0.6863333333333334,29908032
sdca,dirichlet_0.3,2226,9,1045,0.6009493511536877,0.7663333333333333,0.7603333333333333,29901312
sdca,dirichlet_0.3,2251,0,63,0.6275045355686979,0.7385833333333334,0.739,30244032
sdca,dirichlet_0.3,2251,1,229,0.603122468411904,0.7557916666666666,0.75,30250752
sdca,dirichlet_0.3,2251,2,3623,0.5990534030094347,0.7642916666666667,0.763,30240000
sdca,dirichlet_0.3,2251,3,2851,0.6524682101015535,0.7101666666666666,0.704,30240000
sdca,dirichlet_0.3,2251,4,2684,0.6835472876636999,0.6922083333333333,0.6881666666666667,30242688
sdca,dirichlet_0.3,2251,5,7691,0.6417323498585268,0.7267916666666666,0.7271666666666666,30241344
sdca,dirichlet_0.3,2251,6,3655,0.6435362769532847,0.725125,0.7258333333333333,30241344
sdca,dirichlet_0.3,2251,7,2159,0.6163846816527044,0.7405416666666667,0.7353333333333333,30240000
sdca,dirichlet_0.3,2251,8,0,0.6681459582461445,0.7012916666666666,0.6941666666666667,30244032
sdca,dirichlet_0.3,2251,9,1045,0.5967146727564363,0.7656666666666667,0.7611666666666667,30237312
sdca,dirichlet_0.3,2276,0,63,0.6040768725303127,0.7581666666666667,0.7533333333333333,30580032
sdca,dirichlet_0.3,2276,1,229,0.5978023248165183,0.76375,0.7628333333333334,30586752
sdca,dirichlet_0.3,2276,2,3623,0.5982578926699825,0.762375,0.7623333333333333,30576000
sdca,dirichlet_0.3,2276,3,2851,0.6495476154595604,0.7115833333333333,0.7065,30576000
sdca,dirichlet_0.3,2276,4,2684,0.6837607914031725,0.6919583333333333,0.6866666666666666,30578688
sdca,dirichlet_0.3,2276,5,7691,0.6431910501204807,0.7264166666666667,0.7281666666666666,30577344
sdca,dirichlet_0.3,2276,6,3655,0.6451993819507661,0.72475,0.7268333333333333,30577344
sdca,dirichlet_0.3,2276,7,2159,0.6176907012233328,0.7404166666666666,0.736,30576000
sdca,dirichlet_0.3,2276,8,0,0.5982578926699899,0.762375,0.7623333333333333,30580032
sdca,dirichlet_0.3,2276,9,1045,0.5972049449067249,0.7672083333333334,0.76,30573312
sdca,dirichlet_0.3,2301,0,63,0.5964469438250196,0.7679583333333333,0.7621666666666667,30916032
sdca,dirichlet_0.3,2301,1,229,0.597483270925357,0.7630416666666666,0.7623333333333333,30922752
sdca,dirichlet_0.3,2301,2,3623,0.5967639563444815,0.7647083333333333,0.7631666666666667,30912000
sdca,dirichlet_0.3,2301,3,2851,0.6540827622811277,0.7109166666666666,0.7038333333333333,30912000
sdca,dirichlet_0.3,2301,4,2684,0.6786918406239241,0.6952916666666666,0.691,30914688
sdca,dirichlet_0.3,2301,5,7691,0.6402140629557036,0.7275833333333334,0.7285,30913344
sdca,dirichlet_0.3,2301,6,3655,0.6349195446654896,0.7322083333333333,0.7333333333333333,30913344
sdca,dirichlet_0.3,2301,7,2159,0.6146412635679033,0.7412083333333334,0.7363333333333333,30912000
sdca,dirichlet_0.3,2301,8,0,0.6793736840025894,0.6952083333333333,0.6905,30916032
sdca,dirichlet_0.3,2301,9,1045,0.5986768250997055,0.768625,0.7596666666666667,30909312
sdca,dirichlet_0.3,2326,0,63,0.625217017461003,0.7402083333333334,0.7408333333333333,31252032
sdca,dirichlet_0.3,2326,1,229,0.6007898128720526,0.7626666666666667,0.7556666666666667,31258752
sdca,dirichlet_0.3,2326,2,3623,0.5967583927140264,0.763875,0.7621666666666667,31248000
sdca,dirichlet_0.3,2326,3,2851,0.646575623626265,0.7144583333333333,0.7066666666666667,31248000
sdca,dirichlet_0.3,2326,4,2684,0.675806585251613,0.696875,0.6908333333333333,31250688
sdca,dirichlet_0.3,2326,5,7691,0.6400366467270194,0.72775,0.7283333333333334,31249344
sdca,dirichlet_0.3,2326,6,3655,0.6382905832232392,0.729625,0.7315,31249344
sdca,dirichlet_0.3,2326,7,2159,0.6070239147958773,0.7463333333333333,0.7443333333333333,31248000
sdca,dirichlet_0.3,2326,8,0,0.6766929663048205,0.69675,0.6905,31252032
sdca,dirichlet_0.3,2326,9,1045,0.5956246198477799,0.7666666666666667,0.7628333333333334,31245312
sdca,dirichlet_0.3,2351,0,63,0.5995171061418602,0.7649583333333333,0.757,31588032
sdca,dirichlet_0.3,2351,1,229,0.5978168026807641,0.765625,0.762,31594752
sdca,dirichlet_0.3,2351,2,3623,0.5979683022881678,0.763375,0.7631666666666667,31584000
sdca,dirichlet_0.3,2351,3,2851,0.6466317325747006,0.7155833333333333,0.7088333333333333,31584000
sdca,dirichlet_0.3,2351,4,2684,0.6842096547947396,0.6915,0.687,31586688
sdca,dirichlet_0.3,2351,5,7691,0.6379923524403281,0.7302083333333333,0.7313333333333333,31585344
sdca,dirichlet_0.3,2351,6,3655,0.6407446539293394,0.72875,0.7295,31585344
sdca,dirichlet_0.3,2351,7,2159,0.6155701590649915,0.7427083333333333,0.7383333333333333,31584000
sdca,dirichlet_0.3,2351,8,0,0.6052760417708652,0.756,0.7513333333333333,31588032
sdca,dirichlet_0.3,2351,9,1045,0.598459828113514,0.7668333333333334,0.7596666666666667,31581312
sdca,dirichlet_0.3,2376,0,63,0.5954314151093687,0.7648333333333334,0.7605,31924032
sdca,dirichlet_0.3,2376,1,229,0.5968559208789056,0.7629583333333333,0.7616666666666667,31930752
sdca,dirichlet_0.3,2376,2,3623,0.5978301176780405,0.7627916666666666,0.7616666666666667,31920000
sdca,dirichlet_0.3,2376,3,2851,0.6494756207560988,0.713125,0.7051666666666667,31920000
sdca,dirichlet_0.3,2376,4,2684,0.6662989858439399,0.7015,0.6946666666666667,31922688
sdca,dirichlet_0.3,2376,5,7691,0.6388419489981174,0.7300833333333333,0.7305,31921344
sdca,dirichlet_0.3,2376,6,3655,0.6384133217230249,0.730875,0.7333333333333333,31921344
sdca,dirichlet_0.3,2376,7,2159,0.612095405306045,0.7429583333333334,0.7385,31920000
sdca,dirichlet_0.3,2376,8,0,0.644458648750317,0.7160833333333333,0.7086666666666667,31924032
sdca,dirichlet_0.3,2376,9,1045,0.5976614640777429,0.7669583333333333,0.7605,31917312
sdca,dirichlet_0.3,2401,0,63,0.6661055164569768,0.7023333333333334,0.7086666666666667,32260032
sdca,dirichlet_0.3,2401,1,229,0.5958518327414055,0.7689583333333333,0.7641666666666667,32266752
sdca,dirichlet_0.3,2401,2,3623,0.5946070115725642,0.7634166666666666,0.7615,32256000
sdca,dirichlet_0.3,2401,3,2851,0.6376199015419287,0.7177916666666667,0.7105,32256000
sdca,dirichlet_0.3,2401,4,2684,0.6730799671356442,0.69825,0.6918333333333333,32258688
sdca,dirichlet_0.3,2401,5,7691,0.6355181220413597,0.7326666666666667,0.7345,32257344
sdca,dirichlet_0.3,2401,6,3655,0.629201686711119,0.7368333333333333,0.7378333333333333,32257344
sdca,dirichlet_0.3,2401,7,2159,0.6086214499980099,0.7442083333333334,0.7408333333333333,32256000
sdca,dirichlet_0.3,2401,8,0,0.6359222298937869,0.7200416666666667,0.7143333333333334,32260032
sdca,dirichlet_0.3,2401,9,1045,0.5971710561054309,0.769,0.763,32253312
sdca,dirichlet_0.3,2426,0,63,0.6884767274945253,0.684625,0.6913333333333334,32596032
sdca,dirichlet_0.3,2426,1,229,0.5953208327778525,0.7668333333333334,0.7631666666666667,32602752
sdca,dirichlet_0.3,2426,2,3623,0.596151852065781,0.763875,0.764,32592000
sdca,dirichlet_0.3,2426,3,2851,0.6402313028817935,0.7173333333333334,0.71,32592000
sdca,dirichlet_0.3,2426,4,2684,0.6672557728655838,0.7023333333333334,0.6941666666666667,32594688
sdca,dirichlet_0.3,2426,5,7691,0.6359814850847567,0.732625,0.7333333333333333,32593344
sdca,dirichlet_0.3,2426,6,3655,0.6294862232830726,0.7377916666666666,0.7385,32593344
sdca,dirichlet_0.3,2426,7,2159,0.6056459303619469,0.7450833333333333,0.742,32592000
sdca,dirichlet_0.3,2426,8,0,0.6402313028817957,0.7173333333333334,0.71,32596032
sdca,dirichlet_0.3,2426,9,1045,0.5955306280038876,0.7666666666666667,0.7615,32589312
sdca,dirichlet_0.3,2451,0,63,0.6203454486535779,0.7474583333333333,0.743,32932032
sdca,dirichlet_0.3,2451,1,229,0.5986581829562373,0.76,0.7575,32938752
sdca,dirichlet_0.3,2451,2,3623,0.5947690466948399,0.763625,0.7616666666666667,32928000
sdca,dirichlet_0.3,2451,3,2851,0.64560336834803,0.7140416666666667,0.7076666666666667,32928000
sdca,dirichlet_0.3,2451,4,2684,0.667236618203554,0.7017083333333334,0.6925,32930688
sdca,dirichlet_0.3,2451,5,7691,0.6349455145837122,0.7339583333333334,0.7346666666666667,32929344
sdca,dirichlet_0.3,2451,6,3655,0.6322758002321374,0.7367916666666666,0.7388333333333333,32929344
sdca,dirichlet_0.3,2451,7,2159,0.6114533987805606,0.7445,0.7413333333333333,32928000
sdca,dirichlet_0.3,2451,8,0,0.7554051602345311,0.6550833333333334,0.6511666666666667,32932032
sdca,dirichlet_0.3,2451,9,1045,0.5953347991092028,0.767,0.7631666666666667,32925312
sdca,dirichlet_0.3,2476,0,63,0.634633385614972,0.7330833333333333,0.7348333333333333,33268032
sdca,dirichlet_0.3,2476,1,229,0.5954053364417229,0.7649583333333333,0.7636666666666667,33274752
sdca,dirichlet_0.3,2476,2,3623,0.5953556780802021,0.7647916666666666,0.7628333333333334,33264000
sdca,dirichlet_0.3,2476,3,2851,0.6458618979180804,0.7155,0.7076666666666667,33264000
sdca,dirichlet_0.3,2476,4,2684,0.6633838212859603,0.7046666666666667,0.6953333333333334,33266688
sdca,dirichlet_0.3,2476,5,7691,0.6361940631802545,0.7325416666666666,0.7333333333333333,33265344
sdca,dirichlet_0.3,2476,6,3655,0.6282239615753882,0.7380416666666667,0.7403333333333333,33265344
sdca,dirichlet_0.3,2476,7,2159,0.6095109637577343,0.744375,0.7425,33264000
sdca,dirichlet_0.3,2476,8,0,0.7932805387439379,0.6402083333333334,0.6351666666666667,33268032
sdca,dirichlet_0.3,2476,9,1045,0.5932775970215005,0.7647083333333333,0.7623333333333333,33261312
sdca,dirichlet_0.3,2501,0,63,0.7129282635396629,0.6635,0.6691666666666667,33604032
sdca,dirichlet_0.3,2501,1,229,0.5989125900292143,0.760375,0.7568333333333334,33610752
sdca,dirichlet_0.3,2501,2,3623,0.5960609455794351,0.764375,0.7638333333333334,33600000
sdca,dirichlet_0.3,2501,3,2851,0.6433666222397587,0.7180416666666667,0.7105,33600000
sdca,dirichlet_0.3,2501,4,2684,0.6719998319509409,0.7010833333333333,0.6925,33602688
sdca,dirichlet_0.3,2501,5,7691,0.6350467969647127,0.73325,0.7345,33601344
sdca,dirichlet_0.3,2501,6,3655,0.6295314254990005,0.73625,0.737,33601344
sdca,dirichlet_0.3,2501,7,2159,0.6076452491789442,0.74875,0.7465,33600000
sdca,dirichlet_0.3,2501,8,0,0.9306556798367931,0.5907916666666667,0.5893333333333334,33604032
sdca,dirichlet_0.3,2501,9,1045,0.5960867692915295,0.76675,0.7618333333333334,33597312
sdca,dirichlet_0.3,2526,0,63,0.6318824804293585,0.7355416666666666,0.7366666666666667,33940032
sdca,dirichlet_0.3,2526,1,229,0.5963283498214134,0.7641666666666667,0.7575,33946752
sdca,dirichlet_0.3,2526,2,3623,0.5954945037265232,0.7639583333333333,0.7621666666666667,33936000
sdca,dirichlet_0.3,2526,3,2851,0.6374810629273685,0.7203333333333334,0.714,33936000
sdca,dirichlet_0.3,2526,4,2684,0.6703432069448805,0.7008333333333333,0.6926666666666667,33938688
sdca,dirichlet_0.3,2526,5,7691,0.6332534885386503,0.735,0.736,33937344
sdca,dirichlet_0.3,2526,6,3655,0.6296295563130506,0.7374583333333333,0.738,33937344
sdca,dirichlet_0.3,2526,7,2159,0.6063984845962422,0.75,0.7478333333333333,33936000
sdca,dirichlet_0.3,2526,8,0,0.6830973451597657,0.6929583333333333,0.6878333333333333,33940032
sdca,dirichlet_0.3,2526,9,1045,0.59393977029479,0.7666666666666667,0.7641666666666667,33933312
sdca,dirichlet_0.3,2551,0,63,0.6114660762211686,0.7524166666666666,0.7475,34276032
sdca,dirichlet_0.3,2551,1,229,0.5969394714641344,0.7677916666666667,0.7601666666666667,34282752
sdca,dirichlet_0.3,2551,2,3623,0.5968785516979853,0.7654583333333334,0.7643333333333333,34272000
sdca,dirichlet_0.3,2551,3,2851,0.639938948931197,0.7189166666666666,0.7141666666666666,34272000
sdca,dirichlet_0.3,2551,4,2684,0.6672124443279183,0.7034166666666667,0.6953333333333334,34274688
sdca,dirichlet_0.3,2551,5,7691,0.6323886387357975,0.73525,0.7355,34273344
sdca,dirichlet_0.3,2551,6,3655,0.6353357116468107,0.7328333333333333,0.7313333333333333,34273344
sdca,dirichlet_0.3,2551,7,2159,0.6063149616953833,0.7490416666666667,0.7455,34272000
sdca,dirichlet_0.3,2551,8,0,0.6294947758670737,0.7386666666666667,0.7375,34276032
sdca,dirichlet_0.3,2551,9,1045,0.5982370470608058,0.7657916666666666,0.7586666666666667,34269312
sdca,dirichlet_0.3,2576,0,63,0.5986188461109634,0.7624166666666666,0.7556666666666667,34612032
sdca,dirichlet_0.3,2576,1,229,0.6007161600271855,0.7565833333333334,0.7515,34618752
sdca,dirichlet_0.3,2576,2,3623,0.5966108746033962,0.7622916666666667,0.7608333333333334,34608000
sdca,dirichlet_0.3,2576,3,2851,0.6420909069553346,0.7175833333333334,0.712,34608000
sdca,dirichlet_0.3,2576,4,2684,0.6624551914876948,0.7052083333333333,0.696,34610688
sdca,dirichlet_0.3,2576,5,7691,0.6320231020321831,0.7355833333333334,0.737,34609344
sdca,dirichlet_0.3,2576,6,3655,0.6319512937288971,0.7355,0.7373333333333333,34609344
sdca,dirichlet_0.3,2576,7,2159,0.6047992731502652,0.748125,0.7461666666666666,34608000
sdca,dirichlet_0.3,2576,8,0,0.6296852844928325,0.7374583333333333,0.7398333333333333,34612032
sdca,dirichlet_0.3,2576,9,1045,0.5983784741118838,0.766125,0.7591666666666667,34605312
sdca,dirichlet_0.3,2601,0,63,0.6402186686691759,0.7282083333333333,0.7303333333333333,34948032
sdca,dirichlet_0.3,2601,1,229,0.5943049986801653,0.7645833333333333,0.7613333333333333,34954752
sdca,dirichlet_0.3,2601,2,3623,0.5949420495158539,0.7629166666666667,0.7616666666666667,34944000
sdca,dirichlet_0.3,2601,3,2851,0.6387271248903424,0.7201666666666666,0.7153333333333334,34944000
sdca,dirichlet_0.3,2601,4,2684,0.6568280538827377,0.7086666666666667,0.6986666666666667,34946688
sdca,dirichlet_0.3,2601,5,7691,0.6297406684895597,0.737125,0.738,34945344
sdca,dirichlet_0.3,2601,6,3655,0.6219645224184874,0.7445416666666667,0.743,34945344
sdca,dirichlet_0.3,2601,7,2159,0.6032138461145916,0.7499583333333333,0.7471666666666666,34944000
sdca,dirichlet_0.3,2601,8,0,0.6216625474199934,0.744375,0.7433333333333333,34948032
sdca,dirichlet_0.3,2601,9,1045,0.5973844899719972,0.7665416666666667,0.7591666666666667,34941312
sdca,dirichlet_0.3,2626,0,63,0.5997533744475563,0.761125,0.7555,35284032
sdca,dirichlet_0.3,2626,1,229,0.5946645817148838,0.7627916666666666,0.7613333333333333,35290752
sdca,dirichlet_0.3,2626,2,3623,0.5928314675018346,0.7630416666666666,0.7606666666666667,35280000
sdca,dirichlet_0.3,2626,3,2851,0.6320706547920191,0.723375,0.7178333333333333,35280000
sdca,dirichlet_0.3,2626,4,2684,0.6598453187538964,0.707625,0.6983333333333334,35282688
sdca,dirichlet_0.3,2626,5,7691,0.6277074040183563,0.7394166666666667,0.7385,35281344
sdca,dirichlet_0.3,2626,6,3655,0.618162026564516,0.7469583333333333,0.7433333333333333,35281344
sdca,dirichlet_0.3,2626,7,2159,0.5963683866177033,0.7556666666666667,0.7503333333333333,35280000
sdca,dirichlet_0.3,2626,8,0,0.6385818182103689,0.720875,0.7145,35284032
sdca,dirichlet_0.3,2626,9,1045,0.5980101437870216,0.76875,0.7605,35277312
sdca,dirichlet_0.3,2651,0,63,1.0574732866162515,0.54525,0.5466666666666666,35620032
sdca,dirichlet_0.3,2651,1,229,0.6284725577637301,0.7365416666666667,0.7361666666666666,35626752
sdca,dirichlet_0.3,2651,2,3623,0.5941256925865176,0.762375,0.7621666666666667,35616000
sdca,dirichlet_0.3,2651,3,2851,0.6469709624831798,0.7178333333333333,0.712,35616000
sdca,dirichlet_0.3,2651,4,2684,0.6600164162067634,0.7090416666666667,0.7015,35618688
sdca,dirichlet_0.3,2651,5,7691,0.6314191428098304,0.7357916666666666,0.7371666666666666,35617344
sdca,dirichlet_0.3,2651,6,3655,0.618750496714457,0.7455833333333334,0.743,35617344
sdca,dirichlet_0.3,2651,7,2159,0.6013880219708764,0.7532083333333334,0.7478333333333333,35616000
sdca,dirichlet_0.3,2651,8,0,0.6582838209519531,0.709375,0.7021666666666667,35620032
sdca,dirichlet_0.3,2651,9,1045,0.5958694131354367,0.7680416666666666,0.7603333333333333,35613312
sdca,dirichlet_0.3,2676,0,63,0.6837187320255227,0.692375,0.7015,35956032
sdca,dirichlet_0.3,2676,1,229,0.5922099195033866,0.7651666666666667,0.7635,35962752
sdca,dirichlet_0.3,2676,2,3623,0.5931211737471558,0.76275,0.759,35952000
sdca,dirichlet_0.3,2676,3,2851,0.6360598114701455,0.7225,0.7153333333333334,35952000
sdca,dirichlet_0.3,2676,4,2684,0.6601543640144979,0.707875,0.6988333333333333,35954688
sdca,dirichlet_0.3,2676,5,7691,0.629247244242991,0.7369583333333334,0.738,35953344
sdca,dirichlet_0.3,2676,6,3655,0.6202571057607028,0.744875,0.7425,35953344
sdca,dirichlet_0.3,2676,7,2159,0.6021049073622035,0.7534583333333333,0.7483333333333333,35952000
sdca,dirichlet_0.3,2676,8,0,0.5931211737471578,0.76275,0.759,35956032
sdca,dirichlet_0.3,2676,9,1045,0.5915603730052106,0.766125,0.762,35949312
sdca,dirichlet_0.3,2701,0,63,0.5911602105023476,0.7645833333333333,0.7615,36292032
sdca,dirichlet_0.3,2701,1,229,0.5922340014192513,0.76525,0.7635,36298752
sdca,dirichlet_0.3,2701,2,3623,0.5912092000583198,0.76425,0.7631666666666667,36288000
sdca,dirichlet_0.3,2701,3,2851,0.6327156861986248,0.7240833333333333,0.7175,36288000
sdca,dirichlet_0.3,2701,4,2684,0.6553462006525553,0.7122916666666667,0.7048333333333333,36290688
sdca,dirichlet_0.3,2701,5,7691,0.6287209929992181,0.7372916666666667,0.7373333333333333,36289344
sdca,dirichlet_0.3,2701,6,3655,0.6126421430080329,0.749875,0.7445,36289344
sdca,dirichlet_0.3,2701,7,2159,0.5965322105496533,0.757125,0.7521666666666667,36288000
sdca,dirichlet_0.3,2701,8,0,0.5951571090323398,0.7598333333333334,0.757,36292032
sdca,dirichlet_0.3,2701,9,1045,0.5904876543322815,0.7646666666666667,0.761,36285312
sdca,dirichlet_0.3,2726,0,63,0.5914555272975653,0.7667083333333333,0.7623333333333333,36628032
sdca,dirichlet_0.3,2726,1,229,0.5924150187386565,0.7631666666666667,0.7601666666666667,36634752
sdca,dirichlet_0.3,2726,2,3623,0.5924108876224773,0.763625,0.7633333333333333,36624000
sdca,dirichlet_0.3,2726,3,2851,0.6348839823748683,0.7229583333333334,0.7156666666666667,36624000
sdca,dirichlet_0.3,2726,4,2684,0.655354622714137,0.7105,0.7033333333333334,36626688
sdca,dirichlet_0.3,2726,5,7691,0.6281480667876779,0.7375833333333334,0.7385,36625344
sdca,dirichlet_0.3,2726,6,3655,0.6200432819550536,0.7454166666666666,0.744,36625344
sdca,dirichlet_0.3,2726,7,2159,0.599086397967125,0.7542916666666667,0.7493333333333333,36624000
sdca,dirichlet_0.3,2726,8,0,0.6345730876615236,0.7231666666666666,0.7156666666666667,36628032
sdca,dirichlet_0.3,2726,9,1045,0.5931473989317888,0.766375,0.7615,36621312
sdca,dirichlet_0.3,2751,0,63,0.5955453426363659,0.7595,0.754,36964032
sdca,dirichlet_0.3,2751,1,229,0.5896609658403672,0.76525,0.7623333333333333,36970752
sdca,dirichlet_0.3,2751,2,3623,0.5912387325623383,0.763125,0.7615,36960000
sdca,dirichlet_0.3,2751,3,2851,0.6298718712602109,0.7255,0.719,36960000
sdca,dirichlet_0.3,2751,4,2684,0.6563418462070206,0.7106666666666667,0.703,36962688
sdca,dirichlet_0.3,2751,5,7691,0.6230666285509049,0.7429583333333334,0.7415,36961344
sdca,dirichlet_0.3,2751,6,3655,0.6131231375797381,0.7507916666666666,0.7453333333333333,36961344
sdca,dirichlet_0.3,2751,7,2159,0.5953232248437584,0.7572083333333334,0.7526666666666667,36960000
sdca,dirichlet_0.3,2751,8,0,0.6298718712602134,0.7255,0.719,36964032
sdca,dirichlet_0.3,2751,9,1045,0.5892231258385968,0.7644583333333334,0.7603333333333333,36957312
sdca,dirichlet_0.3,2776,0,63,0.5985916519476839,0.7634166666666666,0.7563333333333333,37300032
sdca,dirichlet_0.3,2776,1,229,0.5937376470640789,0.7629166666666667,0.7626666666666667,37306752
sdca,dirichlet_0.3,2776,2,3623,0.5927200491103729,0.76425,0.7626666666666667,37296000
sdca,dirichlet_0.3,2776,3,2851,0.6344096066758348,0.7236666666666667,0.7163333333333334,37296000
sdca,dirichlet_0.3,2776,4,2684,0.6502179010881155,0.714125,0.707,37298688
sdca,dirichlet_0.3,2776,5,7691,0.6252822179586459,0.74025,0.7388333333333333,37297344
sdca,dirichlet_0.3,2776,6,3655,0.615942561934082,0.7486666666666667,0.7441666666666666,37297344
sdca,dirichlet_0.3,2776,7,2159,0.5981040791101887,0.7547083333333333,0.7485,37296000
sdca,dirichlet_0.3,2776,8,0,0.5924034641530037,0.7647916666666666,0.7633333333333333,37300032
sdca,dirichlet_0.3,2776,9,1045,0.595416701243102,0.765375,0.7575,37293312
sdca,dirichlet_0.3,2801,0,63,0.5927612054213097,0.7605416666666667,0.756,37636032
sdca,dirichlet_0.3,2801,1,229,0.5934798905716168,0.7639166666666667,0.7568333333333334,37642752
sdca,dirichlet_0.3,2801,2,3623,0.5920063705060619,0.764,0.763,37632000
sdca,dirichlet_0.3,2801,3,2851,0.6289398798386232,0.727875,0.7208333333333333,37632000
sdca,dirichlet_0.3,2801,4,2684,0.6530461363110281,0.7135416666666666,0.7058333333333333,37634688
sdca,dirichlet_0.3,2801,5,7691,0.6231641571180568,0.7427916666666666,0.7415,37633344
sdca,dirichlet_0.3,2801,6,3655,0.6097488524449712,0.7517083333333333,0.7456666666666667,37633344
sdca,dirichlet_0.3,2801,7,2159,0.5983581582661368,0.758125,0.751,37632000
sdca,dirichlet_0.3,2801,8,0,0.7206986565513342,0.6756666666666666,0.6705,37636032
sdca,dirichlet_0.3,2801,9,1045,0.5912633144988209,0.7644583333333334,0.7606666666666667,37629312
sdca,dirichlet_0.3,2826,0,63,0.5907730199530049,0.7650416666666666,0.7626666666666667,37972032
sdca,dirichlet_0.3,2826,1,229,0.5989316946892508,0.7623333333333333,0.7565,37978752
sdca,dirichlet_0.3,2826,2,3623,0.5914794345179724,0.76375,0.7626666666666667,37968000
sdca,dirichlet_0.3,2826,3,2851,0.629937856438739,0.7255416666666666,0.7188333333333333,37968000
sdca,dirichlet_0.3,2826,4,2684,0.6499200549118986,0.7135833333333333,0.7061666666666667,37970688
sdca,dirichlet_0.3,2826,5,7691,0.6227323532897017,0.7422083333333334,0.7416666666666667,37969344
sdca,dirichlet_0.3,2826,6,3655,0.610585188244491,0.7519166666666667,0.7453333333333333,37969344
sdca,dirichlet_0.3,2826,7,2159,0.5985634018498595,0.756,0.7493333333333333,37968000
sdca,dirichlet_0.3,2826,8,0,0.649920054911912,0.7135833333333333,0.7061666666666667,37972032
sdca,dirichlet_0.3,2826,9,1045,0.5916678840245881,0.766625,0.762,37965312
sdca,dirichlet_0.3,2851,0,63,0.6480094927564753,0.7222083333333333,0.724,38308032
sdca,dirichlet_0.3,2851,1,229,0.5970387230939093,0.75925,0.7541666666666667,38314752
sdca,dirichlet_0.3,2851,2,3623,0.591081465299191,0.763375,0.7623333333333333,38304000
sdca,dirichlet_0.3,2851,3,2851,0.6343992585110811,0.7239583333333334,0.7168333333333333,38304000
sdca,dirichlet_0.3,2851,4,2684,0.6480314024470459,0.7155416666666666,0.7086666666666667,38306688
sdca,dirichlet_0.3,2851,5,7691,0.6238301350627922,0.7424166666666666,0.7421666666666666,38305344
sdca,dirichlet_0.3,2851,6,3655,0.6134424266409849,0.7496666666666667,0.7468333333333333,38305344
sdca,dirichlet_0.3,2851,7,2159,0.5999409287636962,0.7543333333333333,0.7476666666666667,38304000
sdca,dirichlet_0.3,2851,8,0,0.6257213928938402,0.730375,0.7243333333333334,38308032
sdca,dirichlet_0.3,2851,9,1045,0.5903230873367155,0.7652083333333334,0.7611666666666667,38301312
sdca,dirichlet_0.3,2876,0,63,0.590745282636616,0.7667083333333333,0.7628333333333334,38644032
sdca,dirichlet_0.3,2876,1,229,0.5908025576872448,0.7654166666666666,0.7635,38650752
sdca,dirichlet_0.3,2876,2,3623,0.5919271722406568,0.7630833333333333,0.7628333333333334,38640000
sdca,dirichlet_0.3,2876,3,2851,0.629545524654064,0.7262083333333333,0.7195,38640000
sdca,dirichlet_0.3,2876,4,2684,0.648760406616351,0.715,0.7085,38642688
sdca,dirichlet_0.3,2876,5,7691,0.6223463216875689,0.7430833333333333,0.7435,38641344
sdca,dirichlet_0.3,2876,6,3655,0.6108683462971845,0.7521666666666667,0.7463333333333333,38641344
sdca,dirichlet_0.3,2876,7,2159,0.5978338899376244,0.7545833333333334,0.7485,38640000
sdca,dirichlet_0.3,2876,8,0,0.6267303191132139,0.7392083333333334,0.7396666666666667,38644032
sdca,dirichlet_0.3,2876,9,1045,0.5907379683546232,0.76625,0.7611666666666667,38637312
sdca,dirichlet_0.3,2901,0,63,0.6080609669874343,0.753125,0.7491666666666666,38980032
sdca,dirichlet_0.3,2901,1,229,0.5911046332295672,0.761875,0.7588333333333334,38986752
sdca,dirichlet_0.3,2901,2,3623,0.5911138675627191,0.7633333333333333,0.7618333333333334,38976000
sdca,dirichlet_0.3,2901,3,2851,0.6281772447183586,0.72675,0.7211666666666666,38976000
sdca,dirichlet_0.3,2901,4,2684,0.6446559503288541,0.7174166666666667,0.712,38978688
sdca,dirichlet_0.3,2901,5,7691,0.6213132831581869,0.7440416666666667,0.7435,38977344
sdca,dirichlet_0.3,2901,6,3655,0.6086175574461832,0.7532083333333334,0.749,38977344
sdca,dirichlet_0.3,2901,7,2159,0.5948638470833358,0.7585833333333334,0.753,38976000
sdca,dirichlet_0.3,2901,8,0,0.6414071641525502,0.7203333333333334,0.7145,38980032
sdca,dirichlet_0.3,2901,9,1045,0.5901976217056123,0.7657916666666666,0.762,38973312
sdca,dirichlet_0.3,2926,0,63,0.5974496482030098,0.7637083333333333,0.7565,39316032
sdca,dirichlet_0.3,2926,1,229,0.5886920681055069,0.7636666666666667,0.7606666666666667,39322752
sdca,dirichlet_0.3,2926,2,3623,0.5898384778115638,0.7623333333333333,0.7588333333333334,39312000
sdca,dirichlet_0.3,2926,3,2851,0.6269861724420284,0.7270833333333333,0.722,39312000
sdca,dirichlet_0.3,2926,4,2684,0.6487871816540515,0.7153333333333334,0.708,39314688
sdca,dirichlet_0.3,2926,5,7691,0.6215879750678187,0.7436666666666667,0.7433333333333333,39313344
sdca,dirichlet_0.3,2926,6,3655,0.6102900984094936,0.75275,0.7473333333333333,39313344
sdca,dirichlet_0.3,2926,7,2159,0.595934855682376,0.7575416666666667,0.7505,39312000
sdca,dirichlet_0.3,2926,8,0,0.5886231128824267,0.7597916666666666,0.7575,39316032
sdca,dirichlet_0.3,2926,9,1045,0.5903645478983546,0.7658333333333334,0.7618333333333334,39309312
sdca,dirichlet_0.3,2951,0,63,0.6787966382938349,0.6996666666666667,0.7063333333333334,39652032
sdca,dirichlet_0.3,2951,1,229,0.59263256051775,0.7609166666666667,0.7563333333333333,39658752
sdca,dirichlet_0.3,2951,2,3623,0.5895213043426398,0.763375,0.7618333333333334,39648000
sdca,dirichlet_0.3,2951,3,2851,0.6231561737774528,0.7306666666666667,0.725,39648000
sdca,dirichlet_0.3,2951,4,2684,0.647816246438427,0.7167083333333333,0.7108333333333333,39650688
sdca,dirichlet_0.3,2951,5,7691,0.6212345515046483,0.743875,0.743,39649344
sdca,dirichlet_0.3,2951,6,3655,0.6053159699804784,0.7550416666666667,0.7503333333333333,39649344
sdca,dirichlet_0.3,2951,7,2159,0.5917144815728008,0.759625,0.7545,39648000
sdca,dirichlet_0.3,2951,8,0,0.5883355409012159,0.764875,0.7601666666666667,39652032
sdca,dirichlet_0.3,2951,9,1045,0.5935886220751289,0.7655,0.7586666666666667,39645312
sdca,dirichlet_0.3,2976,0,63,0.6296277494030146,0.737625,0.7373333333333333,39988032
sdca,dirichlet_0.3,2976,1,229,0.5929541017109897,0.7644166666666666,0.757,39994752
sdca,dirichlet_0.3,2976,2,3623,0.5902220480490261,0.7636666666666667,0.763,39984000
sdca,dirichlet_0.3,2976,3,2851,0.6289241841427471,0.7273333333333334,0.72,39984000
sdca,dirichlet_0.3,2976,4,2684,0.6436077553474672,0.719,0.7123333333333334,39986688
sdca,dirichlet_0.3,2976,5,7691,0.6202533592189399,0.744125,0.7445,39985344
sdca,dirichlet_0.3,2976,6,3655,0.6069064006162571,0.7541666666666667,0.75,39985344
sdca,dirichlet_0.3,2976,7,2159,0.5955670552615271,0.757625,0.751,39984000
sdca,dirichlet_0.3,2976,8,0,0.59305116573716,0.7644583333333334,0.7568333333333334,39988032
sdca,dirichlet_0.3,2976,9,1045,0.5910651255479413,0.7645,0.761,39981312
sdca,dirichlet_0.3,3001,0,63,0.611414514601257,0.7511666666666666,0.7468333333333333,40324032
sdca,dirichlet_0.3,3001,1,229,0.5972871739206745,0.75875,0.752,40330752
sdca,dirichlet_0.3,3001,2,3623,0.5916502538858011,0.764375,0.7626666666666667,40320000
sdca,dirichlet_0.3,3001,3,2851,0.6296427134520319,0.7280416666666667,0.7203333333333334,40320000
sdca,dirichlet_0.3,3001,4,2684,0.6440920109095071,0.7186666666666667,0.7126666666666667,40322688
sdca,dirichlet_0.3,3001,5,7691,0.6211934589877779,0.743125,0.7438333333333333,40321344
sdca,dirichlet_0.3,3001,6,3655,0.6095889116482345,0.7525416666666667,0.746,40321344
sdca,dirichlet_0.3,3001,7,2159,0.5973705249406547,0.758,0.7515,40320000
sdca,dirichlet_0.3,3001,8,0,0.6107060400593911,0.7517916666666666,0.7483333333333333,40324032
sdca,dirichlet_0.3,3001,9,1045,0.5949453569543313,0.7654166666666666,0.7575,40317312
sdca,dirichlet_0.3,3026,0,63,0.6081485485504109,0.7530416666666667,0.747,40660032
sdca,dirichlet_0.3,3026,1,229,0.5974954988502587,0.758875,0.7531666666666667,40666752
sdca,dirichlet_0.3,3026,2,3623,0.5895460744251371,0.762875,0.762,40656000
sdca,dirichlet_0.3,3026,3,2851,0.6290458701857441,0.7293333333333333,0.7223333333333334,40656000
sdca,dirichlet_0.3,3026,4,2684,0.6409515485138394,0.7205833333333334,0.7136666666666667,40658688
sdca,dirichlet_0.3,3026,5,7691,0.6214701661926171,0.743,0.742,40657344
sdca,dirichlet_0.3,3026,6,3655,0.6072503042715403,0.7537083333333333,0.7481666666666666,40657344
sdca,dirichlet_0.3,3026,7,2159,0.5952360184219592,0.758,0.7515,40656000
sdca,dirichlet_0.3,3026,8,0,0.6196986164706464,0.7446666666666667,0.7431666666666666,40660032
sdca,dirichlet_0.3,3026,9,1045,0.5914124539669624,0.7639166666666667,0.7586666666666667,40653312
sdca,dirichlet_0.3,3051,0,63,0.5966461378961789,0.7608333333333334,0.7551666666666667,40996032
sdca,dirichlet_0.3,3051,1,229,0.588045041988961,0.7640416666666666,0.761,41002752
sdca,dirichlet_0.3,3051,2,3623,0.5889976277885887,0.7634583333333333,0.7605,40992000
sdca,dirichlet_0.3,3051,3,2851,0.6215592031319491,0.7323333333333333,0.7275,40992000
sdca,dirichlet_0.3,3051,4,2684,0.6403207390573922,0.720125,0.7138333333333333,40994688
sdca,dirichlet_0.3,3051,5,7691,0.6179795287606719,0.7465416666666667,0.7445,40993344
sdca,dirichlet_0.3,3051,6,3655,0.5994048848566706,0.76025,0.7535,40993344
sdca,dirichlet_0.3,3051,7,2159,0.5915814165677048,0.7580416666666666,0.7536666666666667,40992000
sdca,dirichlet_0.3,3051,8,0,0.6368447389580101,0.721875,0.7163333333333334,40996032
sdca,dirichlet_0.3,3051,9,1045,0.5865460461417377,0.7632083333333334,0.7595,40989312
sdca,dirichlet_0.3,3076,0,63,0.5919461098867062,0.7650833333333333,0.758,41332032
sdca,dirichlet_0.3,3076,1,229,0.5881431255251748,0.7660833333333333,0.7623333333333333,41338752
sdca,dirichlet_0.3,3076,2,3623,0.5896279521064265,0.76325,0.7608333333333334,41328000
sdca,dirichlet_0.3,3076,3,2851,0.6179343501779493,0.733125,0.7278333333333333,41328000
sdca,dirichlet_0.3,3076,4,2684,0.6402442613499213,0.7204583333333333,0.7135,41330688
sdca,dirichlet_0.3,3076,5,7691,0.6188678040987686,0.7455416666666667,0.7436666666666667,41329344
sdca,dirichlet_0.3,3076,6,3655,0.6049198868370504,0.7558333333333334,0.7518333333333334,41329344
sdca,dirichlet_0.3,3076,7,2159,0.5922745344392701,0.7595833333333334,0.7545,41328000
sdca,dirichlet_0.3,3076,8,0,0.5882205026723456,0.7611666666666667,0.7588333333333334,41332032
sdca,dirichlet_0.3,3076,9,1045,0.5879515918315033,0.7645416666666667,0.7626666666666667,41325312
sdca,dirichlet_0.3,3101,0,63,0.5980794341428269,0.7607916666666666,0.7553333333333333,41668032
sdca,dirichlet_0.3,3101,1,229,0.5896645737544598,0.7639166666666667,0.7595,41674752
sdca,dirichlet_0.3,3101,2,3623,0.5888583385086148,0.7627083333333333,0.76,41664000
sdca,dirichlet_0.3,3101,3,2851,0.615567822149966,0.7347083333333333,0.7305,41664000
sdca,dirichlet_0.3,3101,4,2684,0.6389675826777687,0.7210416666666667,0.7145,41666688
sdca,dirichlet_0.3,3101,5,7691,0.6175139730241984,0.7467083333333333,0.744,41665344
sdca,dirichlet_0.3,3101,6,3655,0.6044327388602514,0.755875,0.753,41665344
sdca,dirichlet_0.3,3101,7,2159,0.5913434481663423,0.7592916666666667,0.7545,41664000
sdca,dirichlet_0.3,3101,8,0,0.6262904233454072,0.7290833333333333,0.7221666666666666,41668032
sdca,dirichlet_0.3,3101,9,1045,0.5876705524708327,0.7652916666666667,0.7638333333333334,41661312
sdca,dirichlet_0.3,3126,0,63,0.5885069206796105,0.7651666666666667,0.7603333333333333,42004032
sdca,dirichlet_0.3,3126,1,229,0.5895831389302575,0.76575,0.7598333333333334,42010752
sdca,dirichlet_0.3,3126,2,3623,0.589038054470885,0.7625,0.7596666666666667,42000000
sdca,dirichlet_0.3,3126,3,2851,0.6173696214784636,0.7337916666666666,0.73,42000000
sdca,dirichlet_0.3,3126,4,2684,0.6372433691446955,0.7230416666666667,0.717,42002688
sdca,dirichlet_0.3,3126,5,7691,0.6187135164796962,0.74575,0.7433333333333333,42001344
sdca,dirichlet_0.3,3126,6,3655,0.6040675296815473,0.7558333333333334,0.7531666666666667,42001344
sdca,dirichlet_0.3,3126,7,2159,0.593069990882643,0.7591666666666667,0.7533333333333333,42000000
sdca,dirichlet_0.3,3126,8,0,0.6031210046484908,0.7564583333333333,0.7528333333333334,42004032
sdca,dirichlet_0.3,3126,9,1045,0.587285050153144,0.7642083333333334,0.7613333333333333,41997312
sdca,dirichlet_0.3,3151,0,63,0.598787921002923,0.7602083333333334,0.7548333333333334,42340032
sdca,dirichlet_0.3,3151,1,229,0.5916149483787001,0.7666666666666667,0.7588333333333334,42346752
sdca,dirichlet_0.3,3151,2,3623,0.5893913213901625,0.763375,0.7626666666666667,42336000
sdca,dirichlet_0.3,3151,3,2851,0.6166544954109056,0.7361666666666666,0.7311666666666666,42336000
sdca,dirichlet_0.3,3151,4,2684,0.6332999459033671,0.7254166666666667,0.7178333333333333,42338688
sdca,dirichlet_0.3,3151,5,7691,0.6163320848542467,0.7470833333333333,0.746,42337344
sdca,dirichlet_0.3,3151,6,3655,0.6024251584478468,0.7569166666666667,0.7543333333333333,42337344
sdca,dirichlet_0.3,3151,7,2159,0.5920735080711497,0.75975,0.754,42336000
sdca,dirichlet_0.3,3151,8,0,0.5878059566662659,0.7655833333333333,0.7626666666666667,42340032
sdca,dirichlet_0.3,3151,9,1045,0.5879286736768048,0.7654583333333334,0.7616666666666667,42333312
sdca,dirichlet_0.3,3176,0,63,0.605301639891723,0.7566666666666667,0.7513333333333333,42676032
sdca,dirichlet_0.3,3176,1,229,0.5910462694085116,0.761125,0.7581666666666667,42682752
sdca,dirichlet_0.3,3176,2,3623,0.5890698574749784,0.7639583333333333,0.7625,42672000
sdca,dirichlet_0.3,3176,3,2851,0.6175821086670586,0.7354583333333333,0.731,42672000
sdca,dirichlet_0.3,3176,4,2684,0.6387712646574695,0.722125,0.7145,42674688
sdca,dirichlet_0.3,3176,5,7691,0.6155488156361831,0.7475416666666667,0.745,42673344
sdca,dirichlet_0.3,3176,6,3655,0.6048609971090078,0.755,0.7531666666666667,42673344
sdca,dirichlet_0.3,3176,7,2159,0.5957264347619888,0.7577083333333333,0.752,42672000
sdca,dirichlet_0.3,3176,8,0,0.6038010908032482,0.75575,0.7521666666666667,42676032
sdca,dirichlet_0.3,3176,9,1045,0.5905346899758844,0.7672916666666667,0.7598333333333334,42669312
sdca,dirichlet_0.3,3201,0,63,0.5896329903054047,0.7616666666666667,0.7605,43012032
sdca,dirichlet_0.3,3201,1,229,0.58933974893386,0.7667083333333333,0.7601666666666667,43018752
sdca,dirichlet_0.3,3201,2,3623,0.5884559694911414,0.7633333333333333,0.7623333333333333,43008000
sdca,dirichlet_0.3,3201,3,2851,0.6152913391066241,0.73675,0.7321666666666666,43008000
sdca,dirichlet_0.3,3201,4,2684,0.6346110515384529,0.72425,0.7168333333333333,43010688
sdca,dirichlet_0.3,3201,5,7691,0.6149705677402679,0.747625,0.7461666666666666,43009344
sdca,dirichlet_0.3,3201,6,3655,0.599613496491434,0.7590416666666666,0.7543333333333333,43009344
sdca,dirichlet_0.3,3201,7,2159,0.592294626920325,0.76,0.757,43008000
sdca,dirichlet_0.3,3201,8,0,0.6540418900706668,0.713875,0.7075,43012032
sdca,dirichlet_0.3,3201,9,1045,0.5905418604944234,0.76525,0.758,43005312
sdca,dirichlet_0.3,3226,0,63,0.588447297337585,0.7644583333333334,0.7636666666666667,43348032
sdca,dirichlet_0.3,3226,1,229,0.5880072703969198,0.7659166666666667,0.7621666666666667,43354752
sdca,dirichlet_0.3,3226,2,3623,0.588698484312711,0.7637916666666666,0.7626666666666667,43344000
sdca,dirichlet_0.3,3226,3,2851,0.6194674304193623,0.7355,0.7293333333333333,43344000
sdca,dirichlet_0.3,3226,4,2684,0.637532510727519,0.723125,0.7156666666666667,43346688
sdca,dirichlet_0.3,3226,5,7691,0.6155097273194214,0.747375,0.7461666666666666,43345344
sdca,dirichlet_0.3,3226,6,3655,0.6008082008126812,0.757625,0.7533333333333333,43345344
sdca,dirichlet_0.3,3226,7,2159,0.593911740000252,0.7592083333333334,0.753,43344000
sdca,dirichlet_0.3,3226,8,0,0.5890559562378825,0.7663333333333333,0.7603333333333333,43348032
sdca,dirichlet_0.3,3226,9,1045,0.587790428699632,0.765,0.7616666666666667,43341312
sdca,dirichlet_0.3,3251,0,63,0.5948346125624312,0.7592916666666667,0.7525,43684032
sdca,dirichlet_0.3,3251,1,229,0.5891088449980563,0.7639583333333333,0.7625,43690752
sdca,dirichlet_0.3,3251,2,3623,0.5899238935332928,0.7623333333333333,0.7611666666666667,43680000
sdca,dirichlet_0.3,3251,3,2851,0.6128404375822115,0.7415,0.7371666666666666,43680000
sdca,dirichlet_0.3,3251,4,2684,0.6304871422706625,0.7268333333333333,0.7195,43682688
sdca,dirichlet_0.3,3251,5,7691,0.6154991556011358,0.747875,0.7465,43681344
sdca,dirichlet_0.3,3251,6,3655,0.6022283059106595,0.7566666666666667,0.753,43681344
sdca,dirichlet_0.3,3251,7,2159,0.5920143170412165,0.7600416666666666,0.755,43680000
sdca,dirichlet_0.3,3251,8,0,0.6340251955119605,0.7345416666666666,0.7356666666666667,43684032
sdca,dirichlet_0.3,3251,9,1045,0.588356244344012,0.76275,0.7595,43677312
sdca,dirichlet_0.3,3276,0,63,0.5920639858086297,0.7665833333333333,0.7596666666666667,44020032
sdca,dirichlet_0.3,3276,1,229,0.5865030066014646,0.764625,0.7618333333333334,44026752
sdca,dirichlet_0.3,3276,2,3623,0.5892096268968879,0.762875,0.7608333333333334,44016000
sdca,dirichlet_0.3,3276,3,2851,0.6168262655563491,0.7367916666666666,0.7311666666666666,44016000
sdca,dirichlet_0.3,3276,4,2684,0.6303005783054502,0.72575,0.7186666666666667,44018688
sdca,dirichlet_0.3,3276,5,7691,0.6150819981212586,0.7482083333333334,0.7465,44017344
sdca,dirichlet_0.3,3276,6,3655,0.5980092880548721,0.7611666666666667,0.7563333333333333,44017344
sdca,dirichlet_0.3,3276,7,2159,0.5900774203750185,0.7600416666666666,0.7556666666666667,44016000
sdca,dirichlet_0.3,3276,8,0,0.6303005783054756,0.72575,0.7186666666666667,44020032
sdca,dirichlet_0.3,3276,9,1045,0.5908863911083395,0.7669166666666667,0.759,44013312
sdca,dirichlet_0.3,3301,0,63,0.6441421980437608,0.72,0.7135,44356032
sdca,dirichlet_0.3,3301,1,229,0.5881240372066856,0.76525,0.7611666666666667,44362752
sdca,dirichlet_0.3,3301,2,3623,0.5891173729543242,0.7635,0.7605,44352000
sdca,dirichlet_0.3,3301,3,2851,0.6210549915102851,0.7320833333333333,0.7278333333333333,44352000
sdca,dirichlet_0.3,3301,4,2684,0.6296979332720949,0.7283333333333334,0.723,44354688
sdca,dirichlet_0.3,3301,5,7691,0.6197232556843978,0.7417916666666666,0.7428333333333333,44353344
sdca,dirichlet_0.3,3301,6,3655,0.5974152318401379,0.7599583333333333,0.7553333333333333,44353344
sdca,dirichlet_0.3,3301,7,2159,0.5934369470290947,0.7599166666666667,0.7555,44352000
sdca,dirichlet_0.3,3301,8,0,0.5987163257645608,0.7592083333333334,0.7551666666666667,44356032
sdca,dirichlet_0.3,3301,9,1045,0.5869218235612527,0.7662916666666667,0.7621666666666667,44349312
sdca,dirichlet_0.3,3326,0,63,0.6386891885997288,0.73225,0.733,44692032
sdca,dirichlet_0.3,3326,1,229,0.5890975170735846,0.7675,0.76,44698752
sdca,dirichlet_0.3,3326,2,3623,0.587987701987378,0.763125,0.7628333333333334,44688000
sdca,dirichlet_0.3,3326,3,2851,0.6112272853201889,0.73975,0.737,44688000
sdca,dirichlet_0.3,3326,4,2684,0.6300984857719021,0.7259166666666667,0.719,44690688
sdca,dirichlet_0.3,3326,5,7691,0.6146268774361731,0.7487083333333333,0.7466666666666667,44689344
sdca,dirichlet_0.3,3326,6,3655,0.5963520729469814,0.7630833333333333,0.7556666666666667,44689344
sdca,dirichlet_0.3,3326,7,2159,0.5911865991070214,0.7597083333333333,0.7548333333333334,44688000
sdca,dirichlet_0.3,3326,8,0,0.5864110347208515,0.7656666666666667,0.7628333333333334,44692032
sdca,dirichlet_0.3,3326,9,1045,0.5872265454144726,0.7644166666666666,0.7618333333333334,44685312
sdca,dirichlet_0.3,3351,0,63,0.5872929480248325,0.766125,0.7635,45028032
sdca,dirichlet_0.3,3351,1,229,0.5900837414329603,0.7642083333333334,0.7585,45034752
sdca,dirichlet_0.3,3351,2,3623,0.5880299742426582,0.7638333333333334,0.7605,45024000
sdca,dirichlet_0.3,3351,3,2851,0.6134061931861586,0.73975,0.7351666666666666,45024000
sdca,dirichlet_0.3,3351,4,2684,0.6308330611265761,0.7267083333333333,0.7196666666666667,45026688
sdca,dirichlet_0.3,3351,5,7691,0.6119074037989604,0.7502916666666667,0.7468333333333333,45025344
sdca,dirichlet_0.3,3351,6,3655,0.5983826534873168,0.7603333333333333,0.7551666666666667,45025344
sdca,dirichlet_0.3,3351,7,2159,0.5907326646801553,0.7606666666666667,0.758,45024000
sdca,dirichlet_0.3,3351,8,0,0.7848789388520566,0.6515,0.6478333333333334,45028032
sdca,dirichlet_0.3,3351,9,1045,0.5866873599494165,0.7641666666666667,0.7615,45021312
sdca,dirichlet_0.3,3376,0,63,0.6821914632546406,0.6980833333333333,0.705,45364032
sdca,dirichlet_0.3,3376,1,229,0.5990849584046519,0.7594166666666666,0.754,45370752
sdca,dirichlet_0.3,3376,2,3623,0.5880624266301675,0.7637083333333333,0.7618333333333334,45360000
sdca,dirichlet_0.3,3376,3,2851,0.6171430589192263,0.7361666666666666,0.7313333333333333,45360000
sdca,dirichlet_0.3,3376,4,2684,0.6327356175853713,0.7259583333333334,0.7183333333333334,45362688
sdca,dirichlet_0.3,3376,5,7691,0.612760158592435,0.7500833333333333,0.7478333333333333,45361344
sdca,dirichlet_0.3,3376,6,3655,0.5959972141742076,0.763125,0.7563333333333333,45361344
sdca,dirichlet_0.3,3376,7,2159,0.5882613679465438,0.7609583333333333,0.7578333333333334,45360000
sdca,dirichlet_0.3,3376,8,0,0.7103346956314226,0.6840833333333334,0.6801666666666667,45364032
sdca,dirichlet_0.3,3376,9,1045,0.5868106519975399,0.7643333333333333,0.7616666666666667,45357312
sdca,dirichlet_0.3,3401,0,63,0.5882890865996065,0.7650416666666666,0.7606666666666667,45700032
sdca,dirichlet_0.3,3401,1,229,0.5866519335833109,0.764,0.7618333333333334,45706752
sdca,dirichlet_0.3,3401,2,3623,0.5883237136437401,0.763375,0.7615,45696000
sdca,dirichlet_0.3,3401,3,2851,0.6096867392167127,0.7419166666666667,0.7381666666666666,45696000
sdca,dirichlet_0.3,3401,4,2684,0.6304517616066305,0.7264583333333333,0.7191666666666666,45698688
sdca,dirichlet_0.3,3401,5,7691,0.6121680957765845,0.7505833333333334,0.7475,45697344
sdca,dirichlet_0.3,3401,6,3655,0.5983932068512943,0.76,0.7546666666666667,45697344
sdca,dirichlet_0.3,3401,7,2159,0.5895892662867132,0.761125,0.7576666666666667,45696000
sdca,dirichlet_0.3,3401,8,0,0.6435477784280353,0.7292083333333333,0.73,45700032
sdca,dirichlet_0.3,3401,9,1045,0.5872554739003284,0.7652083333333334,0.7633333333333333,45693312
sdca,dirichlet_0.3,3426,0,63,0.5865062613524036,0.7651666666666667,0.763,46036032
sdca,dirichlet_0.3,3426,1,229,0.5865332444406502,0.7657083333333333,0.7631666666666667,46042752
sdca,dirichlet_0.3,3426,2,3623,0.5870459546304831,0.7642916666666667,0.762,46032000
sdca,dirichlet_0.3,3426,3,2851,0.6131702313329491,0.73925,0.735,46032000
sdca,dirichlet_0.3,3426,4,2684,0.6270853546614388,0.7280416666666667,0.7218333333333333,46034688
sdca,dirichlet_0.3,3426,5,7691,0.6109199032760931,0.75225,0.7476666666666667,46033344
sdca,dirichlet_0.3,3426,6,3655,0.5938743091857763,0.7635833333333333,0.7565,46033344
sdca,dirichlet_0.3,3426,7,2159,0.5901487474752409,0.7608333333333334,0.7571666666666667,46032000
sdca,dirichlet_0.3,3426,8,0,0.6270853546614477,0.7280416666666667,0.7218333333333333,46036032
sdca,dirichlet_0.3,3426,9,1045,0.5857033312684348,0.764125,0.762,46029312
sdca,dirichlet_0.3,3451,0,63,0.670783840182889,0.708125,0.713,46372032
sdca,dirichlet_0.3,3451,1,229,0.5854547405940079,0.762875,0.76,46378752
sdca,dirichlet_0.3,3451,2,3623,0.5867484887315374,0.76425,0.7616666666666667,46368000
sdca,dirichlet_0.3,3451,3,2851,0.6112175043157027,0.7412916666666667,0.7368333333333333,46368000
sdca,dirichlet_0.3,3451,4,2684,0.6276992359558374,0.7285416666666666,0.7216666666666667,46370688
sdca,dirichlet_0.3,3451,5,7691,0.6100306308335045,0.751,0.7471666666666666,46369344
sdca,dirichlet_0.3,3451,6,3655,0.591016255543089,0.7637916666666666,0.7561666666666667,46369344
sdca,dirichlet_0.3,3451,7,2159,0.5866331380567292,0.7614166666666666,0.7588333333333334,46368000
sdca,dirichlet_0.3,3451,8,0,0.5867484887315363,0.76425,0.7616666666666667,46372032
sdca,dirichlet_0.3,3451,9,1045,0.5850763630474817,0.7638333333333334,0.7606666666666667,46365312
sdca,dirichlet_0.3,3476,0,63,0.5877530360822124,0.7637916666666666,0.7615,46708032
sdca,dirichlet_0.3,3476,1,229,0.60721295107253,0.7515416666666667,0.7483333333333333,46714752
sdca,dirichlet_0.3,3476,2,3623,0.5867945394471652,0.7637083333333333,0.7611666666666667,46704000
sdca,dirichlet_0.3,3476,3,2851,0.6069571442202911,0.744625,0.741,46704000
sdca,dirichlet_0.3,3476,4,2684,0.6255707671051757,0.73,0.7236666666666667,46706688
sdca,dirichlet_0.3,3476,5,7691,0.6094639436195347,0.7527083333333333,0.7478333333333333,46705344
sdca,dirichlet_0.3,3476,6,3655,0.5949874555954265,0.7630833333333333,0.756,46705344
sdca,dirichlet_0.3,3476,7,2159,0.587243478492164,0.76225,0.7583333333333333,46704000
sdca,dirichlet_0.3,3476,8,0,0.6839819704503142,0.697375,0.7048333333333333,46708032
sdca,dirichlet_0.3,3476,9,1045,0.5860317710185743,0.76425,0.7628333333333334,46701312
sdca,dirichlet_0.3,3501,0,63,0.608440673559182,0.7509583333333333,0.7466666666666667,47044032
sdca,dirichlet_0.3,3501,1,229,0.5879650614442193,0.7625416666666667,0.7593333333333333,47050752
sdca,dirichlet_0.3,3501,2,3623,0.5867205244754237,0.7634166666666666,0.7603333333333333,47040000
sdca,dirichlet_0.3,3501,3,2851,0.6089447367083114,0.7434166666666666,0.738,47040000
sdca,dirichlet_0.3,3501,4,2684,0.6204790687824325,0.7328333333333333,0.7268333333333333,47042688
sdca,dirichlet_0.3,3501,5,7691,0.6079957802285839,0.754125,0.7486666666666667,47041344
sdca,dirichlet_0.3,3501,6,3655,0.5938452490016726,0.7642083333333334,0.7583333333333333,47041344
sdca,dirichlet_0.3,3501,7,2159,0.5882272217273682,0.7612916666666667,0.7568333333333334,47040000
sdca,dirichlet_0.3,3501,8,0,0.6102281594090291,0.7407916666666666,0.7361666666666666,47044032
sdca,dirichlet_0.3,3501,9,1045,0.5859533699036658,0.7655,0.7645,47037312
sdca,dirichlet_0.3,3526,0,63,0.5882969141001825,0.7615,0.7581666666666667,47380032
sdca,dirichlet_0.3,3526,1,229,0.5863486171980807,0.7659166666666667,0.763,47386752
sdca,dirichlet_0.3,3526,2,3623,0.5870275989338458,0.7640416666666666,0.7626666666666667,47376000
sdca,dirichlet_0.3,3526,3,2851,0.6093955307286192,0.7420833333333333,0.7386666666666667,47376000
sdca,dirichlet_0.3,3526,4,2684,0.6259073621630844,0.7295416666666666,0.722,47378688
sdca,dirichlet_0.3,3526,5,7691,0.6085332221749133,0.75375,0.748,47377344
sdca,dirichlet_0.3,3526,6,3655,0.5941696125160456,0.764,0.7571666666666667,47377344
sdca,dirichlet_0.3,3526,7,2159,0.5891030366157272,0.760125,0.7566666666666667,47376000
sdca,dirichlet_0.3,3526,8,0,0.5861709286514314,0.7659166666666667,0.7626666666666667,47380032
sdca,dirichlet_0.3,3526,9,1045,0.5878516146110019,0.7657916666666666,0.76,47373312
sdca,dirichlet_0.3,3551,0,63,0.5860414584679675,0.7649583333333333,0.7628333333333334,47716032
sdca,dirichlet_0.3,3551,1,229,0.5876901410458936,0.7675416666666667,0.7615,47722752
sdca,dirichlet_0.3,3551,2,3623,0.5867515565863802,0.7635833333333333,0.7606666666666667,47712000
sdca,dirichlet_0.3,3551,3,2851,0.6084485439922643,0.7437916666666666,0.739,47712000
sdca,dirichlet_0.3,3551,4,2684,0.6239030264125967,0.73,0.7241666666666666,47714688
sdca,dirichlet_0.3,3551,5,7691,0.6087465993283145,0.753375,0.749,47713344
sdca,dirichlet_0.3,3551,6,3655,0.5933386342716384,0.7643333333333333,0.7578333333333334,47713344
sdca,dirichlet_0.3,3551,7,2159,0.5888680828577914,0.7605,0.757,47712000
sdca,dirichlet_0.3,3551,8,0,0.6049102294742101,0.7447916666666666,0.74,47716032
sdca,dirichlet_0.3,3551,9,1045,0.5864152306580892,0.7668333333333334,0.7633333333333333,47709312
sdca,dirichlet_0.3,3576,0,63,0.6004997864034978,0.757875,0.7546666666666667,48052032
sdca,dirichlet_0.3,3576,1,229,0.5856555322962582,0.7648333333333334,0.7626666666666667,48058752
sdca,dirichlet_0.3,3576,2,3623,0.5867389609678342,0.7636666666666667,0.7603333333333333,48048000
sdca,dirichlet_0.3,3576,3,2851,0.6061038185314885,0.7446666666666667,0.7395,48048000
sdca,dirichlet_0.3,3576,4,2684,0.6217461354532045,0.7316666666666667,0.7265,48050688
sdca,dirichlet_0.3,3576,5,7691,0.6069737291376723,0.7546666666666667,0.7481666666666666,48049344
sdca,dirichlet_0.3,3576,6,3655,0.5930508663147696,0.7644166666666666,0.7571666666666667,48049344
sdca,dirichlet_0.3,3576,7,2159,0.5890609702522117,0.7609583333333333,0.7563333333333333,48048000
sdca,dirichlet_0.3,3576,8,0,0.5853476788366727,0.76475,0.7618333333333334,48052032
sdca,dirichlet_0.3,3576,9,1045,0.5848953301961913,0.7641666666666667,0.7626666666666667,48045312
sdca,dirichlet_0.3,3601,0,63,0.5854327345094418,0.7644166666666666,0.7621666666666667,48388032
sdca,dirichlet_0.3,3601,1,229,0.585442457596345,0.7639166666666667,0.7621666666666667,48394752
sdca,dirichlet_0.3,3601,2,3623,0.5872329001194599,0.763875,0.7636666666666667,48384000
sdca,dirichlet_0.3,3601,3,2851,0.6071915801516111,0.745,0.7408333333333333,48384000
sdca,dirichlet_0.3,3601,4,2684,0.6241488909074525,0.731625,0.7248333333333333,48386688
sdca,dirichlet_0.3,3601,5,7691,0.6086786040553355,0.75275,0.75,48385344
sdca,dirichlet_0.3,3601,6,3655,0.590638999626833,0.7640416666666666,0.7563333333333333,48385344
sdca,dirichlet_0.3,3601,7,2159,0.5857005083854177,0.7633333333333333,0.7601666666666667,48384000
sdca,dirichlet_0.3,3601,8,0,0.6246122688577499,0.731125,0.725,48388032
sdca,dirichlet_0.3,3601,9,1045,0.5853358133886057,0.764125,0.761,48381312
sdca,dirichlet_0.3,3626,0,63,0.5926644897176464,0.763625,0.7566666666666667,48724032
sdca,dirichlet_0.3,3626,1,229,0.5852132035665474,0.7649583333333333,0.7631666666666667,48730752
sdca,dirichlet_0.3,3626,2,3623,0.5867593291764954,0.763625,0.7608333333333334,48720000
sdca,dirichlet_0.3,3626,3,2851,0.6063892635625447,0.7449166666666667,0.7403333333333333,48720000
sdca,dirichlet_0.3,3626,4,2684,0.6191306316769478,0.7339166666666667,0.7281666666666666,48722688
sdca,dirichlet_0.3,3626,5,7691,0.6065980959497757,0.7543333333333333,0.7488333333333334,48721344
sdca,dirichlet_0.3,3626,6,3655,0.5924550892818632,0.7644166666666666,0.7575,48721344
sdca,dirichlet_0.3,3626,7,2159,0.5875695634930156,0.7614166666666666,0.7583333333333333,48720000
sdca,dirichlet_0.3,3626,8,0,0.6114920565690833,0.7403333333333333,0.736,48724032
sdca,dirichlet_0.3,3626,9,1045,0.5857092128137362,0.7650416666666666,0.7626666666666667,48717312
sdca,dirichlet_0.3,3651,0,63,0.5868888553491035,0.7655416666666667,0.76,49060032
sdca,dirichlet_0.3,3651,1,229,0.5848794650909376,0.7665,0.7643333333333333,49066752
sdca,dirichlet_0.3,3651,2,3623,0.5856772043732044,0.7630833333333333,0.759,49056000
sdca,dirichlet_0.3,3651,3,2851,0.6036579828173986,0.7465416666666667,0.7418333333333333,49056000
sdca,dirichlet_0.3,3651,4,2684,0.620060878292867,0.7333333333333333,0.7278333333333333,49058688
sdca,dirichlet_0.3,3651,5,7691,0.6054613790874653,0.7549583333333333,0.7483333333333333,49057344
sdca,dirichlet_0.3,3651,6,3655,0.5906430884033137,0.7647916666666666,0.758,49057344
sdca,dirichlet_0.3,3651,7,2159,0.5875422018449435,0.761375,0.7581666666666667,49056000
sdca,dirichlet_0.3,3651,8,0,0.5924239046579828,0.7640416666666666,0.7575,49060032
sdca,dirichlet_0.3,3651,9,1045,0.5847906947425231,0.7645833333333333,0.7641666666666667,49053312
sdca,dirichlet_0.3,3676,0,63,0.5851085937240439,0.7648333333333334,0.7636666666666667,49396032
sdca,dirichlet_0.3,3676,1,229,0.5846387800231518,0.7645833333333333,0.763,49402752
sdca,dirichlet_0.3,3676,2,3623,0.5856161240940414,0.762875,0.7593333333333333,49392000
sdca,dirichlet_0.3,3676,3,2851,0.6037993313992861,0.746,0.742,49392000
sdca,dirichlet_0.3,3676,4,2684,0.6214028219419985,0.7330416666666667,0.7275,49394688
sdca,dirichlet_0.3,3676,5,7691,0.6056984830509595,0.7541666666666667,0.7493333333333333,49393344
sdca,dirichlet_0.3,3676,6,3655,0.5905023116723934,0.7652916666666667,0.758,49393344
sdca,dirichlet_0.3,3676,7,2159,0.5878235571250223,0.7612916666666667,0.759,49392000
sdca,dirichlet_0.3,3676,8,0,0.5896538336867948,0.7651666666666667,0.7578333333333334,49396032
sdca,dirichlet_0.3,3676,9,1045,0.584094788378536,0.7632083333333334,0.7615,49389312
sdca,dirichlet_0.3,3701,0,63,0.6131067161639633,0.749,0.7435,49732032
sdca,dirichlet_0.3,3701,1,229,0.5870099931040658,0.7619166666666667,0.7605,49738752
sdca,dirichlet_0.3,3701,2,3623,0.5862327157352788,0.7642916666666667,0.762,49728000
sdca,dirichlet_0.3,3701,3,2851,0.6029681499550748,0.747125,0.7438333333333333,49728000
sdca,dirichlet_0.3,3701,4,2684,0.6236715911613592,0.7309583333333334,0.7238333333333333,49730688
sdca,dirichlet_0.3,3701,5,7691,0.6053736012336742,0.7547083333333333,0.7493333333333333,49729344
sdca,dirichlet_0.3,3701,6,3655,0.5898709910873741,0.7652083333333334,0.758,49729344
sdca,dirichlet_0.3,3701,7,2159,0.5873004903110738,0.7619166666666667,0.7598333333333334,49728000
sdca,dirichlet_0.3,3701,8,0,0.5918705498207202,0.7642083333333334,0.7568333333333334,49732032
sdca,dirichlet_0.3,3701,9,1045,0.5857588171509754,0.766,0.7638333333333334,49725312
sdca,dirichlet_0.3,3726,0,63,0.5854764133539533,0.766,0.7636666666666667,50068032
sdca,dirichlet_0.3,3726,1,229,0.5857419903308134,0.766125,0.7625,50074752
sdca,dirichlet_0.3,3726,2,3623,0.5853549279291766,0.7630833333333333,0.7601666666666667,50064000
sdca,dirichlet_0.3,3726,3,2851,0.6021584482314618,0.747375,0.7435,50064000
sdca,dirichlet_0.3,3726,4,2684,0.6174466260160155,0.734125,0.7305,50066688
sdca,dirichlet_0.3,3726,5,7691,0.6066600864369363,0.7540833333333333,0.7481666666666666,50065344
sdca,dirichlet_0.3,3726,6,3655,0.5896824315571669,0.7656666666666667,0.7581666666666667,50065344
sdca,dirichlet_0.3,3726,7,2159,0.5856267003190161,0.76175,0.7591666666666667,50064000
sdca,dirichlet_0.3,3726,8,0,0.6078816003886969,0.7413333333333333,0.7375,50068032
sdca,dirichlet_0.3,3726,9,1045,0.5841521458547394,0.7652083333333334,0.7626666666666667,50061312
sdca,dirichlet_0.3,3751,0,63,0.5868489861591917,0.7670833333333333,0.7593333333333333,50404032
sdca,dirichlet_0.3,3751,1,229,0.5842705057449719,0.7653333333333333,0.7638333333333334,50410752
sdca,dirichlet_0.3,3751,2,3623,0.5850397663258468,0.762625,0.7601666666666667,50400000
sdca,dirichlet_0.3,3751,3,2851,0.6022994607061246,0.747,0.744,50400000
sdca,dirichlet_0.3,3751,4,2684,0.6157244559177143,0.7358333333333333,0.7315,50402688
sdca,dirichlet_0.3,3751,5,7691,0.6062724593671183,0.7539166666666667,0.7486666666666667,50401344
sdca,dirichlet_0.3,3751,6,3655,0.5889816652161259,0.766,0.7586666666666667,50401344
sdca,dirichlet_0.3,3751,7,2159,0.5865170464725341,0.7617083333333333,0.7583333333333333,50400000
sdca,dirichlet_0.3,3751,8,0,0.5837987538486447,0.763875,0.762,50404032
sdca,dirichlet_0.3,3751,9,1045,0.5837987538486455,0.763875,0.762,50397312
sdca,dirichlet_0.3,3776,0,63,0.5982386777342834,0.7595416666666667,0.7546666666666667,50740032
sdca,dirichlet_0.3,3776,1,229,0.5856499781751169,0.7661666666666667,0.7618333333333334,50746752
sdca,dirichlet_0.3,3776,2,3623,0.5856099027112958,0.7629166666666667,0.7596666666666667,50736000
sdca,dirichlet_0.3,3776,3,2851,0.602468123523511,0.7469166666666667,0.7428333333333333,50736000
sdca,dirichlet_0.3,3776,4,2684,0.6173968272472319,0.7338333333333333,0.7296666666666667,50738688
sdca,dirichlet_0.3,3776,5,7691,0.604906774959419,0.7556666666666667,0.75,50737344
sdca,dirichlet_0.3,3776,6,3655,0.5900165538319475,0.765375,0.7588333333333334,50737344
sdca,dirichlet_0.3,3776,7,2159,0.5868941397515447,0.7625416666666667,0.7585,50736000
sdca,dirichlet_0.3,3776,8,0,0.5899891888639887,0.766875,0.76,50740032
sdca,dirichlet_0.3,3776,9,1045,0.5835276679395726,0.76425,0.763,50733312
sdca,dirichlet_0.3,3801,0,63,0.5849100500463844,0.7651666666666667,0.765,51076032
sdca,dirichlet_0.3,3801,1,229,0.5889692068553151,0.766,0.758,51082752
sdca,dirichlet_0.3,3801,2,3623,0.5857735965347971,0.76375,0.761,51072000
sdca,dirichlet_0.3,3801,3,2851,0.6057258896449841,0.7467916666666666,0.7438333333333333,51072000
sdca,dirichlet_0.3,3801,4,2684,0.6170342104887544,0.7362083333333334,0.7333333333333333,51074688
sdca,dirichlet_0.3,3801,5,7691,0.604029451405737,0.7562916666666667,0.75,51073344
sdca,dirichlet_0.3,3801,6,3655,0.589479548344826,0.765125,0.7576666666666667,51073344
sdca,dirichlet_0.3,3801,7,2159,0.586758199609503,0.76225,0.759,51072000
sdca,dirichlet_0.3,3801,8,0,0.5941534312637861,0.76325,0.756,51076032
sdca,dirichlet_0.3,3801,9,1045,0.5851515391919228,0.7652916666666667,0.7623333333333333,51069312
sdca,dirichlet_0.3,3826,0,63,0.5938315036267146,0.7634583333333333,0.7565,51412032
sdca,dirichlet_0.3,3826,1,229,0.5873378437050275,0.7670833333333333,0.7605,51418752
sdca,dirichlet_0.3,3826,2,3623,0.5853993978530607,0.764375,0.7616666666666667,51408000
sdca,dirichlet_0.3,3826,3,2851,0.6031673856922483,0.7474583333333333,0.7448333333333333,51408000
sdca,dirichlet_0.3,3826,4,2684,0.6176520750079989,0.7352083333333334,0.7316666666666667,51410688
sdca,dirichlet_0.3,3826,5,7691,0.604426196511164,0.755875,0.7495,51409344
sdca,dirichlet_0.3,3826,6,3655,0.5893820759172844,0.7651666666666667,0.7583333333333333,51409344
sdca,dirichlet_0.3,3826,7,2159,0.5877634384279247,0.7611666666666667,0.7575,51408000
sdca,dirichlet_0.3,3826,8,0,0.6340483243489331,0.7245833333333334,0.7183333333333334,51412032
sdca,dirichlet_0.3,3826,9,1045,0.5854843489089413,0.7662916666666667,0.7626666666666667,51405312
sdca,dirichlet_0.3,3851,0,63,0.5864882686131134,0.766375,0.7606666666666667,51748032
sdca,dirichlet_0.3,3851,1,229,0.5861758649977444,0.7661666666666667,0.7601666666666667,51754752
sdca,dirichlet_0.3,3851,2,3623,0.5851843525256213,0.7633333333333333,0.761,51744000
sdca,dirichlet_0.3,3851,3,2851,0.6023509832162424,0.7479583333333333,0.7451666666666666,51744000
sdca,dirichlet_0.3,3851,4,2684,0.6166656066500826,0.7360416666666667,0.7316666666666667,51746688
sdca,dirichlet_0.3,3851,5,7691,0.6041490847607794,0.7557916666666666,0.7495,51745344
sdca,dirichlet_0.3,3851,6,3655,0.588315795897433,0.765875,0.758,51745344
sdca,dirichlet_0.3,3851,7,2159,0.5860795365887265,0.7619583333333333,0.7586666666666667,51744000
sdca,dirichlet_0.3,3851,8,0,0.5844538500421609,0.7646666666666667,0.7621666666666667,51748032
sdca,dirichlet_0.3,3851,9,1045,0.5856091510247651,0.7664166666666666,0.762,51741312
sdca,dirichlet_0.3,3876,0,63,0.5956813622217294,0.7610833333333333,0.7553333333333333,52084032
sdca,dirichlet_0.3,3876,1,229,0.5973595239764231,0.75975,0.7548333333333334,52090752
sdca,dirichlet_0.3,3876,2,3623,0.5853003392658868,0.7642083333333334,0.7611666666666667,52080000
sdca,dirichlet_0.3,3876,3,2851,0.6004715613681695,0.7485416666666667,0.7458333333333333,52080000
sdca,dirichlet_0.3,3876,4,2684,0.6178053668333215,0.7341666666666666,0.7288333333333333,52082688
sdca,dirichlet_0.3,3876,5,7691,0.6040505115534798,0.755,0.75,52081344
sdca,dirichlet_0.3,3876,6,3655,0.5880526488949772,0.765625,0.7578333333333334,52081344
sdca,dirichlet_0.3,3876,7,2159,0.585990730077401,0.76275,0.76,52080000
sdca,dirichlet_0.3,3876,8,0,0.6583227566648334,0.7134166666666667,0.7066666666666667,52084032
sdca,dirichlet_0.3,3876,9,1045,0.5839460711083588,0.764375,0.7628333333333334,52077312
sdca,dirichlet_0.3,3901,0,63,0.5864936703030529,0.7665,0.7603333333333333,52420032
sdca,dirichlet_0.3,3901,1,229,0.5857129415647948,0.766375,0.761,52426752
sdca,dirichlet_0.3,3901,2,3623,0.5850906612993514,0.764,0.7611666666666667,52416000
sdca,dirichlet_0.3,3901,3,2851,0.5993646970073765,0.7495416666666667,0.7461666666666666,52416000
sdca,dirichlet_0.3,3901,4,2684,0.6178183960619816,0.7351666666666666,0.731,52418688
sdca,dirichlet_0.3,3901,5,7691,0.6031524455765029,0.755375,0.751,52417344
sdca,dirichlet_0.3,3901,6,3655,0.5889806706107146,0.7654583333333334,0.7578333333333334,52417344
sdca,dirichlet_0.3,3901,7,2159,0.5862159150780417,0.762375,0.7593333333333333,52416000
sdca,dirichlet_0.3,3901,8,0,0.5963828927121388,0.7614583333333333,0.7555,52420032
sdca,dirichlet_0.3,3901,9,1045,0.5848403921748202,0.766375,0.7626666666666667,52413312
sdca,dirichlet_0.3,3926,0,63,0.5908515031633513,0.76375,0.7571666666666667,52756032
sdca,dirichlet_0.3,3926,1,229,0.5856261312401169,0.761875,0.7588333333333334,52762752
sdca,dirichlet_0.3,3926,2,3623,0.5848416711762786,0.7630416666666666,0.7608333333333334,52752000
sdca,dirichlet_0.3,3926,3,2851,0.6003275859253099,0.7491666666666666,0.7456666666666667,52752000
sdca,dirichlet_0.3,3926,4,2684,0.6162501780416519,0.735875,0.7323333333333333,52754688
sdca,dirichlet_0.3,3926,5,7691,0.6036608237983939,0.7551666666666667,0.7511666666666666,52753344
sdca,dirichlet_0.3,3926,6,3655,0.5875172245955776,0.7662916666666667,0.7601666666666667,52753344
sdca,dirichlet_0.3,3926,7,2159,0.5853865192916489,0.7628333333333334,0.7601666666666667,52752000
sdca,dirichlet_0.3,3926,8,0,0.5937929352654322,0.7633333333333333,0.7565,52756032
sdca,dirichlet_0.3,3926,9,1045,0.5835973960467031,0.7646666666666667,0.7626666666666667,52749312
sdca,dirichlet_0.3,3951,0,63,0.5849500727766742,0.7654583333333334,0.7613333333333333,53092032
sdca,dirichlet_0.3,3951,1,229,0.5836976411328278,0.7650416666666666,0.7628333333333334,53098752
sdca,dirichlet_0.3,3951,2,3623,0.5845050318798845,0.7630833333333333,0.76,53088000
sdca,dirichlet_0.3,3951,3,2851,0.5978201821098209,0.7496666666666667,0.745,53088000
sdca,dirichlet_0.3,3951,4,2684,0.6160832205818382,0.736,0.7315,53090688
sdca,dirichlet_0.3,3951,5,7691,0.6035812919601516,0.75575,0.7501666666666666,53089344
sdca,dirichlet_0.3,3951,6,3655,0.5867450152537336,0.7654166666666666,0.7601666666666667,53089344
sdca,dirichlet_0.3,3951,7,2159,0.5848191085007589,0.7625416666666667,0.7598333333333334,53088000
sdca,dirichlet_0.3,3951,8,0,0.616083220581851,0.736,0.7315,53092032
sdca,dirichlet_0.3,3951,9,1045,0.5835083192963832,0.764625,0.762,53085312
sdca,dirichlet_0.3,3976,0,63,0.5854640018419095,0.7658333333333334,0.7613333333333333,53428032
sdca,dirichlet_0.3,3976,1,229,0.5877240712859978,0.7660416666666666,0.759,53434752
sdca,dirichlet_0.3,3976,2,3623,0.5845201655296651,0.7632916666666667,0.7606666666666667,53424000
sdca,dirichlet_0.3,3976,3,2851,0.5989828354032318,0.7487916666666666,0.7441666666666666,53424000
sdca,dirichlet_0.3,3976,4,2684,0.6125653974329363,0.7394583333333333,0.7355,53426688
sdca,dirichlet_0.3,3976,5,7691,0.6026501966800727,0.7555416666666667,0.7515,53425344
sdca,dirichlet_0.3,3976,6,3655,0.588564840440043,0.765625,0.7575,53425344
sdca,dirichlet_0.3,3976,7,2159,0.5863685175864213,0.7620416666666666,0.7576666666666667,53424000
sdca,dirichlet_0.3,3976,8,0,0.5922540627824046,0.7639583333333333,0.7565,53428032
sdca,dirichlet_0.3,3976,9,1045,0.5834120448055246,0.7637083333333333,0.7625,53421312
sdca,dirichlet_0.3,4001,0,63,0.5838999867552734,0.7637916666666666,0.763,53764032
sdca,dirichlet_0.3,4001,1,229,0.5838629233920425,0.7648333333333334,0.7646666666666667,53770752
sdca,dirichlet_0.3,4001,2,3623,0.5846500885677062,0.7629166666666667,0.7616666666666667,53760000
sdca,dirichlet_0.3,4001,3,2851,0.5988846535007902,0.75,0.746,53760000
sdca,dirichlet_0.3,4001,4,2684,0.6143959873879382,0.7371666666666666,0.734,53762688
sdca,dirichlet_0.3,4001,5,7691,0.6029150544045782,0.7557916666666666,0.7505,53761344
sdca,dirichlet_0.3,4001,6,3655,0.5871414648800751,0.765875,0.7591666666666667,53761344
sdca,dirichlet_0.3,4001,7,2159,0.5847384603892863,0.7627916666666666,0.7595,53760000
sdca,dirichlet_0.3,4001,8,0,0.5873157863232831,0.7659166666666667,0.7588333333333334,53764032
sdca,dirichlet_0.3,4001,9,1045,0.5843686658861775,0.7657916666666666,0.7625,53757312
sdca,dirichlet_0.3,4026,0,63,0.5836728573355418,0.7645,0.7636666666666667,54100032
sdca,dirichlet_0.3,4026,1,229,0.5836789915685568,0.764875,0.764,54106752
sdca,dirichlet_0.3,4026,2,3623,0.5847005798008177,0.7627916666666666,0.7606666666666667,54096000
sdca,dirichlet_0.3,4026,3,2851,0.5988763447093262,0.7499583333333333,0.746,54096000
sdca,dirichlet_0.3,4026,4,2684,0.6118406942288938,0.7393333333333333,0.7353333333333333,54098688
sdca,dirichlet_0.3,4026,5,7691,0.6022399457778429,0.7559583333333333,0.751,54097344
sdca,dirichlet_0.3,4026,6,3655,0.5864445885181956,0.766875,0.7595,54097344
sdca,dirichlet_0.3,4026,7,2159,0.5852423315615817,0.7629583333333333,0.7608333333333334,54096000
sdca,dirichlet_0.3,4026,8,0,0.5875096487274131,0.7610416666666666,0.7555,54100032
sdca,dirichlet_0.3,4026,9,1045,0.5849867918109869,0.76625,0.7625,54093312
sdca,dirichlet_0.3,4051,0,63,0.5869893943551754,0.7649166666666667,0.7591666666666667,54436032
sdca,dirichlet_0.3,4051,1,229,0.5838675726120225,0.7654583333333334,0.7615,54442752
sdca,dirichlet_0.3,4051,2,3623,0.5845147622405478,0.763625,0.7623333333333333,54432000
sdca,dirichlet_0.3,4051,3,2851,0.5984036075309626,0.7503333333333333,0.7468333333333333,54432000
sdca,dirichlet_0.3,4051,4,2684,0.6110670273111489,0.739875,0.736,54434688
sdca,dirichlet_0.3,4051,5,7691,0.6024288807661655,0.7560833333333333,0.7508333333333334,54433344
sdca,dirichlet_0.3,4051,6,3655,0.585624547506029,0.7658333333333334,0.76,54433344
sdca,dirichlet_0.3,4051,7,2159,0.5858200872382643,0.76225,0.76,54432000
sdca,dirichlet_0.3,4051,8,0,0.585613072282742,0.762375,0.7588333333333334,54436032
sdca,dirichlet_0.3,4051,9,1045,0.583893454011972,0.7645833333333333,0.7621666666666667,54429312
sdca,dirichlet_0.3,4076,0,63,0.5838190635096993,0.76425,0.7618333333333334,54772032
sdca,dirichlet_0.3,4076,1,229,0.5869473457530596,0.7658333333333334,0.76,54778752
sdca,dirichlet_0.3,4076,2,3623,0.5835773925814032,0.7640416666666666,0.7616666666666667,54768000
sdca,dirichlet_0.3,4076,3,2851,0.5967041282994296,0.7514583333333333,0.7463333333333333,54768000
sdca,dirichlet_0.3,4076,4,2684,0.61148052883544,0.7402916666666667,0.7356666666666667,54770688
sdca,dirichlet_0.3,4076,5,7691,0.601130368179676,0.7565833333333334,0.752,54769344
sdca,dirichlet_0.3,4076,6,3655,0.5853698977915051,0.7655416666666667,0.7606666666666667,54769344
sdca,dirichlet_0.3,4076,7,2159,0.5838063815302555,0.76275,0.7588333333333334,54768000
sdca,dirichlet_0.3,4076,8,0,0.5835773925814045,0.7640416666666666,0.7616666666666667,54772032
sdca,dirichlet_0.3,4076,9,1045,0.582810594667358,0.763875,0.7628333333333334,54765312
sdca,dirichlet_0.3,4101,0,63,0.5852219047824528,0.7660416666666666,0.7605,55108032
sdca,dirichlet_0.3,4101,1,229,0.5836563177515781,0.7660416666666666,0.7625,55114752
sdca,dirichlet_0.3,4101,2,3623,0.5836755931629711,0.76375,0.7625,55104000
sdca,dirichlet_0.3,4101,3,2851,0.5965975306423749,0.75175,0.7473333333333333,55104000
sdca,dirichlet_0.3,4101,4,2684,0.6100163676949495,0.74075,0.7375,55106688
sdca,dirichlet_0.3,4101,5,7691,0.6011912419145088,0.7564166666666666,0.7516666666666667,55105344
sdca,dirichlet_0.3,4101,6,3655,0.5855703295996707,0.76675,0.7595,55105344
sdca,dirichlet_0.3,4101,7,2159,0.5845868796604466,0.763625,0.7608333333333334,55104000
sdca,dirichlet_0.3,4101,8,0,0.5830731094004517,0.7654583333333334,0.7635,55108032
sdca,dirichlet_0.3,4101,9,1045,0.5830348274882893,0.7657083333333333,0.764,55101312
sdca,dirichlet_0.3,4126,0,63,0.5938786924873098,0.7564583333333333,0.7486666666666667,55444032
sdca,dirichlet_0.3,4126,1,229,0.589899304408703,0.7619583333333333,0.7555,55450752
sdca,dirichlet_0.3,4126,2,3623,0.583620678890166,0.762875,0.7601666666666667,55440000
sdca,dirichlet_0.3,4126,3,2851,0.5956729828909619,0.7524166666666666,0.748,55440000
sdca,dirichlet_0.3,4126,4,2684,0.6105015475224866,0.7407916666666666,0.7363333333333333,55442688
sdca,dirichlet_0.3,4126,5,7691,0.6011107755143207,0.7567083333333333,0.7518333333333334,55441344
sdca,dirichlet_0.3,4126,6,3655,0.5860239659045278,0.76675,0.76,55441344
sdca,dirichlet_0.3,4126,7,2159,0.5838946115208606,0.76275,0.7593333333333333,55440000
sdca,dirichlet_0.3,4126,8,0,0.5860239659045284,0.76675,0.76,55444032
sdca,dirichlet_0.3,4126,9,1045,0.5824816099204536,0.764125,0.762,55437312
sdca,dirichlet_0.3,4151,0,63,0.588490924432269,0.7651666666666667,0.7581666666666667,55780032
sdca,dirichlet_0.3,4151,1,229,0.5853716301961346,0.7627083333333333,0.7593333333333333,55786752
sdca,dirichlet_0.3,4151,2,3623,0.5848330718615327,0.7630833333333333,0.76,55776000
sdca,dirichlet_0.3,4151,3,2851,0.5973454686708939,0.7516666666666667,0.7476666666666667,55776000
sdca,dirichlet_0.3,4151,4,2684,0.609768605461723,0.7417083333333333,0.7375,55778688
sdca,dirichlet_0.3,4151,5,7691,0.6014912044620105,0.7560833333333333,0.7525,55777344
sdca,dirichlet_0.3,4151,6,3655,0.5865746276065742,0.7666666666666667,0.7598333333333334,55777344
sdca,dirichlet_0.3,4151,7,2159,0.5847193326552396,0.763375,0.7601666666666667,55776000
sdca,dirichlet_0.3,4151,8,0,0.5832922672566486,0.7646666666666667,0.7635,55780032
sdca,dirichlet_0.3,4151,9,1045,0.5832854020750123,0.76475,0.7648333333333334,55773312
sdca,dirichlet_0.3,4176,0,63,0.5837760502577306,0.7647083333333333,0.7646666666666667,56116032
sdca,dirichlet_0.3,4176,1,229,0.5835694687761114,0.7650833333333333,0.7623333333333333,56122752
sdca,dirichlet_0.3,4176,2,3623,0.5848189768594424,0.7630833333333333,0.7618333333333334,56112000
sdca,dirichlet_0.3,4176,3,2851,0.5983249785705973,0.7512083333333334,0.7473333333333333,56112000
sdca,dirichlet_0.3,4176,4,2684,0.6104452848299523,0.7417916666666666,0.7373333333333333,56114688
sdca,dirichlet_0.3,4176,5,7691,0.6003239524733932,0.757,0.7538333333333334,56113344
sdca,dirichlet_0.3,4176,6,3655,0.5863735189965267,0.7674583333333334,0.76,56113344
sdca,dirichlet_0.3,4176,7,2159,0.5848943266492029,0.7634166666666666,0.762,56112000
sdca,dirichlet_0.3,4176,8,0,0.5837687533253777,0.76525,0.762,56116032
sdca,dirichlet_0.3,4176,9,1045,0.584036420557976,0.7655,0.7623333333333333,56109312
sdca,dirichlet_0.3,4201,0,63,0.5856603610587251,0.7667916666666666,0.76,56452032
sdca,dirichlet_0.3,4201,1,229,0.5835307293030182,0.7647916666666666,0.765,56458752
sdca,dirichlet_0.3,4201,2,3623,0.5841593809389766,0.7639166666666667,0.7621666666666667,56448000
sdca,dirichlet_0.3,4201,3,2851,0.5985438929850522,0.750625,0.7473333333333333,56448000
sdca,dirichlet_0.3,4201,4,2684,0.6080219984305009,0.7431666666666666,0.7391666666666666,56450688
sdca,dirichlet_0.3,4201,5,7691,0.6012766056477999,0.7564583333333333,0.7523333333333333,56449344
sdca,dirichlet_0.3,4201,6,3655,0.5858008776553385,0.7667916666666666,0.7596666666666667,56449344
sdca,dirichlet_0.3,4201,7,2159,0.5850672961518341,0.7632083333333334,0.7601666666666667,56448000
sdca,dirichlet_0.3,4201,8,0,0.6093072371701775,0.7416666666666667,0.738,56452032
sdca,dirichlet_0.3,4201,9,1045,0.5834483329865033,0.7649583333333333,0.7645,56445312
sdca,dirichlet_0.3,4226,0,63,0.5855345828851055,0.7645833333333333,0.76,56788032
sdca,dirichlet_0.3,4226,1,229,0.5864628916735928,0.7676666666666667,0.7598333333333334,56794752
sdca,dirichlet_0.3,4226,2,3623,0.5843884428737227,0.76375,0.7615,56784000
sdca,dirichlet_0.3,4226,3,2851,0.5967199866406904,0.7514583333333333,0.7475,56784000
sdca,dirichlet_0.3,4226,4,2684,0.6084180067721107,0.741875,0.739,56786688
sdca,dirichlet_0.3,4226,5,7691,0.6001424880047428,0.75775,0.7536666666666667,56785344
sdca,dirichlet_0.3,4226,6,3655,0.5864528291050544,0.7675,0.76,56785344
sdca,dirichlet_0.3,4226,7,2159,0.5855571892576844,0.762375,0.7603333333333333,56784000
sdca,dirichlet_0.3,4226,8,0,0.6563092552241778,0.7135833333333333,0.7081666666666667,56788032
sdca,dirichlet_0.3,4226,9,1045,0.5829580332539104,0.7650416666666666,0.764,56781312
sdca,dirichlet_0.3,4251,0,63,0.5842192096223803,0.7657083333333333,0.7616666666666667,57124032
sdca,dirichlet_0.3,4251,1,229,0.586584356570156,0.765125,0.7591666666666667,57130752
sdca,dirichlet_0.3,4251,2,3623,0.5839941802343814,0.7632083333333334,0.7618333333333334,57120000
sdca,dirichlet_0.3,4251,3,2851,0.5980421538629352,0.7515,0.748,57120000
sdca,dirichlet_0.3,4251,4,2684,0.6086542227281504,0.742875,0.7386666666666667,57122688
sdca,dirichlet_0.3,4251,5,7691,0.6003450537525679,0.7568333333333334,0.753,57121344
sdca,dirichlet_0.3,4251,6,3655,0.5854615994478864,0.7663333333333333,0.7596666666666667,57121344
sdca,dirichlet_0.3,4251,7,2159,0.584601860019339,0.763125,0.7606666666666667,57120000
sdca,dirichlet_0.3,4251,8,0,0.5980421538629239,0.7515,0.748,57124032
sdca,dirichlet_0.3,4251,9,1045,0.583125548449557,0.7646666666666667,0.7635,57117312
sdca,dirichlet_0.3,4276,0,63,0.6041141235032356,0.7547083333333333,0.7493333333333333,57460032
sdca,dirichlet_0.3,4276,1,229,0.5832647079090255,0.764625,0.763,57466752
sdca,dirichlet_0.3,4276,2,3623,0.5841674220678237,0.7644166666666666,0.7615,57456000
sdca,dirichlet_0.3,4276,3,2851,0.5929057069695282,0.7550833333333333,0.7506666666666667,57456000
sdca,dirichlet_0.3,4276,4,2684,0.6077942265676574,0.7430416666666667,0.7398333333333333,57458688
sdca,dirichlet_0.3,4276,5,7691,0.6003346973602754,0.75675,0.7528333333333334,57457344
sdca,dirichlet_0.3,4276,6,3655,0.5842998381079441,0.766,0.7631666666666667,57457344
sdca,dirichlet_0.3,4276,7,2159,0.584281450362746,0.763375,0.7605,57456000
sdca,dirichlet_0.3,4276,8,0,0.6077942265676638,0.7430416666666667,0.7398333333333333,57460032
sdca,dirichlet_0.3,4276,9,1045,0.5831229419180423,0.764125,0.7628333333333334,57453312
sdca,dirichlet_0.3,4301,0,63,0.6095978176248781,0.751125,0.7466666666666667,57796032
sdca,dirichlet_0.3,4301,1,229,0.5854061715500153,0.76625,0.7598333333333334,57802752
sdca,dirichlet_0.3,4301,2,3623,0.584149191994026,0.7632916666666667,0.7605,57792000
sdca,dirichlet_0.3,4301,3,2851,0.5958319704741206,0.7524583333333333,0.748,57792000
sdca,dirichlet_0.3,4301,4,2684,0.605638016451176,0.743625,0.7398333333333333,57794688
sdca,dirichlet_0.3,4301,5,7691,0.6001147982869631,0.757375,0.753,57793344
sdca,dirichlet_0.3,4301,6,3655,0.5845393628485853,0.76625,0.7625,57793344
sdca,dirichlet_0.3,4301,7,2159,0.5830529136452952,0.7633333333333333,0.7616666666666667,57792000
sdca,dirichlet_0.3,4301,8,0,0.5845393628485899,0.76625,0.7625,57796032
sdca,dirichlet_0.3,4301,9,1045,0.5827167320484786,0.765,0.7635,57789312
sdca,dirichlet_0.3,4326,0,63,0.5821729658195111,0.7644166666666666,0.7633333333333333,58132032
sdca,dirichlet_0.3,4326,1,229,0.5831864121431278,0.764125,0.7606666666666667,58138752
sdca,dirichlet_0.3,4326,2,3623,0.5834443594280079,0.763875,0.7601666666666667,58128000
sdca,dirichlet_0.3,4326,3,2851,0.5947374786271132,0.7529583333333333,0.7488333333333334,58128000
sdca,dirichlet_0.3,4326,4,2684,0.6047262884375114,0.7442083333333334,0.7398333333333333,58130688
sdca,dirichlet_0.3,4326,5,7691,0.5990807146643327,0.7577916666666666,0.754,58129344
sdca,dirichlet_0.3,4326,6,3655,0.5838971399573878,0.7655416666666667,0.7623333333333333,58129344
sdca,dirichlet_0.3,4326,7,2159,0.5824268850789678,0.7635,0.7606666666666667,58128000
sdca,dirichlet_0.3,4326,8,0,0.5824889643449609,0.7645833333333333,0.763,58132032
sdca,dirichlet_0.3,4326,9,1045,0.5825489576354065,0.7652083333333334,0.7625,58125312
sdca,dirichlet_0.3,4351,0,63,0.5904270646916401,0.763625,0.7575,58468032
sdca,dirichlet_0.3,4351,1,229,0.585332177710967,0.7664166666666666,0.7611666666666667,58474752
sdca,dirichlet_0.3,4351,2,3623,0.58404568767452,0.76425,0.7621666666666667,58464000
sdca,dirichlet_0.3,4351,3,2851,0.5953428970907917,0.753625,0.7485,58464000
sdca,dirichlet_0.3,4351,4,2684,0.6069167253908836,0.7435,0.7398333333333333,58466688
sdca,dirichlet_0.3,4351,5,7691,0.5994653874868172,0.7578333333333334,0.7541666666666667,58465344
sdca,dirichlet_0.3,4351,6,3655,0.5844916846837117,0.7659583333333333,0.761,58465344
sdca,dirichlet_0.3,4351,7,2159,0.5842192407941319,0.76425,0.7621666666666667,58464000
sdca,dirichlet_0.3,4351,8,0,0.5838427061617008,0.7650833333333333,0.7625,58468032
sdca,dirichlet_0.3,4351,9,1045,0.5825913692405752,0.7647083333333333,0.7636666666666667,58461312
sdca,dirichlet_0.3,4376,0,63,0.5832873070489487,0.7647083333333333,0.7641666666666667,58804032
sdca,dirichlet_0.3,4376,1,229,0.5829708943890118,0.7646666666666667,0.7636666666666667,58810752
sdca,dirichlet_0.3,4376,2,3623,0.5844067038036359,0.7636666666666667,0.7601666666666667,58800000
sdca,dirichlet_0.3,4376,3,2851,0.5955579174301481,0.7534583333333333,0.7493333333333333,58800000
sdca,dirichlet_0.3,4376,4,2684,0.605405707433695,0.745125,0.74,58802688
sdca,dirichlet_0.3,4376,5,7691,0.5993897647171849,0.757625,0.7541666666666667,58801344
sdca,dirichlet_0.3,4376,6,3655,0.5856364420916281,0.766625,0.7606666666666667,58801344
sdca,dirichlet_0.3,4376,7,2159,0.5842047638055151,0.7630416666666666,0.76,58800000
sdca,dirichlet_0.3,4376,8,0,0.5924583620996559,0.7574583333333333,0.7513333333333333,58804032
sdca,dirichlet_0.3,4376,9,1045,0.5833607814087509,0.766125,0.7615,58797312
sdca,dirichlet_0.3,4401,0,63,0.583038838131658,0.7652083333333334,0.7641666666666667,59140032
sdca,dirichlet_0.3,4401,1,229,0.5874036638164333,0.7650833333333333,0.7578333333333334,59146752
sdca,dirichlet_0.3,4401,2,3623,0.5840211668768849,0.7641666666666667,0.7618333333333334,59136000
sdca,dirichlet_0.3,4401,3,2851,0.5956380398106347,0.7530833333333333,0.748,59136000
sdca,dirichlet_0.3,4401,4,2684,0.6056989223517453,0.7449166666666667,0.7423333333333333,59138688
sdca,dirichlet_0.3,4401,5,7691,0.6006132229381054,0.7573333333333333,0.7528333333333334,59137344
sdca,dirichlet_0.3,4401,6,3655,0.585619037974953,0.7669166666666667,0.7605,59137344
sdca,dirichlet_0.3,4401,7,2159,0.5845511656896789,0.7636666666666667,0.7611666666666667,59136000
sdca,dirichlet_0.3,4401,8,0,0.5838338399066391,0.7635416666666667,0.7605,59140032
sdca,dirichlet_0.3,4401,9,1045,0.583107580269943,0.76425,0.7616666666666667,59133312
sdca,dirichlet_0.3,4426,0,63,0.5925910563192223,0.763125,0.7566666666666667,59476032
sdca,dirichlet_0.3,4426,1,229,0.5980611654003858,0.758625,0.7551666666666667,59482752
sdca,dirichlet_0.3,4426,2,3623,0.5846918824358003,0.7637083333333333,0.7615,59472000
sdca,dirichlet_0.3,4426,3,2851,0.5962918474491388,0.7529166666666667,0.7485,59472000
sdca,dirichlet_0.3,4426,4,2684,0.6049703734194939,0.745875,0.7411666666666666,59474688
sdca,dirichlet_0.3,4426,5,7691,0.5984452859289588,0.7583333333333333,0.7553333333333333,59473344
sdca,dirichlet_0.3,4426,6,3655,0.5847095732850232,0.765625,0.7613333333333333,59473344
sdca,dirichlet_0.3,4426,7,2159,0.5833336637727349,0.7631666666666667,0.7618333333333334,59472000
sdca,dirichlet_0.3,4426,8,0,0.6022855518398216,0.7474166666666666,0.744,59476032
sdca,dirichlet_0.3,4426,9,1045,0.5850373053711392,0.767,0.7605,59469312
sdca,dirichlet_0.3,4451,0,63,0.5834246974229701,0.7657083333333333,0.7626666666666667,59812032
sdca,dirichlet_0.3,4451,1,229,0.5849179460282491,0.7661666666666667,0.7608333333333334,59818752
sdca,dirichlet_0.3,4451,2,3623,0.5841732344890225,0.7633333333333333,0.7606666666666667,59808000
sdca,dirichlet_0.3,4451,3,2851,0.5968190203799656,0.7521666666666667,0.7475,59808000
sdca,dirichlet_0.3,4451,4,2684,0.6060788890338263,0.7445,0.7405,59810688
sdca,dirichlet_0.3,4451,5,7691,0.5986762672049526,0.758375,0.7543333333333333,59809344
sdca,dirichlet_0.3,4451,6,3655,0.5855227553676184,0.766625,0.7596666666666667,59809344
sdca,dirichlet_0.3,4451,7,2159,0.5838105183848536,0.762875,0.7616666666666667,59808000
sdca,dirichlet_0.3,4451,8,0,0.5841732344890173,0.7633333333333333,0.7606666666666667,59812032
sdca,dirichlet_0.3,4451,9,1045,0.5828688511408546,0.7645,0.7611666666666667,59805312
sdca,dirichlet_0.3,4476,0,63,0.5825014849871399,0.7642083333333334,0.763,60148032
sdca,dirichlet_0.3,4476,1,229,0.5826496800399987,0.7645833333333333,0.7633333333333333,60154752
sdca,dirichlet_0.3,4476,2,3623,0.5829802196081875,0.763625,0.7603333333333333,60144000
sdca,dirichlet_0.3,4476,3,2851,0.593828428096134,0.7543333333333333,0.7493333333333333,60144000
sdca,dirichlet_0.3,4476,4,2684,0.6043048359610553,0.7445833333333334,0.7405,60146688
sdca,dirichlet_0.3,4476,5,7691,0.5990169675222925,0.75825,0.7546666666666667,60145344
sdca,dirichlet_0.3,4476,6,3655,0.5840858412036518,0.7660416666666666,0.7625,60145344
sdca,dirichlet_0.3,4476,7,2159,0.5836555842172463,0.7629166666666667,0.7596666666666667,60144000
sdca,dirichlet_0.3,4476,8,0,0.6043048359610386,0.7445833333333334,0.7405,60148032
sdca,dirichlet_0.3,4476,9,1045,0.5826037520467345,0.76425,0.7628333333333334,60141312
sdca,dirichlet_0.3,4501,0,63,0.584205900265719,0.7652916666666667,0.7616666666666667,60484032
sdca,dirichlet_0.3,4501,1,229,0.5870975158330158,0.76125,0.7571666666666667,60490752
sdca,dirichlet_0.3,4501,2,3623,0.5833127079035042,0.7636666666666667,0.7613333333333333,60480000
sdca,dirichlet_0.3,4501,3,2851,0.593455323386347,0.7547916666666666,0.7505,60480000
sdca,dirichlet_0.3,4501,4,2684,0.6054306027005583,0.745625,0.7401666666666666,60482688
sdca,dirichlet_0.3,4501,5,7691,0.598153769997428,0.758625,0.7541666666666667,60481344
sdca,dirichlet_0.3,4501,6,3655,0.5837760441491245,0.7658333333333334,0.7621666666666667,60481344
sdca,dirichlet_0.3,4501,7,2159,0.5840801474915363,0.7639166666666667,0.7618333333333334,60480000
sdca,dirichlet_0.3,4501,8,0,0.5859771472085529,0.7669583333333333,0.759,60484032
sdca,dirichlet_0.3,4501,9,1045,0.5835028548601143,0.7655416666666667,0.7621666666666667,60477312
sdca,dirichlet_0.3,4526,0,63,0.5829426538584453,0.7640833333333333,0.7625,60820032
sdca,dirichlet_0.3,4526,1,229,0.5866851022508481,0.765375,0.7583333333333333,60826752
sdca,dirichlet_0.3,4526,2,3623,0.5836385206860972,0.7639583333333333,0.762,60816000
sdca,dirichlet_0.3,4526,3,2851,0.595391452125861,0.7542916666666667,0.7488333333333334,60816000
sdca,dirichlet_0.3,4526,4,2684,0.604211883071145,0.7462916666666667,0.7425,60818688
sdca,dirichlet_0.3,4526,5,7691,0.5972344725230909,0.7592916666666667,0.7551666666666667,60817344
sdca,dirichlet_0.3,4526,6,3655,0.5842803685294037,0.7660416666666666,0.762,60817344
sdca,dirichlet_0.3,4526,7,2159,0.5837547070457599,0.76325,0.7605,60816000
sdca,dirichlet_0.3,4526,8,0,0.5828936793492376,0.7650833333333333,0.7628333333333334,60820032
sdca,dirichlet_0.3,4526,9,1045,0.583073446325033,0.7652916666666667,0.7621666666666667,60813312
sdca,dirichlet_0.3,4551,0,63,0.6053305885018274,0.753625,0.7486666666666667,61156032
sdca,dirichlet_0.3,4551,1,229,0.5838135118244655,0.7664166666666666,0.7623333333333333,61162752
sdca,dirichlet_0.3,4551,2,3623,0.5838874951965253,0.7627916666666666,0.7615,61152000
sdca,dirichlet_0.3,4551,3,2851,0.5952780504175866,0.7540833333333333,0.7491666666666666,61152000
sdca,dirichlet_0.3,4551,4,2684,0.6033301147498329,0.746,0.7413333333333333,61154688
sdca,dirichlet_0.3,4551,5,7691,0.5975984459762598,0.75925,0.7543333333333333,61153344
sdca,dirichlet_0.3,4551,6,3655,0.5849830814316188,0.7655833333333333,0.7596666666666667,61153344
sdca,dirichlet_0.3,4551,7,2159,0.5846533672265319,0.7630833333333333,0.7603333333333333,61152000
sdca,dirichlet_0.3,4551,8,0,0.6234028363207994,0.7422916666666667,0.7413333333333333,61156032
sdca,dirichlet_0.3,4551,9,1045,0.5853530987336932,0.76625,0.7606666666666667,61149312
sdca,dirichlet_0.3,4576,0,63,0.5877294861443659,0.765375,0.7578333333333334,61492032
sdca,dirichlet_0.3,4576,1,229,0.586259034075785,0.76625,0.7596666666666667,61498752
sdca,dirichlet_0.3,4576,2,3623,0.5843197186609773,0.7633333333333333,0.7606666666666667,61488000
sdca,dirichlet_0.3,4576,3,2851,0.5924271016946895,0.7570416666666666,0.7511666666666666,61488000
sdca,dirichlet_0.3,4576,4,2684,0.6056090682089025,0.7453333333333333,0.7405,61490688
sdca,dirichlet_0.3,4576,5,7691,0.5970966905165748,0.7595833333333334,0.7563333333333333,61489344
sdca,dirichlet_0.3,4576,6,3655,0.58452064322868,0.7663333333333333,0.7623333333333333,61489344
sdca,dirichlet_0.3,4576,7,2159,0.5845825450350867,0.76325,0.761,61488000
sdca,dirichlet_0.3,4576,8,0,0.5845206432286775,0.7663333333333333,0.7623333333333333,61492032
sdca,dirichlet_0.3,4576,9,1045,0.5833560649775992,0.765625,0.763,61485312
sdca,dirichlet_0.3,4601,0,63,0.5826570481776431,0.7645416666666667,0.7628333333333334,61828032
sdca,dirichlet_0.3,4601,1,229,0.5925716016526714,0.763625,0.7583333333333333,61834752
sdca,dirichlet_0.3,4601,2,3623,0.5834145486522099,0.764,0.7613333333333333,61824000
sdca,dirichlet_0.3,4601,3,2851,0.5932068086381194,0.7556666666666667,0.75,61824000
sdca,dirichlet_0.3,4601,4,2684,0.6031214368817828,0.74625,0.7418333333333333,61826688
sdca,dirichlet_0.3,4601,5,7691,0.5973196333048709,0.7598333333333334,0.7555,61825344
sdca,dirichlet_0.3,4601,6,3655,0.5835762841090472,0.766,0.7621666666666667,61825344
sdca,dirichlet_0.3,4601,7,2159,0.5833027932981603,0.7636666666666667,0.7603333333333333,61824000
sdca,dirichlet_0.3,4601,8,0,0.5938692717301374,0.755625,0.7503333333333333,61828032
sdca,dirichlet_0.3,4601,9,1045,0.5824373139089009,0.764875,0.7636666666666667,61821312
sdca,dirichlet_0.3,4626,0,63,0.5827039352180838,0.7642083333333334,0.7633333333333333,62164032
sdca,dirichlet_0.3,4626,1,229,0.5845346352462625,0.76675,0.7615,62170752
sdca,dirichlet_0.3,4626,2,3623,0.5831545800600646,0.7635833333333333,0.762,62160000
sdca,dirichlet_0.3,4626,3,2851,0.593116399374195,0.7557916666666666,0.7503333333333333,62160000
sdca,dirichlet_0.3,4626,4,2684,0.6030102407787271,0.747125,0.7426666666666667,62162688
sdca,dirichlet_0.3,4626,5,7691,0.5977600824852417,0.7590416666666666,0.7555,62161344
sdca,dirichlet_0.3,4626,6,3655,0.5837997470167794,0.765875,0.762,62161344
sdca,dirichlet_0.3,4626,7,2159,0.5836934386016714,0.7633333333333333,0.761,62160000
sdca,dirichlet_0.3,4626,8,0,0.5880692140992572,0.760875,0.755,62164032
sdca,dirichlet_0.3,4626,9,1045,0.583064997333122,0.7657916666666666,0.762,62157312
sdca,dirichlet_0.3,4651,0,63,0.5872904381183414,0.7647916666666666,0.7576666666666667,62500032
sdca,dirichlet_0.3,4651,1,229,0.5827588971189308,0.76475,0.7643333333333333,62506752
sdca,dirichlet_0.3,4651,2,3623,0.5834454478591279,0.7637916666666666,0.7616666666666667,62496000
sdca,dirichlet_0.3,4651,3,2851,0.5929554313744486,0.756125,0.7503333333333333,62496000
sdca,dirichlet_0.3,4651,4,2684,0.6031473487608215,0.7469583333333333,0.7421666666666666,62498688
sdca,dirichlet_0.3,4651,5,7691,0.5968616928467069,0.75925,0.7546666666666667,62497344
sdca,dirichlet_0.3,4651,6,3655,0.583661427900418,0.7658333333333334,0.7625,62497344
sdca,dirichlet_0.3,4651,7,2159,0.5837703560721975,0.7637916666666666,0.761,62496000
sdca,dirichlet_0.3,4651,8,0,0.620674110769586,0.7449166666666667,0.7433333333333333,62500032
sdca,dirichlet_0.3,4651,9,1045,0.5828844752287353,0.765875,0.7625,62493312
sdca,dirichlet_0.3,4676,0,63,0.5844855582964409,0.7665416666666667,0.762,62836032
sdca,dirichlet_0.3,4676,1,229,0.5823466299208245,0.7644583333333334,0.7615,62842752
sdca,dirichlet_0.3,4676,2,3623,0.5828291812472352,0.7639166666666667,0.7628333333333334,62832000
sdca,dirichlet_0.3,4676,3,2851,0.5905071361447443,0.7576666666666667,0.7505,62832000
sdca,dirichlet_0.3,4676,4,2684,0.6020300870982361,0.7471666666666666,0.7423333333333333,62834688
sdca,dirichlet_0.3,4676,5,7691,0.5961732117577248,0.760625,0.7556666666666667,62833344
sdca,dirichlet_0.3,4676,6,3655,0.583018202864042,0.7657083333333333,0.7623333333333333,62833344
sdca,dirichlet_0.3,4676,7,2159,0.5831866530277413,0.762875,0.7598333333333334,62832000
sdca,dirichlet_0.3,4676,8,0,0.6020300870982308,0.7471666666666666,0.7423333333333333,62836032
sdca,dirichlet_0.3,4676,9,1045,0.5821967888444063,0.7650416666666666,0.7623333333333333,62829312
sdca,dirichlet_0.3,4701,0,63,0.5913493250202262,0.757875,0.7523333333333333,63172032
sdca,dirichlet_0.3,4701,1,229,0.5861114015715122,0.7657916666666666,0.7593333333333333,63178752
sdca,dirichlet_0.3,4701,2,3623,0.582902880474146,0.764625,0.7615,63168000
sdca,dirichlet_0.3,4701,3,2851,0.5921864341915344,0.7566666666666667,0.751,63168000
sdca,dirichlet_0.3,4701,4,2684,0.6017317576603333,0.747,0.7415,63170688
sdca,dirichlet_0.3,4701,5,7691,0.5954965662558809,0.7604166666666666,0.7553333333333333,63169344
sdca,dirichlet_0.3,4701,6,3655,0.5836195082964375,0.765875,0.7621666666666667,63169344
sdca,dirichlet_0.3,4701,7,2159,0.5837020516959188,0.7631666666666667,0.7603333333333333,63168000
sdca,dirichlet_0.3,4701,8,0,0.5822857798686912,0.76525,0.7616666666666667,63172032
sdca,dirichlet_0.3,4701,9,1045,0.5819305918608699,0.7639583333333333,0.7626666666666667,63165312
sdca,dirichlet_0.3,4726,0,63,0.5886459716807695,0.76575,0.7583333333333333,63508032
sdca,dirichlet_0.3,4726,1,229,0.5854980135198394,0.7670833333333333,0.7588333333333334,63514752
sdca,dirichlet_0.3,4726,2,3623,0.5832067465316109,0.7634166666666666,0.763,63504000
sdca,dirichlet_0.3,4726,3,2851,0.5946711478976999,0.7555,0.7503333333333333,63504000
sdca,dirichlet_0.3,4726,4,2684,0.6025450379831101,0.748125,0.744,63506688
sdca,dirichlet_0.3,4726,5,7691,0.5945189021781094,0.761375,0.7573333333333333,63505344
sdca,dirichlet_0.3,4726,6,3655,0.5834799249822551,0.7655,0.7613333333333333,63505344
sdca,dirichlet_0.3,4726,7,2159,0.5835721569273609,0.762625,0.7596666666666667,63504000
sdca,dirichlet_0.3,4726,8,0,0.5887759387134279,0.7599583333333333,0.7533333333333333,63508032
sdca,dirichlet_0.3,4726,9,1045,0.5858101163297869,0.7671666666666667,0.759,63501312
sdca,dirichlet_0.3,4751,0,63,0.583561260818137,0.7658333333333334,0.7626666666666667,63844032
sdca,dirichlet_0.3,4751,1,229,0.5837029371893676,0.766,0.7625,63850752
sdca,dirichlet_0.3,4751,2,3623,0.5828996883654018,0.7635833333333333,0.7625,63840000
sdca,dirichlet_0.3,4751,3,2851,0.5917864165675839,0.7572916666666667,0.7511666666666666,63840000
sdca,dirichlet_0.3,4751,4,2684,0.6015347047622103,0.7480833333333333,0.7435,63842688
sdca,dirichlet_0.3,4751,5,7691,0.595206276767167,0.7610833333333333,0.7553333333333333,63841344
sdca,dirichlet_0.3,4751,6,3655,0.5831407327730396,0.76575,0.7625,63841344
sdca,dirichlet_0.3,4751,7,2159,0.5834854739626716,0.763625,0.7611666666666667,63840000
sdca,dirichlet_0.3,4751,8,0,0.5864278156137661,0.7655,0.7586666666666667,63844032
sdca,dirichlet_0.3,4751,9,1045,0.5834365079924156,0.7657916666666666,0.762,63837312
sdca,dirichlet_0.3,4776,0,63,0.5851415005408203,0.7664166666666666,0.759,64180032
sdca,dirichlet_0.3,4776,1,229,0.582202739658513,0.7647083333333333,0.7613333333333333,64186752
sdca,dirichlet_0.3,4776,2,3623,0.5832119796913231,0.76325,0.7606666666666667,64176000
sdca,dirichlet_0.3,4776,3,2851,0.5918623216139954,0.7573333333333333,0.7508333333333334,64176000
sdca,dirichlet_0.3,4776,4,2684,0.5997051626604338,0.7485416666666667,0.7446666666666667,64178688
sdca,dirichlet_0.3,4776,5,7691,0.5944380299673634,0.7615416666666667,0.7565,64177344
sdca,dirichlet_0.3,4776,6,3655,0.582569774458286,0.7654583333333334,0.7626666666666667,64177344
sdca,dirichlet_0.3,4776,7,2159,0.5830534777948507,0.763875,0.7625,64176000
sdca,dirichlet_0.3,4776,8,0,0.591568358122051,0.7575833333333334,0.7515,64180032
sdca,dirichlet_0.3,4776,9,1045,0.5823860404000478,0.7647083333333333,0.7621666666666667,64173312
sdca,dirichlet_0.3,4801,0,63,0.5860095839921352,0.7609583333333333,0.7563333333333333,64516032
sdca,dirichlet_0.3,4801,1,229,0.5820999742349615,0.7657916666666666,0.7625,64522752
sdca,dirichlet_0.3,4801,2,3623,0.5830735175284212,0.76375,0.7608333333333334,64512000
sdca,dirichlet_0.3,4801,3,2851,0.5907935040581485,0.757625,0.7501666666666666,64512000
sdca,dirichlet_0.3,4801,4,2684,0.6008414698111574,0.7477083333333333,0.7428333333333333,64514688
sdca,dirichlet_0.3,4801,5,7691,0.5951122777507009,0.7611666666666667,0.7565,64513344
sdca,dirichlet_0.3,4801,6,3655,0.5823041421714045,0.765625,0.7621666666666667,64513344
sdca,dirichlet_0.3,4801,7,2159,0.5822057374678434,0.7640416666666666,0.7625,64512000
sdca,dirichlet_0.3,4801,8,0,0.5826408656149084,0.7662083333333334,0.7628333333333334,64516032
sdca,dirichlet_0.3,4801,9,1045,0.5837227167328991,0.7667083333333333,0.7615,64509312
sdca,dirichlet_0.3,4826,0,63,0.582565165248691,0.76525,0.763,64852032
sdca,dirichlet_0.3,4826,1,229,0.5822289800090467,0.7658333333333334,0.7625,64858752
sdca,dirichlet_0.3,4826,2,3623,0.5826288222998299,0.7636666666666667,0.763,64848000
sdca,dirichlet_0.3,4826,3,2851,0.5914530654788159,0.7574166666666666,0.7508333333333334,64848000
sdca,dirichlet_0.3,4826,4,2684,0.600114782064471,0.7489166666666667,0.7446666666666667,64850688
sdca,dirichlet_0.3,4826,5,7691,0.5947032598591495,0.7615416666666667,0.756,64849344
sdca,dirichlet_0.3,4826,6,3655,0.5831734871766162,0.765625,0.7616666666666667,64849344
sdca,dirichlet_0.3,4826,7,2159,0.5828961529379104,0.76325,0.7615,64848000
sdca,dirichlet_0.3,4826,8,0,0.5825673802874981,0.7651666666666667,0.763,64852032
sdca,dirichlet_0.3,4826,9,1045,0.5823972917131214,0.7655,0.7635,64845312
sdca,dirichlet_0.3,4851,0,63,0.596415940857537,0.7605,0.7551666666666667,65188032
sdca,dirichlet_0.3,4851,1,229,0.5835289379876695,0.7660833333333333,0.7621666666666667,65194752
sdca,dirichlet_0.3,4851,2,3623,0.583859315064194,0.7630833333333333,0.7605,65184000
sdca,dirichlet_0.3,4851,3,2851,0.5914828539837106,0.757375,0.752,65184000
sdca,dirichlet_0.3,4851,4,2684,0.599999129822061,0.7486666666666667,0.7446666666666667,65186688
sdca,dirichlet_0.3,4851,5,7691,0.5946583551390127,0.7615416666666667,0.7555,65185344
sdca,dirichlet_0.3,4851,6,3655,0.582920027976177,0.7659166666666667,0.7621666666666667,65185344
sdca,dirichlet_0.3,4851,7,2159,0.5829276245074462,0.7635,0.7608333333333334,65184000
sdca,dirichlet_0.3,4851,8,0,0.5839036804969475,0.766375,0.761,65188032
sdca,dirichlet_0.3,4851,9,1045,0.5843699680173978,0.7672083333333334,0.761,65181312
sdca,dirichlet_0.3,4876,0,63,0.5818314186426198,0.7650833333333333,0.763,65524032
sdca,dirichlet_0.3,4876,1,229,0.581574959012206,0.7645416666666667,0.7643333333333333,65530752
sdca,dirichlet_0.3,4876,2,3623,0.5823463873691436,0.7639166666666667,0.7618333333333334,65520000
sdca,dirichlet_0.3,4876,3,2851,0.5893256203273449,0.7584583333333333,0.7523333333333333,65520000
sdca,dirichlet_0.3,4876,4,2684,0.6007536460557446,0.7480833333333333,0.7423333333333333,65522688
sdca,dirichlet_0.3,4876,5,7691,0.5939019804225598,0.7614166666666666,0.7561666666666667,65521344
sdca,dirichlet_0.3,4876,6,3655,0.5822341612723386,0.7656666666666667,0.7626666666666667,65521344
sdca,dirichlet_0.3,4876,7,2159,0.5819921742266684,0.763875,0.7618333333333334,65520000
sdca,dirichlet_0.3,4876,8,0,0.600753646055736,0.7480833333333333,0.7423333333333333,65524032
sdca,dirichlet_0.3,4876,9,1045,0.5814484467056306,0.7642083333333334,0.7631666666666667,65517312
sdca,dirichlet_0.3,4901,0,63,0.6015013535678255,0.756625,0.7525,65860032
sdca,dirichlet_0.3,4901,1,229,0.5877507269507793,0.7655833333333333,0.7575,65866752
sdca,dirichlet_0.3,4901,2,3623,0.5825561407466581,0.7625416666666667,0.7595,65856000
sdca,dirichlet_0.3,4901,3,2851,0.5897367196555243,0.7580416666666666,0.7505,65856000
sdca,dirichlet_0.3,4901,4,2684,0.5990632981522201,0.7496666666666667,0.7468333333333333,65858688
sdca,dirichlet_0.3,4901,5,7691,0.5953479877503524,0.761,0.757,65857344
sdca,dirichlet_0.3,4901,6,3655,0.5815515361853384,0.7646666666666667,0.7625,65857344
sdca,dirichlet_0.3,4901,7,2159,0.5816922817059408,0.7634166666666666,0.7611666666666667,65856000
sdca,dirichlet_0.3,4901,8,0,0.6538377215075768,0.7160416666666667,0.7116666666666667,65860032
sdca,dirichlet_0.3,4901,9,1045,0.5830873815282511,0.7662083333333334,0.7615,65853312
sdca,dirichlet_0.3,4926,0,63,0.5825906603136912,0.764625,0.7625,66196032
sdca,dirichlet_0.3,4926,1,229,0.5826515817256231,0.7649583333333333,0.7623333333333333,66202752
sdca,dirichlet_0.3,4926,2,3623,0.5827020875020241,0.763125,0.7606666666666667,66192000
sdca,dirichlet_0.3,4926,3,2851,0.5894351066548905,0.7583333333333333,0.7516666666666667,66192000
sdca,dirichlet_0.3,4926,4,2684,0.5987208548259407,0.7497916666666666,0.7458333333333333,66194688
sdca,dirichlet_0.3,4926,5,7691,0.5946180163417564,0.7609583333333333,0.7563333333333333,66193344
sdca,dirichlet_0.3,4926,6,3655,0.5822114689662923,0.7655416666666667,0.7625,66193344
sdca,dirichlet_0.3,4926,7,2159,0.5821050286923182,0.76275,0.761,66192000
sdca,dirichlet_0.3,4926,8,0,0.5867929579313764,0.7634166666666666,0.7575,66196032
sdca,dirichlet_0.3,4926,9,1045,0.5824754345441755,0.764875,0.7625,66189312
sdca,dirichlet_0.3,4951,0,63,0.5819958097204095,0.765625,0.7643333333333333,66532032
sdca,dirichlet_0.3,4951,1,229,0.5895444157436815,0.7628333333333334,0.7565,66538752
sdca,dirichlet_0.3,4951,2,3623,0.5830052651912656,0.7633333333333333,0.7608333333333334,66528000
sdca,dirichlet_0.3,4951,3,2851,0.5914547502754238,0.758375,0.7515,66528000
sdca,dirichlet_0.3,4951,4,2684,0.598495582398779,0.75025,0.747,66530688
sdca,dirichlet_0.3,4951,5,7691,0.5938470393897749,0.761875,0.7563333333333333,66529344
sdca,dirichlet_0.3,4951,6,3655,0.5824678390212699,0.7655416666666667,0.7626666666666667,66529344
sdca,dirichlet_0.3,4951,7,2159,0.5827016859665396,0.763625,0.7613333333333333,66528000
sdca,dirichlet_0.3,4951,8,0,0.5856711052141186,0.7608333333333334,0.7563333333333333,66532032
sdca,dirichlet_0.3,4951,9,1045,0.5827219121307811,0.765625,0.7611666666666667,66525312
sdca,dirichlet_0.3,4976,0,63,0.5818311841943019,0.7645833333333333,0.7631666666666667,66868032
sdca,dirichlet_0.3,4976,1,229,0.5825324194464204,0.764875,0.7616666666666667,66874752
sdca,dirichlet_0.3,4976,2,3623,0.5825107889805488,0.763875,0.762,66864000
sdca,dirichlet_0.3,4976,3,2851,0.5906356967133232,0.75825,0.7511666666666666,66864000
sdca,dirichlet_0.3,4976,4,2684,0.5972560574800362,0.7511666666666666,0.7473333333333333,66866688
sdca,dirichlet_0.3,4976,5,7691,0.5933760158095746,0.7623333333333333,0.7566666666666667,66865344
sdca,dirichlet_0.3,4976,6,3655,0.5824299971332495,0.7652916666666667,0.7621666666666667,66865344
sdca,dirichlet_0.3,4976,7,2159,0.5829463520990625,0.762875,0.7608333333333334,66864000
sdca,dirichlet_0.3,4976,8,0,0.5831515101055892,0.7652083333333334,0.7621666666666667,66868032
sdca,dirichlet_0.3,4976,9,1045,0.5820010240400635,0.76525,0.7626666666666667,66861312
sdca,dirichlet_0.3,5000,0,63,0.5817326197569308,0.764,0.762,67190592
sdca,dirichlet_0.3,5000,1,229,0.58199321178691,0.7659166666666667,0.7628333333333334,67197312
sdca,dirichlet_0.3,5000,2,3623,0.5821429215039411,0.7639583333333333,0.7596666666666667,67186560
sdca,dirichlet_0.3,5000,3,2851,0.5881385677318641,0.759375,0.7526666666666667,67186560
sdca,dirichlet_0.3,5000,4,2684,0.5965581533817389,0.7505416666666667,0.7481666666666666,67189248
sdca,dirichlet_0.3,5000,5,7691,0.5945260197569646,0.76125,0.7563333333333333,67187904
sdca,dirichlet_0.3,5000,6,3655,0.5816656819970786,0.7654166666666666,0.763,67187904
sdca,dirichlet_0.3,5000,7,2159,0.5820132422485679,0.76375,0.7616666666666667,67186560
sdca,dirichlet_0.3,5000,8,0,0.5826486857640019,0.7622083333333334,0.7586666666666667,67190592
sdca,dirichlet_0.3,5000,9,1045,0.5812962809969502,0.764125,0.7623333333333333,67183872
