method,scheme,round,node,n_local,hinge_loss,train_acc,test_acc,comm_bytes
sdca,label_skew,1,0,2468,1.0429636707938887,0.5140416666666666,0.5175,4032
sdca,label_skew,1,1,2333,1.1499505870664242,0.4859583333333333,0.4825,10752
sdca,label_skew,1,2,2468,1.0522667880011247,0.5140416666666666,0.5175,8064
sdca,label_skew,1,3,2333,1.126547027911707,0.4859583333333333,0.4825,1344
sdca,label_skew,1,4,2467,1.0440112574328047,0.5140416666666666,0.5175,4032
sdca,label_skew,1,5,2333,1.1267193869463556,0.4859583333333333,0.4825,1344
sdca,label_skew,1,6,2467,1.0557096817705725,0.5140416666666666,0.5175,1344
sdca,label_skew,1,7,2332,1.1332162849920275,0.4859583333333333,0.4825,2688
sdca,label_skew,1,8,2467,1.0466680736951004,0.5140416666666666,0.5175,6720
sdca,label_skew,1,9,2332,1.1093717792646403,0.4859583333333333,0.4825,1344
sdca,label_skew,26,0,2468,0.9815948888405798,0.5140416666666666,0.5175,340032
sdca,label_skew,26,1,2333,1.3600726233758622,0.4859583333333333,0.4825,344064
sdca,label_skew,26,2,2468,0.9845749236233791,0.5140416666666666,0.5175,344064
sdca,label_skew,26,3,2333,1.0517894141905262,0.4859583333333333,0.4825,337344
sdca,label_skew,26,4,2467,1.0024141999782965,0.5140416666666666,0.5175,333312
sdca,label_skew,26,5,2333,1.3463634986332613,0.4859583333333333,0.4825,334656
sdca,label_skew,26,6,2467,1.010593422143517,0.5140416666666666,0.5175,337344
sdca,label_skew,26,7,2332,1.0422709733486846,0.4859583333333333,0.4825,338688
sdca,label_skew,26,8,2467,0.9830255604945138,0.5140416666666666,0.5175,342720
sdca,label_skew,26,9,2332,1.914961684825787,0.4859583333333333,0.4825,334656
sdca,label_skew,51,0,2468,0.9854487766196592,0.5140416666666666,0.5175,676032
sdca,label_skew,51,1,2333,1.060269546899979,0.4859583333333333,0.4825,680064
sdca,label_skew,51,2,2468,0.9846458068751189,0.5140416666666666,0.5175,680064
sdca,label_skew,51,3,2333,1.0391187225603287,0.4859583333333333,0.4825,673344
sdca,label_skew,51,4,2467,0.9844489444193392,0.5140416666666666,0.5175,669312
sdca,label_skew,51,5,2333,1.0740768412298811,0.4859583333333333,0.4825,670656
sdca,label_skew,51,6,2467,0.9990714896788695,0.5140416666666666,0.5175,673344
sdca,label_skew,51,7,2332,1.02618157742317,0.4859583333333333,0.4825,674688
sdca,label_skew,51,8,2467,0.977835273265561,0.5140416666666666,0.5175,678720
sdca,label_skew,51,9,2332,1.0545309248693189,0.4859583333333333,0.4825,670656
sdca,label_skew,76,0,2468,0.9874963657151993,0.5140416666666666,0.5175,1012032
sdca,label_skew,76,1,2333,1.0796378995554075,0.4859583333333333,0.4825,1016064
sdca,label_skew,76,2,2468,0.9791770186220837,0.5140416666666666,0.5175,1016064
sdca,label_skew,76,3,2333,1.0182921798185813,0.4859583333333333,0.4825,1009344
sdca,label_skew,76,4,2467,0.992331176858365,0.5140416666666666,0.5175,1005312
sdca,label_skew,76,5,2333,1.0579971123271128,0.4859583333333333,0.4825,1006656
sdca,label_skew,76,6,2467,0.982642578663149,0.5140416666666666,0.5175,1009344
sdca,label_skew,76,7,2332,1.025807110244916,0.4859583333333333,0.4825,1010688
sdca,label_skew,76,8,2467,0.9950573772257567,0.5140416666666666,0.5175,1014720
sdca,label_skew,76,9,2332,1.0612080949348068,0.4859583333333333,0.4825,1006656
sdca,label_skew,101,0,2468,0.9810863082949897,0.5140416666666666,0.5175,1348032
sdca,label_skew,101,1,2333,1.0859260504112127,0.4859583333333333,0.4825,1352064
sdca,label_skew,101,2,2468,0.9838067908647405,0.5140416666666666,0.5175,1352064
sdca,label_skew,101,3,2333,1.0404349293353785,0.4859583333333333,0.4825,1345344
sdca,label_skew,101,4,2467,0.9811210690471808,0.5140416666666666,0.5175,1341312
sdca,label_skew,101,5,2333,1.090085948384401,0.4859583333333333,0.4825,1342656
sdca,label_skew,101,6,2467,0.9852415894393771,0.5140416666666666,0.5175,1345344
sdca,label_skew,101,7,2332,1.0409880092924306,0.4859583333333333,0.4825,1346688
sdca,label_skew,101,8,2467,0.9926095664739305,0.5140416666666666,0.5175,1350720
sdca,label_skew,101,9,2332,1.0473185419350586,0.4859583333333333,0.4825,1342656
sdca,label_skew,126,0,2468,0.9772340345865638,0.5140416666666666,0.5175,1684032
sdca,label_skew,126,1,2333,1.1371834333822486,0.4859583333333333,0.4825,1688064
sdca,label_skew,126,2,2468,0.9813156652547657,0.5140416666666666,0.5175,1688064
sdca,label_skew,126,3,2333,1.0243652500371596,0.4859583333333333,0.4825,1681344
sdca,label_skew,126,4,2467,0.9789801072311648,0.5140416666666666,0.5175,1677312
sdca,label_skew,126,5,2333,1.0418160657818138,0.4859583333333333,0.4825,1678656
sdca,label_skew,126,6,2467,0.9766411842770136,0.5140416666666666,0.5175,1681344
sdca,label_skew,126,7,2332,1.02207225110113,0.4859583333333333,0.4825,1682688
sdca,label_skew,126,8,2467,0.9788225902622313,0.5140416666666666,0.5175,1686720
sdca,label_skew,126,9,2332,1.0517616888204766,0.4859583333333333,0.4825,1678656
sdca,label_skew,151,0,2468,0.9791259704698357,0.5140416666666666,0.5175,2020032
sdca,label_skew,151,1,2333,1.0569918525032718,0.4859583333333333,0.4825,2024064
sdca,label_skew,151,2,2468,0.9800756879326902,0.5140416666666666,0.5175,2024064
sdca,label_skew,151,3,2333,1.0248550706530353,0.486,0.483,2017344
sdca,label_skew,151,4,2467,0.9856761191698239,0.5140416666666666,0.5175,2013312
sdca,label_skew,151,5,2333,1.039641771207989,0.4859583333333333,0.4825,2014656
sdca,label_skew,151,6,2467,0.983841218134616,0.5140416666666666,0.5175,2017344
sdca,label_skew,151,7,2332,1.016404154238029,0.4859583333333333,0.4826666666666667,2018688
sdca,label_skew,151,8,2467,0.9783826614282757,0.5140416666666666,0.5175,2022720
sdca,label_skew,151,9,2332,1.0814779058760255,0.4859583333333333,0.4825,2014656
sdca,label_skew,176,0,2468,0.9782271626927211,0.5140416666666666,0.5175,2356032
sdca,label_skew,176,1,2333,1.036361128950021,0.4859583333333333,0.4825,2360064
sdca,label_skew,176,2,2468,0.9828293898119767,0.5140416666666666,0.5175,2360064
sdca,label_skew,176,3,2333,1.0182125284131092,0.4859583333333333,0.4825,2353344
sdca,label_skew,176,4,2467,0.979187326248834,0.5140416666666666,0.5175,2349312
sdca,label_skew,176,5,2333,1.0413868726231146,0.4859583333333333,0.4825,2350656
sdca,label_skew,176,6,2467,0.9823021801272562,0.5140416666666666,0.5175,2353344
sdca,label_skew,176,7,2332,1.0200969532228974,0.4859583333333333,0.4825,2354688
sdca,label_skew,176,8,2467,0.9898519119215504,0.5140416666666666,0.5175,2358720
sdca,label_skew,176,9,2332,1.0490176463942014,0.4859583333333333,0.4825,2350656
sdca,label_skew,201,0,2468,0.9778305643889986,0.5140416666666666,0.5175,2692032
sdca,label_skew,201,1,2333,1.0534536633187772,0.4859583333333333,0.4825,2696064
sdca,label_skew,201,2,2468,0.9764709443398103,0.5140416666666666,0.5175,2696064
sdca,label_skew,201,3,2333,1.0156427744889422,0.486,0.483,2689344
sdca,label_skew,201,4,2467,0.9710774377233423,0.5140416666666666,0.5175,2685312
sdca,label_skew,201,5,2333,1.0377545564966515,0.4859583333333333,0.4825,2686656
sdca,label_skew,201,6,2467,0.9848839902493752,0.5140416666666666,0.5175,2689344
sdca,label_skew,201,7,2332,1.0012036182610995,0.48604166666666665,0.483,2690688
sdca,label_skew,201,8,2467,0.9719204382841241,0.5140416666666666,0.5175,2694720
sdca,label_skew,201,9,2332,1.0454731904284347,0.4859583333333333,0.4825,2686656
sdca,label_skew,226,0,2468,0.9853453731432672,0.5140416666666666,0.5175,3028032
sdca,label_skew,226,1,2333,1.0674277067258109,0.4859583333333333,0.4825,3032064
sdca,label_skew,226,2,2468,0.9901470995829309,0.5140416666666666,0.5175,3032064
sdca,label_skew,226,3,2333,1.0226202266708742,0.4859583333333333,0.4825,3025344
sdca,label_skew,226,4,2467,0.9740255858863263,0.5140416666666666,0.5175,3021312
sdca,label_skew,226,5,2333,1.0522308637182358,0.4859583333333333,0.4825,3022656
sdca,label_skew,226,6,2467,0.97937556203393,0.5140416666666666,0.5175,3025344
sdca,label_skew,226,7,2332,1.0165983374620131,0.4859583333333333,0.4825,3026688
sdca,label_skew,226,8,2467,0.9747113426091543,0.5140416666666666,0.5175,3030720
sdca,label_skew,226,9,2332,1.0673477162263323,0.4859583333333333,0.4825,3022656
sdca,label_skew,251,0,2468,0.9728706013638069,0.5140416666666666,0.5175,3364032
sdca,label_skew,251,1,2333,1.0782675430938624,0.4859583333333333,0.4825,3368064
sdca,label_skew,251,2,2468,0.9750431987282313,0.5140416666666666,0.5175,3368064
sdca,label_skew,251,3,2333,1.0106354805808329,0.4859583333333333,0.4825,3361344
sdca,label_skew,251,4,2467,0.9723887988550164,0.5140416666666666,0.5175,3357312
sdca,label_skew,251,5,2333,1.0531001947861247,0.4859583333333333,0.4825,3358656
sdca,label_skew,251,6,2467,0.9824023897211619,0.5140416666666666,0.5175,3361344
sdca,label_skew,251,7,2332,1.0036837336932398,0.486,0.4826666666666667,3362688
sdca,label_skew,251,8,2467,0.9841548883277119,0.5140416666666666,0.5175,3366720
sdca,label_skew,251,9,2332,1.077773140315514,0.48841666666666667,0.4851666666666667,3358656
sdca,label_skew,276,0,2468,0.9778828700610869,0.5140416666666666,0.5175,3700032
sdca,label_skew,276,1,2333,1.1182825173474717,0.48704166666666665,0.48433333333333334,3704064
sdca,label_skew,276,2,2468,0.9775566248280809,0.5140416666666666,0.5175,3704064
sdca,label_skew,276,3,2333,0.9894202599139089,0.5215416666666667,0.5238333333333334,3697344
sdca,label_skew,276,4,2467,0.9683848269610986,0.5140416666666666,0.5175,3693312
sdca,label_skew,276,5,2333,1.1431711536548155,0.49145833333333333,0.4875,3694656
sdca,label_skew,276,6,2467,0.9713033637360486,0.5140416666666666,0.5175,3697344
sdca,label_skew,276,7,2332,1.0103067061640467,0.4859583333333333,0.4825,3698688
sdca,label_skew,276,8,2467,0.9746115887612848,0.5140416666666666,0.5175,3702720
sdca,label_skew,276,9,2332,1.0785443357980138,0.48625,0.483,3694656
sdca,label_skew,301,0,2468,0.9774037792560788,0.5140416666666666,0.5175,4036032
sdca,label_skew,301,1,2333,1.0796859112770922,0.4859583333333333,0.4825,4040064
sdca,label_skew,301,2,2468,0.9669565642357792,0.5140416666666666,0.5175,4040064
sdca,label_skew,301,3,2333,1.0292435779182862,0.4859583333333333,0.4825,4033344
sdca,label_skew,301,4,2467,0.9720449526883836,0.5140416666666666,0.5175,4029312
sdca,label_skew,301,5,2333,1.0290617038632714,0.4859583333333333,0.4825,4030656
sdca,label_skew,301,6,2467,0.976797703786998,0.5140416666666666,0.5175,4033344
sdca,label_skew,301,7,2332,1.0126085125332933,0.48604166666666665,0.48333333333333334,4034688
sdca,label_skew,301,8,2467,0.9726645294708823,0.5140416666666666,0.5175,4038720
sdca,label_skew,301,9,2332,1.041739123663435,0.4859583333333333,0.4825,4030656
sdca,label_skew,326,0,2468,0.97262018207166,0.5140416666666666,0.5175,4372032
sdca,label_skew,326,1,2333,1.0382464092354422,0.4859583333333333,0.4825,4376064
sdca,label_skew,326,2,2468,0.9785063095974329,0.5140416666666666,0.5175,4376064
sdca,label_skew,326,3,2333,1.0133445902836131,0.4859583333333333,0.4825,4369344
sdca,label_skew,326,4,2467,0.9672032643915098,0.5140416666666666,0.5175,4365312
sdca,label_skew,326,5,2333,1.0261754569433945,0.4859583333333333,0.4825,4366656
sdca,label_skew,326,6,2467,0.9790365146268447,0.5140416666666666,0.5175,4369344
sdca,label_skew,326,7,2332,1.0021517391475898,0.48604166666666665,0.483,4370688
sdca,label_skew,326,8,2467,0.9801357014523352,0.5140416666666666,0.5175,4374720
sdca,label_skew,326,9,2332,1.0207501418167515,0.4859583333333333,0.4825,4366656
sdca,label_skew,351,0,2468,0.9701557332703842,0.5140416666666666,0.5175,4708032
sdca,label_skew,351,1,2333,1.1109710421494037,0.4864583333333333,0.4831666666666667,4712064
sdca,label_skew,351,2,2468,0.9861503526420301,0.5140416666666666,0.5175,4712064
sdca,label_skew,351,3,2333,0.9137109186093428,0.53725,0.5406666666666666,4705344
sdca,label_skew,351,4,2467,0.9771027734467999,0.5140416666666666,0.5175,4701312
sdca,label_skew,351,5,2333,0.9885193818748746,0.489625,0.487,4702656
sdca,label_skew,351,6,2467,1.0150037300181558,0.5140416666666666,0.5175,4705344
sdca,label_skew,351,7,2332,0.9557608504494206,0.49466666666666664,0.49333333333333335,4706688
sdca,label_skew,351,8,2467,1.0510320818057566,0.5140416666666666,0.5175,4710720
sdca,label_skew,351,9,2332,1.0009751879129654,0.49225,0.49033333333333334,4702656
sdca,label_skew,376,0,2468,0.9704725713700418,0.5140416666666666,0.5175,5044032
sdca,label_skew,376,1,2333,1.046190878922728,0.4859583333333333,0.4825,5048064
sdca,label_skew,376,2,2468,0.9694197691642354,0.5140416666666666,0.5175,5048064
sdca,label_skew,376,3,2333,0.9947770676918276,0.48683333333333334,0.48383333333333334,5041344
sdca,label_skew,376,4,2467,0.9716652788892834,0.5140416666666666,0.5175,5037312
sdca,label_skew,376,5,2333,1.0193420382991167,0.48604166666666665,0.48283333333333334,5038656
sdca,label_skew,376,6,2467,0.9695329969805321,0.5140416666666666,0.5175,5041344
sdca,label_skew,376,7,2332,0.9959285949838684,0.48683333333333334,0.48383333333333334,5042688
sdca,label_skew,376,8,2467,0.9759453945683559,0.5140416666666666,0.5175,5046720
sdca,label_skew,376,9,2332,1.0111439078457813,0.486,0.48283333333333334,5038656
sdca,label_skew,401,0,2468,0.963218278278354,0.5140416666666666,0.5175,5380032
sdca,label_skew,401,1,2333,1.0394016950379277,0.4859583333333333,0.4825,5384064
sdca,label_skew,401,2,2468,0.9694304175751826,0.5140416666666666,0.5175,5384064
sdca,label_skew,401,3,2333,1.0034636504157677,0.486,0.48283333333333334,5377344
sdca,label_skew,401,4,2467,0.9740347152875123,0.5140416666666666,0.5175,5373312
sdca,label_skew,401,5,2333,1.0281621373677443,0.486,0.4826666666666667,5374656
sdca,label_skew,401,6,2467,0.9739622848431574,0.5140416666666666,0.5175,5377344
sdca,label_skew,401,7,2332,0.9919939026514324,0.486625,0.4835,5378688
sdca,label_skew,401,8,2467,0.9692233517481503,0.5140416666666666,0.5175,5382720
sdca,label_skew,401,9,2332,1.0327142035148666,0.48604166666666665,0.483,5374656
sdca,label_skew,426,0,2468,0.964441355481072,0.5140416666666666,0.5175,5716032
sdca,label_skew,426,1,2333,1.046714455267069,0.4859583333333333,0.4825,5720064
sdca,label_skew,426,2,2468,0.9669423658905535,0.5140416666666666,0.5175,5720064
sdca,label_skew,426,3,2333,1.0215810854792802,0.48604166666666665,0.4831666666666667,5713344
sdca,label_skew,426,4,2467,0.9664255922727558,0.5140416666666666,0.5175,5709312
sdca,label_skew,426,5,2333,1.0433391585711673,0.4859583333333333,0.4825,5710656
sdca,label_skew,426,6,2467,0.9685603062406014,0.5140416666666666,0.5175,5713344
sdca,label_skew,426,7,2332,0.9932091029824475,0.4864583333333333,0.48333333333333334,5714688
sdca,label_skew,426,8,2467,0.970712305307013,0.5140416666666666,0.5175,5718720
sdca,label_skew,426,9,2332,1.051781912989618,0.486,0.483,5710656
sdca,label_skew,451,0,2468,0.9789834209104474,0.5140416666666666,0.5175,6052032
sdca,label_skew,451,1,2333,1.0297950973033396,0.4859583333333333,0.4825,6056064
sdca,label_skew,451,2,2468,0.9719248101795135,0.5140416666666666,0.5175,6056064
sdca,label_skew,451,3,2333,0.9986547784152926,0.4859583333333333,0.4825,6049344
sdca,label_skew,451,4,2467,0.9651355512117074,0.5140416666666666,0.5175,6045312
sdca,label_skew,451,5,2333,1.0176110714648363,0.4859583333333333,0.4825,6046656
sdca,label_skew,451,6,2467,0.9687414491843486,0.5140416666666666,0.5175,6049344
sdca,label_skew,451,7,2332,1.0098204669790285,0.486,0.48283333333333334,6050688
sdca,label_skew,451,8,2467,0.9683984250708016,0.5140416666666666,0.5175,6054720
sdca,label_skew,451,9,2332,1.0289210562438538,0.4859583333333333,0.4825,6046656
sdca,label_skew,476,0,2468,0.9579078972089476,0.5140416666666666,0.5175,6388032
sdca,label_skew,476,1,2333,1.1764386101475732,0.532625,0.5346666666666666,6392064
sdca,label_skew,476,2,2468,0.9845932197379589,0.5140416666666666,0.5175,6392064
sdca,label_skew,476,3,2333,0.9429417624684547,0.5370416666666666,0.5405,6385344
sdca,label_skew,476,4,2467,0.9633889999127468,0.5140416666666666,0.5175,6381312
sdca,label_skew,476,5,2333,1.0544333618685187,0.4859583333333333,0.4825,6382656
sdca,label_skew,476,6,2467,0.9641561555226579,0.5140416666666666,0.5175,6385344
sdca,label_skew,476,7,2332,0.9884677155832533,0.487625,0.4846666666666667,6386688
sdca,label_skew,476,8,2467,0.9637296408579877,0.5140416666666666,0.5175,6390720
sdca,label_skew,476,9,2332,1.0304605932685547,0.49083333333333334,0.4875,6382656
sdca,label_skew,501,0,2468,0.9602897465659037,0.5140416666666666,0.5175,6724032
sdca,label_skew,501,1,2333,1.050170832186381,0.4859583333333333,0.4825,6728064
sdca,label_skew,501,2,2468,0.9651213335868613,0.5140416666666666,0.5175,6728064
sdca,label_skew,501,3,2333,0.9925830887664848,0.4862916666666667,0.4835,6721344
sdca,label_skew,501,4,2467,0.9594829241264948,0.5140416666666666,0.5175,6717312
sdca,label_skew,501,5,2333,1.0128091133983252,0.486,0.4826666666666667,6718656
sdca,label_skew,501,6,2467,0.9799383082659776,0.5140416666666666,0.5175,6721344
sdca,label_skew,501,7,2332,0.9966018707503866,0.4859583333333333,0.4825,6722688
sdca,label_skew,501,8,2467,0.9662996851888106,0.5140416666666666,0.5175,6726720
sdca,label_skew,501,9,2332,1.0205789192039711,0.4859583333333333,0.4825,6718656
sdca,label_skew,526,0,2468,0.966507094222336,0.5140416666666666,0.5175,7060032
sdca,label_skew,526,1,2333,1.055767785961296,0.4859583333333333,0.4825,7064064
sdca,label_skew,526,2,2468,0.9619753757420573,0.5140416666666666,0.5175,7064064
sdca,label_skew,526,3,2333,0.9834860071473353,0.48920833333333336,0.4856666666666667,7057344
sdca,label_skew,526,4,2467,0.9594177681638736,0.5140416666666666,0.5175,7053312
sdca,label_skew,526,5,2333,1.0297482416221313,0.486,0.48283333333333334,7054656
sdca,label_skew,526,6,2467,0.9902109211548074,0.5140416666666666,0.5175,7057344
sdca,label_skew,526,7,2332,0.9656737857474634,0.4975833333333333,0.495,7058688
sdca,label_skew,526,8,2467,0.974444213281941,0.5140416666666666,0.5175,7062720
sdca,label_skew,526,9,2332,1.0297919147113834,0.488625,0.4851666666666667,7054656
sdca,label_skew,551,0,2468,0.9614305060080075,0.5140416666666666,0.5175,7396032
sdca,label_skew,551,1,2333,1.0407130365476318,0.4859583333333333,0.4825,7400064
sdca,label_skew,551,2,2468,0.9673035519305516,0.5140416666666666,0.5175,7400064
sdca,label_skew,551,3,2333,0.9865607285814857,0.4859583333333333,0.48283333333333334,7393344
sdca,label_skew,551,4,2467,0.9592756699637593,0.5140416666666666,0.5175,7389312
sdca,label_skew,551,5,2333,1.0146956201235249,0.486,0.483,7390656
sdca,label_skew,551,6,2467,0.969351792873484,0.5140416666666666,0.5175,7393344
sdca,label_skew,551,7,2332,0.9949180901841429,0.4859583333333333,0.4826666666666667,7394688
sdca,label_skew,551,8,2467,0.9656885534222435,0.5140416666666666,0.5175,7398720
sdca,label_skew,551,9,2332,1.0129388575997722,0.4859583333333333,0.4826666666666667,7390656
sdca,label_skew,576,0,2468,0.9475094421296928,0.5140416666666666,0.5175,7732032
sdca,label_skew,576,1,2333,1.0399916053263738,0.4897916666666667,0.4856666666666667,7736064
sdca,label_skew,576,2,2468,0.9550164062637946,0.5140416666666666,0.5175,7736064
sdca,label_skew,576,3,2333,0.9692492539770271,0.4922916666666667,0.489,7729344
sdca,label_skew,576,4,2467,0.9448865216511112,0.5140416666666666,0.5175,7725312
sdca,label_skew,576,5,2333,1.0137237353741435,0.5054166666666666,0.5043333333333333,7726656
sdca,label_skew,576,6,2467,0.9638186231439015,0.5140416666666666,0.5175,7729344
sdca,label_skew,576,7,2332,0.9573560464921632,0.5064166666666666,0.5048333333333334,7730688
sdca,label_skew,576,8,2467,0.9612502635133178,0.5140416666666666,0.5175,7734720
sdca,label_skew,576,9,2332,1.0078808925063572,0.49320833333333336,0.49033333333333334,7726656
sdca,label_skew,601,0,2468,0.9481418527474152,0.5140416666666666,0.5175,8068032
sdca,label_skew,601,1,2333,1.102899086849308,0.49775,0.49366666666666664,8072064
sdca,label_skew,601,2,2468,0.9613939842898138,0.5140416666666666,0.5175,8072064
sdca,label_skew,601,3,2333,0.9930697237612525,0.489,0.48583333333333334,8065344
sdca,label_skew,601,4,2467,0.954444272344363,0.5140416666666666,0.5175,8061312
sdca,label_skew,601,5,2333,1.0891624537539426,0.5105833333333333,0.5101666666666667,8062656
sdca,label_skew,601,6,2467,0.9688479872790207,0.5140416666666666,0.5175,8065344
sdca,label_skew,601,7,2332,0.9536078031240568,0.5362083333333333,0.5405,8066688
sdca,label_skew,601,8,2467,0.9570357382525685,0.5140416666666666,0.5175,8070720
sdca,label_skew,601,9,2332,1.0553353181547367,0.4871666666666667,0.4836666666666667,8062656
sdca,label_skew,626,0,2468,0.9621900445793242,0.5140416666666666,0.5175,8404032
sdca,label_skew,626,1,2333,1.0410784885589686,0.4859583333333333,0.4825,8408064
sdca,label_skew,626,2,2468,0.9684703995920293,0.5140416666666666,0.5175,8408064
sdca,label_skew,626,3,2333,0.9893795381259937,0.4860833333333333,0.4831666666666667,8401344
sdca,label_skew,626,4,2467,0.9581163255467131,0.5140416666666666,0.5175,8397312
sdca,label_skew,626,5,2333,1.0092968563312636,0.4859583333333333,0.4826666666666667,8398656
sdca,label_skew,626,6,2467,0.9687157001334599,0.5140416666666666,0.5175,8401344
sdca,label_skew,626,7,2332,0.9871313858207832,0.4861666666666667,0.4831666666666667,8402688
sdca,label_skew,626,8,2467,0.9670003242748156,0.5140416666666666,0.5175,8406720
sdca,label_skew,626,9,2332,1.0135236911774934,0.4859583333333333,0.4825,8398656
sdca,label_skew,651,0,2468,0.9606614174111106,0.5140416666666666,0.5175,8740032
sdca,label_skew,651,1,2333,1.0470387342411704,0.4859583333333333,0.4825,8744064
sdca,label_skew,651,2,2468,0.9646121013713467,0.5140416666666666,0.5175,8744064
sdca,label_skew,651,3,2333,0.9828254416344304,0.4867916666666667,0.4836666666666667,8737344
sdca,label_skew,651,4,2467,0.9605914342345586,0.5140416666666666,0.5175,8733312
sdca,label_skew,651,5,2333,1.0258117523965968,0.4859583333333333,0.4826666666666667,8734656
sdca,label_skew,651,6,2467,0.9656101854154365,0.5140416666666666,0.5175,8737344
sdca,label_skew,651,7,2332,0.9770943974738534,0.48675,0.4836666666666667,8738688
sdca,label_skew,651,8,2467,0.9692930945564361,0.5140416666666666,0.5175,8742720
sdca,label_skew,651,9,2332,1.0001274877223951,0.4859583333333333,0.4826666666666667,8734656
sdca,label_skew,676,0,2468,0.945510063346813,0.5140416666666666,0.5175,9076032
sdca,label_skew,676,1,2333,1.057422471318223,0.4859583333333333,0.4826666666666667,9080064
sdca,label_skew,676,2,2468,0.9555129861376211,0.5140416666666666,0.5175,9080064
sdca,label_skew,676,3,2333,0.9865221252339453,0.48833333333333334,0.4855,9073344
sdca,label_skew,676,4,2467,0.9546743885285414,0.5140416666666666,0.5175,9069312
sdca,label_skew,676,5,2333,1.0226037516514956,0.4977916666666667,0.496,9070656
sdca,label_skew,676,6,2467,0.9642432078986269,0.5140416666666666,0.5175,9073344
sdca,label_skew,676,7,2332,0.9502767134706962,0.4977083333333333,0.49566666666666664,9074688
sdca,label_skew,676,8,2467,0.9598068992686966,0.5140416666666666,0.5175,9078720
sdca,label_skew,676,9,2332,1.000946281185165,0.48741666666666666,0.48433333333333334,9070656
sdca,label_skew,701,0,2468,0.9532355485035592,0.5140416666666666,0.5175,9412032
sdca,label_skew,701,1,2333,1.0649472992832487,0.4860833333333333,0.483,9416064
sdca,label_skew,701,2,2468,0.9550147676590608,0.5140416666666666,0.5175,9416064
sdca,label_skew,701,3,2333,0.9757938856239935,0.48633333333333334,0.48333333333333334,9409344
sdca,label_skew,701,4,2467,0.9516143711564319,0.5140416666666666,0.5175,9405312
sdca,label_skew,701,5,2333,1.0152863148628573,0.486,0.483,9406656
sdca,label_skew,701,6,2467,0.973952232729107,0.5140416666666666,0.5175,9409344
sdca,label_skew,701,7,2332,0.9674113875840397,0.48775,0.485,9410688
sdca,label_skew,701,8,2467,0.9684771240724179,0.5140416666666666,0.5175,9414720
sdca,label_skew,701,9,2332,1.008248225380066,0.486,0.48283333333333334,9406656
sdca,label_skew,726,0,2468,0.9411949973432802,0.5140416666666666,0.5175,9748032
sdca,label_skew,726,1,2333,1.0469842935637044,0.4859583333333333,0.4825,9752064
sdca,label_skew,726,2,2468,0.9576321333424315,0.5140416666666666,0.5175,9752064
sdca,label_skew,726,3,2333,0.9786552306761566,0.486125,0.483,9745344
sdca,label_skew,726,4,2467,0.9460756267824145,0.5140416666666666,0.5175,9741312
sdca,label_skew,726,5,2333,0.9996722256641672,0.4859583333333333,0.4825,9742656
sdca,label_skew,726,6,2467,0.9650379300939194,0.5140416666666666,0.5175,9745344
sdca,label_skew,726,7,2332,1.0009616287303862,0.4859583333333333,0.4825,9746688
sdca,label_skew,726,8,2467,0.9548369712830909,0.5140416666666666,0.5175,9750720
sdca,label_skew,726,9,2332,1.0044399918800924,0.4859583333333333,0.4826666666666667,9742656
sdca,label_skew,751,0,2468,0.9516560654075661,0.5140416666666666,0.5175,10084032
sdca,label_skew,751,1,2333,1.0281692488134249,0.4859583333333333,0.4825,10088064
sdca,label_skew,751,2,2468,0.9585139587891549,0.5140416666666666,0.5175,10088064
sdca,label_skew,751,3,2333,0.9756485345423547,0.4860833333333333,0.483,10081344
sdca,label_skew,751,4,2467,0.9486734238552652,0.5140416666666666,0.5175,10077312
sdca,label_skew,751,5,2333,1.0304217620110212,0.486,0.48283333333333334,10078656
sdca,label_skew,751,6,2467,0.9573320588767354,0.5140416666666666,0.5175,10081344
sdca,label_skew,751,7,2332,0.9726637559671132,0.48725,0.484,10082688
sdca,label_skew,751,8,2467,0.9639945689335718,0.5140416666666666,0.5175,10086720
sdca,label_skew,751,9,2332,1.0048212833201353,0.486,0.48283333333333334,10078656
sdca,label_skew,776,0,2468,0.9507435099073711,0.5140416666666666,0.5175,10420032
sdca,label_skew,776,1,2333,1.0460132487228,0.4859583333333333,0.4825,10424064
sdca,label_skew,776,2,2468,0.9572453913277167,0.5140416666666666,0.5175,10424064
sdca,label_skew,776,3,2333,0.9730832142939367,0.48654166666666665,0.48333333333333334,10417344
sdca,label_skew,776,4,2467,0.955763420440232,0.5140416666666666,0.5175,10413312
sdca,label_skew,776,5,2333,1.0089849213572653,0.486,0.48283333333333334,10414656
sdca,label_skew,776,6,2467,0.9623964463854223,0.5140416666666666,0.5175,10417344
sdca,label_skew,776,7,2332,0.9693224676276055,0.48754166666666665,0.4841666666666667,10418688
sdca,label_skew,776,8,2467,0.9675379306246005,0.5140416666666666,0.5175,10422720
sdca,label_skew,776,9,2332,1.0040818259489759,0.48604166666666665,0.483,10414656
sdca,label_skew,801,0,2468,0.9309268382134962,0.5140416666666666,0.5175,10756032
sdca,label_skew,801,1,2333,1.2631321229929309,0.4902916666666667,0.4865,10760064
sdca,label_skew,801,2,2468,0.9377454212836673,0.5140416666666666,0.5175,10760064
sdca,label_skew,801,3,2333,0.9570318708257451,0.48933333333333334,0.48633333333333334,10753344
sdca,label_skew,801,4,2467,0.9434329624936927,0.5140416666666666,0.5175,10749312
sdca,label_skew,801,5,2333,0.9971250112932577,0.4859583333333333,0.4825,10750656
sdca,label_skew,801,6,2467,0.9498098108200538,0.5140416666666666,0.5175,10753344
sdca,label_skew,801,7,2332,0.9732717638649645,0.48604166666666665,0.4825,10754688
sdca,label_skew,801,8,2467,0.9451483052051814,0.5140416666666666,0.5175,10758720
sdca,label_skew,801,9,2332,1.009875898894296,0.48704166666666665,0.4835,10750656
sdca,label_skew,826,0,2468,0.9466002869972656,0.5140416666666666,0.5175,11092032
sdca,label_skew,826,1,2333,1.0164333099422465,0.486,0.4826666666666667,11096064
sdca,label_skew,826,2,2468,0.9621195147755495,0.5140416666666666,0.5175,11096064
sdca,label_skew,826,3,2333,0.9748504434404083,0.48633333333333334,0.48333333333333334,11089344
sdca,label_skew,826,4,2467,0.9489053536265183,0.5140416666666666,0.5175,11085312
sdca,label_skew,826,5,2333,0.9984867640835696,0.486,0.4825,11086656
sdca,label_skew,826,6,2467,0.9536122251105885,0.5140416666666666,0.5175,11089344
sdca,label_skew,826,7,2332,0.9573158072256123,0.49154166666666665,0.49,11090688
sdca,label_skew,826,8,2467,0.9708874633930488,0.5140416666666666,0.5175,11094720
sdca,label_skew,826,9,2332,1.0048541190414475,0.486125,0.48283333333333334,11086656
sdca,label_skew,851,0,2468,0.9440122193976628,0.5140416666666666,0.5175,11428032
sdca,label_skew,851,1,2333,1.0293363213264295,0.4871666666666667,0.4841666666666667,11432064
sdca,label_skew,851,2,2468,0.9396171873585121,0.5140416666666666,0.5175,11432064
sdca,label_skew,851,3,2333,0.9471383269982128,0.5005416666666667,0.5001666666666666,11425344
sdca,label_skew,851,4,2467,0.9417870707733973,0.5140416666666666,0.5175,11421312
sdca,label_skew,851,5,2333,0.9979034780009944,0.4862916666666667,0.4835,11422656
sdca,label_skew,851,6,2467,0.9553537723951371,0.5140416666666666,0.5175,11425344
sdca,label_skew,851,7,2332,0.9546755372342799,0.49070833333333336,0.4885,11426688
sdca,label_skew,851,8,2467,0.9679033574811432,0.5140416666666666,0.5175,11430720
sdca,label_skew,851,9,2332,0.9864690629107901,0.48670833333333335,0.48383333333333334,11422656
sdca,label_skew,876,0,2468,0.940240394094167,0.5140416666666666,0.5175,11764032
sdca,label_skew,876,1,2333,1.0737610175072743,0.486,0.48283333333333334,11768064
sdca,label_skew,876,2,2468,0.9540823405451271,0.5140416666666666,0.5175,11768064
sdca,label_skew,876,3,2333,0.9692161339295471,0.4879583333333333,0.4855,11761344
sdca,label_skew,876,4,2467,0.951266510270185,0.5140416666666666,0.5175,11757312
sdca,label_skew,876,5,2333,1.004198001555768,0.486125,0.483,11758656
sdca,label_skew,876,6,2467,0.9609433405343575,0.5140416666666666,0.5175,11761344
sdca,label_skew,876,7,2332,0.9679992511028958,0.488,0.48483333333333334,11762688
sdca,label_skew,876,8,2467,0.9583526803694876,0.5140416666666666,0.5175,11766720
sdca,label_skew,876,9,2332,1.0088076156779069,0.48620833333333335,0.4831666666666667,11758656
sdca,label_skew,901,0,2468,0.9144487191600636,0.5140416666666666,0.5175,12100032
sdca,label_skew,901,1,2333,1.0589400672538216,0.49295833333333333,0.4895,12104064
sdca,label_skew,901,2,2468,0.9305025179759465,0.5140416666666666,0.5175,12104064
sdca,label_skew,901,3,2333,0.9402028693644642,0.4989166666666667,0.49933333333333335,12097344
sdca,label_skew,901,4,2467,0.9143077401876268,0.5140416666666666,0.5175,12093312
sdca,label_skew,901,5,2333,1.0306971871469968,0.4945833333333333,0.493,12094656
sdca,label_skew,901,6,2467,0.9319930948745675,0.5140416666666666,0.5175,12097344
sdca,label_skew,901,7,2332,0.9331980270225237,0.5069166666666667,0.5063333333333333,12098688
sdca,label_skew,901,8,2467,0.9494151333407043,0.5140416666666666,0.5175,12102720
sdca,label_skew,901,9,2332,1.0119978762211679,0.5014166666666666,0.499,12094656
sdca,label_skew,926,0,2468,0.9372719506852257,0.5140416666666666,0.5175,12436032
sdca,label_skew,926,1,2333,1.032905525815806,0.486125,0.483,12440064
sdca,label_skew,926,2,2468,0.9411201749710629,0.5140416666666666,0.5175,12440064
sdca,label_skew,926,3,2333,0.9661263647761303,0.4870833333333333,0.4845,12433344
sdca,label_skew,926,4,2467,0.9411518068583001,0.5140416666666666,0.5175,12429312
sdca,label_skew,926,5,2333,1.0008908728263115,0.4861666666666667,0.483,12430656
sdca,label_skew,926,6,2467,0.9527249542180668,0.5140416666666666,0.5175,12433344
sdca,label_skew,926,7,2332,0.948616087636971,0.498375,0.49716666666666665,12434688
sdca,label_skew,926,8,2467,0.9562530286004028,0.5140416666666666,0.5175,12438720
sdca,label_skew,926,9,2332,0.9951353174684756,0.486125,0.483,12430656
sdca,label_skew,951,0,2468,0.9317106400591352,0.5140416666666666,0.5175,12772032
sdca,label_skew,951,1,2333,1.0481369913208038,0.487375,0.4845,12776064
sdca,label_skew,951,2,2468,0.9404599483393662,0.5140416666666666,0.5175,12776064
sdca,label_skew,951,3,2333,0.94793533817084,0.49783333333333335,0.49666666666666665,12769344
sdca,label_skew,951,4,2467,0.9310051759941053,0.5140416666666666,0.5175,12765312
sdca,label_skew,951,5,2333,0.9936341097710241,0.48770833333333335,0.485,12766656
sdca,label_skew,951,6,2467,0.9524938277523475,0.5140416666666666,0.5175,12769344
sdca,label_skew,951,7,2332,0.939191995269213,0.503875,0.5026666666666667,12770688
sdca,label_skew,951,8,2467,0.9461179153284068,0.5140416666666666,0.5175,12774720
sdca,label_skew,951,9,2332,0.9914090756263956,0.4875833333333333,0.48433333333333334,12766656
sdca,label_skew,976,0,2468,0.9354712870850669,0.5140416666666666,0.5175,13108032
sdca,label_skew,976,1,2333,1.037664171348315,0.486125,0.48283333333333334,13112064
sdca,label_skew,976,2,2468,0.9431637172949792,0.5140416666666666,0.5175,13112064
sdca,label_skew,976,3,2333,0.9599490984103856,0.4879583333333333,0.486,13105344
sdca,label_skew,976,4,2467,0.9394968754358979,0.5140416666666666,0.5175,13101312
sdca,label_skew,976,5,2333,0.9774735536867735,0.48641666666666666,0.4835,13102656
sdca,label_skew,976,6,2467,0.9557573053538516,0.5140416666666666,0.5175,13105344
sdca,label_skew,976,7,2332,0.9485023774986586,0.49041666666666667,0.4881666666666667,13106688
sdca,label_skew,976,8,2467,0.9611420917959018,0.5140416666666666,0.5175,13110720
sdca,label_skew,976,9,2332,0.992575269095988,0.4860833333333333,0.4831666666666667,13102656
sdca,label_skew,1001,0,2468,0.9338743006183028,0.5140416666666666,0.5175,13444032
sdca,label_skew,1001,1,2333,1.1485159925577708,0.5045416666666667,0.5035,13448064
sdca,label_skew,1001,2,2468,0.9638023598775936,0.5140416666666666,0.5175,13448064
sdca,label_skew,1001,3,2333,0.9478782726603617,0.49475,0.493,13441344
sdca,label_skew,1001,4,2467,0.936085447733266,0.5140416666666666,0.5175,13437312
sdca,label_skew,1001,5,2333,0.986551861890126,0.48633333333333334,0.48333333333333334,13438656
sdca,label_skew,1001,6,2467,0.9534027495928324,0.5140416666666666,0.5175,13441344
sdca,label_skew,1001,7,2332,0.9402758901604563,0.4964166666666667,0.497,13442688
sdca,label_skew,1001,8,2467,0.9573840010762543,0.5140416666666666,0.5175,13446720
sdca,label_skew,1001,9,2332,0.9843503410423373,0.48620833333333335,0.483,13438656
sdca,label_skew,1026,0,2468,0.9286168940284012,0.5140416666666666,0.5175,13780032
sdca,label_skew,1026,1,2333,1.001369922086119,0.4927916666666667,0.49166666666666664,13784064
sdca,label_skew,1026,2,2468,0.9503129666024319,0.5140416666666666,0.5175,13784064
sdca,label_skew,1026,3,2333,0.945854339335358,0.49745833333333334,0.4975,13777344
sdca,label_skew,1026,4,2467,0.9300874445382272,0.5140416666666666,0.5175,13773312
sdca,label_skew,1026,5,2333,0.9653605289858654,0.49733333333333335,0.49733333333333335,13774656
sdca,label_skew,1026,6,2467,0.9493585605124715,0.5140416666666666,0.5175,13777344
sdca,label_skew,1026,7,2332,0.9092228718768659,0.512,0.5121666666666667,13778688
sdca,label_skew,1026,8,2467,0.9486571615623206,0.5140416666666666,0.5175,13782720
sdca,label_skew,1026,9,2332,0.9801037643696494,0.491625,0.49033333333333334,13774656
sdca,label_skew,1051,0,2468,0.913430678733693,0.5140416666666666,0.5175,14116032
sdca,label_skew,1051,1,2333,1.0722933120428508,0.49916666666666665,0.49883333333333335,14120064
sdca,label_skew,1051,2,2468,0.9216154323680434,0.5140416666666666,0.5175,14120064
sdca,label_skew,1051,3,2333,0.9183200565107795,0.5036666666666667,0.5053333333333333,14113344
sdca,label_skew,1051,4,2467,0.918046144300247,0.5140416666666666,0.5175,14109312
sdca,label_skew,1051,5,2333,0.9312940226957601,0.53025,0.5348333333333334,14110656
sdca,label_skew,1051,6,2467,0.9445377652144691,0.5140416666666666,0.5175,14113344
sdca,label_skew,1051,7,2332,0.8857755508730817,0.5197916666666667,0.522,14114688
sdca,label_skew,1051,8,2467,0.9418471635499639,0.5140416666666666,0.5175,14118720
sdca,label_skew,1051,9,2332,0.950991910406445,0.497625,0.49816666666666665,14110656
sdca,label_skew,1076,0,2468,0.924174323561325,0.5140416666666666,0.5175,14452032
sdca,label_skew,1076,1,2333,1.055607133518672,0.4861666666666667,0.4831666666666667,14456064
sdca,label_skew,1076,2,2468,0.9397938525173986,0.5140416666666666,0.5175,14456064
sdca,label_skew,1076,3,2333,0.9536789577667993,0.49033333333333334,0.4891666666666667,14449344
sdca,label_skew,1076,4,2467,0.9247160711643068,0.5140416666666666,0.5175,14445312
sdca,label_skew,1076,5,2333,0.9823489980521048,0.48691666666666666,0.4841666666666667,14446656
sdca,label_skew,1076,6,2467,0.9557122274051849,0.5140416666666666,0.5175,14449344
sdca,label_skew,1076,7,2332,0.938577962713363,0.4955,0.494,14450688
sdca,label_skew,1076,8,2467,0.945706912489342,0.5140416666666666,0.5175,14454720
sdca,label_skew,1076,9,2332,0.9730590261026739,0.49175,0.49033333333333334,14446656
sdca,label_skew,1101,0,2468,0.9235611128072629,0.5140416666666666,0.5175,14788032
sdca,label_skew,1101,1,2333,1.034233965949746,0.48654166666666665,0.48333333333333334,14792064
sdca,label_skew,1101,2,2468,0.9340484742739736,0.5140416666666666,0.5175,14792064
sdca,label_skew,1101,3,2333,0.9387649084979536,0.49633333333333335,0.496,14785344
sdca,label_skew,1101,4,2467,0.9240778190164669,0.5140416666666666,0.5175,14781312
sdca,label_skew,1101,5,2333,0.9797756859309238,0.48791666666666667,0.48583333333333334,14782656
sdca,label_skew,1101,6,2467,0.9468483016598798,0.5140416666666666,0.5175,14785344
sdca,label_skew,1101,7,2332,0.9353769587032924,0.49945833333333334,0.49883333333333335,14786688
sdca,label_skew,1101,8,2467,0.9398921522083138,0.5140416666666666,0.5175,14790720
sdca,label_skew,1101,9,2332,0.974457276966501,0.48825,0.4865,14782656
sdca,label_skew,1126,0,2468,0.9211758237815502,0.5140416666666666,0.5175,15124032
sdca,label_skew,1126,1,2333,1.0453094610651121,0.48683333333333334,0.484,15128064
sdca,label_skew,1126,2,2468,0.929811682328503,0.5140416666666666,0.5175,15128064
sdca,label_skew,1126,3,2333,0.937581860355608,0.5,0.49983333333333335,15121344
sdca,label_skew,1126,4,2467,0.9271892388155313,0.5140416666666666,0.5175,15117312
sdca,label_skew,1126,5,2333,0.9819624190565388,0.487625,0.48583333333333334,15118656
sdca,label_skew,1126,6,2467,0.9447094936752773,0.5140416666666666,0.5175,15121344
sdca,label_skew,1126,7,2332,0.9306841234552653,0.5054166666666666,0.5055,15122688
sdca,label_skew,1126,8,2467,0.9412629545086363,0.5140416666666666,0.5175,15126720
sdca,label_skew,1126,9,2332,0.9675900617991718,0.49120833333333336,0.48966666666666664,15118656
sdca,label_skew,1151,0,2468,0.9059014738435376,0.5140416666666666,0.5175,15460032
sdca,label_skew,1151,1,2333,1.0263276805194894,0.488875,0.48683333333333334,15464064
sdca,label_skew,1151,2,2468,0.9449621676603572,0.5140416666666666,0.5175,15464064
sdca,label_skew,1151,3,2333,0.9269684410991634,0.5031666666666667,0.5045,15457344
sdca,label_skew,1151,4,2467,0.9240979358721157,0.5140416666666666,0.5175,15453312
sdca,label_skew,1151,5,2333,0.960915016282559,0.4987916666666667,0.49883333333333335,15454656
sdca,label_skew,1151,6,2467,0.9408493400061456,0.5140416666666666,0.5175,15457344
sdca,label_skew,1151,7,2332,0.897878681072478,0.5112083333333334,0.513,15458688
sdca,label_skew,1151,8,2467,0.9363944667214041,0.5140416666666666,0.5175,15462720
sdca,label_skew,1151,9,2332,0.9838414895353392,0.490625,0.489,15454656
sdca,label_skew,1176,0,2468,0.920370058113127,0.5140416666666666,0.5175,15796032
sdca,label_skew,1176,1,2333,1.0207764861303052,0.486625,0.484,15800064
sdca,label_skew,1176,2,2468,0.93603105475284,0.5140416666666666,0.5175,15800064
sdca,label_skew,1176,3,2333,0.949751754577295,0.49133333333333334,0.49016666666666664,15793344
sdca,label_skew,1176,4,2467,0.9249135735431974,0.5140416666666666,0.5175,15789312
sdca,label_skew,1176,5,2333,0.9777107215245242,0.49054166666666665,0.48933333333333334,15790656
sdca,label_skew,1176,6,2467,0.9376781308516077,0.5140416666666666,0.5175,15793344
sdca,label_skew,1176,7,2332,0.9215683345109618,0.5014583333333333,0.5013333333333333,15794688
sdca,label_skew,1176,8,2467,0.9502427176868876,0.5140416666666666,0.5175,15798720
sdca,label_skew,1176,9,2332,0.9816944005410178,0.48754166666666665,0.48533333333333334,15790656
sdca,label_skew,1201,0,2468,0.9145610066841706,0.5140416666666666,0.5175,16132032
sdca,label_skew,1201,1,2333,1.0333427722850788,0.48775,0.4856666666666667,16136064
sdca,label_skew,1201,2,2468,0.9281602489737398,0.5140416666666666,0.5175,16136064
sdca,label_skew,1201,3,2333,0.9378575187953696,0.4975833333333333,0.49633333333333335,16129344
sdca,label_skew,1201,4,2467,0.9237755786078189,0.5140416666666666,0.5175,16125312
sdca,label_skew,1201,5,2333,0.9865387379181261,0.4891666666666667,0.48683333333333334,16126656
sdca,label_skew,1201,6,2467,0.9344978100757323,0.5140416666666666,0.5175,16129344
sdca,label_skew,1201,7,2332,0.9344050023580833,0.4970833333333333,0.49633333333333335,16130688
sdca,label_skew,1201,8,2467,0.9346673015988233,0.5140416666666666,0.5175,16134720
sdca,label_skew,1201,9,2332,0.9729102601242771,0.490375,0.4881666666666667,16126656
sdca,label_skew,1226,0,2468,0.9053874424962758,0.5140416666666666,0.5175,16468032
sdca,label_skew,1226,1,2333,1.012571726071105,0.48995833333333333,0.48783333333333334,16472064
sdca,label_skew,1226,2,2468,0.9204392950792389,0.5140416666666666,0.5175,16472064
sdca,label_skew,1226,3,2333,0.9214456687637238,0.504375,0.5043333333333333,16465344
sdca,label_skew,1226,4,2467,0.9158103115934828,0.5140416666666666,0.5175,16461312
sdca,label_skew,1226,5,2333,0.9600690988892469,0.49625,0.49583333333333335,16462656
sdca,label_skew,1226,6,2467,0.9385758049987244,0.5140416666666666,0.5175,16465344
sdca,label_skew,1226,7,2332,0.9062598447482827,0.5070833333333333,0.5083333333333333,16466688
sdca,label_skew,1226,8,2467,0.9282204925679999,0.5140416666666666,0.5175,16470720
sdca,label_skew,1226,9,2332,0.9696419389581665,0.49466666666666664,0.49383333333333335,16462656
sdca,label_skew,1251,0,2468,0.9050868192471209,0.5140416666666666,0.5175,16804032
sdca,label_skew,1251,1,2333,1.0099859886088594,0.4897916666666667,0.48833333333333334,16808064
sdca,label_skew,1251,2,2468,0.9218918978667153,0.5140416666666666,0.5175,16808064
sdca,label_skew,1251,3,2333,0.9244138539160085,0.503375,0.5043333333333333,16801344
sdca,label_skew,1251,4,2467,0.9142373629827707,0.5140416666666666,0.5175,16797312
sdca,label_skew,1251,5,2333,0.9659735415435194,0.497125,0.4975,16798656
sdca,label_skew,1251,6,2467,0.9303173614625476,0.5140416666666666,0.5175,16801344
sdca,label_skew,1251,7,2332,0.915488675479776,0.5072083333333334,0.5078333333333334,16802688
sdca,label_skew,1251,8,2467,0.9328156666573532,0.5140416666666666,0.5175,16806720
sdca,label_skew,1251,9,2332,0.9604956915220088,0.4980833333333333,0.49916666666666665,16798656
sdca,label_skew,1276,0,2468,0.9075819862296091,0.5140416666666666,0.5175,17140032
sdca,label_skew,1276,1,2333,1.0019770523883214,0.49191666666666667,0.49033333333333334,17144064
sdca,label_skew,1276,2,2468,0.9102481161556621,0.5140416666666666,0.5175,17144064
sdca,label_skew,1276,3,2333,0.928862379925959,0.5019166666666667,0.503,17137344
sdca,label_skew,1276,4,2467,0.9169846882777799,0.5140416666666666,0.5175,17133312
sdca,label_skew,1276,5,2333,0.9613580897962052,0.495875,0.496,17134656
sdca,label_skew,1276,6,2467,0.9255937133243535,0.5140416666666666,0.5175,17137344
sdca,label_skew,1276,7,2332,0.9014202464023868,0.5094166666666666,0.5103333333333333,17138688
sdca,label_skew,1276,8,2467,0.9293985943814455,0.5140416666666666,0.5175,17142720
sdca,label_skew,1276,9,2332,0.9646650749019863,0.495875,0.49566666666666664,17134656
sdca,label_skew,1301,0,2468,0.9037477528794352,0.5140416666666666,0.5175,17476032
sdca,label_skew,1301,1,2333,1.0502852559805893,0.489875,0.4885,17480064
sdca,label_skew,1301,2,2468,0.9170964777895597,0.5140416666666666,0.5175,17480064
sdca,label_skew,1301,3,2333,0.9115989260574411,0.5055416666666667,0.5058333333333334,17473344
sdca,label_skew,1301,4,2467,0.907091614862332,0.5140416666666666,0.5175,17469312
sdca,label_skew,1301,5,2333,0.9522181089594601,0.4994166666666667,0.5006666666666667,17470656
sdca,label_skew,1301,6,2467,0.9301596475023067,0.5140416666666666,0.5175,17473344
sdca,label_skew,1301,7,2332,0.9161333421953658,0.503625,0.5045,17474688
sdca,label_skew,1301,8,2467,0.9225148228084096,0.5140416666666666,0.5175,17478720
sdca,label_skew,1301,9,2332,0.967159529936382,0.4935,0.4925,17470656
sdca,label_skew,1326,0,2468,0.8453464961435917,0.5195416666666667,0.521,17812032
sdca,label_skew,1326,1,2333,1.0570133100819294,0.5025416666666667,0.5036666666666667,17816064
sdca,label_skew,1326,2,2468,0.89446042132555,0.5140833333333333,0.5175,17816064
sdca,label_skew,1326,3,2333,0.8613111951360455,0.518625,0.519,17809344
sdca,label_skew,1326,4,2467,0.8634229784674823,0.52,0.5225,17805312
sdca,label_skew,1326,5,2333,0.9115189822225035,0.5197083333333333,0.5196666666666667,17806656
sdca,label_skew,1326,6,2467,0.8818276507858606,0.5165,0.5191666666666667,17809344
sdca,label_skew,1326,7,2332,0.7946462230158646,0.6312916666666667,0.6276666666666667,17810688
sdca,label_skew,1326,8,2467,0.9054756569597071,0.5140416666666666,0.5175,17814720
sdca,label_skew,1326,9,2332,0.9362599295424314,0.5062916666666667,0.5065,17806656
sdca,label_skew,1351,0,2468,0.9012984067476797,0.5140416666666666,0.5175,18148032
sdca,label_skew,1351,1,2333,0.9936973334905717,0.4925833333333333,0.4915,18152064
sdca,label_skew,1351,2,2468,0.9162671217372171,0.5140416666666666,0.5175,18152064
sdca,label_skew,1351,3,2333,0.9201705072995251,0.5057083333333333,0.506,18145344
sdca,label_skew,1351,4,2467,0.9125861275036042,0.5140416666666666,0.5175,18141312
sdca,label_skew,1351,5,2333,0.964863823919838,0.4967916666666667,0.49733333333333335,18142656
sdca,label_skew,1351,6,2467,0.937280634872023,0.5140416666666666,0.5175,18145344
sdca,label_skew,1351,7,2332,0.902704858825046,0.508875,0.511,18146688
sdca,label_skew,1351,8,2467,0.9300347109227923,0.5140416666666666,0.5175,18150720
sdca,label_skew,1351,9,2332,0.9616578906275709,0.4972083333333333,0.49783333333333335,18142656
sdca,label_skew,1376,0,2468,0.888043341866829,0.51475,0.5176666666666667,18484032
sdca,label_skew,1376,1,2333,1.0213448132245935,0.49370833333333336,0.49333333333333335,18488064
sdca,label_skew,1376,2,2468,0.9099318922098153,0.5140833333333333,0.5175,18488064
sdca,label_skew,1376,3,2333,0.9071174630567762,0.5052083333333334,0.5061666666666667,18481344
sdca,label_skew,1376,4,2467,0.8906821875907242,0.5143333333333333,0.5176666666666667,18477312
sdca,label_skew,1376,5,2333,0.9388893160495857,0.5042916666666667,0.5046666666666667,18478656
sdca,label_skew,1376,6,2467,0.9256669194299748,0.5140416666666666,0.5175,18481344
sdca,label_skew,1376,7,2332,0.8901240940253706,0.512125,0.5133333333333333,18482688
sdca,label_skew,1376,8,2467,0.9205374301782328,0.5140416666666666,0.5175,18486720
sdca,label_skew,1376,9,2332,0.9510864868100097,0.5007916666666666,0.5026666666666667,18478656
sdca,label_skew,1401,0,2468,0.8645977052059158,0.5154166666666666,0.5178333333333334,18820032
sdca,label_skew,1401,1,2333,1.0540220627813564,0.4989166666666667,0.4995,18824064
sdca,label_skew,1401,2,2468,0.9023596604715425,0.5140833333333333,0.5175,18824064
sdca,label_skew,1401,3,2333,0.8759545319926245,0.5152083333333334,0.5156666666666667,18817344
sdca,label_skew,1401,4,2467,0.8796677229637885,0.5142083333333334,0.5176666666666667,18813312
sdca,label_skew,1401,5,2333,0.9406449317878305,0.5049166666666667,0.506,18814656
sdca,label_skew,1401,6,2467,0.9119484675235889,0.5140833333333333,0.5175,18817344
sdca,label_skew,1401,7,2332,0.8659876212630826,0.5257916666666667,0.5261666666666667,18818688
sdca,label_skew,1401,8,2467,0.9040608155330976,0.5140833333333333,0.5175,18822720
sdca,label_skew,1401,9,2332,0.9564900116414812,0.504125,0.5038333333333334,18814656
sdca,label_skew,1426,0,2468,0.8787497305249887,0.5144166666666666,0.5176666666666667,19156032
sdca,label_skew,1426,1,2333,1.007303359915912,0.4967916666666667,0.49716666666666665,19160064
sdca,label_skew,1426,2,2468,0.9048725357022369,0.5140416666666666,0.5175,19160064
sdca,label_skew,1426,3,2333,0.8822922279248626,0.5109166666666667,0.513,19153344
sdca,label_skew,1426,4,2467,0.8784054944130515,0.5142083333333334,0.5176666666666667,19149312
sdca,label_skew,1426,5,2333,0.9350148057519109,0.5036666666666667,0.5046666666666667,19150656
sdca,label_skew,1426,6,2467,0.9261625044729351,0.5140416666666666,0.5175,19153344
sdca,label_skew,1426,7,2332,0.8631089450171473,0.5509583333333333,0.5491666666666667,19154688
sdca,label_skew,1426,8,2467,0.9214303787936773,0.5140416666666666,0.5175,19158720
sdca,label_skew,1426,9,2332,0.9408299208614167,0.502625,0.5035,19150656
sdca,label_skew,1451,0,2468,0.8577162621683823,0.5172916666666667,0.5191666666666667,19492032
sdca,label_skew,1451,1,2333,0.9793571164626012,0.50225,0.5046666666666667,19496064
sdca,label_skew,1451,2,2468,0.8943832849443937,0.5145,0.5175,19496064
sdca,label_skew,1451,3,2333,0.8758071146035954,0.522625,0.525,19489344
sdca,label_skew,1451,4,2467,0.8658800873756879,0.5157083333333333,0.5176666666666667,19485312
sdca,label_skew,1451,5,2333,0.9291150601963258,0.5094166666666666,0.5095,19486656
sdca,label_skew,1451,6,2467,0.916004003993075,0.5142083333333334,0.5175,19489344
sdca,label_skew,1451,7,2332,0.8296233899217806,0.574625,0.5738333333333333,19490688
sdca,label_skew,1451,8,2467,0.8975215172284863,0.5145416666666667,0.5175,19494720
sdca,label_skew,1451,9,2332,0.9341724817824548,0.5069166666666667,0.5088333333333334,19486656
sdca,label_skew,1476,0,2468,0.8897041120639909,0.5143333333333333,0.5176666666666667,19828032
sdca,label_skew,1476,1,2333,1.005536070442979,0.4957916666666667,0.49566666666666664,19832064
sdca,label_skew,1476,2,2468,0.914815693098268,0.5140416666666666,0.5175,19832064
sdca,label_skew,1476,3,2333,0.8998289262164917,0.50825,0.5095,19825344
sdca,label_skew,1476,4,2467,0.8834710178029187,0.5142916666666667,0.5176666666666667,19821312
sdca,label_skew,1476,5,2333,0.9528146377050989,0.50025,0.5015,19822656
sdca,label_skew,1476,6,2467,0.9287362321266458,0.5140416666666666,0.5175,19825344
sdca,label_skew,1476,7,2332,0.8654777760348373,0.537875,0.5368333333333334,19826688
sdca,label_skew,1476,8,2467,0.9255982429510698,0.5140416666666666,0.5175,19830720
sdca,label_skew,1476,9,2332,0.948692937633109,0.5005833333333334,0.5013333333333333,19822656
sdca,label_skew,1501,0,2468,0.8415833958758154,0.5229583333333333,0.5246666666666666,20164032
sdca,label_skew,1501,1,2333,0.9932815611870593,0.501375,0.5033333333333333,20168064
sdca,label_skew,1501,2,2468,0.871998825453926,0.516875,0.5186666666666667,20168064
sdca,label_skew,1501,3,2333,0.8555118309616274,0.528,0.5313333333333333,20161344
sdca,label_skew,1501,4,2467,0.8489814438876738,0.5207083333333333,0.5215,20157312
sdca,label_skew,1501,5,2333,0.9364502081503084,0.5075,0.5093333333333333,20158656
sdca,label_skew,1501,6,2467,0.9000930686095456,0.514625,0.5178333333333334,20161344
sdca,label_skew,1501,7,2332,0.8209199014611482,0.6016666666666667,0.6011666666666666,20162688
sdca,label_skew,1501,8,2467,0.8976014815675692,0.5142916666666667,0.5176666666666667,20166720
sdca,label_skew,1501,9,2332,0.9149820788592077,0.5101666666666667,0.511,20158656
sdca,label_skew,1526,0,2468,0.7894099844282295,0.582,0.5813333333333334,20500032
sdca,label_skew,1526,1,2333,1.0027402664043696,0.5128333333333334,0.515,20504064
sdca,label_skew,1526,2,2468,0.8524715833354564,0.5269583333333333,0.5285,20504064
sdca,label_skew,1526,3,2333,0.8343582203372624,0.5469166666666667,0.5463333333333333,20497344
sdca,label_skew,1526,4,2467,0.8246476512235141,0.562875,0.5646666666666667,20493312
sdca,label_skew,1526,5,2333,0.89332481364947,0.5215,0.5225,20494656
sdca,label_skew,1526,6,2467,0.8874909286522749,0.5292083333333333,0.5298333333333334,20497344
sdca,label_skew,1526,7,2332,0.793521312662146,0.649625,0.6523333333333333,20498688
sdca,label_skew,1526,8,2467,0.8518343564973841,0.5509166666666667,0.5538333333333333,20502720
sdca,label_skew,1526,9,2332,0.9223178604338076,0.508625,0.5091666666666667,20494656
sdca,label_skew,1551,0,2468,0.7562378937607462,0.6247916666666666,0.6293333333333333,20836032
sdca,label_skew,1551,1,2333,1.0019549116166626,0.5124583333333333,0.5135,20840064
sdca,label_skew,1551,2,2468,0.7989981593526636,0.575125,0.5745,20840064
sdca,label_skew,1551,3,2333,0.7496436468896862,0.675125,0.6738333333333333,20833344
sdca,label_skew,1551,4,2467,0.792617536163288,0.5813333333333334,0.5798333333333333,20829312
sdca,label_skew,1551,5,2333,0.9053640688072695,0.527375,0.526,20830656
sdca,label_skew,1551,6,2467,0.8494703096785189,0.5478333333333333,0.5483333333333333,20833344
sdca,label_skew,1551,7,2332,0.7335592314341919,0.70325,0.7061666666666667,20834688
sdca,label_skew,1551,8,2467,0.8693179475744093,0.54175,0.543,20838720
sdca,label_skew,1551,9,2332,0.9263185274023653,0.5235416666666667,0.522,20830656
sdca,label_skew,1576,0,2468,0.8197812046641757,0.5319583333333333,0.5326666666666666,21172032
sdca,label_skew,1576,1,2333,0.9521721180838998,0.5104583333333333,0.5113333333333333,21176064
sdca,label_skew,1576,2,2468,0.8674379752296929,0.517,0.5191666666666667,21176064
sdca,label_skew,1576,3,2333,0.8452560499186405,0.5310416666666666,0.5325,21169344
sdca,label_skew,1576,4,2467,0.8578060600956301,0.5172916666666667,0.5191666666666667,21165312
sdca,label_skew,1576,5,2333,0.9045400388472996,0.5167916666666666,0.5181666666666667,21166656
sdca,label_skew,1576,6,2467,0.8878012086672112,0.5163333333333333,0.5185,21169344
sdca,label_skew,1576,7,2332,0.7969696947915054,0.6360833333333333,0.6315,21170688
sdca,label_skew,1576,8,2467,0.9040421478485142,0.515125,0.5175,21174720
sdca,label_skew,1576,9,2332,0.9244217423415052,0.50625,0.5076666666666667,21166656
sdca,label_skew,1601,0,2468,0.7788735223335981,0.5939583333333334,0.5973333333333334,21508032
sdca,label_skew,1601,1,2333,0.9591645883308356,0.5085,0.5103333333333333,21512064
sdca,label_skew,1601,2,2468,0.8133638206266619,0.5627916666666667,0.5638333333333333,21512064
sdca,label_skew,1601,3,2333,0.7867060588055407,0.6067916666666666,0.6031666666666666,21505344
sdca,label_skew,1601,4,2467,0.8152107796586722,0.5497916666666667,0.5513333333333333,21501312
sdca,label_skew,1601,5,2333,0.9059694378562535,0.5157916666666666,0.5168333333333334,21502656
sdca,label_skew,1601,6,2467,0.8811810225935064,0.527125,0.5285,21505344
sdca,label_skew,1601,7,2332,0.7796923657013562,0.654875,0.652,21506688
sdca,label_skew,1601,8,2467,0.8668383581849345,0.5232916666666667,0.5251666666666667,21510720
sdca,label_skew,1601,9,2332,0.8906036753379023,0.5222083333333334,0.5226666666666666,21502656
sdca,label_skew,1626,0,2468,0.8184551985323624,0.5337916666666667,0.5338333333333334,21844032
sdca,label_skew,1626,1,2333,0.9701904506132227,0.5040833333333333,0.5055,21848064
sdca,label_skew,1626,2,2468,0.8630988462830685,0.5182916666666667,0.5201666666666667,21848064
sdca,label_skew,1626,3,2333,0.8402807691107291,0.5344583333333334,0.5358333333333334,21841344
sdca,label_skew,1626,4,2467,0.8442355094856312,0.522125,0.5231666666666667,21837312
sdca,label_skew,1626,5,2333,0.9229411444317731,0.5099583333333333,0.5113333333333333,21838656
sdca,label_skew,1626,6,2467,0.8913793005502955,0.5167916666666666,0.5188333333333334,21841344
sdca,label_skew,1626,7,2332,0.8081056068601765,0.6441666666666667,0.6425,21842688
sdca,label_skew,1626,8,2467,0.8838561836488324,0.517125,0.5191666666666667,21846720
sdca,label_skew,1626,9,2332,0.9079242418729196,0.5124583333333333,0.5138333333333334,21838656
sdca,label_skew,1651,0,2468,0.7511310521387541,0.6284166666666666,0.6321666666666667,22180032
sdca,label_skew,1651,1,2333,1.1912458027512003,0.5104583333333333,0.511,22184064
sdca,label_skew,1651,2,2468,0.8328286465084709,0.5439583333333333,0.5448333333333333,22184064
sdca,label_skew,1651,3,2333,0.7663080590936756,0.6418333333333334,0.6335,22177344
sdca,label_skew,1651,4,2467,0.783160941291058,0.5867916666666667,0.5895,22173312
sdca,label_skew,1651,5,2333,0.8933364851157655,0.522,0.5218333333333334,22174656
sdca,label_skew,1651,6,2467,0.8420739144806852,0.5613333333333334,0.5613333333333334,22177344
sdca,label_skew,1651,7,2332,0.7253390184524152,0.7285416666666666,0.7308333333333333,22178688
sdca,label_skew,1651,8,2467,0.8243373125512614,0.5601666666666667,0.5608333333333333,22182720
sdca,label_skew,1651,9,2332,0.8757524117226597,0.5305833333333333,0.5305,22174656
sdca,label_skew,1676,0,2468,0.7999807174433545,0.5695833333333333,0.5693333333333334,22516032
sdca,label_skew,1676,1,2333,0.982546575561361,0.5051666666666667,0.5071666666666667,22520064
sdca,label_skew,1676,2,2468,0.8384965425593638,0.5280416666666666,0.5286666666666666,22520064
sdca,label_skew,1676,3,2333,0.8121067467942885,0.565625,0.5618333333333333,22513344
sdca,label_skew,1676,4,2467,0.8195777436956688,0.5430416666666666,0.544,22509312
sdca,label_skew,1676,5,2333,0.8920607715143042,0.5199166666666667,0.5223333333333333,22510656
sdca,label_skew,1676,6,2467,0.8777613849668475,0.5192916666666667,0.5201666666666667,22513344
sdca,label_skew,1676,7,2332,0.7948547494475577,0.632125,0.6311666666666667,22514688
sdca,label_skew,1676,8,2467,0.8599988521111585,0.5225416666666667,0.5233333333333333,22518720
sdca,label_skew,1676,9,2332,0.8923044745816987,0.5164583333333334,0.5183333333333333,22510656
sdca,label_skew,1701,0,2468,0.7296497308292638,0.6645833333333333,0.6731666666666667,22852032
sdca,label_skew,1701,1,2333,0.9752738877260148,0.5157083333333333,0.517,22856064
sdca,label_skew,1701,2,2468,0.8032362591423464,0.5757083333333334,0.576,22856064
sdca,label_skew,1701,3,2333,0.7372510427351029,0.6850416666666667,0.6776666666666666,22849344
sdca,label_skew,1701,4,2467,0.7785199292457237,0.592375,0.5953333333333334,22845312
sdca,label_skew,1701,5,2333,0.863094504633434,0.5437083333333333,0.5425,22846656
sdca,label_skew,1701,6,2467,0.8514131327254902,0.547875,0.5475,22849344
sdca,label_skew,1701,7,2332,0.7192117299888613,0.7337083333333333,0.7353333333333333,22850688
sdca,label_skew,1701,8,2467,0.8319428197182356,0.55675,0.5565,22854720
sdca,label_skew,1701,9,2332,0.8726354226264826,0.536625,0.5376666666666666,22846656
sdca,label_skew,1726,0,2468,0.7319255630329838,0.658625,0.662,23188032
sdca,label_skew,1726,1,2333,0.9532642710904212,0.5210833333333333,0.5213333333333333,23192064
sdca,label_skew,1726,2,2468,0.7981264401172639,0.5750833333333333,0.5761666666666667,23192064
sdca,label_skew,1726,3,2333,0.747586190760539,0.6619166666666667,0.6583333333333333,23185344
sdca,label_skew,1726,4,2467,0.7763183021137577,0.59325,0.596,23181312
sdca,label_skew,1726,5,2333,0.8678817349615677,0.5389166666666667,0.5403333333333333,23182656
sdca,label_skew,1726,6,2467,0.855805614412876,0.5499166666666667,0.5528333333333333,23185344
sdca,label_skew,1726,7,2332,0.721731689161859,0.7362916666666667,0.7355,23186688
sdca,label_skew,1726,8,2467,0.8332498328417997,0.55675,0.5561666666666667,23190720
sdca,label_skew,1726,9,2332,0.8582643874185708,0.54275,0.5451666666666667,23182656
sdca,label_skew,1751,0,2468,0.7405001500062424,0.6457083333333333,0.6521666666666667,23524032
sdca,label_skew,1751,1,2333,0.9415498301793246,0.5300833333333334,0.5301666666666667,23528064
sdca,label_skew,1751,2,2468,0.79993935445649,0.571,0.573,23528064
sdca,label_skew,1751,3,2333,0.7159924139430811,0.7022083333333333,0.695,23521344
sdca,label_skew,1751,4,2467,0.7583301662414218,0.6008333333333333,0.6041666666666666,23517312
sdca,label_skew,1751,5,2333,0.8655629834780391,0.541625,0.5426666666666666,23518656
sdca,label_skew,1751,6,2467,0.8483425695963844,0.549875,0.5511666666666667,23521344
sdca,label_skew,1751,7,2332,0.7069801657218097,0.7619166666666667,0.7585,23522688
sdca,label_skew,1751,8,2467,0.8089993601223523,0.5779166666666666,0.5771666666666667,23526720
sdca,label_skew,1751,9,2332,0.8371500689582664,0.5639583333333333,0.5651666666666667,23518656
sdca,label_skew,1776,0,2468,0.7160897310196099,0.6884166666666667,0.6998333333333333,23860032
sdca,label_skew,1776,1,2333,0.9266842128564683,0.53125,0.5325,23864064
sdca,label_skew,1776,2,2468,0.7909879369461783,0.582375,0.5825,23864064
sdca,label_skew,1776,3,2333,0.7329924847675117,0.6914166666666667,0.6858333333333333,23857344
sdca,label_skew,1776,4,2467,0.7570314896193904,0.6060833333333333,0.6078333333333333,23853312
sdca,label_skew,1776,5,2333,0.857199847403238,0.5445,0.545,23854656
sdca,label_skew,1776,6,2467,0.8347420625549566,0.5619166666666666,0.562,23857344
sdca,label_skew,1776,7,2332,0.7145809981915123,0.7493333333333333,0.746,23858688
sdca,label_skew,1776,8,2467,0.8307587364181712,0.5587916666666667,0.558,23862720
sdca,label_skew,1776,9,2332,0.8544726911743805,0.54175,0.5423333333333333,23854656
sdca,label_skew,1801,0,2468,0.6902488929197864,0.704625,0.7086666666666667,24196032
sdca,label_skew,1801,1,2333,0.9034223701154218,0.5437083333333333,0.5443333333333333,24200064
sdca,label_skew,1801,2,2468,0.7590833873721229,0.604,0.6051666666666666,24200064
sdca,label_skew,1801,3,2333,0.7094907073476289,0.7005833333333333,0.6933333333333334,24193344
sdca,label_skew,1801,4,2467,0.7262706781872099,0.6246666666666667,0.6261666666666666,24189312
sdca,label_skew,1801,5,2333,0.8171672318374188,0.5907916666666667,0.5895,24190656
sdca,label_skew,1801,6,2467,0.813942667108917,0.5847916666666667,0.5868333333333333,24193344
sdca,label_skew,1801,7,2332,0.6849479758355959,0.7064583333333333,0.7091666666666666,24194688
sdca,label_skew,1801,8,2467,0.7986904368488912,0.5853333333333334,0.5851666666666666,24198720
sdca,label_skew,1801,9,2332,0.8159779243815917,0.5932916666666667,0.5911666666666666,24190656
sdca,label_skew,1826,0,2468,0.7218986357674656,0.6485416666666667,0.6546666666666666,24532032
sdca,label_skew,1826,1,2333,0.9231866904656596,0.5280416666666666,0.5276666666666666,24536064
sdca,label_skew,1826,2,2468,0.7816632611912819,0.5915416666666666,0.5926666666666667,24536064
sdca,label_skew,1826,3,2333,0.7283868035705153,0.68175,0.6783333333333333,24529344
sdca,label_skew,1826,4,2467,0.7552447263609074,0.60375,0.605,24525312
sdca,label_skew,1826,5,2333,0.8612506100379739,0.5453333333333333,0.5468333333333333,24526656
sdca,label_skew,1826,6,2467,0.8157207892080645,0.577,0.5775,24529344
sdca,label_skew,1826,7,2332,0.7061088306071148,0.755,0.746,24530688
sdca,label_skew,1826,8,2467,0.8104922762057507,0.5767916666666667,0.5763333333333334,24534720
sdca,label_skew,1826,9,2332,0.8351765661839475,0.5565,0.5558333333333333,24526656
sdca,label_skew,1851,0,2468,0.7183663937957103,0.6509166666666667,0.6571666666666667,24868032
sdca,label_skew,1851,1,2333,0.9208924584677652,0.5296666666666666,0.5306666666666666,24872064
sdca,label_skew,1851,2,2468,0.7781949507470397,0.593,0.5938333333333333,24872064
sdca,label_skew,1851,3,2333,0.7303012077806128,0.687375,0.6841666666666667,24865344
sdca,label_skew,1851,4,2467,0.7443316235703265,0.6102916666666667,0.6113333333333333,24861312
sdca,label_skew,1851,5,2333,0.8631393938089453,0.538875,0.5403333333333333,24862656
sdca,label_skew,1851,6,2467,0.8171748146816462,0.579,0.581,24865344
sdca,label_skew,1851,7,2332,0.6995946705442626,0.7292083333333333,0.7311666666666666,24866688
sdca,label_skew,1851,8,2467,0.7942974229154325,0.5850833333333333,0.5863333333333334,24870720
sdca,label_skew,1851,9,2332,0.8386517967053069,0.5544583333333334,0.5536666666666666,24862656
sdca,label_skew,1876,0,2468,0.6538850136272505,0.7425416666666667,0.7373333333333333,25204032
sdca,label_skew,1876,1,2333,0.9122588810835232,0.538125,0.54,25208064
sdca,label_skew,1876,2,2468,0.7517199097692356,0.6075833333333334,0.6088333333333333,25208064
sdca,label_skew,1876,3,2333,0.6974615009898868,0.7232916666666667,0.7196666666666667,25201344
sdca,label_skew,1876,4,2467,0.7440767542617289,0.6140416666666667,0.6148333333333333,25197312
sdca,label_skew,1876,5,2333,0.8531833946149333,0.54925,0.5491666666666667,25198656
sdca,label_skew,1876,6,2467,0.8138043625096039,0.5835,0.5843333333333334,25201344
sdca,label_skew,1876,7,2332,0.6856935691930416,0.7204166666666667,0.7225,25202688
sdca,label_skew,1876,8,2467,0.7841567999270526,0.5935416666666666,0.5955,25206720
sdca,label_skew,1876,9,2332,0.8395856003028072,0.5559166666666666,0.5548333333333333,25198656
sdca,label_skew,1901,0,2468,0.6881057619234737,0.69825,0.7015,25540032
sdca,label_skew,1901,1,2333,0.9185054834494543,0.5395,0.5386666666666666,25544064
sdca,label_skew,1901,2,2468,0.730467020225022,0.6209166666666667,0.6235,25544064
sdca,label_skew,1901,3,2333,0.686267572308313,0.7331666666666666,0.7298333333333333,25537344
sdca,label_skew,1901,4,2467,0.717515826870955,0.632625,0.6351666666666667,25533312
sdca,label_skew,1901,5,2333,0.8364868564168467,0.5719166666666666,0.5693333333333334,25534656
sdca,label_skew,1901,6,2467,0.7952915545512891,0.591,0.591,25537344
sdca,label_skew,1901,7,2332,0.6869863668456944,0.6887916666666667,0.6975,25538688
sdca,label_skew,1901,8,2467,0.7667244468263634,0.6028333333333333,0.604,25542720
sdca,label_skew,1901,9,2332,0.8009398568969165,0.5895,0.5896666666666667,25534656
sdca,label_skew,1926,0,2468,0.6771950373925356,0.7357083333333333,0.7356666666666667,25876032
sdca,label_skew,1926,1,2333,0.8943097050096835,0.5457083333333334,0.5461666666666667,25880064
sdca,label_skew,1926,2,2468,0.7513026822501045,0.609625,0.6123333333333333,25880064
sdca,label_skew,1926,3,2333,0.7092232927244346,0.7104166666666667,0.706,25873344
sdca,label_skew,1926,4,2467,0.7267771204266537,0.631375,0.6323333333333333,25869312
sdca,label_skew,1926,5,2333,0.811875460342458,0.5885,0.5895,25870656
sdca,label_skew,1926,6,2467,0.8199204396130769,0.5772916666666666,0.5803333333333334,25873344
sdca,label_skew,1926,7,2332,0.6747688396009278,0.7519166666666667,0.7461666666666666,25874688
sdca,label_skew,1926,8,2467,0.76993300905121,0.6014166666666667,0.6036666666666667,25878720
sdca,label_skew,1926,9,2332,0.8081304620835346,0.583375,0.583,25870656
sdca,label_skew,1951,0,2468,0.6924802544755527,0.7207083333333333,0.7255,26212032
sdca,label_skew,1951,1,2333,0.8856778889421918,0.55675,0.556,26216064
sdca,label_skew,1951,2,2468,0.7515364144003381,0.6123333333333333,0.6165,26216064
sdca,label_skew,1951,3,2333,0.6869337355989867,0.7224166666666667,0.718,26209344
sdca,label_skew,1951,4,2467,0.7375566427080301,0.62625,0.6296666666666667,26205312
sdca,label_skew,1951,5,2333,0.8123996210753012,0.5854166666666667,0.5836666666666667,26206656
sdca,label_skew,1951,6,2467,0.8127269184257275,0.5821666666666667,0.5836666666666667,26209344
sdca,label_skew,1951,7,2332,0.6757086806704908,0.7635,0.7606666666666667,26210688
sdca,label_skew,1951,8,2467,0.7758356809733453,0.598,0.6,26214720
sdca,label_skew,1951,9,2332,0.7943047432060797,0.5945416666666666,0.5933333333333334,26206656
sdca,label_skew,1976,0,2468,0.6623805792274301,0.7428333333333333,0.7408333333333333,26548032
sdca,label_skew,1976,1,2333,0.8774784394184119,0.5639583333333333,0.5623333333333334,26552064
sdca,label_skew,1976,2,2468,0.7130407984751135,0.6438333333333334,0.6491666666666667,26552064
sdca,label_skew,1976,3,2333,0.6584108774836571,0.7519166666666667,0.7506666666666667,26545344
sdca,label_skew,1976,4,2467,0.6959606099550412,0.6654166666666667,0.6725,26541312
sdca,label_skew,1976,5,2333,0.8104910757090305,0.591,0.5903333333333334,26542656
sdca,label_skew,1976,6,2467,0.7841124781518464,0.6002916666666667,0.6023333333333334,26545344
sdca,label_skew,1976,7,2332,0.6610699211180634,0.7365833333333334,0.7346666666666667,26546688
sdca,label_skew,1976,8,2467,0.760387410563678,0.6116666666666667,0.6126666666666667,26550720
sdca,label_skew,1976,9,2332,0.7868032439447696,0.6074583333333333,0.6036666666666667,26542656
sdca,label_skew,2001,0,2468,0.674540756992546,0.736,0.7346666666666667,26884032
sdca,label_skew,2001,1,2333,0.8674956187190059,0.561625,0.5621666666666667,26888064
sdca,label_skew,2001,2,2468,0.731120556648455,0.6267083333333333,0.631,26888064
sdca,label_skew,2001,3,2333,0.6800550553006705,0.7341666666666666,0.7315,26881344
sdca,label_skew,2001,4,2467,0.7240605281093979,0.6345,0.6375,26877312
sdca,label_skew,2001,5,2333,0.8150702264466462,0.5864166666666667,0.5853333333333334,26878656
sdca,label_skew,2001,6,2467,0.8007245592583015,0.5895,0.5925,26881344
sdca,label_skew,2001,7,2332,0.6766310370686298,0.7224166666666667,0.7248333333333333,26882688
sdca,label_skew,2001,8,2467,0.7649611187335627,0.6045416666666666,0.6063333333333333,26886720
sdca,label_skew,2001,9,2332,0.7942891546709754,0.597125,0.5955,26878656
sdca,label_skew,2026,0,2468,0.6472418498593034,0.7511666666666666,0.7468333333333333,27220032
sdca,label_skew,2026,1,2333,0.8898162399581997,0.5505,0.549,27224064
sdca,label_skew,2026,2,2468,0.7178376344462886,0.631,0.6375,27224064
sdca,label_skew,2026,3,2333,0.6707611325277553,0.746875,0.7456666666666667,27217344
sdca,label_skew,2026,4,2467,0.6964372991231982,0.6559583333333333,0.6585,27213312
sdca,label_skew,2026,5,2333,0.8299562485480895,0.575,0.5735,27214656
sdca,label_skew,2026,6,2467,0.7738271256654194,0.6034166666666667,0.6071666666666666,27217344
sdca,label_skew,2026,7,2332,0.708711323583759,0.6447916666666667,0.6431666666666667,27218688
sdca,label_skew,2026,8,2467,0.7483308402834166,0.612,0.6136666666666667,27222720
sdca,label_skew,2026,9,2332,0.7942965798141756,0.5979166666666667,0.5943333333333334,27214656
sdca,label_skew,2051,0,2468,0.6498950760169961,0.7556666666666667,0.7486666666666667,27556032
sdca,label_skew,2051,1,2333,0.8415094002357977,0.586375,0.585,27560064
sdca,label_skew,2051,2,2468,0.7022959363073785,0.6587916666666667,0.6666666666666666,27560064
sdca,label_skew,2051,3,2333,0.6621577304927064,0.7478333333333333,0.7451666666666666,27553344
sdca,label_skew,2051,4,2467,0.7047357146299883,0.6555416666666667,0.6613333333333333,27549312
sdca,label_skew,2051,5,2333,0.805277772385651,0.5990416666666667,0.5965,27550656
sdca,label_skew,2051,6,2467,0.7909800705100215,0.597625,0.5995,27553344
sdca,label_skew,2051,7,2332,0.6643356485457633,0.7150416666666667,0.7213333333333334,27554688
sdca,label_skew,2051,8,2467,0.7430096458339013,0.619375,0.6241666666666666,27558720
sdca,label_skew,2051,9,2332,0.7640866706281098,0.6265416666666667,0.6221666666666666,27550656
sdca,label_skew,2076,0,2468,0.6414288886266116,0.7612916666666667,0.7548333333333334,27892032
sdca,label_skew,2076,1,2333,0.8540348076238683,0.57925,0.5781666666666667,27896064
sdca,label_skew,2076,2,2468,0.6972048732033034,0.6572083333333333,0.6661666666666667,27896064
sdca,label_skew,2076,3,2333,0.655682517529072,0.751,0.7473333333333333,27889344
sdca,label_skew,2076,4,2467,0.6882378425847163,0.6732916666666666,0.6823333333333333,27885312
sdca,label_skew,2076,5,2333,0.7783370922176192,0.6237083333333333,0.6173333333333333,27886656
sdca,label_skew,2076,6,2467,0.7602076748521128,0.61075,0.6115,27889344
sdca,label_skew,2076,7,2332,0.6739673033638363,0.6921666666666667,0.7006666666666667,27890688
sdca,label_skew,2076,8,2467,0.7365000945483656,0.6232083333333334,0.6263333333333333,27894720
sdca,label_skew,2076,9,2332,0.7439466162071863,0.6457083333333333,0.642,27886656
sdca,label_skew,2101,0,2468,0.6432987139612274,0.7570416666666666,0.751,28228032
sdca,label_skew,2101,1,2333,0.8285904280987666,0.591375,0.5918333333333333,28232064
sdca,label_skew,2101,2,2468,0.7068235868200797,0.6514583333333334,0.6566666666666666,28232064
sdca,label_skew,2101,3,2333,0.6544373120250232,0.7539583333333333,0.7531666666666667,28225344
sdca,label_skew,2101,4,2467,0.69071326755657,0.6718333333333333,0.6801666666666667,28221312
sdca,label_skew,2101,5,2333,0.7877827218136217,0.613625,0.6093333333333333,28222656
sdca,label_skew,2101,6,2467,0.7813156709041235,0.6040833333333333,0.6058333333333333,28225344
sdca,label_skew,2101,7,2332,0.6612641043431359,0.7209166666666667,0.7266666666666667,28226688
sdca,label_skew,2101,8,2467,0.7195516550687289,0.6354166666666666,0.6426666666666667,28230720
sdca,label_skew,2101,9,2332,0.7596486255388943,0.6309166666666667,0.6273333333333333,28222656
sdca,label_skew,2126,0,2468,0.649584891749214,0.7537916666666666,0.75,28564032
sdca,label_skew,2126,1,2333,0.8403723995291223,0.5856666666666667,0.5838333333333333,28568064
sdca,label_skew,2126,2,2468,0.6920018712075723,0.6736666666666666,0.6801666666666667,28568064
sdca,label_skew,2126,3,2333,0.6398038518178131,0.7525416666666667,0.75,28561344
sdca,label_skew,2126,4,2467,0.6883436075824272,0.6770833333333334,0.6858333333333333,28557312
sdca,label_skew,2126,5,2333,0.7874505943796352,0.61975,0.6135,28558656
sdca,label_skew,2126,6,2467,0.7834615167310655,0.6024583333333333,0.6051666666666666,28561344
sdca,label_skew,2126,7,2332,0.6561845378824238,0.7352916666666667,0.735,28562688
sdca,label_skew,2126,8,2467,0.7333063566995911,0.6285,0.6338333333333334,28566720
sdca,label_skew,2126,9,2332,0.7398421795349824,0.6490416666666666,0.6443333333333333,28558656
sdca,label_skew,2151,0,2468,0.6176563745807067,0.7577916666666666,0.7555,28900032
sdca,label_skew,2151,1,2333,0.7966025313025502,0.6261666666666666,0.621,28904064
sdca,label_skew,2151,2,2468,0.6567768083287642,0.697625,0.7063333333333334,28904064
sdca,label_skew,2151,3,2333,0.6187890309960914,0.7581666666666667,0.757,28897344
sdca,label_skew,2151,4,2467,0.6329854834261607,0.73325,0.733,28893312
sdca,label_skew,2151,5,2333,0.7610364424534442,0.6450416666666666,0.6396666666666667,28894656
sdca,label_skew,2151,6,2467,0.7311751754326806,0.6332916666666667,0.6371666666666667,28897344
sdca,label_skew,2151,7,2332,0.7281970424982072,0.637375,0.639,28898688
sdca,label_skew,2151,8,2467,0.6996065779151531,0.653875,0.6611666666666667,28902720
sdca,label_skew,2151,9,2332,0.6983138580902337,0.6799166666666666,0.6748333333333333,28894656
sdca,label_skew,2176,0,2468,0.6524266466378059,0.750375,0.7491666666666666,29236032
sdca,label_skew,2176,1,2333,0.8354046650333167,0.5857916666666667,0.5846666666666667,29240064
sdca,label_skew,2176,2,2468,0.6950094096568373,0.6702083333333333,0.6783333333333333,29240064
sdca,label_skew,2176,3,2333,0.6499012701385753,0.754875,0.7525,29233344
sdca,label_skew,2176,4,2467,0.6818137417847463,0.6848333333333333,0.692,29229312
sdca,label_skew,2176,5,2333,0.7899125450417502,0.6117916666666666,0.6071666666666666,29230656
sdca,label_skew,2176,6,2467,0.7852680440912797,0.601625,0.6036666666666667,29233344
sdca,label_skew,2176,7,2332,0.6573234272358227,0.7283333333333334,0.7298333333333333,29234688
sdca,label_skew,2176,8,2467,0.7370670753090858,0.6270416666666667,0.6326666666666667,29238720
sdca,label_skew,2176,9,2332,0.7489970999550202,0.6404166666666666,0.6363333333333333,29230656
sdca,label_skew,2201,0,2468,0.6312668607650971,0.7664166666666666,0.7626666666666667,29572032
sdca,label_skew,2201,1,2333,0.802578742869228,0.6100833333333333,0.6065,29576064
sdca,label_skew,2201,2,2468,0.6804656937443287,0.6880416666666667,0.6946666666666667,29576064
sdca,label_skew,2201,3,2333,0.6270817619987443,0.7602083333333334,0.7556666666666667,29569344
sdca,label_skew,2201,4,2467,0.6836306576429971,0.6859583333333333,0.6948333333333333,29565312
sdca,label_skew,2201,5,2333,0.7637805724163378,0.6372083333333334,0.6318333333333334,29566656
sdca,label_skew,2201,6,2467,0.7688084278945095,0.6116666666666667,0.6141666666666666,29569344
sdca,label_skew,2201,7,2332,0.6677970502373208,0.6998333333333333,0.707,29570688
sdca,label_skew,2201,8,2467,0.7234463567874502,0.64,0.646,29574720
sdca,label_skew,2201,9,2332,0.7302472761768645,0.653125,0.6491666666666667,29566656
sdca,label_skew,2226,0,2468,0.6364855560418711,0.7651666666666667,0.7568333333333334,29908032
sdca,label_skew,2226,1,2333,0.8067131385298841,0.6089583333333334,0.6056666666666667,29912064
sdca,label_skew,2226,2,2468,0.6861945909639089,0.6781666666666667,0.685,29912064
sdca,label_skew,2226,3,2333,0.6340232151233168,0.7549166666666667,0.7488333333333334,29905344
sdca,label_skew,2226,4,2467,0.6785975379653189,0.6872916666666666,0.6961666666666667,29901312
sdca,label_skew,2226,5,2333,0.7761788528198934,0.6262916666666667,0.6186666666666667,29902656
sdca,label_skew,2226,6,2467,0.7631925721272419,0.61375,0.6165,29905344
sdca,label_skew,2226,7,2332,0.6533207551188529,0.7306666666666667,0.7321666666666666,29906688
sdca,label_skew,2226,8,2467,0.7200580277714227,0.642,0.6468333333333334,29910720
sdca,label_skew,2226,9,2332,0.7246864758760236,0.6564166666666666,0.651,29902656
sdca,label_skew,2251,0,2468,0.6491557187507716,0.7456666666666667,0.7453333333333333,30244032
sdca,label_skew,2251,1,2333,0.8108134369785448,0.600125,0.5985,30248064
sdca,label_skew,2251,2,2468,0.6790888617645782,0.6894583333333333,0.6951666666666667,30248064
sdca,label_skew,2251,3,2333,0.6423531183826414,0.7513333333333333,0.7478333333333333,30241344
sdca,label_skew,2251,4,2467,0.6852068562828381,0.6833333333333333,0.6901666666666667,30237312
sdca,label_skew,2251,5,2333,0.7597466730617704,0.6367083333333333,0.6323333333333333,30238656
sdca,label_skew,2251,6,2467,0.7731634038749807,0.6089583333333334,0.611,30241344
sdca,label_skew,2251,7,2332,0.6435559648016663,0.74925,0.7465,30242688
sdca,label_skew,2251,8,2467,0.7285282878365708,0.6374583333333333,0.643,30246720
sdca,label_skew,2251,9,2332,0.7472213004121425,0.638625,0.6333333333333333,30238656
sdca,label_skew,2276,0,2468,0.6317349023671717,0.764875,0.7573333333333333,30580032
sdca,label_skew,2276,1,2333,0.7844590253804895,0.6252916666666667,0.6181666666666666,30584064
sdca,label_skew,2276,2,2468,0.6628031601763199,0.7101666666666666,0.7146666666666667,30584064
sdca,label_skew,2276,3,2333,0.6306757826863495,0.759375,0.7565,30577344
sdca,label_skew,2276,4,2467,0.6745389290499323,0.689625,0.6956666666666667,30573312
sdca,label_skew,2276,5,2333,0.766463500914899,0.6355416666666667,0.6285,30574656
sdca,label_skew,2276,6,2467,0.7663686161237145,0.613125,0.616,30577344
sdca,label_skew,2276,7,2332,0.6584932235257753,0.7135416666666666,0.7181666666666666,30578688
sdca,label_skew,2276,8,2467,0.7254348013209073,0.6374166666666666,0.6411666666666667,30582720
sdca,label_skew,2276,9,2332,0.7222169357747219,0.6612083333333333,0.6566666666666666,30574656
sdca,label_skew,2301,0,2468,0.6328987913412812,0.7625416666666667,0.7541666666666667,30916032
sdca,label_skew,2301,1,2333,0.8024425727171447,0.6074583333333333,0.6021666666666666,30920064
sdca,label_skew,2301,2,2468,0.6845146437498679,0.680125,0.6865,30920064
sdca,label_skew,2301,3,2333,0.648760914184721,0.7526666666666667,0.7493333333333333,30913344
sdca,label_skew,2301,4,2467,0.6724208039487669,0.69475,0.7031666666666667,30909312
sdca,label_skew,2301,5,2333,0.7821255986981993,0.619625,0.6146666666666667,30910656
sdca,label_skew,2301,6,2467,0.7499367390131988,0.6169166666666667,0.6225,30913344
sdca,label_skew,2301,7,2332,0.6508980148535821,0.734375,0.7331666666666666,30914688
sdca,label_skew,2301,8,2467,0.7190253164248364,0.638875,0.6438333333333334,30918720
sdca,label_skew,2301,9,2332,0.7364979526144247,0.65,0.6463333333333333,30910656
sdca,label_skew,2326,0,2468,0.6250735374956458,0.767875,0.7603333333333333,31252032
sdca,label_skew,2326,1,2333,0.7940613556968443,0.6234583333333333,0.6143333333333333,31256064
sdca,label_skew,2326,2,2468,0.6712262613463563,0.6948333333333333,0.7033333333333334,31256064
sdca,label_skew,2326,3,2333,0.6229523244928796,0.7620416666666666,0.7611666666666667,31249344
sdca,label_skew,2326,4,2467,0.6606663115706767,0.70225,0.7083333333333334,31245312
sdca,label_skew,2326,5,2333,0.7532199414768644,0.6460833333333333,0.6421666666666667,31246656
sdca,label_skew,2326,6,2467,0.7434138152350539,0.6259583333333333,0.6305,31249344
sdca,label_skew,2326,7,2332,0.6485901527087755,0.7260416666666667,0.7288333333333333,31250688
sdca,label_skew,2326,8,2467,0.6994735367944436,0.6590416666666666,0.6665,31254720
sdca,label_skew,2326,9,2332,0.7042494287321197,0.675,0.6723333333333333,31246656
sdca,label_skew,2351,0,2468,0.6334834949981079,0.7647916666666666,0.757,31588032
sdca,label_skew,2351,1,2333,0.7822059613711447,0.6250416666666667,0.6198333333333333,31592064
sdca,label_skew,2351,2,2468,0.673074403294708,0.6919583333333333,0.7011666666666667,31592064
sdca,label_skew,2351,3,2333,0.6386185928833903,0.761625,0.7601666666666667,31585344
sdca,label_skew,2351,4,2467,0.6610022644892357,0.7084166666666667,0.7138333333333333,31581312
sdca,label_skew,2351,5,2333,0.7582300699729874,0.6390416666666666,0.6343333333333333,31582656
sdca,label_skew,2351,6,2467,0.7490571932039845,0.6207916666666666,0.627,31585344
sdca,label_skew,2351,7,2332,0.6469201442302556,0.73375,0.7313333333333333,31586688
sdca,label_skew,2351,8,2467,0.7116932665965899,0.6486666666666666,0.6543333333333333,31590720
sdca,label_skew,2351,9,2332,0.7200202109515295,0.6617916666666667,0.6581666666666667,31582656
sdca,label_skew,2376,0,2468,0.6193913031584075,0.7663333333333333,0.759,31924032
sdca,label_skew,2376,1,2333,0.7775498031550006,0.6346666666666667,0.629,31928064
sdca,label_skew,2376,2,2468,0.666893742979727,0.6967916666666667,0.7016666666666667,31928064
sdca,label_skew,2376,3,2333,0.6210551210190911,0.7627083333333333,0.7606666666666667,31921344
sdca,label_skew,2376,4,2467,0.6506069310872243,0.7212083333333333,0.7236666666666667,31917312
sdca,label_skew,2376,5,2333,0.7599764531552949,0.638125,0.6325,31918656
sdca,label_skew,2376,6,2467,0.741360048853983,0.6284583333333333,0.6326666666666667,31921344
sdca,label_skew,2376,7,2332,0.6471162179697606,0.723125,0.7263333333333334,31922688
sdca,label_skew,2376,8,2467,0.7072697646068894,0.653625,0.6618333333333334,31926720
sdca,label_skew,2376,9,2332,0.7081247570491884,0.6739166666666667,0.6698333333333333,31918656
sdca,label_skew,2401,0,2468,0.608963249431392,0.7495416666666667,0.7451666666666666,32260032
sdca,label_skew,2401,1,2333,0.7439432552089624,0.6564166666666666,0.6505,32264064
sdca,label_skew,2401,2,2468,0.6313834823288407,0.7349166666666667,0.7335,32264064
sdca,label_skew,2401,3,2333,0.6072135786864866,0.764,0.7566666666666667,32257344
sdca,label_skew,2401,4,2467,0.633604197197359,0.7337916666666666,0.7325,32253312
sdca,label_skew,2401,5,2333,0.711387160881829,0.6740416666666667,0.6683333333333333,32254656
sdca,label_skew,2401,6,2467,0.7178493543981943,0.652,0.6583333333333333,32257344
sdca,label_skew,2401,7,2332,0.6742987379068762,0.6888333333333333,0.6958333333333333,32258688
sdca,label_skew,2401,8,2467,0.6812962500420908,0.6814166666666667,0.6895,32262720
sdca,label_skew,2401,9,2332,0.673128827875786,0.6970416666666667,0.6911666666666667,32254656
sdca,label_skew,2426,0,2468,0.6128082230867128,0.7666666666666667,0.7628333333333334,32596032
sdca,label_skew,2426,1,2333,0.7621863243640105,0.6440416666666666,0.6401666666666667,32600064
sdca,label_skew,2426,2,2468,0.6412432143303126,0.726125,0.73,32600064
sdca,label_skew,2426,3,2333,0.6121813526544169,0.764625,0.7628333333333334,32593344
sdca,label_skew,2426,4,2467,0.6400329916327466,0.7276666666666667,0.7308333333333333,32589312
sdca,label_skew,2426,5,2333,0.7301430871270481,0.660375,0.6553333333333333,32590656
sdca,label_skew,2426,6,2467,0.7390766534627851,0.6375,0.6425,32593344
sdca,label_skew,2426,7,2332,0.6441667889116471,0.72325,0.7273333333333334,32594688
sdca,label_skew,2426,8,2467,0.6848141608676447,0.6785,0.6855,32598720
sdca,label_skew,2426,9,2332,0.6760937137898474,0.6979583333333333,0.6903333333333334,32590656
sdca,label_skew,2451,0,2468,0.6118625754746084,0.7635833333333333,0.7623333333333333,32932032
sdca,label_skew,2451,1,2333,0.7534079551060824,0.648625,0.6461666666666667,32936064
sdca,label_skew,2451,2,2468,0.6385724318455497,0.7265416666666666,0.7305,32936064
sdca,label_skew,2451,3,2333,0.6114085922719845,0.7680833333333333,0.7608333333333334,32929344
sdca,label_skew,2451,4,2467,0.6338993370161448,0.7335,0.7343333333333333,32925312
sdca,label_skew,2451,5,2333,0.7306142039261003,0.6602916666666667,0.6568333333333334,32926656
sdca,label_skew,2451,6,2467,0.7278034830026745,0.642375,0.6468333333333334,32929344
sdca,label_skew,2451,7,2332,0.6539248848872423,0.708,0.714,32930688
sdca,label_skew,2451,8,2467,0.680342545601206,0.6810833333333334,0.6878333333333333,32934720
sdca,label_skew,2451,9,2332,0.6866400916994905,0.6897916666666667,0.684,32926656
sdca,label_skew,2476,0,2468,0.6165645492497784,0.7655833333333333,0.7626666666666667,33268032
sdca,label_skew,2476,1,2333,0.7638776566379256,0.638,0.6336666666666667,33272064
sdca,label_skew,2476,2,2468,0.6609288332546033,0.7082916666666667,0.718,33272064
sdca,label_skew,2476,3,2333,0.6234406559551061,0.7661666666666667,0.76,33265344
sdca,label_skew,2476,4,2467,0.6543775108797245,0.7144583333333333,0.721,33261312
sdca,label_skew,2476,5,2333,0.7468091334325317,0.6472083333333334,0.645,33262656
sdca,label_skew,2476,6,2467,0.7232106973384734,0.64625,0.6521666666666667,33265344
sdca,label_skew,2476,7,2332,0.6380031818158247,0.74125,0.7431666666666666,33266688
sdca,label_skew,2476,8,2467,0.6857953210970753,0.679125,0.6856666666666666,33270720
sdca,label_skew,2476,9,2332,0.6944836095743613,0.6823333333333333,0.6781666666666667,33262656
sdca,label_skew,2501,0,2468,0.6098109242335334,0.76375,0.76,33604032
sdca,label_skew,2501,1,2333,0.7464502272342799,0.6519583333333333,0.6501666666666667,33608064
sdca,label_skew,2501,2,2468,0.6449603384744098,0.7207916666666667,0.724,33608064
sdca,label_skew,2501,3,2333,0.6116900616662987,0.7665,0.7618333333333334,33601344
sdca,label_skew,2501,4,2467,0.6466633057533285,0.7214583333333333,0.7251666666666666,33597312
sdca,label_skew,2501,5,2333,0.7401230843208949,0.65475,0.6503333333333333,33598656
sdca,label_skew,2501,6,2467,0.7216952670676268,0.644875,0.6498333333333334,33601344
sdca,label_skew,2501,7,2332,0.6403841645498431,0.729625,0.732,33602688
sdca,label_skew,2501,8,2467,0.6786664729268171,0.6842083333333333,0.6913333333333334,33606720
sdca,label_skew,2501,9,2332,0.6867423979507115,0.69075,0.6861666666666667,33598656
sdca,label_skew,2526,0,2468,0.6114665635831771,0.7633333333333333,0.7621666666666667,33940032
sdca,label_skew,2526,1,2333,0.7421881429723804,0.6543333333333333,0.6518333333333334,33944064
sdca,label_skew,2526,2,2468,0.6443655371057695,0.7257083333333333,0.7265,33944064
sdca,label_skew,2526,3,2333,0.6097688237917165,0.7645,0.7605,33937344
sdca,label_skew,2526,4,2467,0.6507882176815117,0.7150833333333333,0.7193333333333334,33933312
sdca,label_skew,2526,5,2333,0.7218745940948168,0.6684166666666667,0.6623333333333333,33934656
sdca,label_skew,2526,6,2467,0.7353158784411523,0.63775,0.6425,33937344
sdca,label_skew,2526,7,2332,0.6410167181303721,0.7285,0.729,33938688
sdca,label_skew,2526,8,2467,0.6754849974362384,0.6863333333333334,0.6935,33942720
sdca,label_skew,2526,9,2332,0.6906757548039115,0.6878333333333333,0.6841666666666667,33934656
sdca,label_skew,2551,0,2468,0.6131083578491948,0.766,0.7633333333333333,34276032
sdca,label_skew,2551,1,2333,0.7278490528605569,0.6609583333333333,0.6578333333333334,34280064
sdca,label_skew,2551,2,2468,0.639648468251785,0.7325,0.7355,34280064
sdca,label_skew,2551,3,2333,0.61515704996036,0.7672916666666667,0.7608333333333334,34273344
sdca,label_skew,2551,4,2467,0.6418910687197209,0.7304583333333333,0.7316666666666667,34269312
sdca,label_skew,2551,5,2333,0.7260978805014338,0.6607083333333333,0.6573333333333333,34270656
sdca,label_skew,2551,6,2467,0.7133049686870296,0.6522916666666667,0.6593333333333333,34273344
sdca,label_skew,2551,7,2332,0.6374609012809836,0.7362916666666667,0.7375,34274688
sdca,label_skew,2551,8,2467,0.6785360067656931,0.68325,0.688,34278720
sdca,label_skew,2551,9,2332,0.6785547760583319,0.69575,0.6901666666666667,34270656
sdca,label_skew,2576,0,2468,0.6146248829224606,0.76725,0.7593333333333333,34612032
sdca,label_skew,2576,1,2333,0.7476824057676571,0.651125,0.6488333333333334,34616064
sdca,label_skew,2576,2,2468,0.6375971000471142,0.7309583333333334,0.731,34616064
sdca,label_skew,2576,3,2333,0.6102816525612841,0.766125,0.7578333333333334,34609344
sdca,label_skew,2576,4,2467,0.6382507265333857,0.7284166666666667,0.7306666666666667,34605312
sdca,label_skew,2576,5,2333,0.7278569019436999,0.6627916666666667,0.6586666666666666,34606656
sdca,label_skew,2576,6,2467,0.7200575307140475,0.6483333333333333,0.6538333333333334,34609344
sdca,label_skew,2576,7,2332,0.63707206431753,0.7325416666666666,0.7331666666666666,34610688
sdca,label_skew,2576,8,2467,0.6748616636415047,0.6889583333333333,0.6963333333333334,34614720
sdca,label_skew,2576,9,2332,0.677523993985304,0.6970416666666667,0.6913333333333334,34606656
sdca,label_skew,2601,0,2468,0.6095614328671093,0.760875,0.7578333333333334,34948032
sdca,label_skew,2601,1,2333,0.7289669943376547,0.6619166666666667,0.6576666666666666,34952064
sdca,label_skew,2601,2,2468,0.6486276363091709,0.7215833333333334,0.7236666666666667,34952064
sdca,label_skew,2601,3,2333,0.609001898510341,0.766375,0.7621666666666667,34945344
sdca,label_skew,2601,4,2467,0.6446252794144325,0.7245,0.7276666666666667,34941312
sdca,label_skew,2601,5,2333,0.7178511934056081,0.67,0.6638333333333334,34942656
sdca,label_skew,2601,6,2467,0.7289202179823951,0.6467916666666667,0.6505,34945344
sdca,label_skew,2601,7,2332,0.6308304734164053,0.7445416666666667,0.7423333333333333,34946688
sdca,label_skew,2601,8,2467,0.682227143710457,0.683625,0.6916666666666667,34950720
sdca,label_skew,2601,9,2332,0.673864229503475,0.698125,0.6916666666666667,34942656
sdca,label_skew,2626,0,2468,0.6126144301047409,0.7629583333333333,0.7631666666666667,35284032
sdca,label_skew,2626,1,2333,0.7278724932153848,0.6624166666666667,0.6581666666666667,35288064
sdca,label_skew,2626,2,2468,0.6340403762261312,0.734375,0.7338333333333333,35288064
sdca,label_skew,2626,3,2333,0.6146170973375918,0.765625,0.7628333333333334,35281344
sdca,label_skew,2626,4,2467,0.6464207628566884,0.7205416666666666,0.7253333333333334,35277312
sdca,label_skew,2626,5,2333,0.7231450942049856,0.6657916666666667,0.6606666666666666,35278656
sdca,label_skew,2626,6,2467,0.7205858978931159,0.6482916666666667,0.6546666666666666,35281344
sdca,label_skew,2626,7,2332,0.6444451690305754,0.7194583333333333,0.7251666666666666,35282688
sdca,label_skew,2626,8,2467,0.6807880913184869,0.681375,0.6895,35286720
sdca,label_skew,2626,9,2332,0.6827510443867543,0.6919583333333333,0.6861666666666667,35278656
sdca,label_skew,2651,0,2468,0.6149371977043099,0.766375,0.759,35620032
sdca,label_skew,2651,1,2333,0.7450522451952268,0.6520416666666666,0.6483333333333333,35624064
sdca,label_skew,2651,2,2468,0.6329468365901413,0.7354583333333333,0.7341666666666666,35624064
sdca,label_skew,2651,3,2333,0.6120577253963102,0.7663333333333333,0.7608333333333334,35617344
sdca,label_skew,2651,4,2467,0.6454118725093223,0.7209583333333334,0.7258333333333333,35613312
sdca,label_skew,2651,5,2333,0.7302978072818527,0.6590833333333334,0.6568333333333334,35614656
sdca,label_skew,2651,6,2467,0.7091299917780686,0.656375,0.663,35617344
sdca,label_skew,2651,7,2332,0.641092159389175,0.7254583333333333,0.7288333333333333,35618688
sdca,label_skew,2651,8,2467,0.690181809109457,0.6733333333333333,0.6805,35622720
sdca,label_skew,2651,9,2332,0.6851412499656692,0.6930416666666667,0.6858333333333333,35614656
sdca,label_skew,2676,0,2468,0.6078755960948033,0.7630833333333333,0.7621666666666667,35956032
sdca,label_skew,2676,1,2333,0.7314850481623189,0.6605,0.6571666666666667,35960064
sdca,label_skew,2676,2,2468,0.6316938608288628,0.736125,0.7358333333333333,35960064
sdca,label_skew,2676,3,2333,0.6082808524885667,0.7670416666666666,0.7596666666666667,35953344
sdca,label_skew,2676,4,2467,0.63392375921658,0.7334166666666667,0.7331666666666666,35949312
sdca,label_skew,2676,5,2333,0.7205221330487848,0.6670833333333334,0.662,35950656
sdca,label_skew,2676,6,2467,0.7106246357181188,0.6570416666666666,0.6638333333333334,35953344
sdca,label_skew,2676,7,2332,0.640575289538328,0.726125,0.7281666666666666,35954688
sdca,label_skew,2676,8,2467,0.6742056995789253,0.689,0.6963333333333334,35958720
sdca,label_skew,2676,9,2332,0.6818998454824399,0.6935,0.6886666666666666,35950656
sdca,label_skew,2701,0,2468,0.6101757582775564,0.7672083333333334,0.7616666666666667,36292032
sdca,label_skew,2701,1,2333,0.7273912714365754,0.6628333333333334,0.6591666666666667,36296064
sdca,label_skew,2701,2,2468,0.6304231287446566,0.737875,0.7385,36296064
sdca,label_skew,2701,3,2333,0.6108851503021628,0.766375,0.7633333333333333,36289344
sdca,label_skew,2701,4,2467,0.6402397942687682,0.7257916666666666,0.7303333333333333,36285312
sdca,label_skew,2701,5,2333,0.7340567945122515,0.6597916666666667,0.6566666666666666,36286656
sdca,label_skew,2701,6,2467,0.7049339068466552,0.6632083333333333,0.6711666666666667,36289344
sdca,label_skew,2701,7,2332,0.6355410229789272,0.7321666666666666,0.7353333333333333,36290688
sdca,label_skew,2701,8,2467,0.6655218178566589,0.698125,0.7058333333333333,36294720
sdca,label_skew,2701,9,2332,0.6618434613250148,0.7070833333333333,0.6981666666666667,36286656
sdca,label_skew,2726,0,2468,0.604395005849298,0.7566666666666667,0.7538333333333334,36628032
sdca,label_skew,2726,1,2333,0.7091867283319969,0.6765416666666667,0.6736666666666666,36632064
sdca,label_skew,2726,2,2468,0.6365292657205147,0.7339583333333334,0.7341666666666666,36632064
sdca,label_skew,2726,3,2333,0.6041362041563869,0.7655,0.7588333333333334,36625344
sdca,label_skew,2726,4,2467,0.6281575779178127,0.7376666666666667,0.7376666666666667,36621312
sdca,label_skew,2726,5,2333,0.7056388992415147,0.6785,0.6755,36622656
sdca,label_skew,2726,6,2467,0.7045877286662738,0.6603333333333333,0.6665,36625344
sdca,label_skew,2726,7,2332,0.6319047052201457,0.7405833333333334,0.7418333333333333,36626688
sdca,label_skew,2726,8,2467,0.6688780355783087,0.6989583333333333,0.7071666666666667,36630720
sdca,label_skew,2726,9,2332,0.6629788470552063,0.7070833333333333,0.6976666666666667,36622656
sdca,label_skew,2751,0,2468,0.6053108364109414,0.75775,0.7521666666666667,36964032
sdca,label_skew,2751,1,2333,0.6980736306024337,0.6826666666666666,0.6768333333333333,36968064
sdca,label_skew,2751,2,2468,0.6359350966841881,0.733375,0.7335,36968064
sdca,label_skew,2751,3,2333,0.605646980821763,0.7651666666666667,0.761,36961344
sdca,label_skew,2751,4,2467,0.6330598761203176,0.736125,0.736,36957312
sdca,label_skew,2751,5,2333,0.7160612169446916,0.6710833333333334,0.6651666666666667,36958656
sdca,label_skew,2751,6,2467,0.7050657577646172,0.6663333333333333,0.6741666666666667,36961344
sdca,label_skew,2751,7,2332,0.6323636062850756,0.7385416666666667,0.738,36962688
sdca,label_skew,2751,8,2467,0.6629377265421386,0.7029583333333334,0.7096666666666667,36966720
sdca,label_skew,2751,9,2332,0.6612458105957547,0.707625,0.6991666666666667,36958656
sdca,label_skew,2776,0,2468,0.6046382682477618,0.7545416666666667,0.75,37300032
sdca,label_skew,2776,1,2333,0.697042610653426,0.684625,0.6801666666666667,37304064
sdca,label_skew,2776,2,2468,0.6179081129931457,0.7502916666666667,0.7465,37304064
sdca,label_skew,2776,3,2333,0.6007251767178479,0.7650416666666666,0.7613333333333333,37297344
sdca,label_skew,2776,4,2467,0.6246000799817998,0.7425416666666667,0.743,37293312
sdca,label_skew,2776,5,2333,0.7108838594814545,0.6774166666666667,0.6711666666666667,37294656
sdca,label_skew,2776,6,2467,0.7002871632118006,0.668375,0.6766666666666666,37297344
sdca,label_skew,2776,7,2332,0.631326611541873,0.7355833333333334,0.7388333333333333,37298688
sdca,label_skew,2776,8,2467,0.654424584358871,0.7115,0.7171666666666666,37302720
sdca,label_skew,2776,9,2332,0.6485028667513514,0.713875,0.7066666666666667,37294656
sdca,label_skew,2801,0,2468,0.6077567207336289,0.7619166666666667,0.7603333333333333,37636032
sdca,label_skew,2801,1,2333,0.7134540110807541,0.6707916666666667,0.666,37640064
sdca,label_skew,2801,2,2468,0.6375310723580364,0.731125,0.7338333333333333,37640064
sdca,label_skew,2801,3,2333,0.602365592364506,0.7642083333333334,0.76,37633344
sdca,label_skew,2801,4,2467,0.6375312821904078,0.729875,0.731,37629312
sdca,label_skew,2801,5,2333,0.7153444811486119,0.6701666666666667,0.6645,37630656
sdca,label_skew,2801,6,2467,0.7018596390024662,0.6649583333333333,0.6721666666666667,37633344
sdca,label_skew,2801,7,2332,0.6310001496324052,0.74025,0.74,37634688
sdca,label_skew,2801,8,2467,0.6599780769749268,0.7041666666666667,0.7113333333333334,37638720
sdca,label_skew,2801,9,2332,0.6766226005267573,0.698125,0.692,37630656
sdca,label_skew,2826,0,2468,0.6143796166928646,0.7683333333333333,0.7611666666666667,37972032
sdca,label_skew,2826,1,2333,0.722480917325729,0.6654166666666667,0.6623333333333333,37976064
sdca,label_skew,2826,2,2468,0.6340795232374146,0.7337916666666666,0.7351666666666666,37976064
sdca,label_skew,2826,3,2333,0.6103008947459434,0.765625,0.7631666666666667,37969344
sdca,label_skew,2826,4,2467,0.6465733427702487,0.7239166666666667,0.7263333333333334,37965312
sdca,label_skew,2826,5,2333,0.7176095508014405,0.6660416666666666,0.6635,37966656
sdca,label_skew,2826,6,2467,0.7070768369137941,0.6616666666666666,0.6685,37969344
sdca,label_skew,2826,7,2332,0.6270468510791839,0.742875,0.7421666666666666,37970688
sdca,label_skew,2826,8,2467,0.6618554498210971,0.7042916666666666,0.7116666666666667,37974720
sdca,label_skew,2826,9,2332,0.681169362524664,0.6951666666666667,0.6881666666666667,37966656
sdca,label_skew,2851,0,2468,0.6126326571844463,0.7682083333333334,0.761,38308032
sdca,label_skew,2851,1,2333,0.7186963192211122,0.667625,0.6645,38312064
sdca,label_skew,2851,2,2468,0.6360816415735391,0.7340833333333333,0.7356666666666667,38312064
sdca,label_skew,2851,3,2333,0.6085143072319925,0.7635,0.7615,38305344
sdca,label_skew,2851,4,2467,0.6434501393701922,0.727125,0.7286666666666667,38301312
sdca,label_skew,2851,5,2333,0.7153633182091352,0.6705,0.667,38302656
sdca,label_skew,2851,6,2467,0.7024563804082881,0.6670416666666666,0.675,38305344
sdca,label_skew,2851,7,2332,0.6317024945740252,0.7390416666666667,0.7386666666666667,38306688
sdca,label_skew,2851,8,2467,0.6717675550948701,0.6940833333333334,0.7016666666666667,38310720
sdca,label_skew,2851,9,2332,0.6737189740330887,0.70075,0.6945,38302656
sdca,label_skew,2876,0,2468,0.6132208616495733,0.7667916666666666,0.7588333333333334,38644032
sdca,label_skew,2876,1,2333,0.7163950931209304,0.671375,0.6663333333333333,38648064
sdca,label_skew,2876,2,2468,0.6379959839150098,0.731,0.7345,38648064
sdca,label_skew,2876,3,2333,0.6090574865140641,0.7640833333333333,0.7605,38641344
sdca,label_skew,2876,4,2467,0.6407474591614019,0.728875,0.73,38637312
sdca,label_skew,2876,5,2333,0.7280764235545939,0.6628333333333334,0.6571666666666667,38638656
sdca,label_skew,2876,6,2467,0.7054772676197617,0.663125,0.6701666666666667,38641344
sdca,label_skew,2876,7,2332,0.6273516948044824,0.7435416666666667,0.7438333333333333,38642688
sdca,label_skew,2876,8,2467,0.6609629490597267,0.706625,0.7113333333333334,38646720
sdca,label_skew,2876,9,2332,0.6644617197704408,0.7079583333333334,0.7,38638656
sdca,label_skew,2901,0,2468,0.606901784404584,0.7655,0.7635,38980032
sdca,label_skew,2901,1,2333,0.7105812892503743,0.67525,0.6688333333333333,38984064
sdca,label_skew,2901,2,2468,0.6336437025472539,0.7375,0.7371666666666666,38984064
sdca,label_skew,2901,3,2333,0.6089379440032228,0.7640416666666666,0.7615,38977344
sdca,label_skew,2901,4,2467,0.6394940142920424,0.731875,0.7333333333333333,38973312
sdca,label_skew,2901,5,2333,0.7181858301978541,0.669875,0.663,38974656
sdca,label_skew,2901,6,2467,0.7115826896126427,0.6609583333333333,0.6681666666666667,38977344
sdca,label_skew,2901,7,2332,0.6271917597978665,0.7444583333333333,0.7441666666666666,38978688
sdca,label_skew,2901,8,2467,0.6596514096573562,0.7085833333333333,0.7143333333333334,38982720
sdca,label_skew,2901,9,2332,0.6652159709807485,0.7048333333333333,0.697,38974656
sdca,label_skew,2926,0,2468,0.6040931068035638,0.7612916666666667,0.757,39316032
sdca,label_skew,2926,1,2333,0.6963728071738018,0.6847916666666667,0.681,39320064
sdca,label_skew,2926,2,2468,0.6236389738047681,0.7444166666666666,0.7435,39320064
sdca,label_skew,2926,3,2333,0.6019001104660984,0.766125,0.7593333333333333,39313344
sdca,label_skew,2926,4,2467,0.6273056036113319,0.741125,0.7411666666666666,39309312
sdca,label_skew,2926,5,2333,0.7031210258833468,0.6810833333333334,0.677,39310656
sdca,label_skew,2926,6,2467,0.6904214525895787,0.678125,0.686,39313344
sdca,label_skew,2926,7,2332,0.6289088078244599,0.7395,0.7403333333333333,39314688
sdca,label_skew,2926,8,2467,0.6514968735994037,0.7147916666666667,0.7191666666666666,39318720
sdca,label_skew,2926,9,2332,0.6554577265208977,0.7124166666666667,0.7036666666666667,39310656
sdca,label_skew,2951,0,2468,0.6027447818110802,0.7599166666666667,0.7553333333333333,39652032
sdca,label_skew,2951,1,2333,0.6728450613551181,0.6985,0.6915,39656064
sdca,label_skew,2951,2,2468,0.6167457258400908,0.7510416666666667,0.7473333333333333,39656064
sdca,label_skew,2951,3,2333,0.5967255537644458,0.7653333333333333,0.7601666666666667,39649344
sdca,label_skew,2951,4,2467,0.6304526963446312,0.737,0.7366666666666667,39645312
sdca,label_skew,2951,5,2333,0.6879658558026598,0.6905833333333333,0.685,39646656
sdca,label_skew,2951,6,2467,0.6846420893965278,0.682875,0.6906666666666667,39649344
sdca,label_skew,2951,7,2332,0.633086965393682,0.7330416666666667,0.7328333333333333,39650688
sdca,label_skew,2951,8,2467,0.6443159351900591,0.721375,0.726,39654720
sdca,label_skew,2951,9,2332,0.6346554579365875,0.7211666666666666,0.7133333333333334,39646656
sdca,label_skew,2976,0,2468,0.6034686044366168,0.7574583333333333,0.7526666666666667,39988032
sdca,label_skew,2976,1,2333,0.6928056776123923,0.6883333333333334,0.684,39992064
sdca,label_skew,2976,2,2468,0.6185373896711663,0.7475,0.7473333333333333,39992064
sdca,label_skew,2976,3,2333,0.5992885863995782,0.7663333333333333,0.7605,39985344
sdca,label_skew,2976,4,2467,0.6227411272026535,0.7433333333333333,0.7436666666666667,39981312
sdca,label_skew,2976,5,2333,0.6932953488539418,0.6879583333333333,0.6836666666666666,39982656
sdca,label_skew,2976,6,2467,0.6831492323971524,0.684375,0.6936666666666667,39985344
sdca,label_skew,2976,7,2332,0.6305208537107786,0.7349583333333334,0.7351666666666666,39986688
sdca,label_skew,2976,8,2467,0.6467517778188362,0.7197916666666667,0.7218333333333333,39990720
sdca,label_skew,2976,9,2332,0.6485723161189019,0.7157916666666667,0.7075,39982656
sdca,label_skew,3001,0,2468,0.6031255076476826,0.7624583333333333,0.763,40324032
sdca,label_skew,3001,1,2333,0.6851228286997804,0.69175,0.6873333333333334,40328064
sdca,label_skew,3001,2,2468,0.6123828637398677,0.7545833333333334,0.7476666666666667,40328064
sdca,label_skew,3001,3,2333,0.6000753057191951,0.7650416666666666,0.76,40321344
sdca,label_skew,3001,4,2467,0.6215930284458228,0.745,0.7438333333333333,40317312
sdca,label_skew,3001,5,2333,0.6958455283654045,0.686,0.6806666666666666,40318656
sdca,label_skew,3001,6,2467,0.6781338922459296,0.688625,0.6958333333333333,40321344
sdca,label_skew,3001,7,2332,0.6258981373904122,0.7410833333333333,0.7405,40322688
sdca,label_skew,3001,8,2467,0.6491990042309316,0.7200416666666667,0.7223333333333334,40326720
sdca,label_skew,3001,9,2332,0.6493940747691802,0.7167083333333333,0.7103333333333334,40318656
sdca,label_skew,3026,0,2468,0.6017477144912263,0.7607916666666666,0.761,40660032
sdca,label_skew,3026,1,2333,0.6780548726996177,0.6978333333333333,0.6906666666666667,40664064
sdca,label_skew,3026,2,2468,0.6091681421175618,0.7557916666666666,0.7485,40664064
sdca,label_skew,3026,3,2333,0.5981941445479843,0.765875,0.7608333333333334,40657344
sdca,label_skew,3026,4,2467,0.6276065579144602,0.7381666666666666,0.7376666666666667,40653312
sdca,label_skew,3026,5,2333,0.6932744337804746,0.6888333333333333,0.6846666666666666,40654656
sdca,label_skew,3026,6,2467,0.6794232980684135,0.6888333333333333,0.696,40657344
sdca,label_skew,3026,7,2332,0.6267131583791549,0.7384166666666667,0.7381666666666666,40658688
sdca,label_skew,3026,8,2467,0.6402419780915942,0.7267916666666666,0.7291666666666666,40662720
sdca,label_skew,3026,9,2332,0.6385245659441151,0.7240416666666667,0.717,40654656
sdca,label_skew,3051,0,2468,0.6006403421178329,0.7574583333333333,0.7541666666666667,40996032
sdca,label_skew,3051,1,2333,0.674229019297175,0.7012083333333333,0.6925,41000064
sdca,label_skew,3051,2,2468,0.6122164429274637,0.753625,0.7478333333333333,41000064
sdca,label_skew,3051,3,2333,0.5979140839022166,0.7657916666666666,0.7595,40993344
sdca,label_skew,3051,4,2467,0.6276467531236062,0.7385,0.7368333333333333,40989312
sdca,label_skew,3051,5,2333,0.698670666679463,0.6858333333333333,0.6795,40990656
sdca,label_skew,3051,6,2467,0.6778017639194339,0.6920833333333334,0.6998333333333333,40993344
sdca,label_skew,3051,7,2332,0.631371688063209,0.7345,0.7351666666666666,40994688
sdca,label_skew,3051,8,2467,0.6471473800734272,0.7202916666666667,0.7235,40998720
sdca,label_skew,3051,9,2332,0.6554520028721974,0.713625,0.7065,40990656
sdca,label_skew,3076,0,2468,0.602235520384137,0.7621666666666667,0.7621666666666667,41332032
sdca,label_skew,3076,1,2333,0.6831502102549382,0.6937916666666667,0.6873333333333334,41336064
sdca,label_skew,3076,2,2468,0.6148021682993922,0.7511666666666666,0.7446666666666667,41336064
sdca,label_skew,3076,3,2333,0.6012521983506905,0.7662083333333334,0.7578333333333334,41329344
sdca,label_skew,3076,4,2467,0.6267071507949548,0.73975,0.7391666666666666,41325312
sdca,label_skew,3076,5,2333,0.6930609871747144,0.6875,0.6826666666666666,41326656
sdca,label_skew,3076,6,2467,0.682300516933439,0.6859583333333333,0.6948333333333333,41329344
sdca,label_skew,3076,7,2332,0.6213085671175019,0.7442916666666667,0.7436666666666667,41330688
sdca,label_skew,3076,8,2467,0.6450263717210338,0.7227916666666667,0.7248333333333333,41334720
sdca,label_skew,3076,9,2332,0.6467055309912492,0.7186666666666667,0.712,41326656
sdca,label_skew,3101,0,2468,0.6017296816409073,0.7629166666666667,0.7613333333333333,41668032
sdca,label_skew,3101,1,2333,0.6758632983568048,0.7004166666666667,0.6918333333333333,41672064
sdca,label_skew,3101,2,2468,0.6090563799085142,0.7559583333333333,0.7501666666666666,41672064
sdca,label_skew,3101,3,2333,0.5989452519370541,0.7667083333333333,0.7585,41665344
sdca,label_skew,3101,4,2467,0.6228251620883049,0.7428333333333333,0.7433333333333333,41661312
sdca,label_skew,3101,5,2333,0.6912614210245331,0.689875,0.685,41662656
sdca,label_skew,3101,6,2467,0.6797233494265571,0.6894166666666667,0.6958333333333333,41665344
sdca,label_skew,3101,7,2332,0.62452910027271,0.741875,0.7406666666666667,41666688
sdca,label_skew,3101,8,2467,0.642932869430875,0.7252083333333333,0.728,41670720
sdca,label_skew,3101,9,2332,0.6370110973334676,0.724375,0.7173333333333334,41662656
sdca,label_skew,3126,0,2468,0.6020932745912854,0.7632916666666667,0.7633333333333333,42004032
sdca,label_skew,3126,1,2333,0.6722311704784498,0.700375,0.6935,42008064
sdca,label_skew,3126,2,2468,0.6135633089715323,0.7522916666666667,0.7491666666666666,42008064
sdca,label_skew,3126,3,2333,0.5991693038088969,0.765875,0.7616666666666667,42001344
sdca,label_skew,3126,4,2467,0.6254292678271046,0.7411666666666666,0.7391666666666666,41997312
sdca,label_skew,3126,5,2333,0.6916888979521559,0.6890833333333334,0.6835,41998656
sdca,label_skew,3126,6,2467,0.6742853451525842,0.6924583333333333,0.6986666666666667,42001344
sdca,label_skew,3126,7,2332,0.6211345405184144,0.74525,0.7445,42002688
sdca,label_skew,3126,8,2467,0.6448340990797419,0.723375,0.7268333333333333,42006720
sdca,label_skew,3126,9,2332,0.6315027459633016,0.7290833333333333,0.7228333333333333,41998656
sdca,label_skew,3151,0,2468,0.6016397921943079,0.7664583333333334,0.7611666666666667,42340032
sdca,label_skew,3151,1,2333,0.6819674966684811,0.69525,0.6886666666666666,42344064
sdca,label_skew,3151,2,2468,0.6152851302603766,0.750625,0.7483333333333333,42344064
sdca,label_skew,3151,3,2333,0.597129989118057,0.7667083333333333,0.7608333333333334,42337344
sdca,label_skew,3151,4,2467,0.6211417820400913,0.7446666666666667,0.7435,42333312
sdca,label_skew,3151,5,2333,0.6900894575747758,0.6904583333333333,0.6858333333333333,42334656
sdca,label_skew,3151,6,2467,0.6764314380388544,0.6919583333333333,0.6975,42337344
sdca,label_skew,3151,7,2332,0.6221005956660708,0.7462083333333334,0.7451666666666666,42338688
sdca,label_skew,3151,8,2467,0.6390302505757668,0.728375,0.7296666666666667,42342720
sdca,label_skew,3151,9,2332,0.632331287648755,0.7285416666666666,0.72,42334656
sdca,label_skew,3176,0,2468,0.5987111469636085,0.7616666666666667,0.7586666666666667,42676032
sdca,label_skew,3176,1,2333,0.6776844545842217,0.6977083333333334,0.6898333333333333,42680064
sdca,label_skew,3176,2,2468,0.6157508521854183,0.752,0.7453333333333333,42680064
sdca,label_skew,3176,3,2333,0.5963676215948215,0.7645833333333333,0.7585,42673344
sdca,label_skew,3176,4,2467,0.6208385433454703,0.7463333333333333,0.7443333333333333,42669312
sdca,label_skew,3176,5,2333,0.691561305855101,0.6890833333333334,0.6831666666666667,42670656
sdca,label_skew,3176,6,2467,0.6799630129476353,0.6890833333333334,0.6956666666666667,42673344
sdca,label_skew,3176,7,2332,0.6147994290605479,0.753875,0.747,42674688
sdca,label_skew,3176,8,2467,0.6484332531493323,0.7225,0.7235,42678720
sdca,label_skew,3176,9,2332,0.6424519655377373,0.7204583333333333,0.715,42670656
sdca,label_skew,3201,0,2468,0.5995763464262949,0.762125,0.7621666666666667,43012032
sdca,label_skew,3201,1,2333,0.665633402428193,0.7059583333333334,0.6958333333333333,43016064
sdca,label_skew,3201,2,2468,0.6135318711158296,0.7527916666666666,0.7496666666666667,43016064
sdca,label_skew,3201,3,2333,0.5980938531781282,0.7664166666666666,0.7598333333333334,43009344
sdca,label_skew,3201,4,2467,0.6231992760209026,0.7425833333333334,0.742,43005312
sdca,label_skew,3201,5,2333,0.6853872360102775,0.69375,0.6871666666666667,43006656
sdca,label_skew,3201,6,2467,0.6736563362260011,0.6955833333333333,0.7031666666666667,43009344
sdca,label_skew,3201,7,2332,0.6228319275254267,0.7431666666666666,0.7423333333333333,43010688
sdca,label_skew,3201,8,2467,0.6398933052929067,0.7290833333333333,0.731,43014720
sdca,label_skew,3201,9,2332,0.6365996911771787,0.724,0.7175,43006656
sdca,label_skew,3226,0,2468,0.599375695420273,0.760375,0.7588333333333334,43348032
sdca,label_skew,3226,1,2333,0.6595350387541508,0.7084166666666667,0.6993333333333334,43352064
sdca,label_skew,3226,2,2468,0.605285283967924,0.7580833333333333,0.7541666666666667,43352064
sdca,label_skew,3226,3,2333,0.5984929788629186,0.7659583333333333,0.7603333333333333,43345344
sdca,label_skew,3226,4,2467,0.6165087884978983,0.7469166666666667,0.7455,43341312
sdca,label_skew,3226,5,2333,0.6783235145147885,0.6977083333333334,0.6908333333333333,43342656
sdca,label_skew,3226,6,2467,0.6706094641068252,0.7000416666666667,0.707,43345344
sdca,label_skew,3226,7,2332,0.6177531276858089,0.7472916666666667,0.7438333333333333,43346688
sdca,label_skew,3226,8,2467,0.6334291433890361,0.7319166666666667,0.7325,43350720
sdca,label_skew,3226,9,2332,0.6234565118327319,0.7286666666666667,0.7235,43342656
sdca,label_skew,3251,0,2468,0.5989855083162179,0.7594583333333333,0.7573333333333333,43684032
sdca,label_skew,3251,1,2333,0.6584369773169702,0.7085416666666666,0.7,43688064
sdca,label_skew,3251,2,2468,0.6057977060938968,0.756375,0.7498333333333334,43688064
sdca,label_skew,3251,3,2333,0.6003052924347201,0.76625,0.7605,43681344
sdca,label_skew,3251,4,2467,0.627246732396128,0.7384166666666667,0.7376666666666667,43677312
sdca,label_skew,3251,5,2333,0.6908909309259648,0.6896666666666667,0.6846666666666666,43678656
sdca,label_skew,3251,6,2467,0.6662002068986381,0.69925,0.7046666666666667,43681344
sdca,label_skew,3251,7,2332,0.6199159577801415,0.746,0.7453333333333333,43682688
sdca,label_skew,3251,8,2467,0.6413427610095835,0.7252083333333333,0.7275,43686720
sdca,label_skew,3251,9,2332,0.640311150288523,0.7235,0.7173333333333334,43678656
sdca,label_skew,3276,0,2468,0.5990458716392888,0.759375,0.757,44020032
sdca,label_skew,3276,1,2333,0.6477590198094139,0.7135416666666666,0.7066666666666667,44024064
sdca,label_skew,3276,2,2468,0.6077892558096314,0.75675,0.7518333333333334,44024064
sdca,label_skew,3276,3,2333,0.5958960791138411,0.7657916666666666,0.7618333333333334,44017344
sdca,label_skew,3276,4,2467,0.6246576972764284,0.7405416666666667,0.74,44013312
sdca,label_skew,3276,5,2333,0.6782497808082398,0.6987916666666667,0.6911666666666667,44014656
sdca,label_skew,3276,6,2467,0.6694851425270906,0.7012083333333333,0.7073333333333334,44017344
sdca,label_skew,3276,7,2332,0.6177946055398221,0.7492083333333334,0.7468333333333333,44018688
sdca,label_skew,3276,8,2467,0.6327864417216421,0.7339583333333334,0.7355,44022720
sdca,label_skew,3276,9,2332,0.6346446218119888,0.7255416666666666,0.7181666666666666,44014656
sdca,label_skew,3301,0,2468,0.5984678605060374,0.7622916666666667,0.7623333333333333,44356032
sdca,label_skew,3301,1,2333,0.6603692166313224,0.7090416666666667,0.7013333333333334,44360064
sdca,label_skew,3301,2,2468,0.6082995215447939,0.7569583333333333,0.7515,44360064
sdca,label_skew,3301,3,2333,0.595579156225193,0.7658333333333334,0.7598333333333334,44353344
sdca,label_skew,3301,4,2467,0.6145430111026978,0.7499166666666667,0.7456666666666667,44349312
sdca,label_skew,3301,5,2333,0.6781383311842188,0.698875,0.6908333333333333,44350656
sdca,label_skew,3301,6,2467,0.664828875953296,0.7047916666666667,0.7108333333333333,44353344
sdca,label_skew,3301,7,2332,0.6216086078395293,0.7435416666666667,0.7418333333333333,44354688
sdca,label_skew,3301,8,2467,0.6344158368720659,0.7325833333333334,0.7336666666666667,44358720
sdca,label_skew,3301,9,2332,0.632301873454548,0.7283333333333334,0.7223333333333334,44350656
sdca,label_skew,3326,0,2468,0.5975745532296954,0.7617083333333333,0.7608333333333334,44692032
sdca,label_skew,3326,1,2333,0.6516681646806849,0.712125,0.7043333333333334,44696064
sdca,label_skew,3326,2,2468,0.6026495363432928,0.7610833333333333,0.7543333333333333,44696064
sdca,label_skew,3326,3,2333,0.594577876156742,0.7657916666666666,0.7603333333333333,44689344
sdca,label_skew,3326,4,2467,0.6181477166220426,0.7478333333333333,0.744,44685312
sdca,label_skew,3326,5,2333,0.6800017817571351,0.6972916666666666,0.6895,44686656
sdca,label_skew,3326,6,2467,0.6661236508970063,0.7040416666666667,0.709,44689344
sdca,label_skew,3326,7,2332,0.6125693679579034,0.7540416666666667,0.752,44690688
sdca,label_skew,3326,8,2467,0.6323514372754487,0.7359583333333334,0.7363333333333333,44694720
sdca,label_skew,3326,9,2332,0.6224078934081722,0.7310833333333333,0.7275,44686656
sdca,label_skew,3351,0,2468,0.5977335318638406,0.7615416666666667,0.7593333333333333,45028032
sdca,label_skew,3351,1,2333,0.6538848286832482,0.712125,0.705,45032064
sdca,label_skew,3351,2,2468,0.6035492881121503,0.7581666666666667,0.755,45032064
sdca,label_skew,3351,3,2333,0.5949696773172846,0.766625,0.7596666666666667,45025344
sdca,label_skew,3351,4,2467,0.6164218499232921,0.7484166666666666,0.7453333333333333,45021312
sdca,label_skew,3351,5,2333,0.680002614912406,0.6980416666666667,0.6911666666666667,45022656
sdca,label_skew,3351,6,2467,0.6612960530372994,0.7072083333333333,0.7136666666666667,45025344
sdca,label_skew,3351,7,2332,0.6168809782948356,0.7478333333333333,0.7445,45026688
sdca,label_skew,3351,8,2467,0.6330232238681719,0.73225,0.7331666666666666,45030720
sdca,label_skew,3351,9,2332,0.6262286296643501,0.73175,0.7266666666666667,45022656
sdca,label_skew,3376,0,2468,0.5963833700418437,0.7585833333333334,0.7558333333333334,45364032
sdca,label_skew,3376,1,2333,0.6504594052864782,0.7136666666666667,0.7053333333333334,45368064
sdca,label_skew,3376,2,2468,0.6009242623844465,0.7607916666666666,0.7558333333333334,45368064
sdca,label_skew,3376,3,2333,0.5940303792061751,0.766125,0.7603333333333333,45361344
sdca,label_skew,3376,4,2467,0.6145006990634321,0.74975,0.7476666666666667,45357312
sdca,label_skew,3376,5,2333,0.6691846526749065,0.7035833333333333,0.6946666666666667,45358656
sdca,label_skew,3376,6,2467,0.6661645750941565,0.7020833333333333,0.7101666666666666,45361344
sdca,label_skew,3376,7,2332,0.6111554122402525,0.754625,0.75,45362688
sdca,label_skew,3376,8,2467,0.6313833269007858,0.735125,0.7355,45366720
sdca,label_skew,3376,9,2332,0.6231086686894673,0.7304583333333333,0.7246666666666667,45358656
sdca,label_skew,3401,0,2468,0.5980810977012174,0.7555833333333334,0.753,45700032
sdca,label_skew,3401,1,2333,0.6412747293937813,0.71825,0.711,45704064
sdca,label_skew,3401,2,2468,0.5988830378028963,0.7621666666666667,0.7538333333333334,45704064
sdca,label_skew,3401,3,2333,0.5917466024424856,0.7660416666666666,0.7595,45697344
sdca,label_skew,3401,4,2467,0.6077480656319227,0.7543333333333333,0.7476666666666667,45693312
sdca,label_skew,3401,5,2333,0.668008704861364,0.7044166666666667,0.6966666666666667,45694656
sdca,label_skew,3401,6,2467,0.6569125471249467,0.714,0.7175,45697344
sdca,label_skew,3401,7,2332,0.6305641269632634,0.7337083333333333,0.7326666666666667,45698688
sdca,label_skew,3401,8,2467,0.6205326955847529,0.743,0.7418333333333333,45702720
sdca,label_skew,3401,9,2332,0.6158676134123673,0.7344166666666667,0.7313333333333333,45694656
sdca,label_skew,3426,0,2468,0.5974461829753562,0.7573333333333333,0.7546666666666667,46036032
sdca,label_skew,3426,1,2333,0.6467406584794878,0.715,0.7076666666666667,46040064
sdca,label_skew,3426,2,2468,0.5998894523197716,0.7614583333333333,0.7558333333333334,46040064
sdca,label_skew,3426,3,2333,0.5947580947162636,0.7665,0.7615,46033344
sdca,label_skew,3426,4,2467,0.61108860124731,0.7536666666666667,0.747,46029312
sdca,label_skew,3426,5,2333,0.6667313270431443,0.704375,0.6953333333333334,46030656
sdca,label_skew,3426,6,2467,0.6614333956265442,0.710375,0.7155,46033344
sdca,label_skew,3426,7,2332,0.6175643618536274,0.7459583333333333,0.7435,46034688
sdca,label_skew,3426,8,2467,0.6375911586985019,0.7300833333333333,0.7328333333333333,46038720
sdca,label_skew,3426,9,2332,0.6231819073767049,0.7312916666666667,0.7245,46030656
sdca,label_skew,3451,0,2468,0.5969646210230284,0.7624583333333333,0.7625,46372032
sdca,label_skew,3451,1,2333,0.6444651270802592,0.718125,0.7106666666666667,46376064
sdca,label_skew,3451,2,2468,0.5992077858963595,0.7625416666666667,0.7551666666666667,46376064
sdca,label_skew,3451,3,2333,0.593092431371109,0.766125,0.7585,46369344
sdca,label_skew,3451,4,2467,0.6077525293118542,0.7555416666666667,0.7496666666666667,46365312
sdca,label_skew,3451,5,2333,0.6660584688026691,0.7052083333333333,0.6963333333333334,46366656
sdca,label_skew,3451,6,2467,0.6549661131926735,0.7176666666666667,0.7198333333333333,46369344
sdca,label_skew,3451,7,2332,0.6195628394021222,0.7432083333333334,0.7436666666666667,46370688
sdca,label_skew,3451,8,2467,0.6272130658314954,0.7380833333333333,0.7371666666666666,46374720
sdca,label_skew,3451,9,2332,0.6151510112393608,0.7342916666666667,0.731,46366656
sdca,label_skew,3476,0,2468,0.596761494388127,0.7617916666666666,0.7606666666666667,46708032
sdca,label_skew,3476,1,2333,0.6465448083816082,0.7173333333333334,0.7113333333333334,46712064
sdca,label_skew,3476,2,2468,0.6003990071263706,0.7605416666666667,0.7538333333333334,46712064
sdca,label_skew,3476,3,2333,0.5923794663313028,0.7664583333333334,0.76,46705344
sdca,label_skew,3476,4,2467,0.6100139341797525,0.7523333333333333,0.747,46701312
sdca,label_skew,3476,5,2333,0.6696549290616347,0.7045416666666666,0.6953333333333334,46702656
sdca,label_skew,3476,6,2467,0.6534845224467861,0.71725,0.722,46705344
sdca,label_skew,3476,7,2332,0.6149123749343163,0.74775,0.7461666666666666,46706688
sdca,label_skew,3476,8,2467,0.6247256320698472,0.7400833333333333,0.7396666666666667,46710720
sdca,label_skew,3476,9,2332,0.6175487977125983,0.7372916666666667,0.7333333333333333,46702656
sdca,label_skew,3501,0,2468,0.5965206756628055,0.756125,0.7498333333333334,47044032
sdca,label_skew,3501,1,2333,0.6459650550805157,0.7173333333333334,0.7108333333333333,47048064
sdca,label_skew,3501,2,2468,0.6016669966368364,0.75975,0.7545,47048064
sdca,label_skew,3501,3,2333,0.5927362882242317,0.7656666666666667,0.7596666666666667,47041344
sdca,label_skew,3501,4,2467,0.6119979190159007,0.7507916666666666,0.746,47037312
sdca,label_skew,3501,5,2333,0.6682124665292309,0.7048333333333333,0.6953333333333334,47038656
sdca,label_skew,3501,6,2467,0.6554959171639073,0.7155833333333333,0.7201666666666666,47041344
sdca,label_skew,3501,7,2332,0.6117241725108022,0.751125,0.747,47042688
sdca,label_skew,3501,8,2467,0.6197444556587535,0.7442916666666667,0.7435,47046720
sdca,label_skew,3501,9,2332,0.6149701131127885,0.7395416666666667,0.7351666666666666,47038656
sdca,label_skew,3526,0,2468,0.596527447127737,0.7597916666666666,0.7561666666666667,47380032
sdca,label_skew,3526,1,2333,0.6394545073674893,0.7207083333333333,0.7151666666666666,47384064
sdca,label_skew,3526,2,2468,0.5960760395321519,0.7619583333333333,0.7546666666666667,47384064
sdca,label_skew,3526,3,2333,0.5943347844225784,0.766375,0.7601666666666667,47377344
sdca,label_skew,3526,4,2467,0.6151036334867039,0.748375,0.7433333333333333,47373312
sdca,label_skew,3526,5,2333,0.6662979374795088,0.7054166666666667,0.6956666666666667,47374656
sdca,label_skew,3526,6,2467,0.6549967200210801,0.715875,0.7206666666666667,47377344
sdca,label_skew,3526,7,2332,0.6176692450073336,0.7459166666666667,0.7448333333333333,47378688
sdca,label_skew,3526,8,2467,0.6253085372058672,0.7400833333333333,0.7388333333333333,47382720
sdca,label_skew,3526,9,2332,0.6124998601129685,0.7376666666666667,0.7343333333333333,47374656
sdca,label_skew,3551,0,2468,0.5955680693673228,0.7612916666666667,0.7596666666666667,47716032
sdca,label_skew,3551,1,2333,0.6322592953461172,0.7250416666666667,0.718,47720064
sdca,label_skew,3551,2,2468,0.5992369849810025,0.7602083333333334,0.756,47720064
sdca,label_skew,3551,3,2333,0.5958143884901435,0.7658333333333334,0.7605,47713344
sdca,label_skew,3551,4,2467,0.6084759055832205,0.7534166666666666,0.7468333333333333,47709312
sdca,label_skew,3551,5,2333,0.6574474682792103,0.710125,0.7021666666666667,47710656
sdca,label_skew,3551,6,2467,0.6546331878581758,0.7165833333333333,0.7201666666666666,47713344
sdca,label_skew,3551,7,2332,0.6097106948233905,0.75325,0.7493333333333333,47714688
sdca,label_skew,3551,8,2467,0.6238509098724591,0.74075,0.7425,47718720
sdca,label_skew,3551,9,2332,0.6159303701596414,0.7360416666666667,0.7328333333333333,47710656
sdca,label_skew,3576,0,2468,0.5944525599621262,0.7606666666666667,0.7573333333333333,48052032
sdca,label_skew,3576,1,2333,0.6398072575704218,0.72225,0.7156666666666667,48056064
sdca,label_skew,3576,2,2468,0.5988446991458086,0.7614583333333333,0.7553333333333333,48056064
sdca,label_skew,3576,3,2333,0.5938043483782227,0.766875,0.7586666666666667,48049344
sdca,label_skew,3576,4,2467,0.6156600381303015,0.7468333333333333,0.7446666666666667,48045312
sdca,label_skew,3576,5,2333,0.6638086672410854,0.7075416666666666,0.701,48046656
sdca,label_skew,3576,6,2467,0.6512967839255781,0.7186666666666667,0.7206666666666667,48049344
sdca,label_skew,3576,7,2332,0.608100850081325,0.7550416666666667,0.7498333333333334,48050688
sdca,label_skew,3576,8,2467,0.6225719698269754,0.74125,0.741,48054720
sdca,label_skew,3576,9,2332,0.6175626763856673,0.7380416666666667,0.7341666666666666,48046656
sdca,label_skew,3601,0,2468,0.5953346272816616,0.7616666666666667,0.7616666666666667,48388032
sdca,label_skew,3601,1,2333,0.6388204938718592,0.722875,0.7165,48392064
sdca,label_skew,3601,2,2468,0.5974625050778056,0.7629166666666667,0.7553333333333333,48392064
sdca,label_skew,3601,3,2333,0.592469011818664,0.76575,0.7601666666666667,48385344
sdca,label_skew,3601,4,2467,0.6155488538528856,0.747625,0.7456666666666667,48381312
sdca,label_skew,3601,5,2333,0.6605492169578242,0.709875,0.7021666666666667,48382656
sdca,label_skew,3601,6,2467,0.6484669815836591,0.723375,0.7235,48385344
sdca,label_skew,3601,7,2332,0.6101489589541064,0.752375,0.7475,48386688
sdca,label_skew,3601,8,2467,0.6212659862259061,0.742625,0.743,48390720
sdca,label_skew,3601,9,2332,0.6157181784093568,0.7375,0.7336666666666667,48382656
sdca,label_skew,3626,0,2468,0.5947915708909933,0.7617916666666666,0.7605,48724032
sdca,label_skew,3626,1,2333,0.6397706712874721,0.7222916666666667,0.7163333333333334,48728064
sdca,label_skew,3626,2,2468,0.5901002340074356,0.764625,0.7585,48728064
sdca,label_skew,3626,3,2333,0.5909130912718948,0.76625,0.7595,48721344
sdca,label_skew,3626,4,2467,0.6094283712223741,0.7517916666666666,0.7481666666666666,48717312
sdca,label_skew,3626,5,2333,0.6581095058857944,0.7111666666666666,0.704,48718656
sdca,label_skew,3626,6,2467,0.6502013978496044,0.7202916666666667,0.7238333333333333,48721344
sdca,label_skew,3626,7,2332,0.6100754441690055,0.7514166666666666,0.7451666666666666,48722688
sdca,label_skew,3626,8,2467,0.6135752807894443,0.7476666666666667,0.7461666666666666,48726720
sdca,label_skew,3626,9,2332,0.610062987157908,0.7432916666666667,0.7405,48718656
sdca,label_skew,3651,0,2468,0.5953052993594322,0.7634166666666666,0.7633333333333333,49060032
sdca,label_skew,3651,1,2333,0.6420718952933832,0.7210416666666667,0.7153333333333334,49064064
sdca,label_skew,3651,2,2468,0.597067465851555,0.7637916666666666,0.7553333333333333,49064064
sdca,label_skew,3651,3,2333,0.5937868202833513,0.7653333333333333,0.7606666666666667,49057344
sdca,label_skew,3651,4,2467,0.6141026978904143,0.750125,0.7448333333333333,49053312
sdca,label_skew,3651,5,2333,0.6634616850778726,0.7081666666666667,0.6998333333333333,49054656
sdca,label_skew,3651,6,2467,0.6566685827996734,0.7145416666666666,0.7173333333333334,49057344
sdca,label_skew,3651,7,2332,0.60654831933455,0.7562083333333334,0.7508333333333334,49058688
sdca,label_skew,3651,8,2467,0.6271553072661396,0.7389583333333334,0.7386666666666667,49062720
sdca,label_skew,3651,9,2332,0.6137244553243631,0.7391666666666666,0.7341666666666666,49054656
sdca,label_skew,3676,0,2468,0.5927798058844929,0.7601666666666667,0.7578333333333334,49396032
sdca,label_skew,3676,1,2333,0.6380379056012312,0.7238333333333333,0.7173333333333334,49400064
sdca,label_skew,3676,2,2468,0.5921688013324742,0.7641666666666667,0.7585,49400064
sdca,label_skew,3676,3,2333,0.5923930058580542,0.7659583333333333,0.7581666666666667,49393344
sdca,label_skew,3676,4,2467,0.6051649704629917,0.755125,0.7491666666666666,49389312
sdca,label_skew,3676,5,2333,0.6571167423990566,0.7125,0.7051666666666667,49390656
sdca,label_skew,3676,6,2467,0.6442819891902791,0.726375,0.7278333333333333,49393344
sdca,label_skew,3676,7,2332,0.6073275283663756,0.7539166666666667,0.747,49394688
sdca,label_skew,3676,8,2467,0.6224008582715018,0.7407083333333333,0.7378333333333333,49398720
sdca,label_skew,3676,9,2332,0.6164689960182127,0.738375,0.7345,49390656
sdca,label_skew,3701,0,2468,0.5930692799095929,0.7598333333333334,0.7568333333333334,49732032
sdca,label_skew,3701,1,2333,0.6257999577139429,0.7301666666666666,0.7233333333333334,49736064
sdca,label_skew,3701,2,2468,0.5919222412255376,0.7646666666666667,0.7565,49736064
sdca,label_skew,3701,3,2333,0.5902982243892472,0.7648333333333334,0.7595,49729344
sdca,label_skew,3701,4,2467,0.6073927518096591,0.7535,0.7476666666666667,49725312
sdca,label_skew,3701,5,2333,0.6585086837065295,0.7108333333333333,0.704,49726656
sdca,label_skew,3701,6,2467,0.6468676398709458,0.7245833333333334,0.7256666666666667,49729344
sdca,label_skew,3701,7,2332,0.6055024253167233,0.7548333333333334,0.7493333333333333,49730688
sdca,label_skew,3701,8,2467,0.6173629767193454,0.745375,0.7446666666666667,49734720
sdca,label_skew,3701,9,2332,0.6151050779439003,0.7405416666666667,0.7345,49726656
sdca,label_skew,3726,0,2468,0.5927904072329041,0.761875,0.7581666666666667,50068032
sdca,label_skew,3726,1,2333,0.6390067212908057,0.72325,0.716,50072064
sdca,label_skew,3726,2,2468,0.6010755355785166,0.7600833333333333,0.7546666666666667,50072064
sdca,label_skew,3726,3,2333,0.5919659978037628,0.7658333333333334,0.7611666666666667,50065344
sdca,label_skew,3726,4,2467,0.6125308114282171,0.751125,0.7446666666666667,50061312
sdca,label_skew,3726,5,2333,0.655834194100062,0.7113333333333334,0.705,50062656
sdca,label_skew,3726,6,2467,0.648544622577888,0.7262083333333333,0.7256666666666667,50065344
sdca,label_skew,3726,7,2332,0.6072143828124913,0.75425,0.7476666666666667,50066688
sdca,label_skew,3726,8,2467,0.618395909411442,0.745625,0.7443333333333333,50070720
sdca,label_skew,3726,9,2332,0.6200137542875479,0.7350833333333333,0.7316666666666667,50062656
sdca,label_skew,3751,0,2468,0.5934433952337228,0.7608333333333334,0.7571666666666667,50404032
sdca,label_skew,3751,1,2333,0.6263687480074718,0.729,0.7223333333333334,50408064
sdca,label_skew,3751,2,2468,0.5945086635080713,0.7644166666666666,0.7563333333333333,50408064
sdca,label_skew,3751,3,2333,0.5903569428113472,0.7654583333333334,0.7588333333333334,50401344
sdca,label_skew,3751,4,2467,0.6034461604943497,0.7565,0.7505,50397312
sdca,label_skew,3751,5,2333,0.6486473391238882,0.7159166666666666,0.7093333333333334,50398656
sdca,label_skew,3751,6,2467,0.6414999216186167,0.7287916666666666,0.7303333333333333,50401344
sdca,label_skew,3751,7,2332,0.6086660550976546,0.75325,0.747,50402688
sdca,label_skew,3751,8,2467,0.6152650201603002,0.7467916666666666,0.746,50406720
sdca,label_skew,3751,9,2332,0.6158117342445847,0.7396666666666667,0.7355,50398656
sdca,label_skew,3776,0,2468,0.592154379697979,0.7617916666666666,0.7603333333333333,50740032
sdca,label_skew,3776,1,2333,0.6382373012483691,0.72625,0.7213333333333334,50744064
sdca,label_skew,3776,2,2468,0.59748577616641,0.7627916666666666,0.7553333333333333,50744064
sdca,label_skew,3776,3,2333,0.5915842508945195,0.7656666666666667,0.7616666666666667,50737344
sdca,label_skew,3776,4,2467,0.609903978417858,0.7516666666666667,0.7455,50733312
sdca,label_skew,3776,5,2333,0.663266227109174,0.7092916666666667,0.7025,50734656
sdca,label_skew,3776,6,2467,0.6395911279800032,0.731875,0.7311666666666666,50737344
sdca,label_skew,3776,7,2332,0.6071343899865254,0.753125,0.7455,50738688
sdca,label_skew,3776,8,2467,0.6206815469504436,0.7430416666666667,0.7423333333333333,50742720
sdca,label_skew,3776,9,2332,0.6193509649251988,0.7425416666666667,0.7371666666666666,50734656
sdca,label_skew,3801,0,2468,0.5929722108269699,0.7626666666666667,0.7626666666666667,51076032
sdca,label_skew,3801,1,2333,0.6291222358502945,0.7309166666666667,0.725,51080064
sdca,label_skew,3801,2,2468,0.5964836411282431,0.763,0.7548333333333334,51080064
sdca,label_skew,3801,3,2333,0.5898050347497903,0.764625,0.7598333333333334,51073344
sdca,label_skew,3801,4,2467,0.6082780246916751,0.7530416666666667,0.7456666666666667,51069312
sdca,label_skew,3801,5,2333,0.6492938216387963,0.717125,0.7116666666666667,51070656
sdca,label_skew,3801,6,2467,0.6393115153090727,0.730125,0.7315,51073344
sdca,label_skew,3801,7,2332,0.6072589259275971,0.75175,0.7485,51074688
sdca,label_skew,3801,8,2467,0.6146958873760614,0.7465833333333334,0.7443333333333333,51078720
sdca,label_skew,3801,9,2332,0.6117953017476264,0.7428333333333333,0.7388333333333333,51070656
sdca,label_skew,3826,0,2468,0.5929025137978923,0.76325,0.7621666666666667,51412032
sdca,label_skew,3826,1,2333,0.6243278117329812,0.7314166666666667,0.7236666666666667,51416064
sdca,label_skew,3826,2,2468,0.6034228148524533,0.7583333333333333,0.7545,51416064
sdca,label_skew,3826,3,2333,0.5919651699096922,0.765875,0.761,51409344
sdca,label_skew,3826,4,2467,0.6148946813735392,0.74875,0.7471666666666666,51405312
sdca,label_skew,3826,5,2333,0.6546030755815879,0.7126666666666667,0.7061666666666667,51406656
sdca,label_skew,3826,6,2467,0.6428724256964778,0.7266666666666667,0.7281666666666666,51409344
sdca,label_skew,3826,7,2332,0.6048089708679913,0.7590416666666666,0.7523333333333333,51410688
sdca,label_skew,3826,8,2467,0.6163069294857163,0.7470833333333333,0.7438333333333333,51414720
sdca,label_skew,3826,9,2332,0.6147984080844622,0.7400416666666667,0.7355,51406656
sdca,label_skew,3851,0,2468,0.5925872703135691,0.7607083333333333,0.7556666666666667,51748032
sdca,label_skew,3851,1,2333,0.6270999116582749,0.729625,0.7235,51752064
sdca,label_skew,3851,2,2468,0.5954362489314273,0.7625,0.755,51752064
sdca,label_skew,3851,3,2333,0.5898710322682017,0.7651666666666667,0.7606666666666667,51745344
sdca,label_skew,3851,4,2467,0.6085121293547453,0.753,0.7466666666666667,51741312
sdca,label_skew,3851,5,2333,0.6506410757621583,0.7157916666666667,0.7103333333333334,51742656
sdca,label_skew,3851,6,2467,0.6386630641691322,0.7310833333333333,0.7323333333333333,51745344
sdca,label_skew,3851,7,2332,0.604392446682018,0.7567083333333333,0.7505,51746688
sdca,label_skew,3851,8,2467,0.6100005332264511,0.7519583333333333,0.746,51750720
sdca,label_skew,3851,9,2332,0.6141190075594992,0.7412916666666667,0.7365,51742656
sdca,label_skew,3876,0,2468,0.5925450747738503,0.7627916666666666,0.7611666666666667,52084032
sdca,label_skew,3876,1,2333,0.6261938525066818,0.7304166666666667,0.7246666666666667,52088064
sdca,label_skew,3876,2,2468,0.5968541954974402,0.7635416666666667,0.757,52088064
sdca,label_skew,3876,3,2333,0.5911089239306555,0.7651666666666667,0.7613333333333333,52081344
sdca,label_skew,3876,4,2467,0.6095853169446594,0.752875,0.7468333333333333,52077312
sdca,label_skew,3876,5,2333,0.6512502645031232,0.71525,0.7086666666666667,52078656
sdca,label_skew,3876,6,2467,0.6365073826400377,0.7325416666666666,0.7336666666666667,52081344
sdca,label_skew,3876,7,2332,0.6029765618548364,0.7585,0.7543333333333333,52082688
sdca,label_skew,3876,8,2467,0.619246454390893,0.744375,0.7438333333333333,52086720
sdca,label_skew,3876,9,2332,0.6146432667654573,0.73925,0.7351666666666666,52078656
sdca,label_skew,3901,0,2468,0.5926240180811047,0.7617083333333333,0.7576666666666667,52420032
sdca,label_skew,3901,1,2333,0.6301314788347868,0.728625,0.7208333333333333,52424064
sdca,label_skew,3901,2,2468,0.5976421230136976,0.7640833333333333,0.7566666666666667,52424064
sdca,label_skew,3901,3,2333,0.5913019583313728,0.7650416666666666,0.7611666666666667,52417344
sdca,label_skew,3901,4,2467,0.6121361702738372,0.7513333333333333,0.7476666666666667,52413312
sdca,label_skew,3901,5,2333,0.6513733952020623,0.7148333333333333,0.709,52414656
sdca,label_skew,3901,6,2467,0.6407893374691755,0.730375,0.7315,52417344
sdca,label_skew,3901,7,2332,0.6037250468278501,0.758375,0.7538333333333334,52418688
sdca,label_skew,3901,8,2467,0.6160119719999226,0.747375,0.7446666666666667,52422720
sdca,label_skew,3901,9,2332,0.6129332371855006,0.7422916666666667,0.7383333333333333,52414656
sdca,label_skew,3926,0,2468,0.5924681370660637,0.762875,0.7625,52756032
sdca,label_skew,3926,1,2333,0.6281195096460992,0.73075,0.7236666666666667,52760064
sdca,label_skew,3926,2,2468,0.5954731805789542,0.7645416666666667,0.7565,52760064
sdca,label_skew,3926,3,2333,0.5905216339478399,0.7665,0.7596666666666667,52753344
sdca,label_skew,3926,4,2467,0.6046966535579397,0.7564583333333333,0.7498333333333334,52749312
sdca,label_skew,3926,5,2333,0.6506649241182516,0.7162916666666667,0.7108333333333333,52750656
sdca,label_skew,3926,6,2467,0.6371238600920306,0.7325,0.734,52753344
sdca,label_skew,3926,7,2332,0.6021692121283851,0.758375,0.7543333333333333,52754688
sdca,label_skew,3926,8,2467,0.6120741777319609,0.7497083333333333,0.746,52758720
sdca,label_skew,3926,9,2332,0.6117802041252444,0.7425416666666667,0.7391666666666666,52750656
sdca,label_skew,3951,0,2468,0.5919009298048027,0.763125,0.7623333333333333,53092032
sdca,label_skew,3951,1,2333,0.6279393830052813,0.73125,0.7238333333333333,53096064
sdca,label_skew,3951,2,2468,0.5916651494009272,0.764875,0.757,53096064
sdca,label_skew,3951,3,2333,0.5904188107616656,0.7664166666666666,0.76,53089344
sdca,label_skew,3951,4,2467,0.60315519014689,0.756375,0.7508333333333334,53085312
sdca,label_skew,3951,5,2333,0.6467795519128439,0.7197083333333333,0.7141666666666666,53086656
sdca,label_skew,3951,6,2467,0.6357830433182483,0.7337083333333333,0.7341666666666666,53089344
sdca,label_skew,3951,7,2332,0.6030344750400519,0.7572083333333334,0.752,53090688
sdca,label_skew,3951,8,2467,0.611507694710269,0.7504583333333333,0.7453333333333333,53094720
sdca,label_skew,3951,9,2332,0.6098777473160288,0.7455833333333334,0.741,53086656
sdca,label_skew,3976,0,2468,0.5924504731594366,0.7589583333333333,0.7553333333333333,53428032
sdca,label_skew,3976,1,2333,0.6186699238901607,0.7356666666666667,0.7313333333333333,53432064
sdca,label_skew,3976,2,2468,0.5906131821738214,0.7652916666666667,0.7586666666666667,53432064
sdca,label_skew,3976,3,2333,0.5885888702505033,0.7655,0.7596666666666667,53425344
sdca,label_skew,3976,4,2467,0.6029463498784667,0.7569166666666667,0.7503333333333333,53421312
sdca,label_skew,3976,5,2333,0.6399201569093532,0.72225,0.7151666666666666,53422656
sdca,label_skew,3976,6,2467,0.6292259548852704,0.7373333333333333,0.737,53425344
sdca,label_skew,3976,7,2332,0.6051222573666621,0.7542083333333334,0.7513333333333333,53426688
sdca,label_skew,3976,8,2467,0.6059924576793807,0.7545,0.747,53430720
sdca,label_skew,3976,9,2332,0.6019888212691318,0.7492083333333334,0.7456666666666667,53422656
sdca,label_skew,4001,0,2468,0.5915759012090042,0.761,0.7583333333333333,53764032
sdca,label_skew,4001,1,2333,0.6185589891394728,0.7377083333333333,0.7321666666666666,53768064
sdca,label_skew,4001,2,2468,0.5888305752136832,0.7645416666666667,0.7581666666666667,53768064
sdca,label_skew,4001,3,2333,0.5879627080660216,0.7657083333333333,0.7593333333333333,53761344
sdca,label_skew,4001,4,2467,0.6026501208542407,0.755375,0.7508333333333334,53757312
sdca,label_skew,4001,5,2333,0.6383545142505654,0.7237916666666667,0.7165,53758656
sdca,label_skew,4001,6,2467,0.6236224931188149,0.739875,0.7395,53761344
sdca,label_skew,4001,7,2332,0.6056143061501194,0.7520833333333333,0.7468333333333333,53762688
sdca,label_skew,4001,8,2467,0.6017274485059658,0.75525,0.751,53766720
sdca,label_skew,4001,9,2332,0.6042495735943477,0.7475416666666667,0.7453333333333333,53758656
sdca,label_skew,4026,0,2468,0.589525968697225,0.7612083333333334,0.7583333333333333,54100032
sdca,label_skew,4026,1,2333,0.6144458229406752,0.7380833333333333,0.733,54104064
sdca,label_skew,4026,2,2468,0.5866327376922609,0.7657916666666666,0.7611666666666667,54104064
sdca,label_skew,4026,3,2333,0.5869502760264931,0.765875,0.761,54097344
sdca,label_skew,4026,4,2467,0.5998374106091271,0.758375,0.7533333333333333,54093312
sdca,label_skew,4026,5,2333,0.6367950898376145,0.7239583333333334,0.7165,54094656
sdca,label_skew,4026,6,2467,0.6229801220162965,0.7417083333333333,0.7405,54097344
sdca,label_skew,4026,7,2332,0.6041269824029016,0.7535416666666667,0.7496666666666667,54098688
sdca,label_skew,4026,8,2467,0.6016339875987363,0.75625,0.753,54102720
sdca,label_skew,4026,9,2332,0.601061127958085,0.7493333333333333,0.7463333333333333,54094656
sdca,label_skew,4051,0,2468,0.5915209219484946,0.7596666666666667,0.7561666666666667,54436032
sdca,label_skew,4051,1,2333,0.6109242072869421,0.7423333333333333,0.7383333333333333,54440064
sdca,label_skew,4051,2,2468,0.5866979976986101,0.7655,0.7611666666666667,54440064
sdca,label_skew,4051,3,2333,0.5870571780200421,0.76575,0.7593333333333333,54433344
sdca,label_skew,4051,4,2467,0.5979068989841468,0.759375,0.7538333333333334,54429312
sdca,label_skew,4051,5,2333,0.6332479985844417,0.72525,0.7183333333333334,54430656
sdca,label_skew,4051,6,2467,0.6221413946862919,0.7414166666666666,0.742,54433344
sdca,label_skew,4051,7,2332,0.6032485381234866,0.754875,0.7495,54434688
sdca,label_skew,4051,8,2467,0.6040374270797882,0.753625,0.7488333333333334,54438720
sdca,label_skew,4051,9,2332,0.60149024166744,0.7498333333333334,0.7476666666666667,54430656
sdca,label_skew,4076,0,2468,0.5899054355462168,0.7625,0.7615,54772032
sdca,label_skew,4076,1,2333,0.6164102912909403,0.7386666666666667,0.7341666666666666,54776064
sdca,label_skew,4076,2,2468,0.5911497018222395,0.7650833333333333,0.757,54776064
sdca,label_skew,4076,3,2333,0.5876332483758296,0.7661666666666667,0.7595,54769344
sdca,label_skew,4076,4,2467,0.6008782550783666,0.7564583333333333,0.7521666666666667,54765312
sdca,label_skew,4076,5,2333,0.6399004814817061,0.72375,0.7168333333333333,54766656
sdca,label_skew,4076,6,2467,0.6237931129103078,0.741125,0.7401666666666666,54769344
sdca,label_skew,4076,7,2332,0.6048800960846604,0.754125,0.7483333333333333,54770688
sdca,label_skew,4076,8,2467,0.6052318472125922,0.75325,0.7473333333333333,54774720
sdca,label_skew,4076,9,2332,0.6030809584701503,0.7484166666666666,0.7453333333333333,54766656
sdca,label_skew,4101,0,2468,0.58935448630136,0.7629166666666667,0.7613333333333333,55108032
sdca,label_skew,4101,1,2333,0.6185316276661734,0.735625,0.7305,55112064
sdca,label_skew,4101,2,2468,0.5900631084915999,0.7645416666666667,0.7573333333333333,55112064
sdca,label_skew,4101,3,2333,0.5872829893935132,0.7652083333333334,0.7615,55105344
sdca,label_skew,4101,4,2467,0.6023962352507793,0.7553333333333333,0.7525,55101312
sdca,label_skew,4101,5,2333,0.6402835933917157,0.7237916666666667,0.7178333333333333,55102656
sdca,label_skew,4101,6,2467,0.622482275626362,0.7412916666666667,0.7406666666666667,55105344
sdca,label_skew,4101,7,2332,0.6013593167835489,0.75675,0.7538333333333334,55106688
sdca,label_skew,4101,8,2467,0.6058319256887315,0.753375,0.7473333333333333,55110720
sdca,label_skew,4101,9,2332,0.6036113241809933,0.75075,0.7475,55102656
sdca,label_skew,4126,0,2468,0.5902986002892332,0.7645,0.7623333333333333,55444032
sdca,label_skew,4126,1,2333,0.6241859059853102,0.734875,0.7291666666666666,55448064
sdca,label_skew,4126,2,2468,0.5969625357276441,0.7625416666666667,0.755,55448064
sdca,label_skew,4126,3,2333,0.5873605311450478,0.7647083333333333,0.7606666666666667,55441344
sdca,label_skew,4126,4,2467,0.6094133329828462,0.7521666666666667,0.7478333333333333,55437312
sdca,label_skew,4126,5,2333,0.6425333850139208,0.7220416666666667,0.716,55438656
sdca,label_skew,4126,6,2467,0.6288465668437371,0.7382083333333334,0.7391666666666666,55441344
sdca,label_skew,4126,7,2332,0.5996500857889878,0.7595833333333334,0.7541666666666667,55442688
sdca,label_skew,4126,8,2467,0.6039048134504299,0.755,0.7506666666666667,55446720
sdca,label_skew,4126,9,2332,0.6046938318930043,0.748375,0.7443333333333333,55438656
sdca,label_skew,4151,0,2468,0.5901845321412007,0.7631666666666667,0.7611666666666667,55780032
sdca,label_skew,4151,1,2333,0.6207556788819588,0.737,0.7325,55784064
sdca,label_skew,4151,2,2468,0.5938453681148242,0.765125,0.7573333333333333,55784064
sdca,label_skew,4151,3,2333,0.5891764946017685,0.7655,0.7613333333333333,55777344
sdca,label_skew,4151,4,2467,0.6062797111520595,0.7544166666666666,0.7486666666666667,55773312
sdca,label_skew,4151,5,2333,0.6390909495376911,0.7235,0.7166666666666667,55774656
sdca,label_skew,4151,6,2467,0.6219688602598391,0.743,0.7423333333333333,55777344
sdca,label_skew,4151,7,2332,0.5996814480359559,0.7594166666666666,0.7541666666666667,55778688
sdca,label_skew,4151,8,2467,0.6114760581426294,0.7509583333333333,0.7488333333333334,55782720
sdca,label_skew,4151,9,2332,0.6077882005540535,0.747125,0.7438333333333333,55774656
sdca,label_skew,4176,0,2468,0.5903183690214054,0.7590833333333333,0.7546666666666667,56116032
sdca,label_skew,4176,1,2333,0.608595558120716,0.7417916666666666,0.7363333333333333,56120064
sdca,label_skew,4176,2,2468,0.5876818030168085,0.766375,0.7595,56120064
sdca,label_skew,4176,3,2333,0.5866215051054886,0.7652916666666667,0.7611666666666667,56113344
sdca,label_skew,4176,4,2467,0.5964214131212568,0.7606666666666667,0.7545,56109312
sdca,label_skew,4176,5,2333,0.6310486023933473,0.728125,0.7191666666666666,56110656
sdca,label_skew,4176,6,2467,0.6295943654843732,0.737125,0.7388333333333333,56113344
sdca,label_skew,4176,7,2332,0.5987887086393541,0.7591666666666667,0.7531666666666667,56114688
sdca,label_skew,4176,8,2467,0.599205731252692,0.7583333333333333,0.752,56118720
sdca,label_skew,4176,9,2332,0.6008580363584478,0.75,0.7458333333333333,56110656
sdca,label_skew,4201,0,2468,0.5893589675535371,0.7631666666666667,0.762,56452032
sdca,label_skew,4201,1,2333,0.6158240930701646,0.739125,0.7341666666666666,56456064
sdca,label_skew,4201,2,2468,0.5868061079795204,0.765125,0.7605,56456064
sdca,label_skew,4201,3,2333,0.5878241223696062,0.76575,0.7623333333333333,56449344
sdca,label_skew,4201,4,2467,0.601468557125744,0.7565,0.7533333333333333,56445312
sdca,label_skew,4201,5,2333,0.6361732664793514,0.7256666666666667,0.7188333333333333,56446656
sdca,label_skew,4201,6,2467,0.6227424792772183,0.7414583333333333,0.7395,56449344
sdca,label_skew,4201,7,2332,0.6005420175727039,0.7566666666666667,0.754,56450688
sdca,label_skew,4201,8,2467,0.6056042038902734,0.754125,0.7483333333333333,56454720
sdca,label_skew,4201,9,2332,0.6060169712754835,0.7491666666666666,0.744,56446656
sdca,label_skew,4226,0,2468,0.5891854548456279,0.7634166666666666,0.7611666666666667,56788032
sdca,label_skew,4226,1,2333,0.6173706700643237,0.7388333333333333,0.7345,56792064
sdca,label_skew,4226,2,2468,0.5936380670871169,0.7657916666666666,0.7576666666666667,56792064
sdca,label_skew,4226,3,2333,0.5880255272839672,0.7656666666666667,0.7621666666666667,56785344
sdca,label_skew,4226,4,2467,0.6009244411872409,0.7579166666666667,0.754,56781312
sdca,label_skew,4226,5,2333,0.6367928127608368,0.7247083333333333,0.717,56782656
sdca,label_skew,4226,6,2467,0.6229687736956423,0.742125,0.7415,56785344
sdca,label_skew,4226,7,2332,0.5998179286547879,0.75925,0.7543333333333333,56786688
sdca,label_skew,4226,8,2467,0.6044598933994341,0.75525,0.7506666666666667,56790720
sdca,label_skew,4226,9,2332,0.6047964799641035,0.7486666666666667,0.7458333333333333,56782656
sdca,label_skew,4251,0,2468,0.5916738654831546,0.7565,0.7518333333333334,57124032
sdca,label_skew,4251,1,2333,0.6050086224071562,0.7421666666666666,0.7386666666666667,57128064
sdca,label_skew,4251,2,2468,0.5861220762511242,0.76475,0.761,57128064
sdca,label_skew,4251,3,2333,0.5860166344713751,0.765375,0.761,57121344
sdca,label_skew,4251,4,2467,0.5953566067391438,0.7619583333333333,0.7555,57117312
sdca,label_skew,4251,5,2333,0.6234522446165107,0.7281666666666666,0.7215,57118656
sdca,label_skew,4251,6,2467,0.6154662179093093,0.746375,0.7446666666666667,57121344
sdca,label_skew,4251,7,2332,0.6035115136133936,0.7534583333333333,0.7503333333333333,57122688
sdca,label_skew,4251,8,2467,0.5968826691081689,0.7605416666666667,0.7546666666666667,57126720
sdca,label_skew,4251,9,2332,0.593590485809336,0.7542083333333334,0.7495,57118656
sdca,label_skew,4276,0,2468,0.5893359755083843,0.7632916666666667,0.7621666666666667,57460032
sdca,label_skew,4276,1,2333,0.6120392954845468,0.7413333333333333,0.7365,57464064
sdca,label_skew,4276,2,2468,0.5903341148945612,0.7648333333333334,0.7575,57464064
sdca,label_skew,4276,3,2333,0.5874555312573487,0.7654166666666666,0.7626666666666667,57457344
sdca,label_skew,4276,4,2467,0.6018595944919666,0.756625,0.7531666666666667,57453312
sdca,label_skew,4276,5,2333,0.6325997430208542,0.7267083333333333,0.7183333333333334,57454656
sdca,label_skew,4276,6,2467,0.6241411386388038,0.7409583333333334,0.7395,57457344
sdca,label_skew,4276,7,2332,0.5993665004671747,0.7589166666666667,0.7546666666666667,57458688
sdca,label_skew,4276,8,2467,0.6064785631921725,0.7542916666666667,0.748,57462720
sdca,label_skew,4276,9,2332,0.6023934798177468,0.7492916666666667,0.7455,57454656
sdca,label_skew,4301,0,2468,0.5887987436759794,0.7598333333333334,0.7553333333333333,57796032
sdca,label_skew,4301,1,2333,0.6067947746055083,0.7437083333333333,0.7393333333333333,57800064
sdca,label_skew,4301,2,2468,0.5895360638309004,0.765,0.7576666666666667,57800064
sdca,label_skew,4301,3,2333,0.5864620090722489,0.7655833333333333,0.7613333333333333,57793344
sdca,label_skew,4301,4,2467,0.5980276020359369,0.7596666666666667,0.7541666666666667,57789312
sdca,label_skew,4301,5,2333,0.628804583680527,0.7284583333333333,0.7213333333333334,57790656
sdca,label_skew,4301,6,2467,0.6183011986482384,0.7448333333333333,0.7426666666666667,57793344
sdca,label_skew,4301,7,2332,0.6011968676312067,0.75675,0.7528333333333334,57794688
sdca,label_skew,4301,8,2467,0.5992727132630602,0.7586666666666667,0.7528333333333334,57798720
sdca,label_skew,4301,9,2332,0.5987385656668273,0.751125,0.7453333333333333,57790656
sdca,label_skew,4326,0,2468,0.5892150486296803,0.7617916666666666,0.7568333333333334,58132032
sdca,label_skew,4326,1,2333,0.6104059278579157,0.7413333333333333,0.7371666666666666,58136064
sdca,label_skew,4326,2,2468,0.5892170177908851,0.764625,0.757,58136064
sdca,label_skew,4326,3,2333,0.5863364985169626,0.765,0.7605,58129344
sdca,label_skew,4326,4,2467,0.600647606590437,0.75725,0.754,58125312
sdca,label_skew,4326,5,2333,0.6291507525475522,0.7289583333333334,0.72,58126656
sdca,label_skew,4326,6,2467,0.6225249510417888,0.7428333333333333,0.7418333333333333,58129344
sdca,label_skew,4326,7,2332,0.5980181609035097,0.76075,0.7545,58130688
sdca,label_skew,4326,8,2467,0.5995593685006269,0.758375,0.7541666666666667,58134720
sdca,label_skew,4326,9,2332,0.60287100357837,0.747375,0.7436666666666667,58126656
sdca,label_skew,4351,0,2468,0.5884890249340655,0.7615,0.7583333333333333,58468032
sdca,label_skew,4351,1,2333,0.6089278649369128,0.7445833333333334,0.7386666666666667,58472064
sdca,label_skew,4351,2,2468,0.5893557324743046,0.7637916666666666,0.7571666666666667,58472064
sdca,label_skew,4351,3,2333,0.5873411299450773,0.7657083333333333,0.7631666666666667,58465344
sdca,label_skew,4351,4,2467,0.6000474456498022,0.7583333333333333,0.7541666666666667,58461312
sdca,label_skew,4351,5,2333,0.6311755843672476,0.7280833333333333,0.7198333333333333,58462656
sdca,label_skew,4351,6,2467,0.6229364919046779,0.7422083333333334,0.7421666666666666,58465344
sdca,label_skew,4351,7,2332,0.5976431926383892,0.7604583333333333,0.7551666666666667,58466688
sdca,label_skew,4351,8,2467,0.6025450500080695,0.7559583333333333,0.7523333333333333,58470720
sdca,label_skew,4351,9,2332,0.600318944730842,0.7516666666666667,0.7455,58462656
sdca,label_skew,4376,0,2468,0.5882256380369724,0.762625,0.7608333333333334,58804032
sdca,label_skew,4376,1,2333,0.6142782372401134,0.7420416666666667,0.736,58808064
sdca,label_skew,4376,2,2468,0.5889582180814696,0.7659166666666667,0.759,58808064
sdca,label_skew,4376,3,2333,0.5871854613299233,0.7658333333333334,0.7615,58801344
sdca,label_skew,4376,4,2467,0.5990061828555757,0.75975,0.7551666666666667,58797312
sdca,label_skew,4376,5,2333,0.6331936695209692,0.727125,0.719,58798656
sdca,label_skew,4376,6,2467,0.6193991002867378,0.7435416666666667,0.7418333333333333,58801344
sdca,label_skew,4376,7,2332,0.5976420997211694,0.761125,0.754,58802688
sdca,label_skew,4376,8,2467,0.600939581397288,0.7572916666666667,0.7526666666666667,58806720
sdca,label_skew,4376,9,2332,0.6041374792913771,0.746875,0.7435,58798656
sdca,label_skew,4401,0,2468,0.5889014088699314,0.762375,0.7603333333333333,59140032
sdca,label_skew,4401,1,2333,0.60724855127585,0.7438333333333333,0.7393333333333333,59144064
sdca,label_skew,4401,2,2468,0.5918984070667881,0.7638333333333334,0.7566666666666667,59144064
sdca,label_skew,4401,3,2333,0.5869506294284421,0.765875,0.7625,59137344
sdca,label_skew,4401,4,2467,0.5995708722977223,0.7590833333333333,0.755,59133312
sdca,label_skew,4401,5,2333,0.6291111986502501,0.7279166666666667,0.72,59134656
sdca,label_skew,4401,6,2467,0.61783383455152,0.7459166666666667,0.7438333333333333,59137344
sdca,label_skew,4401,7,2332,0.5954854995738242,0.7626666666666667,0.7568333333333334,59138688
sdca,label_skew,4401,8,2467,0.6028839932170236,0.7560833333333333,0.7516666666666667,59142720
sdca,label_skew,4401,9,2332,0.6010788635001291,0.7497916666666666,0.7455,59134656
sdca,label_skew,4426,0,2468,0.5886237701346442,0.7607916666666666,0.7566666666666667,59476032
sdca,label_skew,4426,1,2333,0.6069098748474963,0.744125,0.7388333333333333,59480064
sdca,label_skew,4426,2,2468,0.5874392220187843,0.765375,0.7583333333333333,59480064
sdca,label_skew,4426,3,2333,0.5867935387230173,0.7657916666666666,0.7601666666666667,59473344
sdca,label_skew,4426,4,2467,0.5965904617912196,0.7614166666666666,0.7551666666666667,59469312
sdca,label_skew,4426,5,2333,0.6298816207494431,0.7290416666666667,0.7205,59470656
sdca,label_skew,4426,6,2467,0.6124106994546991,0.7488333333333334,0.745,59473344
sdca,label_skew,4426,7,2332,0.5993809366256387,0.7580416666666666,0.753,59474688
sdca,label_skew,4426,8,2467,0.5999028043511547,0.7582916666666667,0.7525,59478720
sdca,label_skew,4426,9,2332,0.5972308205207103,0.75225,0.7478333333333333,59470656
sdca,label_skew,4451,0,2468,0.5879600694821524,0.76325,0.7616666666666667,59812032
sdca,label_skew,4451,1,2333,0.6074145329420801,0.74525,0.741,59816064
sdca,label_skew,4451,2,2468,0.5897884268963536,0.7645833333333333,0.7575,59816064
sdca,label_skew,4451,3,2333,0.5862638744914362,0.7655,0.7625,59809344
sdca,label_skew,4451,4,2467,0.5987801652917615,0.759125,0.7541666666666667,59805312
sdca,label_skew,4451,5,2333,0.6322367916915277,0.7280833333333333,0.72,59806656
sdca,label_skew,4451,6,2467,0.6150152469733918,0.7466666666666667,0.7443333333333333,59809344
sdca,label_skew,4451,7,2332,0.5968679145207182,0.7612083333333334,0.7555,59810688
sdca,label_skew,4451,8,2467,0.6030669369373501,0.7545416666666667,0.7503333333333333,59814720
sdca,label_skew,4451,9,2332,0.6022604442489605,0.75225,0.7471666666666666,59806656
sdca,label_skew,4476,0,2468,0.5880505624921779,0.761125,0.7575,60148032
sdca,label_skew,4476,1,2333,0.6042770047111036,0.747,0.7438333333333333,60152064
sdca,label_skew,4476,2,2468,0.589808755518765,0.7647916666666666,0.7578333333333334,60152064
sdca,label_skew,4476,3,2333,0.5861830699618578,0.7649166666666667,0.762,60145344
sdca,label_skew,4476,4,2467,0.5961008053435876,0.7613333333333333,0.755,60141312
sdca,label_skew,4476,5,2333,0.6288978336879278,0.7285416666666666,0.7196666666666667,60142656
sdca,label_skew,4476,6,2467,0.6150055282822449,0.7478333333333333,0.745,60145344
sdca,label_skew,4476,7,2332,0.5976249890970546,0.75975,0.755,60146688
sdca,label_skew,4476,8,2467,0.6027438201414155,0.756125,0.7518333333333334,60150720
sdca,label_skew,4476,9,2332,0.6006635098831314,0.752,0.7476666666666667,60142656
sdca,label_skew,4501,0,2468,0.5883834016404815,0.7613333333333333,0.7573333333333333,60484032
sdca,label_skew,4501,1,2333,0.6070772140237365,0.74425,0.7398333333333333,60488064
sdca,label_skew,4501,2,2468,0.5896581659422023,0.765375,0.7575,60488064
sdca,label_skew,4501,3,2333,0.5863864525942999,0.7655,0.762,60481344
sdca,label_skew,4501,4,2467,0.5974038483573714,0.7612916666666667,0.755,60477312
sdca,label_skew,4501,5,2333,0.6275399225267447,0.7294583333333333,0.7215,60478656
sdca,label_skew,4501,6,2467,0.6140232543967395,0.7485,0.7456666666666667,60481344
sdca,label_skew,4501,7,2332,0.5967736666342044,0.75975,0.754,60482688
sdca,label_skew,4501,8,2467,0.5994169293934213,0.758625,0.754,60486720
sdca,label_skew,4501,9,2332,0.5966529835698992,0.7540833333333333,0.7488333333333334,60478656
sdca,label_skew,4526,0,2468,0.5883498197129853,0.7604166666666666,0.757,60820032
sdca,label_skew,4526,1,2333,0.5995311314635903,0.7512083333333334,0.7466666666666667,60824064
sdca,label_skew,4526,2,2468,0.585325688667976,0.765375,0.762,60824064
sdca,label_skew,4526,3,2333,0.5856145377890813,0.7657916666666666,0.7605,60817344
sdca,label_skew,4526,4,2467,0.5958972783100938,0.7610833333333333,0.755,60813312
sdca,label_skew,4526,5,2333,0.6179990958981498,0.7320833333333333,0.7275,60814656
sdca,label_skew,4526,6,2467,0.6099173697701602,0.750875,0.7443333333333333,60817344
sdca,label_skew,4526,7,2332,0.5982581001608913,0.7584583333333333,0.7555,60818688
sdca,label_skew,4526,8,2467,0.597355306956683,0.7593333333333333,0.7553333333333333,60822720
sdca,label_skew,4526,9,2332,0.5946400957311433,0.7551666666666667,0.7481666666666666,60814656
sdca,label_skew,4551,0,2468,0.5873626732052071,0.7610416666666666,0.758,61156032
sdca,label_skew,4551,1,2333,0.6011969119356773,0.7480416666666667,0.7433333333333333,61160064
sdca,label_skew,4551,2,2468,0.5869632918889697,0.7669583333333333,0.7591666666666667,61160064
sdca,label_skew,4551,3,2333,0.5849468272083366,0.765125,0.7625,61153344
sdca,label_skew,4551,4,2467,0.5961729344071869,0.760875,0.7546666666666667,61149312
sdca,label_skew,4551,5,2333,0.6226865689762993,0.7330833333333333,0.7285,61150656
sdca,label_skew,4551,6,2467,0.6101042289610213,0.750875,0.7463333333333333,61153344
sdca,label_skew,4551,7,2332,0.5977851047610195,0.7585833333333334,0.7548333333333334,61154688
sdca,label_skew,4551,8,2467,0.5956893492711866,0.7605416666666667,0.755,61158720
sdca,label_skew,4551,9,2332,0.5966261102101166,0.7550833333333333,0.749,61150656
sdca,label_skew,4576,0,2468,0.5876459524293287,0.7608333333333334,0.7571666666666667,61492032
sdca,label_skew,4576,1,2333,0.5993313391759961,0.7505833333333334,0.747,61496064
sdca,label_skew,4576,2,2468,0.586458174619425,0.7666666666666667,0.7591666666666667,61496064
sdca,label_skew,4576,3,2333,0.584945951355144,0.7656666666666667,0.7616666666666667,61489344
sdca,label_skew,4576,4,2467,0.594375327174977,0.7619166666666667,0.7558333333333334,61485312
sdca,label_skew,4576,5,2333,0.6200244455106819,0.733375,0.7283333333333334,61486656
sdca,label_skew,4576,6,2467,0.611051926598669,0.7500416666666667,0.7445,61489344
sdca,label_skew,4576,7,2332,0.5963220361653248,0.7607083333333333,0.755,61490688
sdca,label_skew,4576,8,2467,0.5941487999836198,0.7615833333333333,0.7558333333333334,61494720
sdca,label_skew,4576,9,2332,0.5952105928709068,0.75525,0.7483333333333333,61486656
sdca,label_skew,4601,0,2468,0.5873456115967127,0.7612083333333334,0.758,61828032
sdca,label_skew,4601,1,2333,0.5998418490044104,0.75025,0.7468333333333333,61832064
sdca,label_skew,4601,2,2468,0.58737290584057,0.7657083333333333,0.7586666666666667,61832064
sdca,label_skew,4601,3,2333,0.5846048902815588,0.7659166666666667,0.7631666666666667,61825344
sdca,label_skew,4601,4,2467,0.5963276694139116,0.7605,0.7546666666666667,61821312
sdca,label_skew,4601,5,2333,0.6198098015546836,0.7340833333333333,0.7293333333333333,61822656
sdca,label_skew,4601,6,2467,0.6103894586841807,0.7502083333333334,0.748,61825344
sdca,label_skew,4601,7,2332,0.5979560248172735,0.7589166666666667,0.7546666666666667,61826688
sdca,label_skew,4601,8,2467,0.5957187088615749,0.7603333333333333,0.7548333333333334,61830720
sdca,label_skew,4601,9,2332,0.5957481770206062,0.75475,0.7485,61822656
sdca,label_skew,4626,0,2468,0.5876579684717683,0.763125,0.762,62164032
sdca,label_skew,4626,1,2333,0.6021114524326939,0.7502916666666667,0.7456666666666667,62168064
sdca,label_skew,4626,2,2468,0.587448751936231,0.766625,0.7586666666666667,62168064
sdca,label_skew,4626,3,2333,0.5850984427720894,0.7654583333333334,0.7608333333333334,62161344
sdca,label_skew,4626,4,2467,0.5954198318828655,0.7616666666666667,0.7546666666666667,62157312
sdca,label_skew,4626,5,2333,0.620468969514006,0.7336666666666667,0.7283333333333334,62158656
sdca,label_skew,4626,6,2467,0.6084408221576133,0.7515,0.7468333333333333,62161344
sdca,label_skew,4626,7,2332,0.5956612861814142,0.7611666666666667,0.7545,62162688
sdca,label_skew,4626,8,2467,0.5959020579722493,0.7607916666666666,0.7556666666666667,62166720
sdca,label_skew,4626,9,2332,0.594390424644159,0.754875,0.7495,62158656
sdca,label_skew,4651,0,2468,0.5866896866409903,0.7620416666666666,0.7585,62500032
sdca,label_skew,4651,1,2333,0.599129330748699,0.751375,0.7466666666666667,62504064
sdca,label_skew,4651,2,2468,0.5870275498379868,0.7657083333333333,0.7596666666666667,62504064
sdca,label_skew,4651,3,2333,0.584878671471072,0.7648333333333334,0.7606666666666667,62497344
sdca,label_skew,4651,4,2467,0.5937597557651566,0.7612916666666667,0.7551666666666667,62493312
sdca,label_skew,4651,5,2333,0.6221704263821839,0.7330416666666667,0.7283333333333334,62494656
sdca,label_skew,4651,6,2467,0.6099147382201788,0.750625,0.7455,62497344
sdca,label_skew,4651,7,2332,0.5963041565637756,0.7602916666666667,0.7538333333333334,62498688
sdca,label_skew,4651,8,2467,0.5981484834471499,0.7589166666666667,0.7541666666666667,62502720
sdca,label_skew,4651,9,2332,0.5963442940700878,0.754375,0.749,62494656
sdca,label_skew,4676,0,2468,0.5870539644316821,0.761375,0.759,62836032
sdca,label_skew,4676,1,2333,0.5970968838641239,0.7543333333333333,0.7488333333333334,62840064
sdca,label_skew,4676,2,2468,0.5883730007427812,0.765,0.7585,62840064
sdca,label_skew,4676,3,2333,0.5850303915778637,0.76575,0.7625,62833344
sdca,label_skew,4676,4,2467,0.5988130769395922,0.757875,0.754,62829312
sdca,label_skew,4676,5,2333,0.6181596828220379,0.7357916666666666,0.7306666666666667,62830656
sdca,label_skew,4676,6,2467,0.6100239846380474,0.7497083333333333,0.7473333333333333,62833344
sdca,label_skew,4676,7,2332,0.5944878917522167,0.7615833333333333,0.7555,62834688
sdca,label_skew,4676,8,2467,0.5973273429891721,0.7595416666666667,0.7531666666666667,62838720
sdca,label_skew,4676,9,2332,0.5981650296662513,0.7535416666666667,0.749,62830656
sdca,label_skew,4701,0,2468,0.5878675408483685,0.7602083333333334,0.7555,63172032
sdca,label_skew,4701,1,2333,0.5997073314248754,0.7508333333333334,0.7468333333333333,63176064
sdca,label_skew,4701,2,2468,0.5889108122692728,0.7657916666666666,0.7586666666666667,63176064
sdca,label_skew,4701,3,2333,0.5853561962913404,0.7652083333333334,0.7598333333333334,63169344
sdca,label_skew,4701,4,2467,0.5930593306250489,0.7628333333333334,0.7568333333333334,63165312
sdca,label_skew,4701,5,2333,0.6178837519643976,0.7352083333333334,0.7308333333333333,63166656
sdca,label_skew,4701,6,2467,0.6089160016310016,0.7515416666666667,0.7483333333333333,63169344
sdca,label_skew,4701,7,2332,0.5958728466115943,0.76125,0.7555,63170688
sdca,label_skew,4701,8,2467,0.5940935018692174,0.761625,0.7553333333333333,63174720
sdca,label_skew,4701,9,2332,0.5983439892230777,0.753375,0.7481666666666666,63166656
sdca,label_skew,4726,0,2468,0.5865417532026099,0.761,0.7573333333333333,63508032
sdca,label_skew,4726,1,2333,0.5983554129295046,0.7515,0.7473333333333333,63512064
sdca,label_skew,4726,2,2468,0.5851062852138885,0.7659583333333333,0.7606666666666667,63512064
sdca,label_skew,4726,3,2333,0.5847090783281583,0.7655833333333333,0.7621666666666667,63505344
sdca,label_skew,4726,4,2467,0.5935948975595999,0.762875,0.7561666666666667,63501312
sdca,label_skew,4726,5,2333,0.6180342272368863,0.73425,0.73,63502656
sdca,label_skew,4726,6,2467,0.6033076809895489,0.7546666666666667,0.7498333333333334,63505344
sdca,label_skew,4726,7,2332,0.5962411744755429,0.7607083333333333,0.7546666666666667,63506688
sdca,label_skew,4726,8,2467,0.5939352025904648,0.7623333333333333,0.7565,63510720
sdca,label_skew,4726,9,2332,0.5935158279306048,0.7559166666666667,0.7503333333333333,63502656
sdca,label_skew,4751,0,2468,0.5865258458155924,0.762125,0.7581666666666667,63844032
sdca,label_skew,4751,1,2333,0.5962248280816179,0.7533333333333333,0.7483333333333333,63848064
sdca,label_skew,4751,2,2468,0.5846282120610861,0.7657083333333333,0.7608333333333334,63848064
sdca,label_skew,4751,3,2333,0.5842172719980595,0.765125,0.762,63841344
sdca,label_skew,4751,4,2467,0.5941914155827636,0.7614166666666666,0.7558333333333334,63837312
sdca,label_skew,4751,5,2333,0.6160163746500722,0.7366666666666667,0.7316666666666667,63838656
sdca,label_skew,4751,6,2467,0.607288479582056,0.752375,0.7471666666666666,63841344
sdca,label_skew,4751,7,2332,0.5971619222480523,0.7595833333333334,0.7541666666666667,63842688
sdca,label_skew,4751,8,2467,0.5915717280451835,0.7630833333333333,0.7565,63846720
sdca,label_skew,4751,9,2332,0.5927488705574573,0.7567916666666666,0.7493333333333333,63838656
sdca,label_skew,4776,0,2468,0.5873835106953126,0.7602916666666667,0.7555,64180032
sdca,label_skew,4776,1,2333,0.59582686023149,0.7547916666666666,0.7485,64184064
sdca,label_skew,4776,2,2468,0.5854242365888295,0.7655,0.7588333333333334,64184064
sdca,label_skew,4776,3,2333,0.5843856693234564,0.7649583333333333,0.7605,64177344
sdca,label_skew,4776,4,2467,0.5933146771392137,0.7617083333333333,0.7566666666666667,64173312
sdca,label_skew,4776,5,2333,0.6157440627455243,0.7370416666666667,0.7331666666666666,64174656
sdca,label_skew,4776,6,2467,0.6012772075962084,0.7554166666666666,0.7516666666666667,64177344
sdca,label_skew,4776,7,2332,0.5966327325820248,0.7595,0.7535,64178688
sdca,label_skew,4776,8,2467,0.593148046999555,0.7620416666666666,0.7558333333333334,64182720
sdca,label_skew,4776,9,2332,0.595097132771408,0.754875,0.7486666666666667,64174656
sdca,label_skew,4801,0,2468,0.5861369518341498,0.7619583333333333,0.7585,64516032
sdca,label_skew,4801,1,2333,0.5962301335774826,0.7540416666666667,0.7491666666666666,64520064
sdca,label_skew,4801,2,2468,0.5857708459904667,0.7659166666666667,0.7598333333333334,64520064
sdca,label_skew,4801,3,2333,0.5846277433404745,0.765,0.7616666666666667,64513344
sdca,label_skew,4801,4,2467,0.5960617799417051,0.760625,0.7553333333333333,64509312
sdca,label_skew,4801,5,2333,0.6165328768916555,0.7359583333333334,0.731,64510656
sdca,label_skew,4801,6,2467,0.6057376932619934,0.7532916666666667,0.7473333333333333,64513344
sdca,label_skew,4801,7,2332,0.5934946133105227,0.7628333333333334,0.7558333333333334,64514688
sdca,label_skew,4801,8,2467,0.5934707681317363,0.7624166666666666,0.7565,64518720
sdca,label_skew,4801,9,2332,0.5948288880416785,0.75475,0.7485,64510656
sdca,label_skew,4826,0,2468,0.5862148462732675,0.7623333333333333,0.759,64852032
sdca,label_skew,4826,1,2333,0.5982212836395331,0.7529583333333333,0.7465,64856064
sdca,label_skew,4826,2,2468,0.5869692554782859,0.766625,0.7593333333333333,64856064
sdca,label_skew,4826,3,2333,0.5853791420661888,0.765125,0.7616666666666667,64849344
sdca,label_skew,4826,4,2467,0.5982091663991245,0.7599583333333333,0.7548333333333334,64845312
sdca,label_skew,4826,5,2333,0.6205054807768063,0.7340833333333333,0.7276666666666667,64846656
sdca,label_skew,4826,6,2467,0.6077331358404151,0.7520416666666667,0.7461666666666666,64849344
sdca,label_skew,4826,7,2332,0.5931720439676811,0.763375,0.757,64850688
sdca,label_skew,4826,8,2467,0.5957606190411664,0.7611666666666667,0.7561666666666667,64854720
sdca,label_skew,4826,9,2332,0.5973854393412377,0.75375,0.7481666666666666,64846656
sdca,label_skew,4851,0,2468,0.5866076016865495,0.760625,0.756,65188032
sdca,label_skew,4851,1,2333,0.5928281536824228,0.757125,0.7513333333333333,65192064
sdca,label_skew,4851,2,2468,0.5856938000493822,0.7663333333333333,0.7598333333333334,65192064
sdca,label_skew,4851,3,2333,0.5840871380327032,0.765125,0.7633333333333333,65185344
sdca,label_skew,4851,4,2467,0.5945036077151562,0.7615833333333333,0.7556666666666667,65181312
sdca,label_skew,4851,5,2333,0.6155551014346929,0.7367083333333333,0.7323333333333333,65182656
sdca,label_skew,4851,6,2467,0.6022104641639774,0.7550416666666667,0.7518333333333334,65185344
sdca,label_skew,4851,7,2332,0.593899410093598,0.7619166666666667,0.7561666666666667,65186688
sdca,label_skew,4851,8,2467,0.5916737094402482,0.76325,0.7558333333333334,65190720
sdca,label_skew,4851,9,2332,0.5920694853135008,0.7577916666666666,0.7513333333333333,65182656
sdca,label_skew,4876,0,2468,0.5869636321152188,0.7606666666666667,0.757,65524032
sdca,label_skew,4876,1,2333,0.5951689959210335,0.7557083333333333,0.7483333333333333,65528064
sdca,label_skew,4876,2,2468,0.5854986518188628,0.7655,0.7591666666666667,65528064
sdca,label_skew,4876,3,2333,0.5848157305212522,0.7654583333333334,0.7605,65521344
sdca,label_skew,4876,4,2467,0.5927163255236467,0.7629166666666667,0.7565,65517312
sdca,label_skew,4876,5,2333,0.6139309192978775,0.738125,0.7335,65518656
sdca,label_skew,4876,6,2467,0.6039844418709382,0.7547083333333333,0.7493333333333333,65521344
sdca,label_skew,4876,7,2332,0.5943226338758033,0.7615416666666667,0.756,65522688
sdca,label_skew,4876,8,2467,0.5938534584157965,0.7618333333333334,0.7558333333333334,65526720
sdca,label_skew,4876,9,2332,0.5913564515379538,0.7563333333333333,0.7511666666666666,65518656
sdca,label_skew,4901,0,2468,0.587394831617616,0.760125,0.756,65860032
sdca,label_skew,4901,1,2333,0.5918184744878765,0.7564166666666666,0.7508333333333334,65864064
sdca,label_skew,4901,2,2468,0.5842945914651709,0.76525,0.7618333333333334,65864064
sdca,label_skew,4901,3,2333,0.5841730301988997,0.7653333333333333,0.7618333333333334,65857344
sdca,label_skew,4901,4,2467,0.5913906573310761,0.76425,0.7565,65853312
sdca,label_skew,4901,5,2333,0.6125027061825312,0.7390833333333333,0.7346666666666667,65854656
sdca,label_skew,4901,6,2467,0.6018742994173175,0.7552083333333334,0.7518333333333334,65857344
sdca,label_skew,4901,7,2332,0.5951501012606655,0.7619583333333333,0.756,65858688
sdca,label_skew,4901,8,2467,0.5933582707001418,0.76225,0.757,65862720
sdca,label_skew,4901,9,2332,0.5932715762277444,0.7562083333333334,0.7495,65854656
sdca,label_skew,4926,0,2468,0.5865625244620196,0.7638333333333334,0.7613333333333333,66196032
sdca,label_skew,4926,1,2333,0.5966168433487027,0.7557083333333333,0.7491666666666666,66200064
sdca,label_skew,4926,2,2468,0.5900889126563782,0.7652083333333334,0.7585,66200064
sdca,label_skew,4926,3,2333,0.5849458036670554,0.7655833333333333,0.7633333333333333,66193344
sdca,label_skew,4926,4,2467,0.5983683051819526,0.7592916666666667,0.754,66189312
sdca,label_skew,4926,5,2333,0.6192834981747998,0.7367916666666666,0.7318333333333333,66190656
sdca,label_skew,4926,6,2467,0.6062470755929222,0.7534166666666666,0.7483333333333333,66193344
sdca,label_skew,4926,7,2332,0.5907605696379578,0.7649583333333333,0.7583333333333333,66194688
sdca,label_skew,4926,8,2467,0.5975456254177752,0.7598333333333334,0.7548333333333334,66198720
sdca,label_skew,4926,9,2332,0.5989747423558374,0.7543333333333333,0.7481666666666666,66190656
sdca,label_skew,4951,0,2468,0.5867929034976305,0.7604583333333333,0.7556666666666667,66532032
sdca,label_skew,4951,1,2333,0.592670140108166,0.7557916666666666,0.7496666666666667,66536064
sdca,label_skew,4951,2,2468,0.5844851616057453,0.7669583333333333,0.7608333333333334,66536064
sdca,label_skew,4951,3,2333,0.5834277097537311,0.7649583333333333,0.763,66529344
sdca,label_skew,4951,4,2467,0.5916792407759972,0.764,0.7576666666666667,66525312
sdca,label_skew,4951,5,2333,0.6097877788939766,0.740125,0.736,66526656
sdca,label_skew,4951,6,2467,0.5967220956704451,0.7589166666666667,0.7543333333333333,66529344
sdca,label_skew,4951,7,2332,0.5970850063771372,0.7598333333333334,0.754,66530688
sdca,label_skew,4951,8,2467,0.5941105784819021,0.7621666666666667,0.7558333333333334,66534720
sdca,label_skew,4951,9,2332,0.5899991767633218,0.7582916666666667,0.7521666666666667,66526656
sdca,label_skew,4976,0,2468,0.5863395706647452,0.7605833333333333,0.7566666666666667,66868032
sdca,label_skew,4976,1,2333,0.5937222706626909,0.7550833333333333,0.7503333333333333,66872064
sdca,label_skew,4976,2,2468,0.5836214336285722,0.7654583333333334,0.7631666666666667,66872064
sdca,label_skew,4976,3,2333,0.5833682292511128,0.7654166666666666,0.7621666666666667,66865344
sdca,label_skew,4976,4,2467,0.591975493831114,0.7631666666666667,0.7563333333333333,66861312
sdca,label_skew,4976,5,2333,0.6120785234999384,0.738875,0.7356666666666667,66862656
sdca,label_skew,4976,6,2467,0.6013232296798724,0.756375,0.7526666666666667,66865344
sdca,label_skew,4976,7,2332,0.5929881506575472,0.7625833333333333,0.7563333333333333,66866688
sdca,label_skew,4976,8,2467,0.5919575957339526,0.7631666666666667,0.7565,66870720
sdca,label_skew,4976,9,2332,0.5906577248975791,0.7582083333333334,0.7525,66862656
sdca,label_skew,5000,0,2468,0.5858051212198709,0.7617916666666666,0.7583333333333333,67190592
sdca,label_skew,5000,1,2333,0.595889272987876,0.7545833333333334,0.7488333333333334,67194624
sdca,label_skew,5000,2,2468,0.586603726809777,0.766625,0.7595,67194624
sdca,label_skew,5000,3,2333,0.583937725143371,0.7654166666666666,0.7625,67187904
sdca,label_skew,5000,4,2467,0.5918439165617926,0.7635416666666667,0.7556666666666667,67183872
sdca,label_skew,5000,5,2333,0.6130396590671005,0.7399166666666667,0.736,67185216
sdca,label_skew,5000,6,2467,0.6004300119923204,0.75675,0.7531666666666667,67187904
sdca,label_skew,5000,7,2332,0.5923628578100475,0.7635416666666667,0.7558333333333334,67189248
sdca,label_skew,5000,8,2467,0.5916227575746493,0.7632083333333334,0.7561666666666667,67193280
sdca,label_skew,5000,9,2332,0.593006556697163,0.757625,0.7516666666666667,67185216
