method,scheme,round,node,n_local,hinge_loss,train_acc,test_acc,comm_bytes
sdca,dirichlet_0.1,1,0,0,1.7283255277591285,0.4859583333333333,0.4825,5376
sdca,dirichlet_0.1,1,1,1,0.7966404892226571,0.5706666666666667,0.5726666666666667,9408
sdca,dirichlet_0.1,1,2,2711,0.8344202797586916,0.6257916666666666,0.6241666666666666,4032
sdca,dirichlet_0.1,1,3,3820,1.1237843739446849,0.4859583333333333,0.4825,1344
sdca,dirichlet_0.1,1,4,2178,0.9736037822517781,0.4861666666666667,0.48283333333333334,5376
sdca,dirichlet_0.1,1,5,9084,0.7986160659584217,0.5690416666666667,0.5711666666666667,8064
sdca,dirichlet_0.1,1,6,4274,1.0946723866418624,0.5140416666666666,0.5175,1344
sdca,dirichlet_0.1,1,7,1766,1.119815461587622,0.4859583333333333,0.4825,2688
sdca,dirichlet_0.1,1,8,0,1.5682044751141162,0.4859583333333333,0.4825,8064
sdca,dirichlet_0.1,1,9,166,1.0329659849621096,0.5140416666666666,0.5175,1344
sdca,dirichlet_0.1,26,0,0,0.9231747411317214,0.5265416666666667,0.5255,341376
sdca,dirichlet_0.1,26,1,1,0.8150230414659116,0.5779583333333334,0.5805,345408
sdca,dirichlet_0.1,26,2,2711,0.8169754085570818,0.5955833333333334,0.5956666666666667,334656
sdca,dirichlet_0.1,26,3,3820,1.094489489134152,0.5040416666666667,0.5008333333333334,337344
sdca,dirichlet_0.1,26,4,2178,1.1894944450869143,0.49195833333333333,0.4891666666666667,341376
sdca,dirichlet_0.1,26,5,9084,0.8202167757300134,0.56575,0.5645,333312
sdca,dirichlet_0.1,26,6,4274,1.129894500290712,0.5160416666666666,0.5183333333333333,337344
sdca,dirichlet_0.1,26,7,1766,1.0200437279072907,0.5207916666666667,0.5185,338688
sdca,dirichlet_0.1,26,8,0,0.8169754085570815,0.5955833333333334,0.5956666666666667,344064
sdca,dirichlet_0.1,26,9,166,0.8725859045155687,0.5627083333333334,0.5623333333333334,336000
sdca,dirichlet_0.1,51,0,0,4.298684992112617,0.4859583333333333,0.4825,677376
sdca,dirichlet_0.1,51,1,1,7.628264997943726,0.4859583333333333,0.4825,681408
sdca,dirichlet_0.1,51,2,2711,0.9341693049002715,0.5230833333333333,0.519,670656
sdca,dirichlet_0.1,51,3,3820,0.9701949403218847,0.524,0.5205,673344
sdca,dirichlet_0.1,51,4,2178,1.0836312162225734,0.5155,0.5131666666666667,677376
sdca,dirichlet_0.1,51,5,9084,0.8544868343478355,0.5656666666666667,0.5645,669312
sdca,dirichlet_0.1,51,6,4274,1.1281166436652854,0.5527083333333334,0.553,673344
sdca,dirichlet_0.1,51,7,1766,4.298684992112617,0.4859583333333333,0.4825,674688
sdca,dirichlet_0.1,51,8,0,4.439499297122793,0.5140416666666666,0.5175,680064
sdca,dirichlet_0.1,51,9,166,6.110006797000351,0.5140416666666666,0.5175,672000
sdca,dirichlet_0.1,76,0,0,5.994486046683562,0.4859583333333333,0.4825,1013376
sdca,dirichlet_0.1,76,1,1,6.007791747583139,0.4859583333333333,0.4825,1017408
sdca,dirichlet_0.1,76,2,2711,0.8798972859773632,0.5621666666666667,0.5643333333333334,1006656
sdca,dirichlet_0.1,76,3,3820,0.9973956240644911,0.51925,0.5155,1009344
sdca,dirichlet_0.1,76,4,2178,1.0414049280982576,0.5182083333333334,0.5151666666666667,1013376
sdca,dirichlet_0.1,76,5,9084,0.8623798504832798,0.5656666666666667,0.5645,1005312
sdca,dirichlet_0.1,76,6,4274,0.9114904700939751,0.5655833333333333,0.5641666666666667,1009344
sdca,dirichlet_0.1,76,7,1766,1.4438121967235975,0.49933333333333335,0.4955,1010688
sdca,dirichlet_0.1,76,8,0,0.9973956240644918,0.51925,0.5155,1016064
sdca,dirichlet_0.1,76,9,166,0.8380863319382545,0.5648333333333333,0.5638333333333333,1008000
sdca,dirichlet_0.1,101,0,0,0.8683385688272224,0.5656666666666667,0.5645,1349376
sdca,dirichlet_0.1,101,1,1,0.8746709947788645,0.5656666666666667,0.5645,1353408
sdca,dirichlet_0.1,101,2,2711,0.9835833151424828,0.506875,0.5046666666666667,1342656
sdca,dirichlet_0.1,101,3,3820,0.9908963876484809,0.502625,0.499,1345344
sdca,dirichlet_0.1,101,4,2178,1.0712047746891158,0.49595833333333333,0.493,1349376
sdca,dirichlet_0.1,101,5,9084,0.8683385688272216,0.5656666666666667,0.5645,1341312
sdca,dirichlet_0.1,101,6,4274,0.8820151495924935,0.5657083333333334,0.5645,1345344
sdca,dirichlet_0.1,101,7,1766,1.00327655801102,0.5030833333333333,0.4985,1346688
sdca,dirichlet_0.1,101,8,0,0.9890402138344583,0.5105416666666667,0.5073333333333333,1352064
sdca,dirichlet_0.1,101,9,166,0.8873962038809112,0.565625,0.5645,1344000
sdca,dirichlet_0.1,126,0,0,0.974651144481201,0.5153333333333333,0.511,1685376
sdca,dirichlet_0.1,126,1,1,0.9803972124303091,0.5119166666666667,0.509,1689408
sdca,dirichlet_0.1,126,2,2711,0.9698589360862998,0.516125,0.5131666666666667,1678656
sdca,dirichlet_0.1,126,3,3820,0.9962720720868807,0.5094583333333333,0.5065,1681344
sdca,dirichlet_0.1,126,4,2178,1.0405033735339753,0.49995833333333334,0.49516666666666664,1685376
sdca,dirichlet_0.1,126,5,9084,0.8684048901534667,0.56575,0.5645,1677312
sdca,dirichlet_0.1,126,6,4274,0.896767945575132,0.565625,0.5641666666666667,1681344
sdca,dirichlet_0.1,126,7,1766,0.9864002287997659,0.5131666666666667,0.511,1682688
sdca,dirichlet_0.1,126,8,0,0.8727399177331766,0.5656666666666667,0.5645,1688064
sdca,dirichlet_0.1,126,9,166,0.858042182226025,0.5656666666666667,0.5645,1680000
sdca,dirichlet_0.1,151,0,0,0.8998236510843769,0.5655833333333333,0.5641666666666667,2021376
sdca,dirichlet_0.1,151,1,1,0.9655200225949612,0.5106666666666667,0.5088333333333334,2025408
sdca,dirichlet_0.1,151,2,2711,0.9708298232443684,0.50825,0.5055,2014656
sdca,dirichlet_0.1,151,3,3820,0.9880346375188516,0.5009583333333333,0.49583333333333335,2017344
sdca,dirichlet_0.1,151,4,2178,1.0444885438486318,0.49695833333333334,0.49416666666666664,2021376
sdca,dirichlet_0.1,151,5,9084,0.8669630129873791,0.56575,0.5645,2013312
sdca,dirichlet_0.1,151,6,4274,0.8971838054038345,0.5655833333333333,0.5641666666666667,2017344
sdca,dirichlet_0.1,151,7,1766,0.9759645412648795,0.5058333333333334,0.503,2018688
sdca,dirichlet_0.1,151,8,0,0.8755638610187567,0.565625,0.5643333333333334,2024064
sdca,dirichlet_0.1,151,9,166,0.8755638610187553,0.565625,0.5643333333333334,2016000
sdca,dirichlet_0.1,176,0,0,1.0693411562035737,0.5633333333333334,0.5625,2357376
sdca,dirichlet_0.1,176,1,1,1.0177083523216135,0.5635,0.5625,2361408
sdca,dirichlet_0.1,176,2,2711,0.9290481420310531,0.5274166666666666,0.5278333333333334,2350656
sdca,dirichlet_0.1,176,3,3820,0.9605467255682637,0.5232083333333334,0.5205,2353344
sdca,dirichlet_0.1,176,4,2178,1.03307701822399,0.5185833333333333,0.5153333333333333,2357376
sdca,dirichlet_0.1,176,5,9084,0.8706874482749618,0.56575,0.5645,2349312
sdca,dirichlet_0.1,176,6,4274,0.9013427857685747,0.565625,0.5641666666666667,2353344
sdca,dirichlet_0.1,176,7,1766,0.9896385974446946,0.51925,0.5153333333333333,2354688
sdca,dirichlet_0.1,176,8,0,2.9534250528942896,0.5140416666666666,0.5175,2360064
sdca,dirichlet_0.1,176,9,166,0.8509573173522528,0.5656666666666667,0.5645,2352000
sdca,dirichlet_0.1,201,0,0,0.8746202446560355,0.5657083333333334,0.5645,2693376
sdca,dirichlet_0.1,201,1,1,0.8651677643713386,0.5656666666666667,0.5645,2697408
sdca,dirichlet_0.1,201,2,2711,0.954488466628774,0.51925,0.5153333333333333,2686656
sdca,dirichlet_0.1,201,3,3820,0.9619817156074799,0.5197083333333333,0.5153333333333333,2689344
sdca,dirichlet_0.1,201,4,2178,1.0330221615309898,0.516875,0.514,2693376
sdca,dirichlet_0.1,201,5,9084,0.8655540239998919,0.56575,0.5645,2685312
sdca,dirichlet_0.1,201,6,4274,0.88448065741752,0.56575,0.5645,2689344
sdca,dirichlet_0.1,201,7,1766,0.9707343870354613,0.5190833333333333,0.5153333333333333,2690688
sdca,dirichlet_0.1,201,8,0,0.9619817156074771,0.5197083333333333,0.5153333333333333,2696064
sdca,dirichlet_0.1,201,9,166,0.8617707590952788,0.5656666666666667,0.5645,2688000
sdca,dirichlet_0.1,226,0,0,1.489887009599554,0.493125,0.48883333333333334,3029376
sdca,dirichlet_0.1,226,1,1,0.8856337139750406,0.5745833333333333,0.5706666666666667,3033408
sdca,dirichlet_0.1,226,2,2711,0.9448091328371584,0.51925,0.5153333333333333,3022656
sdca,dirichlet_0.1,226,3,3820,0.9606733816347214,0.51925,0.5153333333333333,3025344
sdca,dirichlet_0.1,226,4,2178,1.1559612863407174,0.51425,0.5116666666666667,3029376
sdca,dirichlet_0.1,226,5,9084,0.8620033500332456,0.56575,0.5645,3021312
sdca,dirichlet_0.1,226,6,4274,0.8923622813293871,0.56575,0.5645,3025344
sdca,dirichlet_0.1,226,7,1766,0.9737929565160713,0.51925,0.5153333333333333,3026688
sdca,dirichlet_0.1,226,8,0,0.8599426046916557,0.5656666666666667,0.5645,3032064
sdca,dirichlet_0.1,226,9,166,0.8632986688705114,0.5713333333333334,0.5698333333333333,3024000
sdca,dirichlet_0.1,251,0,0,0.9319999148668151,0.522125,0.5183333333333333,3365376
sdca,dirichlet_0.1,251,1,1,5.252920002298733,0.5140416666666666,0.5175,3369408
sdca,dirichlet_0.1,251,2,2711,0.9332514828222198,0.5202916666666667,0.5166666666666667,3358656
sdca,dirichlet_0.1,251,3,3820,0.9825890076435753,0.51925,0.5153333333333333,3361344
sdca,dirichlet_0.1,251,4,2178,1.0011756327792627,0.5192083333333334,0.5153333333333333,3365376
sdca,dirichlet_0.1,251,5,9084,0.8669753903423235,0.5656666666666667,0.5645,3357312
sdca,dirichlet_0.1,251,6,4274,0.8792006353866991,0.5656666666666667,0.5645,3361344
sdca,dirichlet_0.1,251,7,1766,0.962631358720337,0.519625,0.5155,3362688
sdca,dirichlet_0.1,251,8,0,0.9332514828222237,0.5202916666666667,0.5166666666666667,3368064
sdca,dirichlet_0.1,251,9,166,0.881753265216133,0.5764166666666667,0.5778333333333333,3360000
sdca,dirichlet_0.1,276,0,0,0.9511619624798401,0.51925,0.5153333333333333,3701376
sdca,dirichlet_0.1,276,1,1,6.451433507751075,0.4859583333333333,0.4825,3705408
sdca,dirichlet_0.1,276,2,2711,0.9163945946052326,0.5195416666666667,0.5163333333333333,3694656
sdca,dirichlet_0.1,276,3,3820,0.9957732486459082,0.5186666666666667,0.5138333333333334,3697344
sdca,dirichlet_0.1,276,4,2178,0.9625884823136581,0.5188333333333334,0.5143333333333333,3701376
sdca,dirichlet_0.1,276,5,9084,0.8541955500420616,0.5656666666666667,0.5645,3693312
sdca,dirichlet_0.1,276,6,4274,0.8937494325985557,0.5656666666666667,0.5645,3697344
sdca,dirichlet_0.1,276,7,1766,0.9350572805106647,0.5195,0.5153333333333333,3698688
sdca,dirichlet_0.1,276,8,0,1.0575508431075198,0.51775,0.5141666666666667,3704064
sdca,dirichlet_0.1,276,9,166,0.906624098495159,0.5656666666666667,0.5645,3696000
sdca,dirichlet_0.1,301,0,0,2.9306734722310246,0.4859583333333333,0.4825,4037376
sdca,dirichlet_0.1,301,1,1,2.7495824344157564,0.4859583333333333,0.4825,4041408
sdca,dirichlet_0.1,301,2,2711,0.9388820047416665,0.519875,0.5158333333333334,4030656
sdca,dirichlet_0.1,301,3,3820,0.9972328587149503,0.51875,0.5151666666666667,4033344
sdca,dirichlet_0.1,301,4,2178,0.9465135324180687,0.5412916666666666,0.5411666666666667,4037376
sdca,dirichlet_0.1,301,5,9084,0.8629952084661691,0.5656666666666667,0.5645,4029312
sdca,dirichlet_0.1,301,6,4274,0.8784662048631068,0.5656666666666667,0.5645,4033344
sdca,dirichlet_0.1,301,7,1766,0.9452263061959686,0.52175,0.5181666666666667,4034688
sdca,dirichlet_0.1,301,8,0,0.9798012178695842,0.519375,0.5158333333333334,4040064
sdca,dirichlet_0.1,301,9,166,0.8710146919512978,0.5656666666666667,0.5645,4032000
sdca,dirichlet_0.1,326,0,0,3.5755326848155127,0.5140416666666666,0.5175,4373376
sdca,dirichlet_0.1,326,1,1,1.6808299286527533,0.4947916666666667,0.4915,4377408
sdca,dirichlet_0.1,326,2,2711,0.9171805205605142,0.55125,0.5518333333333333,4366656
sdca,dirichlet_0.1,326,3,3820,0.9477239078647935,0.5560416666666667,0.5581666666666667,4369344
sdca,dirichlet_0.1,326,4,2178,0.9495736179460486,0.5412083333333333,0.5418333333333333,4373376
sdca,dirichlet_0.1,326,5,9084,0.8584611565704219,0.5656666666666667,0.5645,4365312
sdca,dirichlet_0.1,326,6,4274,0.8916933268590597,0.5656666666666667,0.5645,4369344
sdca,dirichlet_0.1,326,7,1766,0.9443147279539007,0.5215416666666667,0.5175,4370688
sdca,dirichlet_0.1,326,8,0,0.9330160758912593,0.5223333333333333,0.5196666666666667,4376064
sdca,dirichlet_0.1,326,9,166,2.7053764326577414,0.486,0.4826666666666667,4368000
sdca,dirichlet_0.1,351,0,0,1.2001171408620608,0.5045,0.5025,4709376
sdca,dirichlet_0.1,351,1,1,1.3020244189124572,0.5537083333333334,0.5556666666666666,4713408
sdca,dirichlet_0.1,351,2,2711,0.9385677324432252,0.5192916666666667,0.5155,4702656
sdca,dirichlet_0.1,351,3,3820,0.983483274922442,0.51925,0.5153333333333333,4705344
sdca,dirichlet_0.1,351,4,2178,0.9794208512133443,0.51925,0.5153333333333333,4709376
sdca,dirichlet_0.1,351,5,9084,0.8623229129055968,0.5656666666666667,0.5645,4701312
sdca,dirichlet_0.1,351,6,4274,0.8896174135172962,0.5657083333333334,0.5645,4705344
sdca,dirichlet_0.1,351,7,1766,0.9513229019534304,0.5192916666666667,0.5153333333333333,4706688
sdca,dirichlet_0.1,351,8,0,0.9794208512133332,0.51925,0.5153333333333333,4712064
sdca,dirichlet_0.1,351,9,166,0.8700575864951285,0.5656666666666667,0.5645,4704000
sdca,dirichlet_0.1,376,0,0,0.873886972870799,0.5656666666666667,0.5645,5045376
sdca,dirichlet_0.1,376,1,1,1.1199417304520347,0.5059583333333333,0.502,5049408
sdca,dirichlet_0.1,376,2,2711,0.9401110606463868,0.5193333333333333,0.5158333333333334,5038656
sdca,dirichlet_0.1,376,3,3820,1.013256027336076,0.5145833333333333,0.5118333333333334,5041344
sdca,dirichlet_0.1,376,4,2178,1.036132552761482,0.510625,0.5078333333333334,5045376
sdca,dirichlet_0.1,376,5,9084,0.8651007095837853,0.5657083333333334,0.5645,5037312
sdca,dirichlet_0.1,376,6,4274,0.8768836806066538,0.56575,0.5645,5041344
sdca,dirichlet_0.1,376,7,1766,0.955366812099064,0.51925,0.5155,5042688
sdca,dirichlet_0.1,376,8,0,0.8788159970386854,0.5657083333333334,0.5645,5048064
sdca,dirichlet_0.1,376,9,166,1.1317691240052008,0.50375,0.4995,5040000
sdca,dirichlet_0.1,401,0,0,1.217319871131785,0.5030416666666667,0.4975,5381376
sdca,dirichlet_0.1,401,1,1,1.903790151204444,0.48641666666666666,0.4831666666666667,5385408
sdca,dirichlet_0.1,401,2,2711,0.9336505199812034,0.5209583333333333,0.5175,5374656
sdca,dirichlet_0.1,401,3,3820,0.9601517777586717,0.5204583333333334,0.5171666666666667,5377344
sdca,dirichlet_0.1,401,4,2178,0.9868381102944468,0.5196666666666667,0.516,5381376
sdca,dirichlet_0.1,401,5,9084,0.8653980805166474,0.5657083333333334,0.5645,5373312
sdca,dirichlet_0.1,401,6,4274,0.8724111244458739,0.5657083333333334,0.5645,5377344
sdca,dirichlet_0.1,401,7,1766,0.9498577884428525,0.5195416666666667,0.516,5378688
sdca,dirichlet_0.1,401,8,0,0.9419581728330245,0.525,0.5226666666666666,5384064
sdca,dirichlet_0.1,401,9,166,1.3556924683819178,0.4950833333333333,0.49183333333333334,5376000
sdca,dirichlet_0.1,426,0,0,1.4781321627096446,0.5149583333333333,0.5183333333333333,5717376
sdca,dirichlet_0.1,426,1,1,1.4431187898221234,0.5192916666666667,0.522,5721408
sdca,dirichlet_0.1,426,2,2711,0.9186616171984473,0.523375,0.5206666666666667,5710656
sdca,dirichlet_0.1,426,3,3820,0.9940988486493331,0.51975,0.5158333333333334,5713344
sdca,dirichlet_0.1,426,4,2178,1.0321804896129094,0.5192916666666667,0.5158333333333334,5717376
sdca,dirichlet_0.1,426,5,9084,0.8632844857653442,0.56575,0.5645,5709312
sdca,dirichlet_0.1,426,6,4274,0.8885379189930609,0.5656666666666667,0.5643333333333334,5713344
sdca,dirichlet_0.1,426,7,1766,0.943181746186299,0.52,0.5161666666666667,5714688
sdca,dirichlet_0.1,426,8,0,0.9940988486493394,0.51975,0.5158333333333334,5720064
sdca,dirichlet_0.1,426,9,166,0.8767109396932531,0.5505833333333333,0.5496666666666666,5712000
sdca,dirichlet_0.1,451,0,0,0.9642528240275339,0.51825,0.5148333333333334,6053376
sdca,dirichlet_0.1,451,1,1,0.9599467431317894,0.5185833333333333,0.515,6057408
sdca,dirichlet_0.1,451,2,2711,0.9448662129241032,0.5189166666666667,0.5153333333333333,6046656
sdca,dirichlet_0.1,451,3,3820,1.0195846431975217,0.511,0.5071666666666667,6049344
sdca,dirichlet_0.1,451,4,2178,0.9978631750573034,0.5177916666666667,0.5145,6053376
sdca,dirichlet_0.1,451,5,9084,0.8641838105180671,0.56575,0.5645,6045312
sdca,dirichlet_0.1,451,6,4274,0.8731936759477554,0.56575,0.5645,6049344
sdca,dirichlet_0.1,451,7,1766,0.9627072828671469,0.51925,0.5153333333333333,6050688
sdca,dirichlet_0.1,451,8,0,1.0111862928639845,0.5119583333333333,0.5095,6056064
sdca,dirichlet_0.1,451,9,166,0.8526235103304016,0.5656666666666667,0.5645,6048000
sdca,dirichlet_0.1,476,0,0,0.8700635231907529,0.5656666666666667,0.5645,6389376
sdca,dirichlet_0.1,476,1,1,0.8874587811931569,0.5565,0.5606666666666666,6393408
sdca,dirichlet_0.1,476,2,2711,0.9330723468881454,0.5202083333333334,0.5163333333333333,6382656
sdca,dirichlet_0.1,476,3,3820,0.9825387818742377,0.5193333333333333,0.5155,6385344
sdca,dirichlet_0.1,476,4,2178,0.9953714870804972,0.51925,0.5153333333333333,6389376
sdca,dirichlet_0.1,476,5,9084,0.8655515839971657,0.5657083333333334,0.5645,6381312
sdca,dirichlet_0.1,476,6,4274,0.8808481873011973,0.5657083333333334,0.5645,6385344
sdca,dirichlet_0.1,476,7,1766,0.948116863451256,0.5194583333333334,0.5155,6386688
sdca,dirichlet_0.1,476,8,0,0.8633499638151458,0.5656666666666667,0.5645,6392064
sdca,dirichlet_0.1,476,9,166,0.876646164698774,0.612875,0.6146666666666667,6384000
sdca,dirichlet_0.1,501,0,0,6.230312258766375,0.5140416666666666,0.5175,6725376
sdca,dirichlet_0.1,501,1,1,6.505182850856545,0.4859583333333333,0.4825,6729408
sdca,dirichlet_0.1,501,2,2711,0.9321830173851,0.521375,0.5193333333333333,6718656
sdca,dirichlet_0.1,501,3,3820,0.9923488325798581,0.5182916666666667,0.5151666666666667,6721344
sdca,dirichlet_0.1,501,4,2178,1.070810962767884,0.5088333333333334,0.5065,6725376
sdca,dirichlet_0.1,501,5,9084,0.8473192341324973,0.5656666666666667,0.5645,6717312
sdca,dirichlet_0.1,501,6,4274,0.8627880449153339,0.5656666666666667,0.5645,6721344
sdca,dirichlet_0.1,501,7,1766,0.9718166025143999,0.5228333333333334,0.521,6722688
sdca,dirichlet_0.1,501,8,0,1.1549326116598144,0.5000416666666667,0.49633333333333335,6728064
sdca,dirichlet_0.1,501,9,166,0.8330062041978183,0.5656666666666667,0.5645,6720000
sdca,dirichlet_0.1,526,0,0,0.9827126838684729,0.5194583333333334,0.5156666666666667,7061376
sdca,dirichlet_0.1,526,1,1,0.8616313949650968,0.5657083333333334,0.5645,7065408
sdca,dirichlet_0.1,526,2,2711,0.9387210924831767,0.5196666666666667,0.5156666666666667,7054656
sdca,dirichlet_0.1,526,3,3820,0.9692562607564572,0.5198333333333334,0.5161666666666667,7057344
sdca,dirichlet_0.1,526,4,2178,1.0048272173562085,0.5171666666666667,0.5141666666666667,7061376
sdca,dirichlet_0.1,526,5,9084,0.8622309969636922,0.56575,0.5645,7053312
sdca,dirichlet_0.1,526,6,4274,0.8768014424598217,0.5657083333333334,0.5645,7057344
sdca,dirichlet_0.1,526,7,1766,0.9470693168720081,0.5194583333333334,0.5156666666666667,7058688
sdca,dirichlet_0.1,526,8,0,0.9659135848794803,0.5187916666666667,0.5153333333333333,7064064
sdca,dirichlet_0.1,526,9,166,0.8857519315791239,0.5636666666666666,0.5675,7056000
sdca,dirichlet_0.1,551,0,0,0.9410780121222267,0.5215,0.5176666666666667,7397376
sdca,dirichlet_0.1,551,1,1,0.8583922694438458,0.56575,0.5645,7401408
sdca,dirichlet_0.1,551,2,2711,0.9332582693811949,0.5220416666666666,0.5191666666666667,7390656
sdca,dirichlet_0.1,551,3,3820,0.9629043157112506,0.5217916666666667,0.5188333333333334,7393344
sdca,dirichlet_0.1,551,4,2178,0.9850299473107385,0.5206666666666667,0.5168333333333334,7397376
sdca,dirichlet_0.1,551,5,9084,0.8590883214717339,0.56575,0.5645,7389312
sdca,dirichlet_0.1,551,6,4274,0.8769117620506541,0.56575,0.5645,7393344
sdca,dirichlet_0.1,551,7,1766,0.9410780121222305,0.5215,0.5176666666666667,7394688
sdca,dirichlet_0.1,551,8,0,0.985029947310737,0.5206666666666667,0.5168333333333334,7400064
sdca,dirichlet_0.1,551,9,166,0.8440137189223514,0.5656666666666667,0.5645,7392000
sdca,dirichlet_0.1,576,0,0,0.8615743305333632,0.5656666666666667,0.5645,7733376
sdca,dirichlet_0.1,576,1,1,0.930372478017277,0.5225833333333333,0.5193333333333333,7737408
sdca,dirichlet_0.1,576,2,2711,0.9247926927911658,0.5201666666666667,0.5165,7726656
sdca,dirichlet_0.1,576,3,3820,0.9733448732022257,0.5189583333333333,0.5155,7729344
sdca,dirichlet_0.1,576,4,2178,1.0058130813382606,0.5169166666666667,0.514,7733376
sdca,dirichlet_0.1,576,5,9084,0.8613714466330891,0.5656666666666667,0.5645,7725312
sdca,dirichlet_0.1,576,6,4274,0.8751234680401192,0.5656666666666667,0.5645,7729344
sdca,dirichlet_0.1,576,7,1766,0.9356254631639491,0.52025,0.5165,7730688
sdca,dirichlet_0.1,576,8,0,0.8447109360938907,0.5656666666666667,0.5645,7736064
sdca,dirichlet_0.1,576,9,166,0.8453053618500157,0.5656666666666667,0.5645,7728000
sdca,dirichlet_0.1,601,0,0,0.8665827902638918,0.56575,0.5645,8069376
sdca,dirichlet_0.1,601,1,1,0.9762371683582675,0.5634583333333333,0.5625,8073408
sdca,dirichlet_0.1,601,2,2711,0.8976841939085117,0.551125,0.5546666666666666,8062656
sdca,dirichlet_0.1,601,3,3820,0.9919659850365735,0.5225416666666667,0.5195,8065344
sdca,dirichlet_0.1,601,4,2178,1.0554019171664455,0.5167916666666666,0.5143333333333333,8069376
sdca,dirichlet_0.1,601,5,9084,0.8569833460526391,0.56575,0.5645,8061312
sdca,dirichlet_0.1,601,6,4274,0.8665827902639021,0.56575,0.5645,8065344
sdca,dirichlet_0.1,601,7,1766,0.9291259675395473,0.52575,0.523,8066688
sdca,dirichlet_0.1,601,8,0,0.991965985036562,0.5225416666666667,0.5195,8072064
sdca,dirichlet_0.1,601,9,166,0.8417821518375586,0.5656666666666667,0.5645,8064000
sdca,dirichlet_0.1,626,0,0,0.9366446366781035,0.565375,0.5641666666666667,8405376
sdca,dirichlet_0.1,626,1,1,0.9184843585906474,0.5245,0.5215,8409408
sdca,dirichlet_0.1,626,2,2711,0.9294793272376422,0.519875,0.516,8398656
sdca,dirichlet_0.1,626,3,3820,0.9682311183178565,0.5192916666666667,0.5153333333333333,8401344
sdca,dirichlet_0.1,626,4,2178,0.9809534070979704,0.5193333333333333,0.5155,8405376
sdca,dirichlet_0.1,626,5,9084,0.8589630528212171,0.56575,0.5645,8397312
sdca,dirichlet_0.1,626,6,4274,0.8744728739033323,0.56575,0.5645,8401344
sdca,dirichlet_0.1,626,7,1766,0.9383408163504349,0.519625,0.5156666666666667,8402688
sdca,dirichlet_0.1,626,8,0,0.8755930836319307,0.5657083333333334,0.5645,8408064
sdca,dirichlet_0.1,626,9,166,0.8404274465043009,0.5656666666666667,0.5645,8400000
sdca,dirichlet_0.1,651,0,0,0.9699202839337596,0.5201666666666667,0.518,8741376
sdca,dirichlet_0.1,651,1,1,0.9699202839337548,0.5201666666666667,0.518,8745408
sdca,dirichlet_0.1,651,2,2711,0.9226613564555964,0.5273333333333333,0.525,8734656
sdca,dirichlet_0.1,651,3,3820,0.9784757444192386,0.5194166666666666,0.5165,8737344
sdca,dirichlet_0.1,651,4,2178,0.9788835373257173,0.5225416666666667,0.5201666666666667,8741376
sdca,dirichlet_0.1,651,5,9084,0.8564399511545183,0.56575,0.5645,8733312
sdca,dirichlet_0.1,651,6,4274,0.8666743086524588,0.5657083333333334,0.5645,8737344
sdca,dirichlet_0.1,651,7,1766,0.9375956206579494,0.522875,0.5203333333333333,8738688
sdca,dirichlet_0.1,651,8,0,0.837230339382806,0.5656666666666667,0.5645,8744064
sdca,dirichlet_0.1,651,9,166,0.8372303393828054,0.5656666666666667,0.5645,8736000
sdca,dirichlet_0.1,676,0,0,1.6723259686938075,0.5140416666666666,0.5175,9077376
sdca,dirichlet_0.1,676,1,1,0.9274797084908545,0.52175,0.5186666666666667,9081408
sdca,dirichlet_0.1,676,2,2711,0.9347248447691978,0.5194583333333334,0.5155,9070656
sdca,dirichlet_0.1,676,3,3820,0.9812470089715569,0.5195833333333333,0.5155,9073344
sdca,dirichlet_0.1,676,4,2178,1.0019668458225288,0.51925,0.5155,9077376
sdca,dirichlet_0.1,676,5,9084,0.853142675724801,0.5656666666666667,0.5645,9069312
sdca,dirichlet_0.1,676,6,4274,0.8646125423142593,0.5656666666666667,0.5645,9073344
sdca,dirichlet_0.1,676,7,1766,0.9238983142760137,0.5290833333333333,0.5278333333333334,9074688
sdca,dirichlet_0.1,676,8,0,0.9347248447691984,0.5194583333333334,0.5155,9080064
sdca,dirichlet_0.1,676,9,166,0.8219081059580949,0.5656666666666667,0.5645,9072000
sdca,dirichlet_0.1,701,0,0,0.838718520433472,0.5656666666666667,0.5645,9413376
sdca,dirichlet_0.1,701,1,1,0.8551867028513508,0.5657083333333334,0.5645,9417408
sdca,dirichlet_0.1,701,2,2711,0.916420842331772,0.5277916666666667,0.5251666666666667,9406656
sdca,dirichlet_0.1,701,3,3820,0.9843260829477364,0.5197916666666667,0.5166666666666667,9409344
sdca,dirichlet_0.1,701,4,2178,0.9966941734707073,0.5202083333333334,0.5178333333333334,9413376
sdca,dirichlet_0.1,701,5,9084,0.8564102863921718,0.56575,0.5645,9405312
sdca,dirichlet_0.1,701,6,4274,0.8636778018335193,0.56575,0.5645,9409344
sdca,dirichlet_0.1,701,7,1766,0.9202821551077653,0.5282083333333333,0.5268333333333334,9410688
sdca,dirichlet_0.1,701,8,0,0.9137604359771749,0.5304166666666666,0.53,9416064
sdca,dirichlet_0.1,701,9,166,0.8380681047828548,0.5656666666666667,0.5645,9408000
sdca,dirichlet_0.1,726,0,0,0.8546308956892429,0.5656666666666667,0.5645,9749376
sdca,dirichlet_0.1,726,1,1,0.8535032302867352,0.5656666666666667,0.5645,9753408
sdca,dirichlet_0.1,726,2,2711,0.9088332610136459,0.527125,0.5255,9742656
sdca,dirichlet_0.1,726,3,3820,0.976169283114092,0.5200416666666666,0.5163333333333333,9745344
sdca,dirichlet_0.1,726,4,2178,0.9940020451331716,0.5193333333333333,0.5155,9749376
sdca,dirichlet_0.1,726,5,9084,0.8546308956892328,0.5656666666666667,0.5645,9741312
sdca,dirichlet_0.1,726,6,4274,0.8626985637001641,0.5656666666666667,0.5645,9745344
sdca,dirichlet_0.1,726,7,1766,0.9223196048746205,0.52375,0.521,9746688
sdca,dirichlet_0.1,726,8,0,0.8626985637001593,0.5656666666666667,0.5645,9752064
sdca,dirichlet_0.1,726,9,166,0.8723503214077958,0.5622083333333333,0.5648333333333333,9744000
sdca,dirichlet_0.1,751,0,0,0.8534551959388973,0.5655833333333333,0.5646666666666667,10085376
sdca,dirichlet_0.1,751,1,1,0.8529143628862251,0.5658333333333333,0.5655,10089408
sdca,dirichlet_0.1,751,2,2711,0.9076942895025143,0.5294583333333334,0.5288333333333334,10078656
sdca,dirichlet_0.1,751,3,3820,0.9782122421943761,0.5199583333333333,0.5163333333333333,10081344
sdca,dirichlet_0.1,751,4,2178,0.9748951968146199,0.521375,0.5183333333333333,10085376
sdca,dirichlet_0.1,751,5,9084,0.8518760568346391,0.56575,0.5645,10077312
sdca,dirichlet_0.1,751,6,4274,0.8657496074012921,0.56575,0.5645,10081344
sdca,dirichlet_0.1,751,7,1766,0.9179346338310086,0.5254166666666666,0.5231666666666667,10082688
sdca,dirichlet_0.1,751,8,0,0.9748951968146388,0.521375,0.5183333333333333,10088064
sdca,dirichlet_0.1,751,9,166,0.8534186871692132,0.566375,0.5661666666666667,10080000
sdca,dirichlet_0.1,776,0,0,1.9573802940238099,0.486625,0.4835,10421376
sdca,dirichlet_0.1,776,1,1,1.6905751114110004,0.48895833333333333,0.48583333333333334,10425408
sdca,dirichlet_0.1,776,2,2711,0.9073555651633759,0.5268333333333334,0.5261666666666667,10414656
sdca,dirichlet_0.1,776,3,3820,0.949949236284715,0.533625,0.5328333333333334,10417344
sdca,dirichlet_0.1,776,4,2178,0.9846198523744443,0.528125,0.526,10421376
sdca,dirichlet_0.1,776,5,9084,0.852750847553614,0.56575,0.5645,10413312
sdca,dirichlet_0.1,776,6,4274,0.8659239539197487,0.56575,0.5645,10417344
sdca,dirichlet_0.1,776,7,1766,0.9168867066254424,0.5377083333333333,0.5366666666666666,10418688
sdca,dirichlet_0.1,776,8,0,0.8602151166964476,0.5741666666666667,0.5748333333333333,10424064
sdca,dirichlet_0.1,776,9,166,0.8602151166964438,0.5741666666666667,0.5748333333333333,10416000
sdca,dirichlet_0.1,801,0,0,0.8558397007662604,0.5656666666666667,0.5645,10757376
sdca,dirichlet_0.1,801,1,1,1.9020367296644218,0.486375,0.4831666666666667,10761408
sdca,dirichlet_0.1,801,2,2711,0.9216296088757399,0.5252916666666667,0.5226666666666666,10750656
sdca,dirichlet_0.1,801,3,3820,0.9855600800410048,0.5180833333333333,0.515,10753344
sdca,dirichlet_0.1,801,4,2178,1.0152532160733507,0.5153333333333333,0.5121666666666667,10757376
sdca,dirichlet_0.1,801,5,9084,0.8527338036646811,0.5656666666666667,0.5645,10749312
sdca,dirichlet_0.1,801,6,4274,0.8655810167937813,0.5656666666666667,0.5645,10753344
sdca,dirichlet_0.1,801,7,1766,0.9328938911109987,0.5245833333333333,0.5215,10754688
sdca,dirichlet_0.1,801,8,0,1.3442176779173165,0.521,0.5231666666666667,10760064
sdca,dirichlet_0.1,801,9,166,1.2832029729254306,0.4970833333333333,0.49283333333333335,10752000
sdca,dirichlet_0.1,826,0,0,1.0204696029169242,0.5195416666666667,0.5158333333333334,11093376
sdca,dirichlet_0.1,826,1,1,0.9510607826071527,0.5213333333333333,0.5186666666666667,11097408
sdca,dirichlet_0.1,826,2,2711,0.9158203195846962,0.524375,0.5215,11086656
sdca,dirichlet_0.1,826,3,3820,0.9728128257827995,0.520375,0.5171666666666667,11089344
sdca,dirichlet_0.1,826,4,2178,0.9932114004876845,0.5199583333333333,0.5163333333333333,11093376
sdca,dirichlet_0.1,826,5,9084,0.8569842060643454,0.5657083333333334,0.5645,11085312
sdca,dirichlet_0.1,826,6,4274,0.867688445339157,0.56575,0.5645,11089344
sdca,dirichlet_0.1,826,7,1766,0.918531546597157,0.5254583333333334,0.5223333333333333,11090688
sdca,dirichlet_0.1,826,8,0,0.840654583032711,0.5656666666666667,0.5645,11096064
sdca,dirichlet_0.1,826,9,166,0.8467962477877442,0.5656666666666667,0.5645,11088000
sdca,dirichlet_0.1,851,0,0,1.738913736126693,0.5140416666666666,0.5175,11429376
sdca,dirichlet_0.1,851,1,1,1.6122256589023667,0.5140416666666666,0.5175,11433408
sdca,dirichlet_0.1,851,2,2711,0.9059730010180562,0.5363333333333333,0.5355,11422656
sdca,dirichlet_0.1,851,3,3820,0.9709821087267005,0.5244166666666666,0.5215,11425344
sdca,dirichlet_0.1,851,4,2178,1.0127844615249584,0.5235416666666667,0.5215,11429376
sdca,dirichlet_0.1,851,5,9084,0.8539841363157405,0.5656666666666667,0.5645,11421312
sdca,dirichlet_0.1,851,6,4274,0.8598314577346785,0.5656666666666667,0.5645,11425344
sdca,dirichlet_0.1,851,7,1766,0.912261224693723,0.5297916666666667,0.5273333333333333,11426688
sdca,dirichlet_0.1,851,8,0,0.8285552358821981,0.5656666666666667,0.5645,11432064
sdca,dirichlet_0.1,851,9,166,0.831589096890562,0.5656666666666667,0.5645,11424000
sdca,dirichlet_0.1,876,0,0,1.7948594776947566,0.4875833333333333,0.4845,11765376
sdca,dirichlet_0.1,876,1,1,0.8803905300318182,0.5420833333333334,0.5428333333333333,11769408
sdca,dirichlet_0.1,876,2,2711,0.91592862488605,0.5239583333333333,0.5211666666666667,11758656
sdca,dirichlet_0.1,876,3,3820,0.9519080455421042,0.520375,0.5171666666666667,11761344
sdca,dirichlet_0.1,876,4,2178,0.9976044671062259,0.5197916666666667,0.516,11765376
sdca,dirichlet_0.1,876,5,9084,0.8538302989395937,0.56575,0.5645,11757312
sdca,dirichlet_0.1,876,6,4274,0.8648897999423774,0.56575,0.5645,11761344
sdca,dirichlet_0.1,876,7,1766,0.8882249754164446,0.5400416666666666,0.5395,11762688
sdca,dirichlet_0.1,876,8,0,1.0064205361226806,0.5199583333333333,0.5163333333333333,11768064
sdca,dirichlet_0.1,876,9,166,0.8357226284849324,0.5656666666666667,0.5645,11760000
sdca,dirichlet_0.1,901,0,0,1.3850602821630527,0.49104166666666665,0.4881666666666667,12101376
sdca,dirichlet_0.1,901,1,1,1.376962079812278,0.49120833333333336,0.48833333333333334,12105408
sdca,dirichlet_0.1,901,2,2711,0.9152082643173983,0.5380833333333334,0.537,12094656
sdca,dirichlet_0.1,901,3,3820,0.9612831051562225,0.5253333333333333,0.5235,12097344
sdca,dirichlet_0.1,901,4,2178,1.0020134673935397,0.5195,0.5168333333333334,12101376
sdca,dirichlet_0.1,901,5,9084,0.8547055024639367,0.5656666666666667,0.5645,12093312
sdca,dirichlet_0.1,901,6,4274,0.8658634739838583,0.5657083333333334,0.5645,12097344
sdca,dirichlet_0.1,901,7,1766,0.9348158739390454,0.5255833333333333,0.5228333333333334,12098688
sdca,dirichlet_0.1,901,8,0,0.8607292325894924,0.565875,0.5653333333333334,12104064
sdca,dirichlet_0.1,901,9,166,1.03739396708504,0.521,0.5191666666666667,12096000
sdca,dirichlet_0.1,926,0,0,1.7387569368983369,0.48683333333333334,0.48383333333333334,12437376
sdca,dirichlet_0.1,926,1,1,1.3736157013879207,0.494,0.49066666666666664,12441408
sdca,dirichlet_0.1,926,2,2711,0.9078172749906015,0.5245416666666667,0.5221666666666667,12430656
sdca,dirichlet_0.1,926,3,3820,0.9800287222516579,0.5274583333333334,0.5258333333333334,12433344
sdca,dirichlet_0.1,926,4,2178,1.0017866193172906,0.5187916666666667,0.5155,12437376
sdca,dirichlet_0.1,926,5,9084,0.8476999566848281,0.5657083333333334,0.5645,12429312
sdca,dirichlet_0.1,926,6,4274,0.8584405267419613,0.5657083333333334,0.5645,12433344
sdca,dirichlet_0.1,926,7,1766,0.912490156565843,0.529,0.5271666666666667,12434688
sdca,dirichlet_0.1,926,8,0,0.8487041475597704,0.6431666666666667,0.6388333333333334,12440064
sdca,dirichlet_0.1,926,9,166,0.8487041475597721,0.6431666666666667,0.6388333333333334,12432000
sdca,dirichlet_0.1,951,0,0,3.2814927625670154,0.5140416666666666,0.5175,12773376
sdca,dirichlet_0.1,951,1,1,1.607343135278555,0.48954166666666665,0.4865,12777408
sdca,dirichlet_0.1,951,2,2711,0.9275480577731349,0.528625,0.5276666666666666,12766656
sdca,dirichlet_0.1,951,3,3820,0.9736771887819297,0.5238333333333334,0.5228333333333334,12769344
sdca,dirichlet_0.1,951,4,2178,0.979372594767402,0.5151666666666667,0.513,12773376
sdca,dirichlet_0.1,951,5,9084,0.8486582379337533,0.5656666666666667,0.5645,12765312
sdca,dirichlet_0.1,951,6,4274,0.8563401861542846,0.5656666666666667,0.5645,12769344
sdca,dirichlet_0.1,951,7,1766,0.9103228318152854,0.52825,0.5271666666666667,12770688
sdca,dirichlet_0.1,951,8,0,0.8425003295721541,0.5656666666666667,0.5645,12776064
sdca,dirichlet_0.1,951,9,166,0.8567889986172731,0.5656666666666667,0.5645,12768000
sdca,dirichlet_0.1,976,0,0,1.6530062425675558,0.488375,0.4851666666666667,13109376
sdca,dirichlet_0.1,976,1,1,1.6305018138028964,0.488625,0.4855,13113408
sdca,dirichlet_0.1,976,2,2711,0.9210981557734206,0.5288333333333334,0.5263333333333333,13102656
sdca,dirichlet_0.1,976,3,3820,0.9935050587464331,0.5150416666666666,0.5131666666666667,13105344
sdca,dirichlet_0.1,976,4,2178,1.014167018945291,0.5119583333333333,0.5081666666666667,13109376
sdca,dirichlet_0.1,976,5,9084,0.8535138467340283,0.56575,0.5645,13101312
sdca,dirichlet_0.1,976,6,4274,0.8588581711865207,0.5657083333333334,0.5645,13105344
sdca,dirichlet_0.1,976,7,1766,0.9253439826344576,0.5265833333333333,0.524,13106688
sdca,dirichlet_0.1,976,8,0,2.423786894287666,0.5140416666666666,0.5175,13112064
sdca,dirichlet_0.1,976,9,166,0.840020649035383,0.5656666666666667,0.5645,13104000
sdca,dirichlet_0.1,1001,0,0,0.8328214551319645,0.5656666666666667,0.5645,13445376
sdca,dirichlet_0.1,1001,1,1,0.9950288945887449,0.5219583333333333,0.5193333333333333,13449408
sdca,dirichlet_0.1,1001,2,2711,0.9035196503597741,0.5310416666666666,0.531,13438656
sdca,dirichlet_0.1,1001,3,3820,0.9454761456632673,0.529375,0.5288333333333334,13441344
sdca,dirichlet_0.1,1001,4,2178,0.9973905623711702,0.5217916666666667,0.5195,13445376
sdca,dirichlet_0.1,1001,5,9084,0.8482622433721003,0.5656666666666667,0.5645,13437312
sdca,dirichlet_0.1,1001,6,4274,0.851968954998992,0.5656666666666667,0.5645,13441344
sdca,dirichlet_0.1,1001,7,1766,0.9002105084488051,0.533,0.5325,13442688
sdca,dirichlet_0.1,1001,8,0,1.1166454463700826,0.5121666666666667,0.5088333333333334,13448064
sdca,dirichlet_0.1,1001,9,166,0.8318447761458507,0.5656666666666667,0.5645,13440000
sdca,dirichlet_0.1,1026,0,0,0.859112798666012,0.6014166666666667,0.6018333333333333,13781376
sdca,dirichlet_0.1,1026,1,1,0.8573505784999531,0.6201666666666666,0.6261666666666666,13785408
sdca,dirichlet_0.1,1026,2,2711,0.8978296796333574,0.5330416666666666,0.5326666666666666,13774656
sdca,dirichlet_0.1,1026,3,3820,0.9734360991863511,0.5204166666666666,0.518,13777344
sdca,dirichlet_0.1,1026,4,2178,0.9938718248621325,0.521125,0.519,13781376
sdca,dirichlet_0.1,1026,5,9084,0.8477700509841775,0.5656666666666667,0.5645,13773312
sdca,dirichlet_0.1,1026,6,4274,0.8575441716772636,0.5656666666666667,0.5645,13777344
sdca,dirichlet_0.1,1026,7,1766,0.9084520549413159,0.5310416666666666,0.5306666666666666,13778688
sdca,dirichlet_0.1,1026,8,0,0.8744413422259462,0.6132916666666667,0.6093333333333333,13784064
sdca,dirichlet_0.1,1026,9,166,0.8519224421265691,0.6405,0.6495,13776000
sdca,dirichlet_0.1,1051,0,0,0.856812864144814,0.6142083333333334,0.6068333333333333,14117376
sdca,dirichlet_0.1,1051,1,1,0.8498387870133286,0.7037916666666667,0.7051666666666667,14121408
sdca,dirichlet_0.1,1051,2,2711,0.8894535206831171,0.5359166666666667,0.535,14110656
sdca,dirichlet_0.1,1051,3,3820,0.9634979483549241,0.5263333333333333,0.5236666666666666,14113344
sdca,dirichlet_0.1,1051,4,2178,0.9442724308643711,0.5265,0.5243333333333333,14117376
sdca,dirichlet_0.1,1051,5,9084,0.8498830898321752,0.56575,0.5645,14109312
sdca,dirichlet_0.1,1051,6,4274,0.8582093881587739,0.56575,0.5645,14113344
sdca,dirichlet_0.1,1051,7,1766,0.9081332386255945,0.526625,0.525,14114688
sdca,dirichlet_0.1,1051,8,0,0.8890453665661795,0.5372916666666666,0.5361666666666667,14120064
sdca,dirichlet_0.1,1051,9,166,0.8447139295407099,0.58325,0.5865,14112000
sdca,dirichlet_0.1,1076,0,0,0.8959953401155368,0.5359166666666667,0.5353333333333333,14453376
sdca,dirichlet_0.1,1076,1,1,0.8835951500005753,0.538375,0.5376666666666666,14457408
sdca,dirichlet_0.1,1076,2,2711,0.8897718853721547,0.53675,0.5361666666666667,14446656
sdca,dirichlet_0.1,1076,3,3820,0.9395866941703899,0.5277083333333333,0.5271666666666667,14449344
sdca,dirichlet_0.1,1076,4,2178,0.9661472870343081,0.528,0.5266666666666666,14453376
sdca,dirichlet_0.1,1076,5,9084,0.8495804930461445,0.5657083333333334,0.5645,14445312
sdca,dirichlet_0.1,1076,6,4274,0.8523424876456093,0.56575,0.5645,14449344
sdca,dirichlet_0.1,1076,7,1766,0.8959953401155508,0.5359166666666667,0.5353333333333333,14450688
sdca,dirichlet_0.1,1076,8,0,0.8592832358989168,0.56575,0.5645,14456064
sdca,dirichlet_0.1,1076,9,166,0.8802958891372106,0.544875,0.545,14448000
sdca,dirichlet_0.1,1101,0,0,2.499797258571812,0.4859583333333333,0.4825,14789376
sdca,dirichlet_0.1,1101,1,1,0.834460322138891,0.616375,0.6205,14793408
sdca,dirichlet_0.1,1101,2,2711,0.914328697762185,0.524375,0.5215,14782656
sdca,dirichlet_0.1,1101,3,3820,0.9589666140302294,0.521125,0.5176666666666667,14785344
sdca,dirichlet_0.1,1101,4,2178,1.0351249493122274,0.521125,0.5181666666666667,14789376
sdca,dirichlet_0.1,1101,5,9084,0.8490984488177695,0.5657083333333334,0.5645,14781312
sdca,dirichlet_0.1,1101,6,4274,0.8455635136674406,0.5657083333333334,0.5645,14785344
sdca,dirichlet_0.1,1101,7,1766,0.9078840698218108,0.526625,0.5246666666666666,14786688
sdca,dirichlet_0.1,1101,8,0,0.9143286977622028,0.524375,0.5215,14792064
sdca,dirichlet_0.1,1101,9,166,0.8457891575612899,0.613125,0.6185,14784000
sdca,dirichlet_0.1,1126,0,0,3.9144757301416977,0.4859583333333333,0.4825,15125376
sdca,dirichlet_0.1,1126,1,1,0.8766763919896419,0.5362083333333333,0.5358333333333334,15129408
sdca,dirichlet_0.1,1126,2,2711,0.8691802747218927,0.5475,0.5475,15118656
sdca,dirichlet_0.1,1126,3,3820,0.9558310651914902,0.530875,0.5305,15121344
sdca,dirichlet_0.1,1126,4,2178,1.0449429375089325,0.5232083333333334,0.5215,15125376
sdca,dirichlet_0.1,1126,5,9084,0.8429845192990095,0.5656666666666667,0.5645,15117312
sdca,dirichlet_0.1,1126,6,4274,0.843236966839642,0.5656666666666667,0.5645,15121344
sdca,dirichlet_0.1,1126,7,1766,0.8725531797941994,0.5399166666666667,0.5388333333333334,15122688
sdca,dirichlet_0.1,1126,8,0,0.8642225866773527,0.56575,0.5645,15128064
sdca,dirichlet_0.1,1126,9,166,0.823661059139344,0.5656666666666667,0.5645,15120000
sdca,dirichlet_0.1,1151,0,0,0.9661091172408028,0.5656666666666667,0.5641666666666667,15461376
sdca,dirichlet_0.1,1151,1,1,0.9050323766913833,0.56575,0.5645,15465408
sdca,dirichlet_0.1,1151,2,2711,0.9044712600582415,0.5312916666666667,0.531,15454656
sdca,dirichlet_0.1,1151,3,3820,0.9443190306359815,0.528125,0.5278333333333334,15457344
sdca,dirichlet_0.1,1151,4,2178,0.9911241601044052,0.520125,0.5175,15461376
sdca,dirichlet_0.1,1151,5,9084,0.8438234553725077,0.5656666666666667,0.5645,15453312
sdca,dirichlet_0.1,1151,6,4274,0.8418760327193584,0.5656666666666667,0.5645,15457344
sdca,dirichlet_0.1,1151,7,1766,0.8973626591469204,0.53375,0.5331666666666667,15458688
sdca,dirichlet_0.1,1151,8,0,0.8921274426683408,0.5339583333333333,0.5331666666666667,15464064
sdca,dirichlet_0.1,1151,9,166,0.8361720007908812,0.5656666666666667,0.5645,15456000
sdca,dirichlet_0.1,1176,0,0,0.8270985719016717,0.5656666666666667,0.5645,15797376
sdca,dirichlet_0.1,1176,1,1,0.8244956767632884,0.5656666666666667,0.5645,15801408
sdca,dirichlet_0.1,1176,2,2711,0.8979664246419314,0.5327916666666667,0.5321666666666667,15790656
sdca,dirichlet_0.1,1176,3,3820,0.9478437046923321,0.5264583333333334,0.5253333333333333,15793344
sdca,dirichlet_0.1,1176,4,2178,1.0188833719209982,0.5197916666666667,0.5173333333333333,15797376
sdca,dirichlet_0.1,1176,5,9084,0.8467770600030219,0.5657083333333334,0.5645,15789312
sdca,dirichlet_0.1,1176,6,4274,0.8479184698826194,0.5656666666666667,0.5645,15793344
sdca,dirichlet_0.1,1176,7,1766,0.8936706403360553,0.5346666666666666,0.5336666666666666,15794688
sdca,dirichlet_0.1,1176,8,0,0.8934471474136378,0.5333333333333333,0.5323333333333333,15800064
sdca,dirichlet_0.1,1176,9,166,0.8293298151723074,0.5656666666666667,0.5645,15792000
sdca,dirichlet_0.1,1201,0,0,0.8885592127457271,0.5429166666666667,0.5425,16133376
sdca,dirichlet_0.1,1201,1,1,0.8714875508153599,0.5499583333333333,0.5516666666666666,16137408
sdca,dirichlet_0.1,1201,2,2711,0.8606217746998956,0.5536666666666666,0.5565,16126656
sdca,dirichlet_0.1,1201,3,3820,0.939956509852564,0.5410416666666666,0.5408333333333334,16129344
sdca,dirichlet_0.1,1201,4,2178,1.038275348224489,0.52525,0.5221666666666667,16133376
sdca,dirichlet_0.1,1201,5,9084,0.8428829681507853,0.5657083333333334,0.5645,16125312
sdca,dirichlet_0.1,1201,6,4274,0.8411916417796746,0.5657083333333334,0.5645,16129344
sdca,dirichlet_0.1,1201,7,1766,0.8728835733148015,0.5492083333333333,0.5505,16130688
sdca,dirichlet_0.1,1201,8,0,0.924950157745262,0.5412083333333333,0.5411666666666667,16136064
sdca,dirichlet_0.1,1201,9,166,0.8500502828772603,0.56625,0.5683333333333334,16128000
sdca,dirichlet_0.1,1226,0,0,0.8122661663022318,0.5664583333333333,0.5653333333333334,16469376
sdca,dirichlet_0.1,1226,1,1,0.8681939245463343,0.5465,0.5461666666666667,16473408
sdca,dirichlet_0.1,1226,2,2711,0.8743841699877748,0.5437083333333333,0.5435,16462656
sdca,dirichlet_0.1,1226,3,3820,0.9500063002497326,0.5318333333333334,0.5308333333333334,16465344
sdca,dirichlet_0.1,1226,4,2178,0.9980638512276016,0.5348333333333334,0.5343333333333333,16469376
sdca,dirichlet_0.1,1226,5,9084,0.8405074024873627,0.5656666666666667,0.5645,16461312
sdca,dirichlet_0.1,1226,6,4274,0.8455128606456028,0.5656666666666667,0.5645,16465344
sdca,dirichlet_0.1,1226,7,1766,0.8797495457453302,0.5421666666666667,0.5418333333333333,16466688
sdca,dirichlet_0.1,1226,8,0,0.952420976512417,0.5305416666666667,0.5301666666666667,16472064
sdca,dirichlet_0.1,1226,9,166,0.8212236403029698,0.7123333333333334,0.7165,16464000
sdca,dirichlet_0.1,1251,0,0,0.8640204902124605,0.5550833333333334,0.5515,16805376
sdca,dirichlet_0.1,1251,1,1,5.978326024570204,0.4859583333333333,0.4825,16809408
sdca,dirichlet_0.1,1251,2,2711,0.8412375023217492,0.563875,0.5616666666666666,16798656
sdca,dirichlet_0.1,1251,3,3820,0.9771318932885703,0.5307916666666667,0.5286666666666666,16801344
sdca,dirichlet_0.1,1251,4,2178,1.0645934433867266,0.5396666666666666,0.5403333333333333,16805376
sdca,dirichlet_0.1,1251,5,9084,0.8192496458679748,0.5657083333333334,0.5645,16797312
sdca,dirichlet_0.1,1251,6,4274,0.8172167487988111,0.565625,0.5648333333333333,16801344
sdca,dirichlet_0.1,1251,7,1766,0.8407955204965942,0.5539583333333333,0.5531666666666667,16802688
sdca,dirichlet_0.1,1251,8,0,1.1369443457242532,0.5206666666666667,0.5191666666666667,16808064
sdca,dirichlet_0.1,1251,9,166,0.9104326486655063,0.569,0.5685,16800000
sdca,dirichlet_0.1,1276,0,0,0.8871069902631922,0.5412916666666666,0.5413333333333333,17141376
sdca,dirichlet_0.1,1276,1,1,0.9302009034914948,0.5382916666666666,0.5393333333333333,17145408
sdca,dirichlet_0.1,1276,2,2711,0.9032496201512235,0.5307083333333333,0.5303333333333333,17134656
sdca,dirichlet_0.1,1276,3,3820,0.9379213675767127,0.5369583333333333,0.5366666666666666,17137344
sdca,dirichlet_0.1,1276,4,2178,0.9924900519242232,0.525375,0.5251666666666667,17141376
sdca,dirichlet_0.1,1276,5,9084,0.8390776420861271,0.5656666666666667,0.5645,17133312
sdca,dirichlet_0.1,1276,6,4274,0.8384231866029787,0.5656666666666667,0.5645,17137344
sdca,dirichlet_0.1,1276,7,1766,0.9060449662920764,0.5347916666666667,0.5345,17138688
sdca,dirichlet_0.1,1276,8,0,0.9032496201512198,0.5307083333333333,0.5303333333333333,17144064
sdca,dirichlet_0.1,1276,9,166,0.8259593495513594,0.5656666666666667,0.5645,17136000
sdca,dirichlet_0.1,1301,0,0,0.9399752600635833,0.5252083333333334,0.5243333333333333,17477376
sdca,dirichlet_0.1,1301,1,1,1.0079273570216771,0.512875,0.5118333333333334,17481408
sdca,dirichlet_0.1,1301,2,2711,0.8878669880501451,0.5450416666666666,0.5458333333333333,17470656
sdca,dirichlet_0.1,1301,3,3820,0.9551712774686338,0.5311666666666667,0.5305,17473344
sdca,dirichlet_0.1,1301,4,2178,0.9884486225565827,0.5144166666666666,0.512,17477376
sdca,dirichlet_0.1,1301,5,9084,0.8452094964612362,0.5656666666666667,0.5645,17469312
sdca,dirichlet_0.1,1301,6,4274,0.8451008199892318,0.5656666666666667,0.5645,17473344
sdca,dirichlet_0.1,1301,7,1766,0.9081930845355535,0.5350416666666666,0.5348333333333334,17474688
sdca,dirichlet_0.1,1301,8,0,1.0852618273510177,0.5633333333333334,0.5621666666666667,17480064
sdca,dirichlet_0.1,1301,9,166,0.8550915052002501,0.5727916666666667,0.5736666666666667,17472000
sdca,dirichlet_0.1,1326,0,0,0.8315079517505231,0.5656666666666667,0.5645,17813376
sdca,dirichlet_0.1,1326,1,1,1.356706764499518,0.493125,0.49016666666666664,17817408
sdca,dirichlet_0.1,1326,2,2711,0.865973495134617,0.5404583333333334,0.5415,17806656
sdca,dirichlet_0.1,1326,3,3820,0.9510216305539134,0.523125,0.5208333333333334,17809344
sdca,dirichlet_0.1,1326,4,2178,0.9825254231524789,0.5305416666666667,0.5306666666666666,17813376
sdca,dirichlet_0.1,1326,5,9084,0.8329226281864989,0.5656666666666667,0.5645,17805312
sdca,dirichlet_0.1,1326,6,4274,0.8315079517505253,0.5656666666666667,0.5645,17809344
sdca,dirichlet_0.1,1326,7,1766,0.8586570517055676,0.5438333333333333,0.5446666666666666,17810688
sdca,dirichlet_0.1,1326,8,0,0.9739724003898766,0.5307083333333333,0.5308333333333334,17816064
sdca,dirichlet_0.1,1326,9,166,0.8076521287029532,0.572125,0.572,17808000
sdca,dirichlet_0.1,1351,0,0,0.8145466277328851,0.5656666666666667,0.5645,18149376
sdca,dirichlet_0.1,1351,1,1,0.8094609754782076,0.5656666666666667,0.5645,18153408
sdca,dirichlet_0.1,1351,2,2711,0.8797066012934285,0.5400833333333334,0.5401666666666667,18142656
sdca,dirichlet_0.1,1351,3,3820,0.9366261612634638,0.5326666666666666,0.5328333333333334,18145344
sdca,dirichlet_0.1,1351,4,2178,0.9858092274714088,0.529,0.5291666666666667,18149376
sdca,dirichlet_0.1,1351,5,9084,0.838461018794839,0.5656666666666667,0.5645,18141312
sdca,dirichlet_0.1,1351,6,4274,0.8405516952970185,0.5656666666666667,0.5645,18145344
sdca,dirichlet_0.1,1351,7,1766,0.8783460180273875,0.5400833333333334,0.5401666666666667,18146688
sdca,dirichlet_0.1,1351,8,0,0.9805316672899783,0.5255416666666667,0.5255,18152064
sdca,dirichlet_0.1,1351,9,166,0.8219440731655344,0.5694583333333333,0.5693333333333334,18144000
sdca,dirichlet_0.1,1376,0,0,0.8252797434653032,0.6986666666666667,0.6968333333333333,18485376
sdca,dirichlet_0.1,1376,1,1,0.8247610390610609,0.70825,0.7056666666666667,18489408
sdca,dirichlet_0.1,1376,2,2711,0.8535163079698775,0.5430833333333334,0.5421666666666667,18478656
sdca,dirichlet_0.1,1376,3,3820,0.9076734284686943,0.5472916666666666,0.5485,18481344
sdca,dirichlet_0.1,1376,4,2178,0.9998476399110988,0.5199583333333333,0.5183333333333333,18485376
sdca,dirichlet_0.1,1376,5,9084,0.833150462252897,0.5657083333333334,0.5645,18477312
sdca,dirichlet_0.1,1376,6,4274,0.8266499192000089,0.5656666666666667,0.5645,18481344
sdca,dirichlet_0.1,1376,7,1766,0.8614964947377415,0.5418333333333333,0.5408333333333334,18482688
sdca,dirichlet_0.1,1376,8,0,0.9076734284687092,0.5472916666666666,0.5485,18488064
sdca,dirichlet_0.1,1376,9,166,1.2011973364947162,0.5085,0.5075,18480000
sdca,dirichlet_0.1,1401,0,0,2.50864782164435,0.5140416666666666,0.5175,18821376
sdca,dirichlet_0.1,1401,1,1,0.826115665362138,0.5657083333333334,0.5645,18825408
sdca,dirichlet_0.1,1401,2,2711,0.8567075034628852,0.5417916666666667,0.542,18814656
sdca,dirichlet_0.1,1401,3,3820,0.9277959223001453,0.5387083333333333,0.5385,18817344
sdca,dirichlet_0.1,1401,4,2178,1.007280257560782,0.5288333333333334,0.5276666666666666,18821376
sdca,dirichlet_0.1,1401,5,9084,0.8277846994698158,0.5657083333333334,0.5645,18813312
sdca,dirichlet_0.1,1401,6,4274,0.8304335929907329,0.5656666666666667,0.5645,18817344
sdca,dirichlet_0.1,1401,7,1766,0.8583931405473076,0.5409166666666667,0.5418333333333333,18818688
sdca,dirichlet_0.1,1401,8,0,0.9147285410862871,0.5386666666666666,0.5383333333333333,18824064
sdca,dirichlet_0.1,1401,9,166,0.8870204257038922,0.5522916666666666,0.5553333333333333,18816000
sdca,dirichlet_0.1,1426,0,0,1.1627496670060846,0.5544166666666667,0.555,19157376
sdca,dirichlet_0.1,1426,1,1,0.9490218252847283,0.56575,0.5645,19161408
sdca,dirichlet_0.1,1426,2,2711,0.8769254748419814,0.5362083333333333,0.535,19150656
sdca,dirichlet_0.1,1426,3,3820,0.9475352436673462,0.5270833333333333,0.5271666666666667,19153344
sdca,dirichlet_0.1,1426,4,2178,0.9821620304127349,0.5215416666666667,0.5216666666666666,19157376
sdca,dirichlet_0.1,1426,5,9084,0.8284232332092052,0.5656666666666667,0.5645,19149312
sdca,dirichlet_0.1,1426,6,4274,0.8333131813486508,0.5657083333333334,0.5645,19153344
sdca,dirichlet_0.1,1426,7,1766,0.8625904008440939,0.5427083333333333,0.543,19154688
sdca,dirichlet_0.1,1426,8,0,0.82177465080907,0.565625,0.5645,19160064
sdca,dirichlet_0.1,1426,9,166,0.8217746508090717,0.565625,0.5645,19152000
sdca,dirichlet_0.1,1451,0,0,1.6293333180791003,0.5140416666666666,0.5175,19493376
sdca,dirichlet_0.1,1451,1,1,2.4213323465736547,0.4859583333333333,0.4825,19497408
sdca,dirichlet_0.1,1451,2,2711,0.8664499148897488,0.5364583333333334,0.5363333333333333,19486656
sdca,dirichlet_0.1,1451,3,3820,0.909439326819743,0.5483333333333333,0.5496666666666666,19489344
sdca,dirichlet_0.1,1451,4,2178,1.003972216726286,0.525625,0.5241666666666667,19493376
sdca,dirichlet_0.1,1451,5,9084,0.8384660047799652,0.5657083333333334,0.5645,19485312
sdca,dirichlet_0.1,1451,6,4274,0.8324560660967412,0.5657083333333334,0.5645,19489344
sdca,dirichlet_0.1,1451,7,1766,0.8727952369019218,0.5358333333333334,0.5348333333333334,19490688
sdca,dirichlet_0.1,1451,8,0,1.0039722167262852,0.525625,0.5241666666666667,19496064
sdca,dirichlet_0.1,1451,9,166,1.050111085624009,0.5338333333333334,0.5338333333333334,19488000
sdca,dirichlet_0.1,1476,0,0,1.906979717742944,0.5140416666666666,0.5175,19829376
sdca,dirichlet_0.1,1476,1,1,1.8378535987685982,0.5140416666666666,0.5175,19833408
sdca,dirichlet_0.1,1476,2,2711,0.8630120059138773,0.5389166666666667,0.5408333333333334,19822656
sdca,dirichlet_0.1,1476,3,3820,0.9406595235076912,0.53675,0.5358333333333334,19825344
sdca,dirichlet_0.1,1476,4,2178,0.9907827578793524,0.5301666666666667,0.5291666666666667,19829376
sdca,dirichlet_0.1,1476,5,9084,0.8320133349662225,0.5657083333333334,0.5645,19821312
sdca,dirichlet_0.1,1476,6,4274,0.8251645911615951,0.5657083333333334,0.5645,19825344
sdca,dirichlet_0.1,1476,7,1766,0.852764445948666,0.5431666666666667,0.5421666666666667,19826688
sdca,dirichlet_0.1,1476,8,0,1.376930312262201,0.5203333333333333,0.5218333333333334,19832064
sdca,dirichlet_0.1,1476,9,166,0.8083269963195292,0.5656666666666667,0.5645,19824000
sdca,dirichlet_0.1,1501,0,0,1.6018359497288168,0.5140416666666666,0.5175,20165376
sdca,dirichlet_0.1,1501,1,1,0.8316336886475001,0.56575,0.5645,20169408
sdca,dirichlet_0.1,1501,2,2711,0.8409100945777596,0.5513333333333333,0.5523333333333333,20158656
sdca,dirichlet_0.1,1501,3,3820,0.9419762685169306,0.5304166666666666,0.5308333333333334,20161344
sdca,dirichlet_0.1,1501,4,2178,0.9837761883035312,0.5323333333333333,0.5323333333333333,20165376
sdca,dirichlet_0.1,1501,5,9084,0.8290063850161441,0.56575,0.5645,20157312
sdca,dirichlet_0.1,1501,6,4274,0.8254734779116288,0.56575,0.5645,20161344
sdca,dirichlet_0.1,1501,7,1766,0.8444316291670247,0.5495416666666667,0.5506666666666666,20162688
sdca,dirichlet_0.1,1501,8,0,0.7955333628107071,0.5659166666666666,0.5658333333333333,20168064
sdca,dirichlet_0.1,1501,9,166,0.8052407679732293,0.571,0.571,20160000
sdca,dirichlet_0.1,1526,0,0,0.8057790215371436,0.5875416666666666,0.588,20501376
sdca,dirichlet_0.1,1526,1,1,0.8360658996589622,0.55325,0.5518333333333333,20505408
sdca,dirichlet_0.1,1526,2,2711,0.8803737496099208,0.5346666666666666,0.5341666666666667,20494656
sdca,dirichlet_0.1,1526,3,3820,0.9568390484844987,0.5205,0.5196666666666667,20497344
sdca,dirichlet_0.1,1526,4,2178,0.9845115219119602,0.52725,0.5265,20501376
sdca,dirichlet_0.1,1526,5,9084,0.8196317125091028,0.565625,0.5645,20493312
sdca,dirichlet_0.1,1526,6,4274,0.8203482904760332,0.565625,0.5645,20497344
sdca,dirichlet_0.1,1526,7,1766,0.8361587640543117,0.5569583333333333,0.5548333333333333,20498688
sdca,dirichlet_0.1,1526,8,0,0.8136682737015771,0.594,0.5933333333333334,20504064
sdca,dirichlet_0.1,1526,9,166,0.8038115259050349,0.5675833333333333,0.567,20496000
sdca,dirichlet_0.1,1551,0,0,0.8320370429364556,0.56575,0.5645,20837376
sdca,dirichlet_0.1,1551,1,1,0.9266126592249972,0.56575,0.5645,20841408
sdca,dirichlet_0.1,1551,2,2711,0.8753483510362148,0.5362916666666667,0.535,20830656
sdca,dirichlet_0.1,1551,3,3820,0.9335774174874988,0.5314166666666666,0.5321666666666667,20833344
sdca,dirichlet_0.1,1551,4,2178,0.9736013277549855,0.5281666666666667,0.5281666666666667,20837376
sdca,dirichlet_0.1,1551,5,9084,0.8320370429364533,0.56575,0.5645,20829312
sdca,dirichlet_0.1,1551,6,4274,0.8274120244264753,0.5657083333333334,0.5645,20833344
sdca,dirichlet_0.1,1551,7,1766,0.8804401252923757,0.5355416666666667,0.5348333333333334,20834688
sdca,dirichlet_0.1,1551,8,0,0.8360105313039086,0.5744166666666667,0.575,20840064
sdca,dirichlet_0.1,1551,9,166,0.8088252736231135,0.5656666666666667,0.5645,20832000
sdca,dirichlet_0.1,1576,0,0,1.3529456225352914,0.49283333333333335,0.49133333333333334,21173376
sdca,dirichlet_0.1,1576,1,1,0.820956203194322,0.5656666666666667,0.5645,21177408
sdca,dirichlet_0.1,1576,2,2711,0.8689508276778917,0.5393333333333333,0.541,21166656
sdca,dirichlet_0.1,1576,3,3820,0.9092998963242244,0.5432916666666666,0.5445,21169344
sdca,dirichlet_0.1,1576,4,2178,0.9522316448376503,0.5399583333333333,0.5393333333333333,21173376
sdca,dirichlet_0.1,1576,5,9084,0.8220281418763052,0.5656666666666667,0.5645,21165312
sdca,dirichlet_0.1,1576,6,4274,0.8290187800576411,0.56575,0.5645,21169344
sdca,dirichlet_0.1,1576,7,1766,0.8580781801067724,0.5431666666666667,0.545,21170688
sdca,dirichlet_0.1,1576,8,0,4.904525899387213,0.4859583333333333,0.4825,21176064
sdca,dirichlet_0.1,1576,9,166,0.7959020754455502,0.5672916666666666,0.5656666666666667,21168000
sdca,dirichlet_0.1,1601,0,0,0.8120558120047835,0.6198333333333333,0.6153333333333333,21509376
sdca,dirichlet_0.1,1601,1,1,0.8354530239957509,0.5539166666666666,0.5553333333333333,21513408
sdca,dirichlet_0.1,1601,2,2711,0.8422783484622731,0.5478333333333333,0.5491666666666667,21502656
sdca,dirichlet_0.1,1601,3,3820,0.9260319917819017,0.5355833333333333,0.5351666666666667,21505344
sdca,dirichlet_0.1,1601,4,2178,0.9602581297970528,0.5325416666666667,0.533,21509376
sdca,dirichlet_0.1,1601,5,9084,0.8226845865277062,0.56575,0.5645,21501312
sdca,dirichlet_0.1,1601,6,4274,0.8207454345116881,0.56575,0.5645,21505344
sdca,dirichlet_0.1,1601,7,1766,0.8397001167802808,0.5477916666666667,0.5488333333333333,21506688
sdca,dirichlet_0.1,1601,8,0,0.9602581297970546,0.5325416666666667,0.533,21512064
sdca,dirichlet_0.1,1601,9,166,0.8173743638245442,0.7559583333333333,0.7501666666666666,21504000
sdca,dirichlet_0.1,1626,0,0,0.8164339247611656,0.5657083333333334,0.5645,21845376
sdca,dirichlet_0.1,1626,1,1,0.8206366580722297,0.6719583333333333,0.6681666666666667,21849408
sdca,dirichlet_0.1,1626,2,2711,0.8536483789720538,0.54025,0.539,21838656
sdca,dirichlet_0.1,1626,3,3820,0.917288687980062,0.5337083333333333,0.5338333333333334,21841344
sdca,dirichlet_0.1,1626,4,2178,0.9890697848118334,0.5276666666666666,0.5276666666666666,21845376
sdca,dirichlet_0.1,1626,5,9084,0.8182033100199794,0.5657083333333334,0.5645,21837312
sdca,dirichlet_0.1,1626,6,4274,0.813406352369459,0.5657083333333334,0.5645,21841344
sdca,dirichlet_0.1,1626,7,1766,0.8465029781288308,0.5505833333333333,0.5516666666666666,21842688
sdca,dirichlet_0.1,1626,8,0,0.7837430232149603,0.5784166666666667,0.5808333333333333,21848064
sdca,dirichlet_0.1,1626,9,166,0.7842254418750034,0.5773333333333334,0.5785,21840000
sdca,dirichlet_0.1,1651,0,0,1.3320346775049297,0.5243333333333333,0.526,22181376
sdca,dirichlet_0.1,1651,1,1,2.0301861040656624,0.4859583333333333,0.4826666666666667,22185408
sdca,dirichlet_0.1,1651,2,2711,0.8432287232998512,0.543,0.543,22174656
sdca,dirichlet_0.1,1651,3,3820,0.924519755555747,0.5340833333333334,0.5338333333333334,22177344
sdca,dirichlet_0.1,1651,4,2178,0.9709705772398253,0.5270416666666666,0.5283333333333333,22181376
sdca,dirichlet_0.1,1651,5,9084,0.8218925193353346,0.56575,0.5645,22173312
sdca,dirichlet_0.1,1651,6,4274,0.8199056676915761,0.56575,0.5645,22177344
sdca,dirichlet_0.1,1651,7,1766,0.8389589271506465,0.5495,0.5493333333333333,22178688
sdca,dirichlet_0.1,1651,8,0,1.2075603099434347,0.546625,0.5471666666666667,22184064
sdca,dirichlet_0.1,1651,9,166,0.7994535385908591,0.565625,0.5645,22176000
sdca,dirichlet_0.1,1676,0,0,1.0545960845769742,0.5654583333333333,0.5641666666666667,22517376
sdca,dirichlet_0.1,1676,1,1,0.8643035262927304,0.538,0.5375,22521408
sdca,dirichlet_0.1,1676,2,2711,0.8375817625097104,0.5515,0.5553333333333333,22510656
sdca,dirichlet_0.1,1676,3,3820,0.9183117479802138,0.537125,0.536,22513344
sdca,dirichlet_0.1,1676,4,2178,0.958391276945467,0.53425,0.5341666666666667,22517376
sdca,dirichlet_0.1,1676,5,9084,0.8190290739741216,0.5657083333333334,0.5645,22509312
sdca,dirichlet_0.1,1676,6,4274,0.8208266869255215,0.56575,0.5645,22513344
sdca,dirichlet_0.1,1676,7,1766,0.869229166202716,0.5368333333333334,0.5363333333333333,22514688
sdca,dirichlet_0.1,1676,8,0,1.5254527671858156,0.5140416666666666,0.5175,22520064
sdca,dirichlet_0.1,1676,9,166,0.8067287353539642,0.7364583333333333,0.7366666666666667,22512000
sdca,dirichlet_0.1,1701,0,0,0.7795358455033408,0.5859583333333334,0.5846666666666667,22853376
sdca,dirichlet_0.1,1701,1,1,2.0599739726184882,0.4859583333333333,0.4826666666666667,22857408
sdca,dirichlet_0.1,1701,2,2711,0.8243066727201538,0.5550833333333334,0.5556666666666666,22846656
sdca,dirichlet_0.1,1701,3,3820,0.9117814070556933,0.5359583333333333,0.5353333333333333,22849344
sdca,dirichlet_0.1,1701,4,2178,0.9396473538653293,0.531875,0.532,22853376
sdca,dirichlet_0.1,1701,5,9084,0.8139440273027843,0.5657083333333334,0.5645,22845312
sdca,dirichlet_0.1,1701,6,4274,0.8017792009438351,0.5657083333333334,0.5645,22849344
sdca,dirichlet_0.1,1701,7,1766,0.8388587570151098,0.5446666666666666,0.5458333333333333,22850688
sdca,dirichlet_0.1,1701,8,0,0.9117814070557291,0.5359583333333333,0.5353333333333333,22856064
sdca,dirichlet_0.1,1701,9,166,0.808318287647729,0.565875,0.565,22848000
sdca,dirichlet_0.1,1726,0,0,0.836627174628927,0.5554583333333334,0.5596666666666666,23189376
sdca,dirichlet_0.1,1726,1,1,0.8309617201225729,0.5637083333333334,0.5663333333333334,23193408
sdca,dirichlet_0.1,1726,2,2711,0.827860286190873,0.5615,0.564,23182656
sdca,dirichlet_0.1,1726,3,3820,0.916627764595836,0.5430416666666666,0.5443333333333333,23185344
sdca,dirichlet_0.1,1726,4,2178,0.9533436236311825,0.5264166666666666,0.5273333333333333,23189376
sdca,dirichlet_0.1,1726,5,9084,0.8223441706869272,0.56575,0.5645,23181312
sdca,dirichlet_0.1,1726,6,4274,0.817485067453032,0.56575,0.5645,23185344
sdca,dirichlet_0.1,1726,7,1766,0.8374723335343945,0.5547916666666667,0.559,23186688
sdca,dirichlet_0.1,1726,8,0,0.8369176620220693,0.558875,0.5626666666666666,23192064
sdca,dirichlet_0.1,1726,9,166,0.797843958778321,0.7550416666666667,0.7508333333333334,23184000
sdca,dirichlet_0.1,1751,0,0,0.8063057979156287,0.5657083333333334,0.5645,23525376
sdca,dirichlet_0.1,1751,1,1,1.4712216811840477,0.490375,0.48783333333333334,23529408
sdca,dirichlet_0.1,1751,2,2711,0.8196945189282607,0.5635416666666667,0.565,23518656
sdca,dirichlet_0.1,1751,3,3820,0.9324824406305797,0.530125,0.5305,23521344
sdca,dirichlet_0.1,1751,4,2178,0.9670376399736829,0.5256666666666666,0.5265,23525376
sdca,dirichlet_0.1,1751,5,9084,0.814110732837645,0.5657083333333334,0.5645,23517312
sdca,dirichlet_0.1,1751,6,4274,0.805858394676601,0.5657083333333334,0.5645,23521344
sdca,dirichlet_0.1,1751,7,1766,0.837142835924755,0.55175,0.5538333333333333,23522688
sdca,dirichlet_0.1,1751,8,0,0.7823292643050325,0.589875,0.59,23528064
sdca,dirichlet_0.1,1751,9,166,0.835704328181135,0.5592083333333333,0.5636666666666666,23520000
sdca,dirichlet_0.1,1776,0,0,1.1077376424387284,0.516125,0.5171666666666667,23861376
sdca,dirichlet_0.1,1776,1,1,0.8129968507066223,0.5655,0.5666666666666667,23865408
sdca,dirichlet_0.1,1776,2,2711,0.8105512933100528,0.5656666666666667,0.5676666666666667,23854656
sdca,dirichlet_0.1,1776,3,3820,0.9028865434199802,0.552625,0.5558333333333333,23857344
sdca,dirichlet_0.1,1776,4,2178,0.9458698843141177,0.5430416666666666,0.5443333333333333,23861376
sdca,dirichlet_0.1,1776,5,9084,0.8083683284248419,0.5657083333333334,0.5645,23853312
sdca,dirichlet_0.1,1776,6,4274,0.7993628224612302,0.5657083333333334,0.5645,23857344
sdca,dirichlet_0.1,1776,7,1766,0.8146934232541545,0.5641666666666667,0.5656666666666667,23858688
sdca,dirichlet_0.1,1776,8,0,0.9028865434200142,0.552625,0.5558333333333333,23864064
sdca,dirichlet_0.1,1776,9,166,0.7777882642651401,0.6722916666666666,0.6675,23856000
sdca,dirichlet_0.1,1801,0,0,0.8273068264976026,0.5520833333333334,0.553,24197376
sdca,dirichlet_0.1,1801,1,1,0.8219930234948577,0.5601666666666667,0.561,24201408
sdca,dirichlet_0.1,1801,2,2711,0.8273068264976204,0.5520833333333334,0.553,24190656
sdca,dirichlet_0.1,1801,3,3820,0.9129524863879854,0.533875,0.533,24193344
sdca,dirichlet_0.1,1801,4,2178,0.9365726287958259,0.5325416666666667,0.5323333333333333,24197376
sdca,dirichlet_0.1,1801,5,9084,0.8094715721603455,0.5657083333333334,0.5645,24189312
sdca,dirichlet_0.1,1801,6,4274,0.8071572924864807,0.5657083333333334,0.5645,24193344
sdca,dirichlet_0.1,1801,7,1766,0.817870968842346,0.5599166666666666,0.5615,24194688
sdca,dirichlet_0.1,1801,8,0,0.7915357867048252,0.565625,0.5645,24200064
sdca,dirichlet_0.1,1801,9,166,0.783514277217924,0.5683333333333334,0.5675,24192000
sdca,dirichlet_0.1,1826,0,0,2.2451968640466764,0.5140416666666666,0.5175,24533376
sdca,dirichlet_0.1,1826,1,1,0.7892773798300089,0.5656666666666667,0.5646666666666667,24537408
sdca,dirichlet_0.1,1826,2,2711,0.8084031034909461,0.562125,0.5591666666666667,24526656
sdca,dirichlet_0.1,1826,3,3820,0.9181036358891006,0.5345833333333333,0.534,24529344
sdca,dirichlet_0.1,1826,4,2178,0.9448304195931223,0.5321666666666667,0.5316666666666666,24533376
sdca,dirichlet_0.1,1826,5,9084,0.8030844457129094,0.5657083333333334,0.5645,24525312
sdca,dirichlet_0.1,1826,6,4274,0.795068782763612,0.565625,0.5645,24529344
sdca,dirichlet_0.1,1826,7,1766,0.8067100279601604,0.56475,0.5658333333333333,24530688
sdca,dirichlet_0.1,1826,8,0,0.7950687827636087,0.565625,0.5645,24536064
sdca,dirichlet_0.1,1826,9,166,0.7769082867232293,0.571625,0.5713333333333334,24528000
sdca,dirichlet_0.1,1851,0,0,1.0605314590444581,0.5242083333333334,0.525,24869376
sdca,dirichlet_0.1,1851,1,1,1.0605314590443897,0.5242083333333334,0.525,24873408
sdca,dirichlet_0.1,1851,2,2711,0.8065145137013078,0.5652083333333333,0.5671666666666667,24862656
sdca,dirichlet_0.1,1851,3,3820,0.904582645364214,0.5405416666666667,0.5405,24865344
sdca,dirichlet_0.1,1851,4,2178,0.9414037029295658,0.5373333333333333,0.5368333333333334,24869376
sdca,dirichlet_0.1,1851,5,9084,0.8038093616037948,0.5657083333333334,0.5645,24861312
sdca,dirichlet_0.1,1851,6,4274,0.80010336439852,0.5657083333333334,0.5645,24865344
sdca,dirichlet_0.1,1851,7,1766,0.8169221182021558,0.55875,0.561,24866688
sdca,dirichlet_0.1,1851,8,0,0.8430710411988679,0.557,0.5605,24872064
sdca,dirichlet_0.1,1851,9,166,0.8421655201783187,0.557,0.5603333333333333,24864000
sdca,dirichlet_0.1,1876,0,0,0.7942205128688824,0.6635833333333333,0.6588333333333334,25205376
sdca,dirichlet_0.1,1876,1,1,0.7751800444177573,0.6030833333333333,0.6061666666666666,25209408
sdca,dirichlet_0.1,1876,2,2711,0.848241047217766,0.5450833333333334,0.5458333333333333,25198656
sdca,dirichlet_0.1,1876,3,3820,0.9145908530447764,0.53325,0.5328333333333334,25201344
sdca,dirichlet_0.1,1876,4,2178,0.949544556091384,0.5280833333333333,0.5286666666666666,25205376
sdca,dirichlet_0.1,1876,5,9084,0.7992649830010653,0.5657083333333334,0.5646666666666667,25197312
sdca,dirichlet_0.1,1876,6,4274,0.7956440120318019,0.5657083333333334,0.5645,25201344
sdca,dirichlet_0.1,1876,7,1766,0.8165424552827892,0.56625,0.568,25202688
sdca,dirichlet_0.1,1876,8,0,1.5626849150712623,0.4876666666666667,0.484,25208064
sdca,dirichlet_0.1,1876,9,166,0.7741975000926083,0.7097083333333334,0.7096666666666667,25200000
sdca,dirichlet_0.1,1901,0,0,1.149981012895301,0.5522916666666666,0.5531666666666667,25541376
sdca,dirichlet_0.1,1901,1,1,1.1327650934746452,0.556,0.5573333333333333,25545408
sdca,dirichlet_0.1,1901,2,2711,0.8149209397218777,0.5593333333333333,0.5613333333333334,25534656
sdca,dirichlet_0.1,1901,3,3820,0.8913741363707663,0.5424166666666667,0.5443333333333333,25537344
sdca,dirichlet_0.1,1901,4,2178,0.9459495774294259,0.5345,0.534,25541376
sdca,dirichlet_0.1,1901,5,9084,0.8017027480724832,0.5657083333333334,0.5645,25533312
sdca,dirichlet_0.1,1901,6,4274,0.7951280178789357,0.5657083333333334,0.5645,25537344
sdca,dirichlet_0.1,1901,7,1766,0.8123485020228058,0.5615,0.5631666666666667,25538688
sdca,dirichlet_0.1,1901,8,0,0.7717494689798068,0.6158333333333333,0.6196666666666667,25544064
sdca,dirichlet_0.1,1901,9,166,0.7712525294612911,0.58525,0.5858333333333333,25536000
sdca,dirichlet_0.1,1926,0,0,1.687756193436746,0.5140416666666666,0.5175,25877376
sdca,dirichlet_0.1,1926,1,1,0.8535701322327403,0.5549583333333333,0.5593333333333333,25881408
sdca,dirichlet_0.1,1926,2,2711,0.8183335591878226,0.562375,0.565,25870656
sdca,dirichlet_0.1,1926,3,3820,0.8993753098532704,0.5470833333333334,0.5483333333333333,25873344
sdca,dirichlet_0.1,1926,4,2178,0.9433625873463579,0.538875,0.5398333333333334,25877376
sdca,dirichlet_0.1,1926,5,9084,0.8034491484251872,0.5657083333333334,0.5645,25869312
sdca,dirichlet_0.1,1926,6,4274,0.8000915906961354,0.5657083333333334,0.5645,25873344
sdca,dirichlet_0.1,1926,7,1766,0.8221471319159994,0.5607083333333334,0.5631666666666667,25874688
sdca,dirichlet_0.1,1926,8,0,0.8993753098532722,0.5470833333333334,0.5483333333333333,25880064
sdca,dirichlet_0.1,1926,9,166,0.7744699251711206,0.698625,0.6931666666666667,25872000
sdca,dirichlet_0.1,1951,0,0,1.0058785227549072,0.5281666666666667,0.5286666666666666,26213376
sdca,dirichlet_0.1,1951,1,1,1.0058785227549114,0.5281666666666667,0.5286666666666666,26217408
sdca,dirichlet_0.1,1951,2,2711,0.8139679107849889,0.5599583333333333,0.5608333333333333,26206656
sdca,dirichlet_0.1,1951,3,3820,0.8901792990653109,0.5442916666666666,0.546,26209344
sdca,dirichlet_0.1,1951,4,2178,0.9302502029789946,0.53875,0.54,26213376
sdca,dirichlet_0.1,1951,5,9084,0.7996666318648801,0.5657916666666667,0.5648333333333333,26205312
sdca,dirichlet_0.1,1951,6,4274,0.785265966070605,0.5659166666666666,0.5656666666666667,26209344
sdca,dirichlet_0.1,1951,7,1766,0.8124031917054311,0.5614166666666667,0.5631666666666667,26210688
sdca,dirichlet_0.1,1951,8,0,1.0354746490676268,0.5255,0.5261666666666667,26216064
sdca,dirichlet_0.1,1951,9,166,0.7715431035664951,0.5862083333333333,0.5881666666666666,26208000
sdca,dirichlet_0.1,1976,0,0,1.9501795690183406,0.5140416666666666,0.5175,26549376
sdca,dirichlet_0.1,1976,1,1,0.7351593461122456,0.7044583333333333,0.6993333333333334,26553408
sdca,dirichlet_0.1,1976,2,2711,0.7657587738277045,0.60775,0.6036666666666667,26542656
sdca,dirichlet_0.1,1976,3,3820,0.8856661626902678,0.5404583333333334,0.5398333333333334,26545344
sdca,dirichlet_0.1,1976,4,2178,0.9252162243251578,0.5464583333333334,0.5485,26549376
sdca,dirichlet_0.1,1976,5,9084,0.7867900793009068,0.5707083333333334,0.571,26541312
sdca,dirichlet_0.1,1976,6,4274,0.767326170164695,0.5781666666666667,0.5776666666666667,26545344
sdca,dirichlet_0.1,1976,7,1766,0.7597849055067503,0.6155,0.6075,26546688
sdca,dirichlet_0.1,1976,8,0,0.7294590857814295,0.7253333333333334,0.7258333333333333,26552064
sdca,dirichlet_0.1,1976,9,166,0.7391192635628313,0.700125,0.7043333333333334,26544000
sdca,dirichlet_0.1,2001,0,0,0.7636610514364043,0.6141666666666666,0.6095,26885376
sdca,dirichlet_0.1,2001,1,1,0.7721312115853365,0.5971666666666666,0.593,26889408
sdca,dirichlet_0.1,2001,2,2711,0.7647699090718774,0.6108333333333333,0.6085,26878656
sdca,dirichlet_0.1,2001,3,3820,0.8942971149914,0.5385,0.5376666666666666,26881344
sdca,dirichlet_0.1,2001,4,2178,0.9184721003023665,0.5465,0.5483333333333333,26885376
sdca,dirichlet_0.1,2001,5,9084,0.7855305833671619,0.5698333333333333,0.5691666666666667,26877312
sdca,dirichlet_0.1,2001,6,4274,0.7726392883545603,0.5714166666666667,0.5726666666666667,26881344
sdca,dirichlet_0.1,2001,7,1766,0.7715309133014828,0.5960833333333333,0.5943333333333334,26882688
sdca,dirichlet_0.1,2001,8,0,0.9184721003023523,0.5465,0.5483333333333333,26888064
sdca,dirichlet_0.1,2001,9,166,0.745803748606669,0.7006666666666667,0.6948333333333333,26880000
sdca,dirichlet_0.1,2026,0,0,0.7968606085931473,0.5719166666666666,0.5718333333333333,27221376
sdca,dirichlet_0.1,2026,1,1,0.7467755290786848,0.7582083333333334,0.7548333333333334,27225408
sdca,dirichlet_0.1,2026,2,2711,0.7399263627401894,0.6574583333333334,0.649,27214656
sdca,dirichlet_0.1,2026,3,3820,0.8601561086016295,0.5627083333333334,0.565,27217344
sdca,dirichlet_0.1,2026,4,2178,0.9209482949058799,0.5485833333333333,0.5481666666666667,27221376
sdca,dirichlet_0.1,2026,5,9084,0.7764018048853145,0.57925,0.5795,27213312
sdca,dirichlet_0.1,2026,6,4274,0.7561753367664754,0.5876666666666667,0.5888333333333333,27217344
sdca,dirichlet_0.1,2026,7,1766,0.7407437325541256,0.655,0.6475,27218688
sdca,dirichlet_0.1,2026,8,0,2.217613023968907,0.4859583333333333,0.48283333333333334,27224064
sdca,dirichlet_0.1,2026,9,166,0.7358061141777148,0.6546666666666666,0.661,27216000
sdca,dirichlet_0.1,2051,0,0,0.749796850456001,0.6974583333333333,0.6948333333333333,27557376
sdca,dirichlet_0.1,2051,1,1,0.7965534775478919,0.5710416666666667,0.572,27561408
sdca,dirichlet_0.1,2051,2,2711,0.7742876674689542,0.6086666666666667,0.6035,27550656
sdca,dirichlet_0.1,2051,3,3820,0.8805352054072955,0.5485833333333333,0.5505,27553344
sdca,dirichlet_0.1,2051,4,2178,0.9229203458621105,0.53975,0.5415,27557376
sdca,dirichlet_0.1,2051,5,9084,0.7758144747219303,0.5768333333333333,0.5761666666666667,27549312
sdca,dirichlet_0.1,2051,6,4274,0.7601391190857777,0.5829583333333334,0.582,27553344
sdca,dirichlet_0.1,2051,7,1766,0.7570257137936303,0.6337916666666666,0.6296666666666667,27554688
sdca,dirichlet_0.1,2051,8,0,0.7314931277959158,0.665875,0.6698333333333333,27560064
sdca,dirichlet_0.1,2051,9,166,0.7410889938016832,0.6020416666666667,0.6048333333333333,27552000
sdca,dirichlet_0.1,2076,0,0,0.7631654995624461,0.6192916666666667,0.6123333333333333,27893376
sdca,dirichlet_0.1,2076,1,1,0.7815861696852392,0.5732083333333333,0.5731666666666667,27897408
sdca,dirichlet_0.1,2076,2,2711,0.7631654995624526,0.6192916666666667,0.6123333333333333,27886656
sdca,dirichlet_0.1,2076,3,3820,0.8759088130751334,0.5505,0.5518333333333333,27889344
sdca,dirichlet_0.1,2076,4,2178,0.9282201520844789,0.5391666666666667,0.5391666666666667,27893376
sdca,dirichlet_0.1,2076,5,9084,0.7786815183499222,0.5751666666666667,0.5751666666666667,27885312
sdca,dirichlet_0.1,2076,6,4274,0.7555311626913055,0.5855833333333333,0.584,27889344
sdca,dirichlet_0.1,2076,7,1766,0.7757729048387761,0.6095833333333334,0.603,27890688
sdca,dirichlet_0.1,2076,8,0,0.7631654995624461,0.6192916666666667,0.6123333333333333,27896064
sdca,dirichlet_0.1,2076,9,166,0.7277001627550647,0.7215416666666666,0.7235,27888000
sdca,dirichlet_0.1,2101,0,0,1.01428691865867,0.5643333333333334,0.5638333333333333,28229376
sdca,dirichlet_0.1,2101,1,1,0.7300206986968217,0.705,0.7135,28233408
sdca,dirichlet_0.1,2101,2,2711,0.7663280647383787,0.6205,0.6163333333333333,28222656
sdca,dirichlet_0.1,2101,3,3820,0.8855793234994371,0.5395833333333333,0.5393333333333333,28225344
sdca,dirichlet_0.1,2101,4,2178,0.9064622399572742,0.5511666666666667,0.5518333333333333,28229376
sdca,dirichlet_0.1,2101,5,9084,0.7730461176107237,0.577875,0.5781666666666667,28221312
sdca,dirichlet_0.1,2101,6,4274,0.7538088232815092,0.5889583333333334,0.5886666666666667,28225344
sdca,dirichlet_0.1,2101,7,1766,0.7511238434906603,0.6363333333333333,0.6291666666666667,28226688
sdca,dirichlet_0.1,2101,8,0,0.7274602016838444,0.716875,0.7088333333333333,28232064
sdca,dirichlet_0.1,2101,9,166,0.7288624841393084,0.6615,0.6675,28224000
sdca,dirichlet_0.1,2126,0,0,0.7501492158302009,0.593125,0.5935,28565376
sdca,dirichlet_0.1,2126,1,1,0.7489796902138457,0.59325,0.594,28569408
sdca,dirichlet_0.1,2126,2,2711,0.735756306646672,0.6610833333333334,0.66,28558656
sdca,dirichlet_0.1,2126,3,3820,0.8857672485589076,0.5434166666666667,0.543,28561344
sdca,dirichlet_0.1,2126,4,2178,0.9091227452843922,0.5463333333333333,0.5471666666666667,28565376
sdca,dirichlet_0.1,2126,5,9084,0.7699196508853292,0.58125,0.5803333333333334,28557312
sdca,dirichlet_0.1,2126,6,4274,0.7533983370560903,0.5893333333333334,0.591,28561344
sdca,dirichlet_0.1,2126,7,1766,0.7404773820245873,0.651,0.643,28562688
sdca,dirichlet_0.1,2126,8,0,0.7608266564715068,0.6225416666666667,0.6171666666666666,28568064
sdca,dirichlet_0.1,2126,9,166,0.7136052508342109,0.6691666666666667,0.6785,28560000
sdca,dirichlet_0.1,2151,0,0,0.7348018485270638,0.7052916666666667,0.704,28901376
sdca,dirichlet_0.1,2151,1,1,0.8923473173955913,0.5429583333333333,0.5425,28905408
sdca,dirichlet_0.1,2151,2,2711,0.7559965365241651,0.6389583333333333,0.6338333333333334,28894656
sdca,dirichlet_0.1,2151,3,3820,0.8777587860333936,0.5447083333333333,0.5446666666666666,28897344
sdca,dirichlet_0.1,2151,4,2178,0.9152176095814507,0.5450416666666666,0.5461666666666667,28901376
sdca,dirichlet_0.1,2151,5,9084,0.7710399554035939,0.5824583333333333,0.581,28893312
sdca,dirichlet_0.1,2151,6,4274,0.7498888379487497,0.5930416666666667,0.5945,28897344
sdca,dirichlet_0.1,2151,7,1766,0.7458707541993956,0.6459166666666667,0.6398333333333334,28898688
sdca,dirichlet_0.1,2151,8,0,0.7559965365241776,0.6389583333333333,0.6338333333333334,28904064
sdca,dirichlet_0.1,2151,9,166,0.7258142969804192,0.628625,0.6365,28896000
sdca,dirichlet_0.1,2176,0,0,0.707994267179266,0.7178333333333333,0.72,29237376
sdca,dirichlet_0.1,2176,1,1,0.7082274563026119,0.7289166666666667,0.7295,29241408
sdca,dirichlet_0.1,2176,2,2711,0.7413251526635709,0.6403333333333333,0.6333333333333333,29230656
sdca,dirichlet_0.1,2176,3,3820,0.8401991518212634,0.5653333333333334,0.5671666666666667,29233344
sdca,dirichlet_0.1,2176,4,2178,0.8945483148657492,0.555,0.5566666666666666,29237376
sdca,dirichlet_0.1,2176,5,9084,0.7697121625479972,0.5848333333333333,0.5826666666666667,29229312
sdca,dirichlet_0.1,2176,6,4274,0.7441174161644439,0.5966666666666667,0.5973333333333334,29233344
sdca,dirichlet_0.1,2176,7,1766,0.7314181374838642,0.6550833333333334,0.6533333333333333,29234688
sdca,dirichlet_0.1,2176,8,0,1.0494765705204265,0.52925,0.5293333333333333,29240064
sdca,dirichlet_0.1,2176,9,166,0.7106207755943584,0.734875,0.7323333333333333,29232000
sdca,dirichlet_0.1,2201,0,0,0.8592179038674017,0.555375,0.5576666666666666,29573376
sdca,dirichlet_0.1,2201,1,1,0.850441912574344,0.5586666666666666,0.5603333333333333,29577408
sdca,dirichlet_0.1,2201,2,2711,0.7488412777599294,0.633375,0.6298333333333334,29566656
sdca,dirichlet_0.1,2201,3,3820,0.8536827403122008,0.5584166666666667,0.5601666666666667,29569344
sdca,dirichlet_0.1,2201,4,2178,0.8948870702181009,0.5519166666666667,0.5541666666666667,29573376
sdca,dirichlet_0.1,2201,5,9084,0.7663433694860787,0.58575,0.5863333333333334,29565312
sdca,dirichlet_0.1,2201,6,4274,0.7471027835270498,0.5939166666666666,0.595,29569344
sdca,dirichlet_0.1,2201,7,1766,0.7428713523177275,0.6371666666666667,0.6345,29570688
sdca,dirichlet_0.1,2201,8,0,1.5516034713874596,0.5140416666666666,0.5175,29576064
sdca,dirichlet_0.1,2201,9,166,0.7156806483973354,0.6889583333333333,0.6958333333333333,29568000
sdca,dirichlet_0.1,2226,0,0,0.7230181335396704,0.683,0.6775,29909376
sdca,dirichlet_0.1,2226,1,1,0.7548135048349085,0.59,0.5908333333333333,29913408
sdca,dirichlet_0.1,2226,2,2711,0.7230181335396579,0.683,0.6775,29902656
sdca,dirichlet_0.1,2226,3,3820,0.8509343888343723,0.562375,0.5625,29905344
sdca,dirichlet_0.1,2226,4,2178,0.8975733189203586,0.5479583333333333,0.5485,29909376
sdca,dirichlet_0.1,2226,5,9084,0.7576753103075052,0.5912083333333333,0.5923333333333334,29901312
sdca,dirichlet_0.1,2226,6,4274,0.7388719331930002,0.6002916666666667,0.6,29905344
sdca,dirichlet_0.1,2226,7,1766,0.7241361516541601,0.67975,0.6755,29906688
sdca,dirichlet_0.1,2226,8,0,0.7388719331930148,0.6002916666666667,0.6,29912064
sdca,dirichlet_0.1,2226,9,166,0.7072264506750959,0.7577916666666666,0.7513333333333333,29904000
sdca,dirichlet_0.1,2251,0,0,0.9948282166188456,0.5299583333333333,0.5296666666666666,30245376
sdca,dirichlet_0.1,2251,1,1,0.7426594626442957,0.6400833333333333,0.6316666666666667,30249408
sdca,dirichlet_0.1,2251,2,2711,0.7226644697066316,0.6816666666666666,0.6788333333333333,30238656
sdca,dirichlet_0.1,2251,3,3820,0.8531100618096319,0.5584583333333333,0.5606666666666666,30241344
sdca,dirichlet_0.1,2251,4,2178,0.9114408395471036,0.5470416666666666,0.5488333333333333,30245376
sdca,dirichlet_0.1,2251,5,9084,0.7548425569532209,0.5945416666666666,0.5975,30237312
sdca,dirichlet_0.1,2251,6,4274,0.7301478000951117,0.61075,0.6135,30241344
sdca,dirichlet_0.1,2251,7,1766,0.7223936715653692,0.6834166666666667,0.6808333333333333,30242688
sdca,dirichlet_0.1,2251,8,0,0.800485831328256,0.583875,0.5828333333333333,30248064
sdca,dirichlet_0.1,2251,9,166,0.700254045031885,0.763,0.7576666666666667,30240000
sdca,dirichlet_0.1,2276,0,0,3.335288164114502,0.4859583333333333,0.4825,30581376
sdca,dirichlet_0.1,2276,1,1,0.7054086932370357,0.69775,0.692,30585408
sdca,dirichlet_0.1,2276,2,2711,0.7112476347239144,0.680625,0.6763333333333333,30574656
sdca,dirichlet_0.1,2276,3,3820,0.8213529204004081,0.5867916666666667,0.5856666666666667,30577344
sdca,dirichlet_0.1,2276,4,2178,0.8758193539121988,0.564625,0.5661666666666667,30581376
sdca,dirichlet_0.1,2276,5,9084,0.7516012147049975,0.599,0.6006666666666667,30573312
sdca,dirichlet_0.1,2276,6,4274,0.7226848013901516,0.6164583333333333,0.6213333333333333,30577344
sdca,dirichlet_0.1,2276,7,1766,0.6907348823566571,0.72525,0.7215,30578688
sdca,dirichlet_0.1,2276,8,0,0.783255945249871,0.6080833333333333,0.6033333333333334,30584064
sdca,dirichlet_0.1,2276,9,166,0.6871992642090439,0.7115833333333333,0.7098333333333333,30576000
sdca,dirichlet_0.1,2301,0,0,2.3925330516940706,0.5140416666666666,0.5175,30917376
sdca,dirichlet_0.1,2301,1,1,0.7553649611887383,0.597625,0.6,30921408
sdca,dirichlet_0.1,2301,2,2711,0.715968006971706,0.7022916666666666,0.6971666666666667,30910656
sdca,dirichlet_0.1,2301,3,3820,0.8576579652392933,0.55675,0.5553333333333333,30913344
sdca,dirichlet_0.1,2301,4,2178,0.8962507523438532,0.5452083333333333,0.5451666666666667,30917376
sdca,dirichlet_0.1,2301,5,9084,0.7460192524759028,0.604,0.6065,30909312
sdca,dirichlet_0.1,2301,6,4274,0.7334177722495943,0.609,0.6105,30913344
sdca,dirichlet_0.1,2301,7,1766,0.7228310462242153,0.6873333333333334,0.6843333333333333,30914688
sdca,dirichlet_0.1,2301,8,0,1.1551327474123294,0.5059166666666667,0.5071666666666667,30920064
sdca,dirichlet_0.1,2301,9,166,0.6902941268265661,0.7038333333333333,0.71,30912000
sdca,dirichlet_0.1,2326,0,0,2.06329358976124,0.5140416666666666,0.5175,31253376
sdca,dirichlet_0.1,2326,1,1,1.346537918052454,0.5177916666666667,0.5203333333333333,31257408
sdca,dirichlet_0.1,2326,2,2711,0.6987640449923274,0.7190833333333333,0.714,31246656
sdca,dirichlet_0.1,2326,3,3820,0.8404444383231844,0.5650833333333334,0.5638333333333333,31249344
sdca,dirichlet_0.1,2326,4,2178,0.9180886839546004,0.54175,0.541,31253376
sdca,dirichlet_0.1,2326,5,9084,0.7471338128034393,0.605,0.606,31245312
sdca,dirichlet_0.1,2326,6,4274,0.7147966942179692,0.6252083333333334,0.6291666666666667,31249344
sdca,dirichlet_0.1,2326,7,1766,0.6859949909929325,0.7300416666666667,0.7265,31250688
sdca,dirichlet_0.1,2326,8,0,1.4810485320816082,0.5160833333333333,0.5188333333333334,31256064
sdca,dirichlet_0.1,2326,9,166,0.6928144820703007,0.7039166666666666,0.7076666666666667,31248000
sdca,dirichlet_0.1,2351,0,0,0.7516150656445778,0.59575,0.599,31589376
sdca,dirichlet_0.1,2351,1,1,0.917964969666856,0.5633333333333334,0.563,31593408
sdca,dirichlet_0.1,2351,2,2711,0.7208119448713117,0.690625,0.6851666666666667,31582656
sdca,dirichlet_0.1,2351,3,3820,0.8667356786870205,0.547375,0.5473333333333333,31585344
sdca,dirichlet_0.1,2351,4,2178,0.8848778238193122,0.5431666666666667,0.543,31589376
sdca,dirichlet_0.1,2351,5,9084,0.751615065644528,0.59575,0.599,31581312
sdca,dirichlet_0.1,2351,6,4274,0.7365021186943421,0.6045416666666666,0.6053333333333333,31585344
sdca,dirichlet_0.1,2351,7,1766,0.7343815297368009,0.6746666666666666,0.6695,31586688
sdca,dirichlet_0.1,2351,8,0,0.7025469384855039,0.6805,0.6875,31592064
sdca,dirichlet_0.1,2351,9,166,0.7257825845482951,0.6224583333333333,0.6265,31584000
sdca,dirichlet_0.1,2376,0,0,0.6964620095811256,0.7391666666666666,0.7378333333333333,31925376
sdca,dirichlet_0.1,2376,1,1,0.7236942500540949,0.683,0.6783333333333333,31929408
sdca,dirichlet_0.1,2376,2,2711,0.7262099178450414,0.67725,0.6746666666666666,31918656
sdca,dirichlet_0.1,2376,3,3820,0.8583524913163145,0.551875,0.5523333333333333,31921344
sdca,dirichlet_0.1,2376,4,2178,0.8713869959188333,0.5516666666666666,0.5531666666666667,31925376
sdca,dirichlet_0.1,2376,5,9084,0.756438412152778,0.5950416666666667,0.5981666666666666,31917312
sdca,dirichlet_0.1,2376,6,4274,0.7345410777509468,0.608125,0.6085,31921344
sdca,dirichlet_0.1,2376,7,1766,0.7274779422815406,0.676125,0.674,31922688
sdca,dirichlet_0.1,2376,8,0,0.7083650327255145,0.6529583333333333,0.6605,31928064
sdca,dirichlet_0.1,2376,9,166,0.7120782747935922,0.6447083333333333,0.6493333333333333,31920000
sdca,dirichlet_0.1,2401,0,0,0.7022912637738342,0.648375,0.6511666666666667,32261376
sdca,dirichlet_0.1,2401,1,1,0.6992671707034996,0.72,0.714,32265408
sdca,dirichlet_0.1,2401,2,2711,0.684091344784559,0.7167083333333333,0.7095,32254656
sdca,dirichlet_0.1,2401,3,3820,0.8184581867129023,0.5874166666666667,0.5878333333333333,32257344
sdca,dirichlet_0.1,2401,4,2178,0.8614259122366721,0.5655416666666667,0.565,32261376
sdca,dirichlet_0.1,2401,5,9084,0.7407065307916649,0.606375,0.6098333333333333,32253312
sdca,dirichlet_0.1,2401,6,4274,0.7134789624196668,0.6279166666666667,0.6323333333333333,32257344
sdca,dirichlet_0.1,2401,7,1766,0.6909159646619146,0.7290416666666667,0.7271666666666666,32258688
sdca,dirichlet_0.1,2401,8,0,0.9428182567123695,0.5452083333333333,0.5475,32264064
sdca,dirichlet_0.1,2401,9,166,0.6816708373247465,0.763875,0.7528333333333334,32256000
sdca,dirichlet_0.1,2426,0,0,0.700325701548137,0.7244583333333333,0.7173333333333334,32597376
sdca,dirichlet_0.1,2426,1,1,0.9303609529393022,0.542125,0.5426666666666666,32601408
sdca,dirichlet_0.1,2426,2,2711,0.7037573630021932,0.7085,0.7016666666666667,32590656
sdca,dirichlet_0.1,2426,3,3820,0.8458218560287579,0.565125,0.563,32593344
sdca,dirichlet_0.1,2426,4,2178,0.8655319132353563,0.5595,0.5601666666666667,32597376
sdca,dirichlet_0.1,2426,5,9084,0.7414458558429221,0.6055833333333334,0.6076666666666667,32589312
sdca,dirichlet_0.1,2426,6,4274,0.7104541973559244,0.636375,0.64,32593344
sdca,dirichlet_0.1,2426,7,1766,0.7005348795147699,0.7164166666666667,0.7106666666666667,32594688
sdca,dirichlet_0.1,2426,8,0,1.852701545174056,0.4895,0.48733333333333334,32600064
sdca,dirichlet_0.1,2426,9,166,0.6989794345951919,0.6674583333333334,0.6711666666666667,32592000
sdca,dirichlet_0.1,2451,0,0,0.6989672275797563,0.6539583333333333,0.661,32933376
sdca,dirichlet_0.1,2451,1,1,0.8912932797274626,0.56925,0.5708333333333333,32937408
sdca,dirichlet_0.1,2451,2,2711,0.6798577159686985,0.7248333333333333,0.7195,32926656
sdca,dirichlet_0.1,2451,3,3820,0.8183137229907022,0.587375,0.5856666666666667,32929344
sdca,dirichlet_0.1,2451,4,2178,0.848458370072899,0.5755,0.5761666666666667,32933376
sdca,dirichlet_0.1,2451,5,9084,0.7375945666763812,0.6116666666666667,0.6135,32925312
sdca,dirichlet_0.1,2451,6,4274,0.7015206120326293,0.6485,0.6538333333333334,32929344
sdca,dirichlet_0.1,2451,7,1766,0.6744582308671282,0.7389583333333334,0.7351666666666666,32930688
sdca,dirichlet_0.1,2451,8,0,2.2063665615440224,0.48725,0.485,32936064
sdca,dirichlet_0.1,2451,9,166,0.6637876082234683,0.7654166666666666,0.7623333333333333,32928000
sdca,dirichlet_0.1,2476,0,0,0.6992367149557789,0.695125,0.6878333333333333,33269376
sdca,dirichlet_0.1,2476,1,1,0.6748478179450561,0.7516666666666667,0.7471666666666666,33273408
sdca,dirichlet_0.1,2476,2,2711,0.6816749972824548,0.7260416666666667,0.7223333333333334,33262656
sdca,dirichlet_0.1,2476,3,3820,0.8238147680316563,0.5843333333333334,0.5818333333333333,33265344
sdca,dirichlet_0.1,2476,4,2178,0.8531449078889121,0.5701666666666667,0.57,33269376
sdca,dirichlet_0.1,2476,5,9084,0.7288604600932158,0.6192916666666667,0.6235,33261312
sdca,dirichlet_0.1,2476,6,4274,0.6985891163385883,0.6535,0.6598333333333334,33265344
sdca,dirichlet_0.1,2476,7,1766,0.6780596492062416,0.7360833333333333,0.7323333333333333,33266688
sdca,dirichlet_0.1,2476,8,0,0.8571493638936524,0.5692083333333333,0.5666666666666667,33272064
sdca,dirichlet_0.1,2476,9,166,0.6630397465283882,0.7684166666666666,0.7621666666666667,33264000
sdca,dirichlet_0.1,2501,0,0,0.8699860227903414,0.576875,0.579,33605376
sdca,dirichlet_0.1,2501,1,1,0.8255051601467618,0.582625,0.582,33609408
sdca,dirichlet_0.1,2501,2,2711,0.6855654658434611,0.7255833333333334,0.7205,33598656
sdca,dirichlet_0.1,2501,3,3820,0.8280981765395048,0.5812083333333333,0.5805,33601344
sdca,dirichlet_0.1,2501,4,2178,0.8566926722616754,0.5694166666666667,0.567,33605376
sdca,dirichlet_0.1,2501,5,9084,0.7317106510251069,0.6169166666666667,0.6211666666666666,33597312
sdca,dirichlet_0.1,2501,6,4274,0.6962697980444985,0.6570833333333334,0.6625,33601344
sdca,dirichlet_0.1,2501,7,1766,0.6761465166834506,0.7485416666666667,0.7448333333333333,33602688
sdca,dirichlet_0.1,2501,8,0,0.6945969677428863,0.6597083333333333,0.667,33608064
sdca,dirichlet_0.1,2501,9,166,0.6778440230106862,0.7382916666666667,0.7335,33600000
sdca,dirichlet_0.1,2526,0,0,0.6941853949994453,0.6585416666666667,0.6633333333333333,33941376
sdca,dirichlet_0.1,2526,1,1,0.6767901400300578,0.7328333333333333,0.7295,33945408
sdca,dirichlet_0.1,2526,2,2711,0.6704275835503448,0.738125,0.7326666666666667,33934656
sdca,dirichlet_0.1,2526,3,3820,0.817982804850074,0.5895833333333333,0.5893333333333334,33937344
sdca,dirichlet_0.1,2526,4,2178,0.8652875706940553,0.5688333333333333,0.5666666666666667,33941376
sdca,dirichlet_0.1,2526,5,9084,0.721784632429426,0.6260833333333333,0.6306666666666667,33933312
sdca,dirichlet_0.1,2526,6,4274,0.6874843418687014,0.666375,0.6758333333333333,33937344
sdca,dirichlet_0.1,2526,7,1766,0.6584967552922926,0.7535,0.7543333333333333,33938688
sdca,dirichlet_0.1,2526,8,0,0.6628847520624642,0.7432083333333334,0.739,33944064
sdca,dirichlet_0.1,2526,9,166,0.6584707976828914,0.76125,0.7613333333333333,33936000
sdca,dirichlet_0.1,2551,0,0,0.6799479210260337,0.6839583333333333,0.6911666666666667,34277376
sdca,dirichlet_0.1,2551,1,1,0.7378767284523599,0.6442083333333334,0.6398333333333334,34281408
sdca,dirichlet_0.1,2551,2,2711,0.672078682872369,0.7311666666666666,0.7275,34270656
sdca,dirichlet_0.1,2551,3,3820,0.8129976180394634,0.5944583333333333,0.593,34273344
sdca,dirichlet_0.1,2551,4,2178,0.8486419753958041,0.57775,0.5771666666666667,34277376
sdca,dirichlet_0.1,2551,5,9084,0.7257397148923995,0.6240833333333333,0.6301666666666667,34269312
sdca,dirichlet_0.1,2551,6,4274,0.6885382564352326,0.6669166666666667,0.6758333333333333,34273344
sdca,dirichlet_0.1,2551,7,1766,0.6635309058978092,0.7462083333333334,0.7435,34274688
sdca,dirichlet_0.1,2551,8,0,0.6644536077575932,0.735875,0.7313333333333333,34280064
sdca,dirichlet_0.1,2551,9,166,0.6629109814779035,0.7447916666666666,0.7453333333333333,34272000
sdca,dirichlet_0.1,2576,0,0,0.7208623619438379,0.6613333333333333,0.6615,34613376
sdca,dirichlet_0.1,2576,1,1,0.6965825329921506,0.692625,0.6873333333333334,34617408
sdca,dirichlet_0.1,2576,2,2711,0.6616617688540903,0.745375,0.7403333333333333,34606656
sdca,dirichlet_0.1,2576,3,3820,0.8089557903499507,0.5953333333333334,0.593,34609344
sdca,dirichlet_0.1,2576,4,2178,0.8363066559615293,0.58775,0.587,34613376
sdca,dirichlet_0.1,2576,5,9084,0.7155228330993747,0.635375,0.639,34605312
sdca,dirichlet_0.1,2576,6,4274,0.6811232293449836,0.6760833333333334,0.6825,34609344
sdca,dirichlet_0.1,2576,7,1766,0.6623853320934048,0.7485833333333334,0.7435,34610688
sdca,dirichlet_0.1,2576,8,0,0.6449703855420114,0.7469583333333333,0.7468333333333333,34616064
sdca,dirichlet_0.1,2576,9,166,0.6707003414966358,0.717875,0.7161666666666666,34608000
sdca,dirichlet_0.1,2601,0,0,2.543745495522597,0.5140416666666666,0.5175,34949376
sdca,dirichlet_0.1,2601,1,1,2.318131205288858,0.487125,0.48433333333333334,34953408
sdca,dirichlet_0.1,2601,2,2711,0.6617168401059508,0.7362916666666667,0.7318333333333333,34942656
sdca,dirichlet_0.1,2601,3,3820,0.7831257507591499,0.6120416666666667,0.6115,34945344
sdca,dirichlet_0.1,2601,4,2178,0.8237697382550954,0.5958333333333333,0.5938333333333333,34949376
sdca,dirichlet_0.1,2601,5,9084,0.7113740501006866,0.638375,0.644,34941312
sdca,dirichlet_0.1,2601,6,4274,0.6780058979943395,0.6787083333333334,0.6885,34945344
sdca,dirichlet_0.1,2601,7,1766,0.6651215522494617,0.7467916666666666,0.7435,34946688
sdca,dirichlet_0.1,2601,8,0,0.8161990460160613,0.590625,0.5915,34952064
sdca,dirichlet_0.1,2601,9,166,0.6732791349006968,0.7082916666666667,0.713,34944000
sdca,dirichlet_0.1,2626,0,0,0.6545630348078519,0.76375,0.7581666666666667,35285376
sdca,dirichlet_0.1,2626,1,1,0.6723950510689458,0.7310416666666667,0.7256666666666667,35289408
sdca,dirichlet_0.1,2626,2,2711,0.6742065602484819,0.7275833333333334,0.7215,35278656
sdca,dirichlet_0.1,2626,3,3820,0.7995778352101509,0.5973333333333334,0.5968333333333333,35281344
sdca,dirichlet_0.1,2626,4,2178,0.830090299833656,0.5827083333333334,0.5835,35285376
sdca,dirichlet_0.1,2626,5,9084,0.7221301646089205,0.627875,0.6326666666666667,35277312
sdca,dirichlet_0.1,2626,6,4274,0.690179230283459,0.669875,0.675,35281344
sdca,dirichlet_0.1,2626,7,1766,0.6642776905915383,0.7492083333333334,0.7435,35282688
sdca,dirichlet_0.1,2626,8,0,0.6562297986405635,0.7642083333333334,0.7585,35288064
sdca,dirichlet_0.1,2626,9,166,0.6567035333713536,0.7622083333333334,0.7625,35280000
sdca,dirichlet_0.1,2651,0,0,0.6696712377784921,0.7442083333333334,0.7385,35621376
sdca,dirichlet_0.1,2651,1,1,0.70604700697454,0.6485833333333333,0.6543333333333333,35625408
sdca,dirichlet_0.1,2651,2,2711,0.6612211720348468,0.7466666666666667,0.7415,35614656
sdca,dirichlet_0.1,2651,3,3820,0.809161460538247,0.594125,0.5918333333333333,35617344
sdca,dirichlet_0.1,2651,4,2178,0.8422167090469984,0.5776666666666667,0.5773333333333334,35621376
sdca,dirichlet_0.1,2651,5,9084,0.7121981385447871,0.638625,0.6431666666666667,35613312
sdca,dirichlet_0.1,2651,6,4274,0.6826281401273047,0.6809583333333333,0.69,35617344
sdca,dirichlet_0.1,2651,7,1766,0.6597092345826332,0.7563333333333333,0.7541666666666667,35618688
sdca,dirichlet_0.1,2651,8,0,0.8234732403737962,0.586375,0.5851666666666666,35624064
sdca,dirichlet_0.1,2651,9,166,0.6549989570713618,0.7640833333333333,0.7593333333333333,35616000
sdca,dirichlet_0.1,2676,0,0,2.147036546787907,0.5140416666666666,0.5175,35957376
sdca,dirichlet_0.1,2676,1,1,0.9592699466526116,0.5420833333333334,0.5415,35961408
sdca,dirichlet_0.1,2676,2,2711,0.6779081362620436,0.7280833333333333,0.7255,35950656
sdca,dirichlet_0.1,2676,3,3820,0.8135763485655222,0.5915416666666666,0.5885,35953344
sdca,dirichlet_0.1,2676,4,2178,0.8204082535736755,0.599,0.5971666666666666,35957376
sdca,dirichlet_0.1,2676,5,9084,0.7090398259006061,0.642,0.6453333333333333,35949312
sdca,dirichlet_0.1,2676,6,4274,0.6702872589480624,0.6949583333333333,0.7051666666666667,35953344
sdca,dirichlet_0.1,2676,7,1766,0.6422527894210097,0.7611666666666667,0.7586666666666667,35954688
sdca,dirichlet_0.1,2676,8,0,0.8023771247854505,0.5960416666666667,0.6003333333333334,35960064
sdca,dirichlet_0.1,2676,9,166,0.6814764890062566,0.69675,0.7063333333333334,35952000
sdca,dirichlet_0.1,2701,0,0,1.5548836027904758,0.496625,0.4985,36293376
sdca,dirichlet_0.1,2701,1,1,0.71126919098556,0.6379583333333333,0.643,36297408
sdca,dirichlet_0.1,2701,2,2711,0.6590642038795432,0.72975,0.7243333333333334,36286656
sdca,dirichlet_0.1,2701,3,3820,0.7985801946724657,0.6072083333333333,0.6036666666666667,36289344
sdca,dirichlet_0.1,2701,4,2178,0.7949622146728373,0.6160416666666667,0.6116666666666667,36293376
sdca,dirichlet_0.1,2701,5,9084,0.713485263480597,0.6360416666666666,0.6415,36285312
sdca,dirichlet_0.1,2701,6,4274,0.6668131526267502,0.6991666666666667,0.7098333333333333,36289344
sdca,dirichlet_0.1,2701,7,1766,0.6418362637467984,0.7608333333333334,0.7606666666666667,36290688
sdca,dirichlet_0.1,2701,8,0,1.567899706559049,0.5141666666666667,0.5175,36296064
sdca,dirichlet_0.1,2701,9,166,0.6626172015553456,0.7234166666666667,0.7178333333333333,36288000
sdca,dirichlet_0.1,2726,0,0,1.0805531569382818,0.5236666666666666,0.5225,36629376
sdca,dirichlet_0.1,2726,1,1,0.7105075175811053,0.640875,0.6468333333333334,36633408
sdca,dirichlet_0.1,2726,2,2711,0.664580934091507,0.7405833333333334,0.7365,36622656
sdca,dirichlet_0.1,2726,3,3820,0.8059445797367383,0.5954583333333333,0.5935,36625344
sdca,dirichlet_0.1,2726,4,2178,0.822110912536994,0.589375,0.5875,36629376
sdca,dirichlet_0.1,2726,5,9084,0.7133774433042842,0.638,0.6423333333333333,36621312
sdca,dirichlet_0.1,2726,6,4274,0.6765890910731996,0.685625,0.694,36625344
sdca,dirichlet_0.1,2726,7,1766,0.6476113199144695,0.7595833333333334,0.758,36626688
sdca,dirichlet_0.1,2726,8,0,0.6708450662835707,0.7343333333333333,0.73,36632064
sdca,dirichlet_0.1,2726,9,166,0.6521214012077889,0.7467083333333333,0.7465,36624000
sdca,dirichlet_0.1,2751,0,0,0.6499645996154718,0.7480416666666667,0.742,36965376
sdca,dirichlet_0.1,2751,1,1,0.6476928625954118,0.732875,0.7346666666666667,36969408
sdca,dirichlet_0.1,2751,2,2711,0.6499645996154609,0.7480416666666667,0.742,36958656
sdca,dirichlet_0.1,2751,3,3820,0.7856328695121628,0.616,0.6105,36961344
sdca,dirichlet_0.1,2751,4,2178,0.8162271831003273,0.598875,0.5983333333333334,36965376
sdca,dirichlet_0.1,2751,5,9084,0.708914718388193,0.643375,0.6486666666666666,36957312
sdca,dirichlet_0.1,2751,6,4274,0.6643660531788612,0.7,0.7086666666666667,36961344
sdca,dirichlet_0.1,2751,7,1766,0.6448525252312515,0.7592916666666667,0.759,36962688
sdca,dirichlet_0.1,2751,8,0,1.1865350980675349,0.5235833333333333,0.5241666666666667,36968064
sdca,dirichlet_0.1,2751,9,166,0.6405906317425751,0.7598333333333334,0.7548333333333334,36960000
sdca,dirichlet_0.1,2776,0,0,0.6717201263119624,0.7137083333333333,0.7056666666666667,37301376
sdca,dirichlet_0.1,2776,1,1,0.6695450146746558,0.7168333333333333,0.7091666666666666,37305408
sdca,dirichlet_0.1,2776,2,2711,0.6535011695302464,0.7467083333333333,0.7398333333333333,37294656
sdca,dirichlet_0.1,2776,3,3820,0.7900784104770937,0.6104166666666667,0.6048333333333333,37297344
sdca,dirichlet_0.1,2776,4,2178,0.8070220505671243,0.601375,0.5995,37301376
sdca,dirichlet_0.1,2776,5,9084,0.7079559909837868,0.6458333333333334,0.6511666666666667,37293312
sdca,dirichlet_0.1,2776,6,4274,0.6670903144537592,0.700375,0.7091666666666666,37297344
sdca,dirichlet_0.1,2776,7,1766,0.6477640365294359,0.758375,0.7563333333333333,37298688
sdca,dirichlet_0.1,2776,8,0,0.7798438133163361,0.6180416666666667,0.6106666666666667,37304064
sdca,dirichlet_0.1,2776,9,166,0.6534071834976066,0.7370833333333333,0.7381666666666666,37296000
sdca,dirichlet_0.1,2801,0,0,0.6567762681727269,0.71225,0.7195,37637376
sdca,dirichlet_0.1,2801,1,1,0.7175496562504727,0.665625,0.6641666666666667,37641408
sdca,dirichlet_0.1,2801,2,2711,0.6490668897649929,0.7514583333333333,0.7498333333333334,37630656
sdca,dirichlet_0.1,2801,3,3820,0.7799635364758041,0.6203333333333333,0.616,37633344
sdca,dirichlet_0.1,2801,4,2178,0.8012263665278079,0.614875,0.6101666666666666,37637376
sdca,dirichlet_0.1,2801,5,9084,0.690074425192903,0.6639166666666667,0.6726666666666666,37629312
sdca,dirichlet_0.1,2801,6,4274,0.6567762681727259,0.71225,0.7195,37633344
sdca,dirichlet_0.1,2801,7,1766,0.6380043099472218,0.7662083333333334,0.7623333333333333,37634688
sdca,dirichlet_0.1,2801,8,0,0.656776268172732,0.71225,0.7195,37640064
sdca,dirichlet_0.1,2801,9,166,0.6372410180395316,0.7575,0.753,37632000
sdca,dirichlet_0.1,2826,0,0,0.8282608811940839,0.599875,0.5986666666666667,37973376
sdca,dirichlet_0.1,2826,1,1,0.6948914295329743,0.6605,0.67,37977408
sdca,dirichlet_0.1,2826,2,2711,0.6429464051299776,0.7472916666666667,0.7436666666666667,37966656
sdca,dirichlet_0.1,2826,3,3820,0.7789995227590171,0.6230416666666667,0.6166666666666667,37969344
sdca,dirichlet_0.1,2826,4,2178,0.8055303634404992,0.60225,0.6001666666666666,37973376
sdca,dirichlet_0.1,2826,5,9084,0.6975930403735682,0.658125,0.6666666666666666,37965312
sdca,dirichlet_0.1,2826,6,4274,0.6514869244596436,0.7209166666666667,0.7233333333333334,37969344
sdca,dirichlet_0.1,2826,7,1766,0.6323826803059872,0.758,0.7558333333333334,37970688
sdca,dirichlet_0.1,2826,8,0,1.0663099764686899,0.5272083333333333,0.5263333333333333,37976064
sdca,dirichlet_0.1,2826,9,166,0.6355516957455256,0.761875,0.7621666666666667,37968000
sdca,dirichlet_0.1,2851,0,0,0.9608364787265835,0.543125,0.541,38309376
sdca,dirichlet_0.1,2851,1,1,0.6652434995242197,0.739125,0.735,38313408
sdca,dirichlet_0.1,2851,2,2711,0.661974593648883,0.7400833333333333,0.7351666666666666,38302656
sdca,dirichlet_0.1,2851,3,3820,0.7760736322696244,0.6223333333333333,0.6173333333333333,38305344
sdca,dirichlet_0.1,2851,4,2178,0.8018013946077942,0.60375,0.6013333333333334,38309376
sdca,dirichlet_0.1,2851,5,9084,0.7059140923033008,0.6476666666666666,0.6538333333333334,38301312
sdca,dirichlet_0.1,2851,6,4274,0.6704107587149374,0.6935416666666666,0.7038333333333333,38305344
sdca,dirichlet_0.1,2851,7,1766,0.6581400709825874,0.7537916666666666,0.7498333333333334,38306688
sdca,dirichlet_0.1,2851,8,0,1.2388912426041185,0.5084166666666666,0.5106666666666667,38312064
sdca,dirichlet_0.1,2851,9,166,0.6502232047825608,0.7403333333333333,0.7393333333333333,38304000
sdca,dirichlet_0.1,2876,0,0,0.7237255198338708,0.6373333333333333,0.6426666666666667,38645376
sdca,dirichlet_0.1,2876,1,1,0.6963567536814613,0.66025,0.6681666666666667,38649408
sdca,dirichlet_0.1,2876,2,2711,0.6400286759509946,0.7516666666666667,0.7495,38638656
sdca,dirichlet_0.1,2876,3,3820,0.7682114596701013,0.62625,0.6208333333333333,38641344
sdca,dirichlet_0.1,2876,4,2178,0.7936840019371706,0.6121666666666666,0.6075,38645376
sdca,dirichlet_0.1,2876,5,9084,0.7031419691905141,0.65175,0.6591666666666667,38637312
sdca,dirichlet_0.1,2876,6,4274,0.6564227021955613,0.71575,0.7206666666666667,38641344
sdca,dirichlet_0.1,2876,7,1766,0.6321553280791553,0.7596666666666667,0.7586666666666667,38642688
sdca,dirichlet_0.1,2876,8,0,0.7936840019372126,0.6121666666666666,0.6075,38648064
sdca,dirichlet_0.1,2876,9,166,0.6438580344743613,0.742625,0.742,38640000
sdca,dirichlet_0.1,2901,0,0,0.9629099799219114,0.5560833333333334,0.5581666666666667,38981376
sdca,dirichlet_0.1,2901,1,1,0.9374018636103315,0.5642916666666666,0.565,38985408
sdca,dirichlet_0.1,2901,2,2711,0.6514436025787422,0.7479166666666667,0.7426666666666667,38974656
sdca,dirichlet_0.1,2901,3,3820,0.7727510949548444,0.621625,0.6163333333333333,38977344
sdca,dirichlet_0.1,2901,4,2178,0.790807944068483,0.612375,0.6071666666666666,38981376
sdca,dirichlet_0.1,2901,5,9084,0.7025649021203937,0.652,0.658,38973312
sdca,dirichlet_0.1,2901,6,4274,0.6670748562087745,0.6983333333333334,0.7081666666666667,38977344
sdca,dirichlet_0.1,2901,7,1766,0.6403245630214464,0.759625,0.7598333333333334,38978688
sdca,dirichlet_0.1,2901,8,0,0.6522267268416292,0.728625,0.732,38984064
sdca,dirichlet_0.1,2901,9,166,0.6473588209508975,0.7418333333333333,0.7411666666666666,38976000
sdca,dirichlet_0.1,2926,0,0,0.8801364227356812,0.5797083333333334,0.5813333333333334,39317376
sdca,dirichlet_0.1,2926,1,1,0.7021826994029552,0.6818333333333333,0.6776666666666666,39321408
sdca,dirichlet_0.1,2926,2,2711,0.646357764627947,0.7517083333333333,0.746,39310656
sdca,dirichlet_0.1,2926,3,3820,0.7675551493221285,0.6278333333333334,0.6233333333333333,39313344
sdca,dirichlet_0.1,2926,4,2178,0.7792263241022551,0.6225833333333334,0.617,39317376
sdca,dirichlet_0.1,2926,5,9084,0.6980492916425813,0.6576666666666666,0.6648333333333334,39309312
sdca,dirichlet_0.1,2926,6,4274,0.6612030113393765,0.7075,0.7156666666666667,39313344
sdca,dirichlet_0.1,2926,7,1766,0.6364865125482717,0.7570833333333333,0.7561666666666667,39314688
sdca,dirichlet_0.1,2926,8,0,0.6371150975981721,0.755,0.7553333333333333,39320064
sdca,dirichlet_0.1,2926,9,166,0.6397394427046555,0.751875,0.7498333333333334,39312000
sdca,dirichlet_0.1,2951,0,0,1.2474101990741353,0.519375,0.5213333333333333,39653376
sdca,dirichlet_0.1,2951,1,1,0.6509144448299768,0.74925,0.7438333333333333,39657408
sdca,dirichlet_0.1,2951,2,2711,0.6522097174368552,0.7459166666666667,0.7418333333333333,39646656
sdca,dirichlet_0.1,2951,3,3820,0.7570427022438108,0.633625,0.6306666666666667,39649344
sdca,dirichlet_0.1,2951,4,2178,0.7711327663198985,0.6313333333333333,0.6261666666666666,39653376
sdca,dirichlet_0.1,2951,5,9084,0.6908328261392592,0.6630416666666666,0.6726666666666666,39645312
sdca,dirichlet_0.1,2951,6,4274,0.6597006672463569,0.70825,0.7153333333333334,39649344
sdca,dirichlet_0.1,2951,7,1766,0.6437246929558164,0.75975,0.7565,39650688
sdca,dirichlet_0.1,2951,8,0,0.7173351611403304,0.641375,0.6483333333333333,39656064
sdca,dirichlet_0.1,2951,9,166,0.6361147938099551,0.764375,0.7591666666666667,39648000
sdca,dirichlet_0.1,2976,0,0,0.6481424912069979,0.7249583333333334,0.7263333333333334,39989376
sdca,dirichlet_0.1,2976,1,1,0.6424868722426501,0.7329583333333334,0.738,39993408
sdca,dirichlet_0.1,2976,2,2711,0.6389349416289438,0.7530416666666667,0.7485,39982656
sdca,dirichlet_0.1,2976,3,3820,0.762078317493866,0.633625,0.6293333333333333,39985344
sdca,dirichlet_0.1,2976,4,2178,0.7748375362296379,0.6270833333333333,0.6231666666666666,39989376
sdca,dirichlet_0.1,2976,5,9084,0.6889204325344296,0.668125,0.6768333333333333,39981312
sdca,dirichlet_0.1,2976,6,4274,0.6481424912069966,0.7249583333333334,0.7263333333333334,39985344
sdca,dirichlet_0.1,2976,7,1766,0.6284838292290683,0.7644583333333334,0.7608333333333334,39986688
sdca,dirichlet_0.1,2976,8,0,0.7620783174938824,0.633625,0.6293333333333333,39992064
sdca,dirichlet_0.1,2976,9,166,0.6361839705106164,0.7545,0.7521666666666667,39984000
sdca,dirichlet_0.1,3001,0,0,0.6373766270874098,0.7554583333333333,0.752,40325376
sdca,dirichlet_0.1,3001,1,1,0.6489391560512487,0.73775,0.7326666666666667,40329408
sdca,dirichlet_0.1,3001,2,2711,0.6366581207831685,0.755,0.7505,40318656
sdca,dirichlet_0.1,3001,3,3820,0.7575381736812481,0.6364583333333333,0.6356666666666667,40321344
sdca,dirichlet_0.1,3001,4,2178,0.7641724333051592,0.6375416666666667,0.634,40325376
sdca,dirichlet_0.1,3001,5,9084,0.6890101219268733,0.6674583333333334,0.6763333333333333,40317312
sdca,dirichlet_0.1,3001,6,4274,0.6457667792817248,0.726125,0.7283333333333334,40321344
sdca,dirichlet_0.1,3001,7,1766,0.6295538152323118,0.7625416666666667,0.7613333333333333,40322688
sdca,dirichlet_0.1,3001,8,0,0.6319144871721757,0.7539166666666667,0.751,40328064
sdca,dirichlet_0.1,3001,9,166,0.6355353272318875,0.7454583333333333,0.746,40320000
sdca,dirichlet_0.1,3026,0,0,0.8134781789726961,0.5979166666666667,0.5998333333333333,40661376
sdca,dirichlet_0.1,3026,1,1,0.6425778954942019,0.7478333333333333,0.7438333333333333,40665408
sdca,dirichlet_0.1,3026,2,2711,0.6386107722389172,0.75525,0.7506666666666667,40654656
sdca,dirichlet_0.1,3026,3,3820,0.7573967062305187,0.639,0.6351666666666667,40657344
sdca,dirichlet_0.1,3026,4,2178,0.7674282524803405,0.6336666666666667,0.6278333333333334,40661376
sdca,dirichlet_0.1,3026,5,9084,0.6908860991483949,0.6661666666666667,0.6741666666666667,40653312
sdca,dirichlet_0.1,3026,6,4274,0.6481562171682775,0.724625,0.7258333333333333,40657344
sdca,dirichlet_0.1,3026,7,1766,0.6239109919155907,0.7626666666666667,0.7608333333333334,40658688
sdca,dirichlet_0.1,3026,8,0,0.6424299445702218,0.7425833333333334,0.738,40664064
sdca,dirichlet_0.1,3026,9,166,0.6311141110467066,0.75825,0.7523333333333333,40656000
sdca,dirichlet_0.1,3051,0,0,0.795915168824302,0.6049583333333334,0.6073333333333333,40997376
sdca,dirichlet_0.1,3051,1,1,0.6245833993390224,0.7635416666666667,0.7551666666666667,41001408
sdca,dirichlet_0.1,3051,2,2711,0.6302665163381342,0.7567083333333333,0.755,40990656
sdca,dirichlet_0.1,3051,3,3820,0.7526222079250264,0.6442083333333334,0.6416666666666667,40993344
sdca,dirichlet_0.1,3051,4,2178,0.7705179746856975,0.6325833333333334,0.6275,40997376
sdca,dirichlet_0.1,3051,5,9084,0.6850267025602511,0.6737083333333334,0.6806666666666666,40989312
sdca,dirichlet_0.1,3051,6,4274,0.6455258904110686,0.72675,0.7283333333333334,40993344
sdca,dirichlet_0.1,3051,7,1766,0.6245483851667576,0.7657916666666666,0.7645,40994688
sdca,dirichlet_0.1,3051,8,0,0.6252764904821926,0.7667916666666666,0.7583333333333333,41000064
sdca,dirichlet_0.1,3051,9,166,0.6340677661670452,0.74975,0.7485,40992000
sdca,dirichlet_0.1,3076,0,0,0.6495171687117041,0.718625,0.7235,41333376
sdca,dirichlet_0.1,3076,1,1,1.75656135878561,0.49241666666666667,0.49166666666666664,41337408
sdca,dirichlet_0.1,3076,2,2711,0.6461118108402732,0.7595416666666667,0.7586666666666667,41326656
sdca,dirichlet_0.1,3076,3,3820,0.782127435611551,0.6160833333333333,0.6121666666666666,41329344
sdca,dirichlet_0.1,3076,4,2178,0.756935466499716,0.6433333333333333,0.6408333333333334,41333376
sdca,dirichlet_0.1,3076,5,9084,0.6839785773120257,0.6720833333333334,0.6793333333333333,41325312
sdca,dirichlet_0.1,3076,6,4274,0.6458154885702503,0.72175,0.7263333333333334,41329344
sdca,dirichlet_0.1,3076,7,1766,0.6617960868377915,0.7565,0.7543333333333333,41330688
sdca,dirichlet_0.1,3076,8,0,0.6461118108402619,0.7595416666666667,0.7586666666666667,41336064
sdca,dirichlet_0.1,3076,9,166,0.6544199804528106,0.7144583333333333,0.7195,41328000
sdca,dirichlet_0.1,3101,0,0,0.6334433826304535,0.75775,0.7561666666666667,41669376
sdca,dirichlet_0.1,3101,1,1,0.659354200212565,0.7247083333333333,0.7195,41673408
sdca,dirichlet_0.1,3101,2,2711,0.6277941854457874,0.7566666666666667,0.7545,41662656
sdca,dirichlet_0.1,3101,3,3820,0.7600611285855787,0.632875,0.6315,41665344
sdca,dirichlet_0.1,3101,4,2178,0.7633405312484156,0.6354166666666666,0.6306666666666667,41669376
sdca,dirichlet_0.1,3101,5,9084,0.6846964313261169,0.67275,0.681,41661312
sdca,dirichlet_0.1,3101,6,4274,0.6412087091251896,0.7319166666666667,0.7343333333333333,41665344
sdca,dirichlet_0.1,3101,7,1766,0.6224731868930563,0.7615833333333333,0.7593333333333333,41666688
sdca,dirichlet_0.1,3101,8,0,0.9485495372439456,0.5575,0.5563333333333333,41672064
sdca,dirichlet_0.1,3101,9,166,0.63088645932029,0.7569583333333333,0.7515,41664000
sdca,dirichlet_0.1,3126,0,0,1.1557894283969292,0.521875,0.5201666666666667,42005376
sdca,dirichlet_0.1,3126,1,1,1.160217953026559,0.520625,0.519,42009408
sdca,dirichlet_0.1,3126,2,2711,0.6218699900535722,0.7569583333333333,0.7566666666666667,41998656
sdca,dirichlet_0.1,3126,3,3820,0.74580363671585,0.6480416666666666,0.6451666666666667,42001344
sdca,dirichlet_0.1,3126,4,2178,0.7507735858987905,0.6484166666666666,0.6468333333333334,42005376
sdca,dirichlet_0.1,3126,5,9084,0.6801410893824424,0.6795416666666667,0.6875,41997312
sdca,dirichlet_0.1,3126,6,4274,0.6324664543126784,0.7385416666666667,0.7378333333333333,42001344
sdca,dirichlet_0.1,3126,7,1766,0.6159062236088017,0.7627083333333333,0.7615,42002688
sdca,dirichlet_0.1,3126,8,0,0.6250427715808472,0.766125,0.7575,42008064
sdca,dirichlet_0.1,3126,9,166,0.6247662132940276,0.7669166666666667,0.7583333333333333,42000000
sdca,dirichlet_0.1,3151,0,0,0.6606324461385845,0.7202083333333333,0.7143333333333334,42341376
sdca,dirichlet_0.1,3151,1,1,0.6290193214987183,0.765125,0.7591666666666667,42345408
sdca,dirichlet_0.1,3151,2,2711,0.6317181032352412,0.7582916666666667,0.7546666666666667,42334656
sdca,dirichlet_0.1,3151,3,3820,0.7151058227358504,0.664875,0.6628333333333334,42337344
sdca,dirichlet_0.1,3151,4,2178,0.7355143495467895,0.6566666666666666,0.6535,42341376
sdca,dirichlet_0.1,3151,5,9084,0.6745994816724886,0.6864166666666667,0.6951666666666667,42333312
sdca,dirichlet_0.1,3151,6,4274,0.6296630620535173,0.7420833333333333,0.742,42337344
sdca,dirichlet_0.1,3151,7,1766,0.6115202886893412,0.7645833333333333,0.7606666666666667,42338688
sdca,dirichlet_0.1,3151,8,0,0.891028907879435,0.582,0.5806666666666667,42344064
sdca,dirichlet_0.1,3151,9,166,0.6188274116896015,0.7478333333333333,0.744,42336000
sdca,dirichlet_0.1,3176,0,0,0.6231183796638854,0.7647916666666666,0.7578333333333334,42677376
sdca,dirichlet_0.1,3176,1,1,0.624078047184899,0.750375,0.7481666666666666,42681408
sdca,dirichlet_0.1,3176,2,2711,0.6250604218797687,0.7591666666666667,0.7583333333333333,42670656
sdca,dirichlet_0.1,3176,3,3820,0.7339971164704239,0.6560416666666666,0.654,42673344
sdca,dirichlet_0.1,3176,4,2178,0.7411949578201587,0.65325,0.6511666666666667,42677376
sdca,dirichlet_0.1,3176,5,9084,0.6778662735988643,0.6849583333333333,0.6911666666666667,42669312
sdca,dirichlet_0.1,3176,6,4274,0.6396855135510433,0.7340416666666667,0.7341666666666666,42673344
sdca,dirichlet_0.1,3176,7,1766,0.6203425299233738,0.7635833333333333,0.764,42674688
sdca,dirichlet_0.1,3176,8,0,0.6174810677434638,0.7663333333333333,0.7645,42680064
sdca,dirichlet_0.1,3176,9,166,0.6238363454186819,0.7665,0.761,42672000
sdca,dirichlet_0.1,3201,0,0,0.6546174222676594,0.71575,0.7205,43013376
sdca,dirichlet_0.1,3201,1,1,0.6549850424079433,0.7129166666666666,0.7191666666666666,43017408
sdca,dirichlet_0.1,3201,2,2711,0.6253825952754181,0.7545833333333334,0.752,43006656
sdca,dirichlet_0.1,3201,3,3820,0.737413589328793,0.6523333333333333,0.6508333333333334,43009344
sdca,dirichlet_0.1,3201,4,2178,0.7522930911016285,0.642375,0.6395,43013376
sdca,dirichlet_0.1,3201,5,9084,0.6768118119211611,0.6827916666666667,0.6898333333333333,43005312
sdca,dirichlet_0.1,3201,6,4274,0.6372007130026697,0.7355833333333334,0.7356666666666667,43009344
sdca,dirichlet_0.1,3201,7,1766,0.6172687257231425,0.76375,0.7625,43010688
sdca,dirichlet_0.1,3201,8,0,0.7522930911015923,0.642375,0.6395,43016064
sdca,dirichlet_0.1,3201,9,166,0.6193702543457106,0.7675833333333333,0.7615,43008000
sdca,dirichlet_0.1,3226,0,0,0.6510333398474398,0.7235,0.7188333333333333,43349376
sdca,dirichlet_0.1,3226,1,1,0.6206417679856358,0.7640416666666666,0.7556666666666667,43353408
sdca,dirichlet_0.1,3226,2,2711,0.6301573971778517,0.7550833333333333,0.7498333333333334,43342656
sdca,dirichlet_0.1,3226,3,3820,0.7298130413016167,0.658625,0.6573333333333333,43345344
sdca,dirichlet_0.1,3226,4,2178,0.7369292228513055,0.6560416666666666,0.654,43349376
sdca,dirichlet_0.1,3226,5,9084,0.6777714348778363,0.6832083333333333,0.6925,43341312
sdca,dirichlet_0.1,3226,6,4274,0.6357365809059106,0.7381666666666666,0.7376666666666667,43345344
sdca,dirichlet_0.1,3226,7,1766,0.6205937514434219,0.7627083333333333,0.7606666666666667,43346688
sdca,dirichlet_0.1,3226,8,0,0.8143170586596397,0.5990416666666667,0.6028333333333333,43352064
sdca,dirichlet_0.1,3226,9,166,0.6235811532581284,0.757375,0.7503333333333333,43344000
sdca,dirichlet_0.1,3251,0,0,0.7046029114216228,0.6587916666666667,0.6643333333333333,43685376
sdca,dirichlet_0.1,3251,1,1,0.6749944945679146,0.686125,0.695,43689408
sdca,dirichlet_0.1,3251,2,2711,0.6242124983008889,0.75875,0.7581666666666667,43678656
sdca,dirichlet_0.1,3251,3,3820,0.7331680332500904,0.6560416666666666,0.6538333333333334,43681344
sdca,dirichlet_0.1,3251,4,2178,0.7506952459039118,0.646875,0.6443333333333333,43685376
sdca,dirichlet_0.1,3251,5,9084,0.6776882147284212,0.683,0.6915,43677312
sdca,dirichlet_0.1,3251,6,4274,0.6347460821405734,0.7374583333333333,0.738,43681344
sdca,dirichlet_0.1,3251,7,1766,0.6170018770273387,0.7644166666666666,0.7631666666666667,43682688
sdca,dirichlet_0.1,3251,8,0,0.6261643398793157,0.757875,0.758,43688064
sdca,dirichlet_0.1,3251,9,166,0.6251578073340346,0.7595833333333334,0.7515,43680000
sdca,dirichlet_0.1,3276,0,0,0.6244119419802492,0.7606666666666667,0.7601666666666667,44021376
sdca,dirichlet_0.1,3276,1,1,0.8249286460512252,0.605875,0.601,44025408
sdca,dirichlet_0.1,3276,2,2711,0.62721573932047,0.7581666666666667,0.755,44014656
sdca,dirichlet_0.1,3276,3,3820,0.7273963706374549,0.6599166666666667,0.6576666666666666,44017344
sdca,dirichlet_0.1,3276,4,2178,0.7338317982367386,0.655875,0.6551666666666667,44021376
sdca,dirichlet_0.1,3276,5,9084,0.6753381276108841,0.6869166666666666,0.697,44013312
sdca,dirichlet_0.1,3276,6,4274,0.6353467933163928,0.7375833333333334,0.738,44017344
sdca,dirichlet_0.1,3276,7,1766,0.6261481266765482,0.7601666666666667,0.7573333333333333,44018688
sdca,dirichlet_0.1,3276,8,0,0.6940497453906336,0.6870833333333334,0.6795,44024064
sdca,dirichlet_0.1,3276,9,166,0.6226684655126633,0.766,0.7631666666666667,44016000
sdca,dirichlet_0.1,3301,0,0,0.6512419423265657,0.726625,0.7218333333333333,44357376
sdca,dirichlet_0.1,3301,1,1,0.6296769425737815,0.7475,0.7461666666666666,44361408
sdca,dirichlet_0.1,3301,2,2711,0.6204738036924722,0.7599166666666667,0.7581666666666667,44350656
sdca,dirichlet_0.1,3301,3,3820,0.7346695326632862,0.6571666666666667,0.6545,44353344
sdca,dirichlet_0.1,3301,4,2178,0.7419967903736561,0.65175,0.6526666666666666,44357376
sdca,dirichlet_0.1,3301,5,9084,0.6739285749423451,0.6869583333333333,0.695,44349312
sdca,dirichlet_0.1,3301,6,4274,0.6345922272885554,0.7381666666666666,0.739,44353344
sdca,dirichlet_0.1,3301,7,1766,0.6183815007260534,0.765,0.7635,44354688
sdca,dirichlet_0.1,3301,8,0,0.6263826573110943,0.7579583333333333,0.7573333333333333,44360064
sdca,dirichlet_0.1,3301,9,166,0.6245416104525452,0.758375,0.752,44352000
sdca,dirichlet_0.1,3326,0,0,0.8831642631312916,0.581625,0.5818333333333333,44693376
sdca,dirichlet_0.1,3326,1,1,0.7398414037313614,0.6544166666666666,0.6513333333333333,44697408
sdca,dirichlet_0.1,3326,2,2711,0.6217722420108984,0.759875,0.7595,44686656
sdca,dirichlet_0.1,3326,3,3820,0.7243391322396595,0.6633333333333333,0.6601666666666667,44689344
sdca,dirichlet_0.1,3326,4,2178,0.731084632953456,0.659375,0.6571666666666667,44693376
sdca,dirichlet_0.1,3326,5,9084,0.6741077862177067,0.6882083333333333,0.6971666666666667,44685312
sdca,dirichlet_0.1,3326,6,4274,0.6330123814296179,0.7402916666666667,0.739,44689344
sdca,dirichlet_0.1,3326,7,1766,0.6144859781053348,0.764,0.7601666666666667,44690688
sdca,dirichlet_0.1,3326,8,0,0.6897057735660352,0.672875,0.6795,44696064
sdca,dirichlet_0.1,3326,9,166,0.6168213895414589,0.7680833333333333,0.7643333333333333,44688000
sdca,dirichlet_0.1,3351,0,0,0.8245727348751895,0.5985416666666666,0.601,45029376
sdca,dirichlet_0.1,3351,1,1,0.8100263463436086,0.603875,0.6063333333333333,45033408
sdca,dirichlet_0.1,3351,2,2711,0.6186601375085856,0.7582083333333334,0.7576666666666667,45022656
sdca,dirichlet_0.1,3351,3,3820,0.7211623561354018,0.6651666666666667,0.6645,45025344
sdca,dirichlet_0.1,3351,4,2178,0.7269219545327497,0.6632916666666666,0.6608333333333334,45029376
sdca,dirichlet_0.1,3351,5,9084,0.6702937993205754,0.691875,0.7001666666666667,45021312
sdca,dirichlet_0.1,3351,6,4274,0.627000780744529,0.745,0.7443333333333333,45025344
sdca,dirichlet_0.1,3351,7,1766,0.6122197824747645,0.767875,0.7636666666666667,45026688
sdca,dirichlet_0.1,3351,8,0,0.7794785309962311,0.63275,0.6281666666666667,45032064
sdca,dirichlet_0.1,3351,9,166,0.6205189591989521,0.7605416666666667,0.7523333333333333,45024000
sdca,dirichlet_0.1,3376,0,0,0.6760947086036572,0.6873333333333334,0.694,45365376
sdca,dirichlet_0.1,3376,1,1,0.6135186706935224,0.7551666666666667,0.7518333333333334,45369408
sdca,dirichlet_0.1,3376,2,2711,0.6126705751602123,0.7592916666666667,0.7566666666666667,45358656
sdca,dirichlet_0.1,3376,3,3820,0.7062770192982274,0.6769583333333333,0.6721666666666667,45361344
sdca,dirichlet_0.1,3376,4,2178,0.7120958606091253,0.673875,0.6698333333333333,45365376
sdca,dirichlet_0.1,3376,5,9084,0.6693642058836834,0.6951666666666667,0.705,45357312
sdca,dirichlet_0.1,3376,6,4274,0.6223431661497616,0.7497916666666666,0.7458333333333333,45361344
sdca,dirichlet_0.1,3376,7,1766,0.6089032269001942,0.7671666666666667,0.7653333333333333,45362688
sdca,dirichlet_0.1,3376,8,0,0.6160717344029579,0.7511666666666666,0.7475,45368064
sdca,dirichlet_0.1,3376,9,166,0.6097344024007589,0.7636666666666667,0.7606666666666667,45360000
sdca,dirichlet_0.1,3401,0,0,0.6114587450864102,0.766,0.7638333333333334,45701376
sdca,dirichlet_0.1,3401,1,1,0.6459898409257994,0.722625,0.7265,45705408
sdca,dirichlet_0.1,3401,2,2711,0.6162631736261783,0.7593333333333333,0.7558333333333334,45694656
sdca,dirichlet_0.1,3401,3,3820,0.7057887945527791,0.6767083333333334,0.6726666666666666,45697344
sdca,dirichlet_0.1,3401,4,2178,0.7152916058941475,0.67025,0.6661666666666667,45701376
sdca,dirichlet_0.1,3401,5,9084,0.6677318504861317,0.6955833333333333,0.705,45693312
sdca,dirichlet_0.1,3401,6,4274,0.6250825175922278,0.745875,0.7451666666666666,45697344
sdca,dirichlet_0.1,3401,7,1766,0.6123148730744802,0.76625,0.7648333333333334,45698688
sdca,dirichlet_0.1,3401,8,0,0.6985603377646871,0.6812916666666666,0.6768333333333333,45704064
sdca,dirichlet_0.1,3401,9,166,0.6107641123384379,0.7607083333333333,0.7583333333333333,45696000
sdca,dirichlet_0.1,3426,0,0,0.7981194075259986,0.608125,0.6116666666666667,46037376
sdca,dirichlet_0.1,3426,1,1,0.6747847080344419,0.685625,0.6945,46041408
sdca,dirichlet_0.1,3426,2,2711,0.6172345080923491,0.7595833333333334,0.76,46030656
sdca,dirichlet_0.1,3426,3,3820,0.7195240940758028,0.666,0.6645,46033344
sdca,dirichlet_0.1,3426,4,2178,0.7186091216326302,0.6672916666666666,0.6656666666666666,46037376
sdca,dirichlet_0.1,3426,5,9084,0.668661551644434,0.6914583333333333,0.7008333333333333,46029312
sdca,dirichlet_0.1,3426,6,4274,0.6290259167486091,0.7420833333333333,0.741,46033344
sdca,dirichlet_0.1,3426,7,1766,0.6130512905450545,0.76675,0.7623333333333333,46034688
sdca,dirichlet_0.1,3426,8,0,0.6278979886562418,0.7444583333333333,0.7425,46040064
sdca,dirichlet_0.1,3426,9,166,0.6154057256405048,0.7677083333333333,0.7628333333333334,46032000
sdca,dirichlet_0.1,3451,0,0,0.7394378161715309,0.635875,0.642,46373376
sdca,dirichlet_0.1,3451,1,1,0.6700484506641828,0.6925833333333333,0.7013333333333334,46377408
sdca,dirichlet_0.1,3451,2,2711,0.617880989370965,0.7591666666666667,0.756,46366656
sdca,dirichlet_0.1,3451,3,3820,0.7262813834277944,0.6620416666666666,0.6598333333333334,46369344
sdca,dirichlet_0.1,3451,4,2178,0.7277413206642729,0.6607083333333333,0.6575,46373376
sdca,dirichlet_0.1,3451,5,9084,0.6726541580684127,0.689875,0.7,46365312
sdca,dirichlet_0.1,3451,6,4274,0.6315767795957931,0.7417083333333333,0.742,46369344
sdca,dirichlet_0.1,3451,7,1766,0.6151847974339061,0.7630833333333333,0.7595,46370688
sdca,dirichlet_0.1,3451,8,0,0.6142869525806834,0.7627083333333333,0.7605,46376064
sdca,dirichlet_0.1,3451,9,166,0.6200323170317565,0.7630416666666666,0.7571666666666667,46368000
sdca,dirichlet_0.1,3476,0,0,0.6287739548914566,0.7421666666666666,0.7358333333333333,46709376
sdca,dirichlet_0.1,3476,1,1,0.612121660318105,0.7635833333333333,0.7606666666666667,46713408
sdca,dirichlet_0.1,3476,2,2711,0.6216086291146812,0.7581666666666667,0.7565,46702656
sdca,dirichlet_0.1,3476,3,3820,0.7121659564448629,0.671625,0.6675,46705344
sdca,dirichlet_0.1,3476,4,2178,0.7180576568661803,0.6684583333333334,0.6643333333333333,46709376
sdca,dirichlet_0.1,3476,5,9084,0.6679260280693714,0.6955,0.7041666666666667,46701312
sdca,dirichlet_0.1,3476,6,4274,0.6287717627907288,0.742375,0.7415,46705344
sdca,dirichlet_0.1,3476,7,1766,0.6157263330192508,0.7625,0.76,46706688
sdca,dirichlet_0.1,3476,8,0,0.7052878215322604,0.67675,0.673,46712064
sdca,dirichlet_0.1,3476,9,166,0.6122815830924904,0.7634166666666666,0.7596666666666667,46704000
sdca,dirichlet_0.1,3501,0,0,0.7426665313358227,0.656125,0.6513333333333333,47045376
sdca,dirichlet_0.1,3501,1,1,0.7426665313358168,0.656125,0.6513333333333333,47049408
sdca,dirichlet_0.1,3501,2,2711,0.6144151885792203,0.760875,0.7578333333333334,47038656
sdca,dirichlet_0.1,3501,3,3820,0.7066930955537031,0.6767916666666667,0.6733333333333333,47041344
sdca,dirichlet_0.1,3501,4,2178,0.703553296679896,0.6792083333333333,0.6761666666666667,47045376
sdca,dirichlet_0.1,3501,5,9084,0.6677131554765079,0.698125,0.7056666666666667,47037312
sdca,dirichlet_0.1,3501,6,4274,0.6256790394899979,0.7466666666666667,0.7423333333333333,47041344
sdca,dirichlet_0.1,3501,7,1766,0.6126300336560415,0.764125,0.7618333333333334,47042688
sdca,dirichlet_0.1,3501,8,0,0.6395229773906018,0.7233333333333334,0.7175,47048064
sdca,dirichlet_0.1,3501,9,166,0.6154559333126961,0.7585833333333334,0.7543333333333333,47040000
sdca,dirichlet_0.1,3526,0,0,0.8119159701005889,0.601875,0.6038333333333333,47381376
sdca,dirichlet_0.1,3526,1,1,0.6171868213731406,0.7607916666666666,0.753,47385408
sdca,dirichlet_0.1,3526,2,2711,0.6157062959230278,0.759,0.7546666666666667,47374656
sdca,dirichlet_0.1,3526,3,3820,0.7163000098170182,0.6717916666666667,0.669,47377344
sdca,dirichlet_0.1,3526,4,2178,0.7183070446603036,0.6705416666666667,0.6668333333333333,47381376
sdca,dirichlet_0.1,3526,5,9084,0.6667365727010947,0.698375,0.7065,47373312
sdca,dirichlet_0.1,3526,6,4274,0.6287351267165529,0.7447916666666666,0.7426666666666667,47377344
sdca,dirichlet_0.1,3526,7,1766,0.6130543650025801,0.7645833333333333,0.763,47378688
sdca,dirichlet_0.1,3526,8,0,0.6157062959230255,0.759,0.7546666666666667,47384064
sdca,dirichlet_0.1,3526,9,166,0.6130483670649455,0.7622083333333334,0.7603333333333333,47376000
sdca,dirichlet_0.1,3551,0,0,0.6500830136750209,0.716,0.721,47717376
sdca,dirichlet_0.1,3551,1,1,0.6607822658893225,0.7030833333333333,0.7111666666666666,47721408
sdca,dirichlet_0.1,3551,2,2711,0.6129056890045548,0.7613333333333333,0.7605,47710656
sdca,dirichlet_0.1,3551,3,3820,0.7056958318336386,0.6802916666666666,0.6751666666666667,47713344
sdca,dirichlet_0.1,3551,4,2178,0.7152187817974236,0.6720833333333334,0.668,47717376
sdca,dirichlet_0.1,3551,5,9084,0.661967126488071,0.7021666666666667,0.7101666666666666,47709312
sdca,dirichlet_0.1,3551,6,4274,0.6211584153868872,0.7510833333333333,0.749,47713344
sdca,dirichlet_0.1,3551,7,1766,0.6065716553371541,0.76475,0.761,47714688
sdca,dirichlet_0.1,3551,8,0,0.8329913411089527,0.59525,0.5973333333333334,47720064
sdca,dirichlet_0.1,3551,9,166,0.6119693548491949,0.7647083333333333,0.7638333333333334,47712000
sdca,dirichlet_0.1,3576,0,0,0.6773649570016393,0.6859166666666666,0.6945,48053376
sdca,dirichlet_0.1,3576,1,1,0.6744993551649208,0.688625,0.698,48057408
sdca,dirichlet_0.1,3576,2,2711,0.6107477158829769,0.7607916666666666,0.7598333333333334,48046656
sdca,dirichlet_0.1,3576,3,3820,0.6963572247079425,0.6853333333333333,0.6788333333333333,48049344
sdca,dirichlet_0.1,3576,4,2178,0.7061537716544869,0.6762916666666666,0.6723333333333333,48053376
sdca,dirichlet_0.1,3576,5,9084,0.6629685767937998,0.701,0.7085,48045312
sdca,dirichlet_0.1,3576,6,4274,0.6178139363803604,0.7542083333333334,0.7493333333333333,48049344
sdca,dirichlet_0.1,3576,7,1766,0.6076295085791001,0.7665,0.7623333333333333,48050688
sdca,dirichlet_0.1,3576,8,0,0.6248529947173026,0.742,0.736,48056064
sdca,dirichlet_0.1,3576,9,166,0.6155244357181818,0.759875,0.7525,48048000
sdca,dirichlet_0.1,3601,0,0,0.611462094647852,0.76575,0.7641666666666667,48389376
sdca,dirichlet_0.1,3601,1,1,0.6089103461682299,0.7661666666666667,0.7645,48393408
sdca,dirichlet_0.1,3601,2,2711,0.6149925050421042,0.7598333333333334,0.7578333333333334,48382656
sdca,dirichlet_0.1,3601,3,3820,0.7056312309098146,0.676375,0.6723333333333333,48385344
sdca,dirichlet_0.1,3601,4,2178,0.7062892251997416,0.6760833333333334,0.6725,48389376
sdca,dirichlet_0.1,3601,5,9084,0.6629091269305296,0.7027083333333334,0.71,48381312
sdca,dirichlet_0.1,3601,6,4274,0.6208941373863568,0.7519583333333333,0.7486666666666667,48385344
sdca,dirichlet_0.1,3601,7,1766,0.6114620946478491,0.76575,0.7641666666666667,48386688
sdca,dirichlet_0.1,3601,8,0,0.677317985733179,0.6981666666666667,0.694,48392064
sdca,dirichlet_0.1,3601,9,166,0.6081773007822034,0.7660416666666666,0.7636666666666667,48384000
sdca,dirichlet_0.1,3626,0,0,0.6197653710056796,0.75275,0.7493333333333333,48725376
sdca,dirichlet_0.1,3626,1,1,0.6112093545187263,0.7657916666666666,0.76,48729408
sdca,dirichlet_0.1,3626,2,2711,0.6145155220048334,0.7601666666666667,0.7585,48718656
sdca,dirichlet_0.1,3626,3,3820,0.7039259613767129,0.6788333333333333,0.675,48721344
sdca,dirichlet_0.1,3626,4,2178,0.7083888786976958,0.675125,0.672,48725376
sdca,dirichlet_0.1,3626,5,9084,0.6648260736731665,0.6997083333333334,0.7086666666666667,48717312
sdca,dirichlet_0.1,3626,6,4274,0.6197653710056805,0.75275,0.7493333333333333,48721344
sdca,dirichlet_0.1,3626,7,1766,0.608439108497393,0.7657083333333333,0.7645,48722688
sdca,dirichlet_0.1,3626,8,0,0.61976537100568,0.75275,0.7493333333333333,48728064
sdca,dirichlet_0.1,3626,9,166,0.6096430806173208,0.7640833333333333,0.7625,48720000
sdca,dirichlet_0.1,3651,0,0,0.6196285348737077,0.7494583333333333,0.7463333333333333,49061376
sdca,dirichlet_0.1,3651,1,1,0.6961450372660638,0.6851666666666667,0.6816666666666666,49065408
sdca,dirichlet_0.1,3651,2,2711,0.6143796233127858,0.7605416666666667,0.7585,49054656
sdca,dirichlet_0.1,3651,3,3820,0.7014886813434034,0.6812916666666666,0.677,49057344
sdca,dirichlet_0.1,3651,4,2178,0.7099054124250808,0.67525,0.6723333333333333,49061376
sdca,dirichlet_0.1,3651,5,9084,0.6654563696945334,0.6985833333333333,0.7078333333333333,49053312
sdca,dirichlet_0.1,3651,6,4274,0.6229186644288293,0.7501666666666666,0.7468333333333333,49057344
sdca,dirichlet_0.1,3651,7,1766,0.608514669270277,0.764,0.7626666666666667,49058688
sdca,dirichlet_0.1,3651,8,0,0.7099054124251325,0.67525,0.6723333333333333,49064064
sdca,dirichlet_0.1,3651,9,166,0.6084088338044589,0.7660416666666666,0.7636666666666667,49056000
sdca,dirichlet_0.1,3676,0,0,0.7150031130920306,0.6595833333333333,0.6648333333333334,49397376
sdca,dirichlet_0.1,3676,1,1,0.6082434256288622,0.7650833333333333,0.763,49401408
sdca,dirichlet_0.1,3676,2,2711,0.6117197393297924,0.7607916666666666,0.7583333333333333,49390656
sdca,dirichlet_0.1,3676,3,3820,0.6945050936581352,0.6863333333333334,0.68,49393344
sdca,dirichlet_0.1,3676,4,2178,0.7084012486677888,0.6762916666666666,0.6716666666666666,49397376
sdca,dirichlet_0.1,3676,5,9084,0.6634224158083534,0.7015,0.7101666666666666,49389312
sdca,dirichlet_0.1,3676,6,4274,0.6164095717554254,0.7552083333333334,0.7478333333333333,49393344
sdca,dirichlet_0.1,3676,7,1766,0.6098494219597597,0.7629166666666667,0.7608333333333334,49394688
sdca,dirichlet_0.1,3676,8,0,0.6117197393298053,0.7607916666666666,0.7583333333333333,49400064
sdca,dirichlet_0.1,3676,9,166,0.6099706793715717,0.764625,0.7606666666666667,49392000
sdca,dirichlet_0.1,3701,0,0,0.6109267191391466,0.759375,0.758,49733376
sdca,dirichlet_0.1,3701,1,1,0.6117329021068522,0.759125,0.7553333333333333,49737408
sdca,dirichlet_0.1,3701,2,2711,0.6109267191391428,0.759375,0.758,49726656
sdca,dirichlet_0.1,3701,3,3820,0.6952072623536393,0.68625,0.6821666666666667,49729344
sdca,dirichlet_0.1,3701,4,2178,0.6941553348846751,0.6871666666666667,0.6833333333333333,49733376
sdca,dirichlet_0.1,3701,5,9084,0.6598269450412275,0.7052916666666667,0.7135,49725312
sdca,dirichlet_0.1,3701,6,4274,0.6188494886301775,0.753375,0.7486666666666667,49729344
sdca,dirichlet_0.1,3701,7,1766,0.6075368888736125,0.76475,0.7638333333333334,49730688
sdca,dirichlet_0.1,3701,8,0,0.6952072623536785,0.68625,0.6821666666666667,49736064
sdca,dirichlet_0.1,3701,9,166,0.612392344791484,0.757875,0.754,49728000
sdca,dirichlet_0.1,3726,0,0,1.7210614550174947,0.5140416666666666,0.5175,50069376
sdca,dirichlet_0.1,3726,1,1,0.6553884867162343,0.7110833333333333,0.717,50073408
sdca,dirichlet_0.1,3726,2,2711,0.6102099443644445,0.7623333333333333,0.7628333333333334,50062656
sdca,dirichlet_0.1,3726,3,3820,0.6758785512590757,0.6990416666666667,0.6916666666666667,50065344
sdca,dirichlet_0.1,3726,4,2178,0.6908946185947045,0.69025,0.6851666666666667,50069376
sdca,dirichlet_0.1,3726,5,9084,0.6542089832152017,0.7119166666666666,0.7171666666666666,50061312
sdca,dirichlet_0.1,3726,6,4274,0.6106168582132544,0.7583333333333333,0.7526666666666667,50065344
sdca,dirichlet_0.1,3726,7,1766,0.6022621425577194,0.762375,0.7581666666666667,50066688
sdca,dirichlet_0.1,3726,8,0,0.6908946185946893,0.69025,0.6851666666666667,50072064
sdca,dirichlet_0.1,3726,9,166,0.6118185340158813,0.761125,0.7536666666666667,50064000
sdca,dirichlet_0.1,3751,0,0,0.617683377541044,0.7454583333333333,0.7403333333333333,50405376
sdca,dirichlet_0.1,3751,1,1,0.6566382598868747,0.7088333333333333,0.7165,50409408
sdca,dirichlet_0.1,3751,2,2711,0.6113152586793921,0.76025,0.7586666666666667,50398656
sdca,dirichlet_0.1,3751,3,3820,0.6859862005441882,0.6907916666666667,0.6855,50401344
sdca,dirichlet_0.1,3751,4,2178,0.6970507744092365,0.684625,0.6793333333333333,50405376
sdca,dirichlet_0.1,3751,5,9084,0.6583412751940646,0.7073333333333334,0.7156666666666667,50397312
sdca,dirichlet_0.1,3751,6,4274,0.6160003268298191,0.7565,0.7518333333333334,50401344
sdca,dirichlet_0.1,3751,7,1766,0.6074270593565334,0.7664166666666666,0.7648333333333334,50402688
sdca,dirichlet_0.1,3751,8,0,0.6970507744092501,0.684625,0.6793333333333333,50408064
sdca,dirichlet_0.1,3751,9,166,0.6115606304654513,0.753125,0.7503333333333333,50400000
sdca,dirichlet_0.1,3776,0,0,0.6064690181870989,0.766,0.7621666666666667,50741376
sdca,dirichlet_0.1,3776,1,1,0.6773285388526649,0.6901666666666667,0.697,50745408
sdca,dirichlet_0.1,3776,2,2711,0.6115454826190931,0.760375,0.7565,50734656
sdca,dirichlet_0.1,3776,3,3820,0.6911180429089454,0.6879166666666666,0.683,50737344
sdca,dirichlet_0.1,3776,4,2178,0.6998449556204356,0.6821666666666667,0.6778333333333333,50741376
sdca,dirichlet_0.1,3776,5,9084,0.6572227742905721,0.7084166666666667,0.7153333333333334,50733312
sdca,dirichlet_0.1,3776,6,4274,0.6210771729637622,0.7512916666666667,0.7485,50737344
sdca,dirichlet_0.1,3776,7,1766,0.6099610247327172,0.7652083333333334,0.7636666666666667,50738688
sdca,dirichlet_0.1,3776,8,0,0.6210771729637748,0.7512916666666667,0.7485,50744064
sdca,dirichlet_0.1,3776,9,166,0.6089540816183594,0.76225,0.7588333333333334,50736000
sdca,dirichlet_0.1,3801,0,0,0.8231613653881943,0.60075,0.6038333333333333,51077376
sdca,dirichlet_0.1,3801,1,1,0.6904067055542855,0.6909583333333333,0.687,51081408
sdca,dirichlet_0.1,3801,2,2711,0.6059569477708582,0.76325,0.7625,51070656
sdca,dirichlet_0.1,3801,3,3820,0.6877689536246171,0.6928333333333333,0.6883333333333334,51073344
sdca,dirichlet_0.1,3801,4,2178,0.6905761714560773,0.690625,0.687,51077376
sdca,dirichlet_0.1,3801,5,9084,0.6535284140657589,0.7135833333333333,0.7191666666666666,51069312
sdca,dirichlet_0.1,3801,6,4274,0.6070344987708465,0.7619583333333333,0.754,51073344
sdca,dirichlet_0.1,3801,7,1766,0.6040047373342398,0.7666666666666667,0.7625,51074688
sdca,dirichlet_0.1,3801,8,0,1.2662542046383736,0.518625,0.5196666666666667,51080064
sdca,dirichlet_0.1,3801,9,166,0.6070444499944527,0.7613333333333333,0.7586666666666667,51072000
sdca,dirichlet_0.1,3826,0,0,0.7434010591805991,0.6362916666666667,0.6428333333333334,51413376
sdca,dirichlet_0.1,3826,1,1,0.9707377003980128,0.5696666666666667,0.568,51417408
sdca,dirichlet_0.1,3826,2,2711,0.6083117897457473,0.7599166666666667,0.7565,51406656
sdca,dirichlet_0.1,3826,3,3820,0.6783362835812903,0.6970833333333334,0.6908333333333333,51409344
sdca,dirichlet_0.1,3826,4,2178,0.6846228288085824,0.69325,0.6878333333333333,51413376
sdca,dirichlet_0.1,3826,5,9084,0.6569641879358239,0.709125,0.7156666666666667,51405312
sdca,dirichlet_0.1,3826,6,4274,0.6122021598117721,0.7585833333333334,0.7526666666666667,51409344
sdca,dirichlet_0.1,3826,7,1766,0.6030731041130496,0.7666666666666667,0.7625,51410688
sdca,dirichlet_0.1,3826,8,0,0.948244195882251,0.5764583333333333,0.5768333333333333,51416064
sdca,dirichlet_0.1,3826,9,166,0.6343670623528173,0.7238333333333333,0.7198333333333333,51408000
sdca,dirichlet_0.1,3851,0,0,0.6831719066080996,0.6854166666666667,0.693,51749376
sdca,dirichlet_0.1,3851,1,1,0.8029924146562483,0.6067083333333333,0.6096666666666667,51753408
sdca,dirichlet_0.1,3851,2,2711,0.6143034869810178,0.7565416666666667,0.7521666666666667,51742656
sdca,dirichlet_0.1,3851,3,3820,0.6804749157428548,0.695375,0.6908333333333333,51745344
sdca,dirichlet_0.1,3851,4,2178,0.6832420416301129,0.6937083333333334,0.6878333333333333,51749376
sdca,dirichlet_0.1,3851,5,9084,0.654517267325364,0.7135,0.7178333333333333,51741312
sdca,dirichlet_0.1,3851,6,4274,0.6135518894767374,0.7580416666666666,0.7511666666666666,51745344
sdca,dirichlet_0.1,3851,7,1766,0.607508647194065,0.76625,0.7658333333333334,51746688
sdca,dirichlet_0.1,3851,8,0,0.6076178905208696,0.7597083333333333,0.756,51752064
sdca,dirichlet_0.1,3851,9,166,0.6113479375064068,0.7651666666666667,0.758,51744000
sdca,dirichlet_0.1,3876,0,0,0.6084277683926013,0.7631666666666667,0.761,52085376
sdca,dirichlet_0.1,3876,1,1,0.7677618205649918,0.6209166666666667,0.627,52089408
sdca,dirichlet_0.1,3876,2,2711,0.6151930941463652,0.7569583333333333,0.7536666666666667,52078656
sdca,dirichlet_0.1,3876,3,3820,0.6790617632014228,0.6967916666666667,0.6893333333333334,52081344
sdca,dirichlet_0.1,3876,4,2178,0.6926361051987044,0.688625,0.6811666666666667,52085376
sdca,dirichlet_0.1,3876,5,9084,0.6583182429075869,0.7083333333333334,0.7155,52077312
sdca,dirichlet_0.1,3876,6,4274,0.6150552850956913,0.7575833333333334,0.7505,52081344
sdca,dirichlet_0.1,3876,7,1766,0.6089396881783286,0.7649583333333333,0.7633333333333333,52082688
sdca,dirichlet_0.1,3876,8,0,0.6252293726741658,0.7452916666666667,0.7385,52088064
sdca,dirichlet_0.1,3876,9,166,0.6125199618382119,0.761,0.7551666666666667,52080000
sdca,dirichlet_0.1,3901,0,0,0.6036702026157761,0.767125,0.7626666666666667,52421376
sdca,dirichlet_0.1,3901,1,1,0.6515608767802689,0.7149583333333334,0.7183333333333334,52425408
sdca,dirichlet_0.1,3901,2,2711,0.6116418056894072,0.7604583333333333,0.7568333333333334,52414656
sdca,dirichlet_0.1,3901,3,3820,0.6823919011719463,0.695375,0.6911666666666667,52417344
sdca,dirichlet_0.1,3901,4,2178,0.6853407534784771,0.6929166666666666,0.687,52421376
sdca,dirichlet_0.1,3901,5,9084,0.6526013426698783,0.7137083333333333,0.7175,52413312
sdca,dirichlet_0.1,3901,6,4274,0.6121194919493176,0.7583333333333333,0.7528333333333334,52417344
sdca,dirichlet_0.1,3901,7,1766,0.6042279822342941,0.7659583333333333,0.7651666666666667,52418688
sdca,dirichlet_0.1,3901,8,0,0.656311276561853,0.7142083333333333,0.7065,52424064
sdca,dirichlet_0.1,3901,9,166,0.6122687724152691,0.7597083333333333,0.7531666666666667,52416000
sdca,dirichlet_0.1,3926,0,0,0.6073515201384179,0.7613333333333333,0.7576666666666667,52757376
sdca,dirichlet_0.1,3926,1,1,0.6255533936178975,0.7395416666666667,0.736,52761408
sdca,dirichlet_0.1,3926,2,2711,0.6073899201333868,0.7614583333333333,0.7583333333333333,52750656
sdca,dirichlet_0.1,3926,3,3820,0.683704814198045,0.6947083333333334,0.6895,52753344
sdca,dirichlet_0.1,3926,4,2178,0.6912856890850777,0.689875,0.6845,52757376
sdca,dirichlet_0.1,3926,5,9084,0.6541464878033507,0.71325,0.717,52749312
sdca,dirichlet_0.1,3926,6,4274,0.611196905311783,0.7590416666666666,0.754,52753344
sdca,dirichlet_0.1,3926,7,1766,0.6048344028533853,0.76525,0.7636666666666667,52754688
sdca,dirichlet_0.1,3926,8,0,0.6073899201333853,0.7614583333333333,0.7583333333333333,52760064
sdca,dirichlet_0.1,3926,9,166,0.6055312856164927,0.765375,0.7638333333333334,52752000
sdca,dirichlet_0.1,3951,0,0,0.6055948319893784,0.7595416666666667,0.7566666666666667,53093376
sdca,dirichlet_0.1,3951,1,1,0.6459579671540303,0.7246666666666667,0.724,53097408
sdca,dirichlet_0.1,3951,2,2711,0.6051032180154058,0.761375,0.7575,53086656
sdca,dirichlet_0.1,3951,3,3820,0.6732388455066217,0.7010833333333333,0.6943333333333334,53089344
sdca,dirichlet_0.1,3951,4,2178,0.6753302222300362,0.6995,0.6925,53093376
sdca,dirichlet_0.1,3951,5,9084,0.6517274761963531,0.7165416666666666,0.7198333333333333,53085312
sdca,dirichlet_0.1,3951,6,4274,0.6077036789327519,0.7617916666666666,0.7555,53089344
sdca,dirichlet_0.1,3951,7,1766,0.6007583203251867,0.7655,0.7635,53090688
sdca,dirichlet_0.1,3951,8,0,0.6767658842185694,0.6990833333333333,0.6916666666666667,53096064
sdca,dirichlet_0.1,3951,9,166,0.6057635808227105,0.7625,0.7556666666666667,53088000
sdca,dirichlet_0.1,3976,0,0,0.6618875955020252,0.71,0.6996666666666667,53429376
sdca,dirichlet_0.1,3976,1,1,0.6659480559054385,0.70675,0.7,53433408
sdca,dirichlet_0.1,3976,2,2711,0.6068897863549606,0.761875,0.7605,53422656
sdca,dirichlet_0.1,3976,3,3820,0.6694555486896023,0.7046666666666667,0.698,53425344
sdca,dirichlet_0.1,3976,4,2178,0.6804352773603634,0.6976666666666667,0.6913333333333334,53429376
sdca,dirichlet_0.1,3976,5,9084,0.6488931462515795,0.71825,0.7201666666666666,53421312
sdca,dirichlet_0.1,3976,6,4274,0.6072540117270954,0.7604583333333333,0.7548333333333334,53425344
sdca,dirichlet_0.1,3976,7,1766,0.6006953697906553,0.7666666666666667,0.7625,53426688
sdca,dirichlet_0.1,3976,8,0,0.6081027811016035,0.7618333333333334,0.754,53432064
sdca,dirichlet_0.1,3976,9,166,0.61229464459315,0.75675,0.7518333333333334,53424000
sdca,dirichlet_0.1,4001,0,0,0.7910262909778712,0.633375,0.6288333333333334,53765376
sdca,dirichlet_0.1,4001,1,1,0.6044699042256598,0.7609166666666667,0.7573333333333333,53769408
sdca,dirichlet_0.1,4001,2,2711,0.6019158440881226,0.762125,0.7588333333333334,53758656
sdca,dirichlet_0.1,4001,3,3820,0.6659275705888964,0.704875,0.6971666666666667,53761344
sdca,dirichlet_0.1,4001,4,2178,0.679864237310184,0.6975833333333333,0.6913333333333334,53765376
sdca,dirichlet_0.1,4001,5,9084,0.6478657057575168,0.720625,0.7235,53757312
sdca,dirichlet_0.1,4001,6,4274,0.6066622271716756,0.761625,0.757,53761344
sdca,dirichlet_0.1,4001,7,1766,0.5987188080258974,0.76775,0.7625,53762688
sdca,dirichlet_0.1,4001,8,0,0.9557286722379487,0.5734583333333333,0.574,53768064
sdca,dirichlet_0.1,4001,9,166,0.6000292282259511,0.7645416666666667,0.7615,53760000
sdca,dirichlet_0.1,4026,0,0,0.7189441599138603,0.6704583333333334,0.6686666666666666,54101376
sdca,dirichlet_0.1,4026,1,1,0.6047922288705516,0.764,0.763,54105408
sdca,dirichlet_0.1,4026,2,2711,0.6055219884459729,0.762375,0.759,54094656
sdca,dirichlet_0.1,4026,3,3820,0.6777252315352074,0.69825,0.6928333333333333,54097344
sdca,dirichlet_0.1,4026,4,2178,0.6788046744622176,0.6979166666666666,0.693,54101376
sdca,dirichlet_0.1,4026,5,9084,0.6470183595915979,0.719375,0.722,54093312
sdca,dirichlet_0.1,4026,6,4274,0.604996450100031,0.7637916666666666,0.7578333333333334,54097344
sdca,dirichlet_0.1,4026,7,1766,0.6007294697719946,0.7655833333333333,0.7626666666666667,54098688
sdca,dirichlet_0.1,4026,8,0,0.6788046744622145,0.6979166666666666,0.693,54104064
sdca,dirichlet_0.1,4026,9,166,0.6147384008747622,0.7552916666666667,0.7505,54096000
sdca,dirichlet_0.1,4051,0,0,0.6271294431523255,0.736875,0.731,54437376
sdca,dirichlet_0.1,4051,1,1,0.6271294431522859,0.736875,0.731,54441408
sdca,dirichlet_0.1,4051,2,2711,0.6063896329272309,0.7614166666666666,0.7586666666666667,54430656
sdca,dirichlet_0.1,4051,3,3820,0.6713092309866577,0.7029583333333334,0.695,54433344
sdca,dirichlet_0.1,4051,4,2178,0.6762191574399711,0.6994583333333333,0.6941666666666667,54437376
sdca,dirichlet_0.1,4051,5,9084,0.6473622910215324,0.7202916666666667,0.7233333333333334,54429312
sdca,dirichlet_0.1,4051,6,4274,0.606410319501822,0.7612083333333334,0.7555,54433344
sdca,dirichlet_0.1,4051,7,1766,0.5998099988543533,0.7660833333333333,0.762,54434688
sdca,dirichlet_0.1,4051,8,0,0.6288866895867677,0.738375,0.7391666666666666,54440064
sdca,dirichlet_0.1,4051,9,166,0.6051148445032093,0.7644166666666666,0.7573333333333333,54432000
sdca,dirichlet_0.1,4076,0,0,0.6478166554444368,0.7205833333333334,0.7231666666666666,54773376
sdca,dirichlet_0.1,4076,1,1,0.6076965160360697,0.7645833333333333,0.7565,54777408
sdca,dirichlet_0.1,4076,2,2711,0.6042797983158227,0.7626666666666667,0.7606666666666667,54766656
sdca,dirichlet_0.1,4076,3,3820,0.6606137792994288,0.7094166666666667,0.7005,54769344
sdca,dirichlet_0.1,4076,4,2178,0.6784820754760036,0.69875,0.693,54773376
sdca,dirichlet_0.1,4076,5,9084,0.6478166554444656,0.7205833333333334,0.7231666666666666,54765312
sdca,dirichlet_0.1,4076,6,4274,0.6064775983892656,0.761375,0.7548333333333334,54769344
sdca,dirichlet_0.1,4076,7,1766,0.6009450182552358,0.7675,0.7645,54770688
sdca,dirichlet_0.1,4076,8,0,0.8190149378785035,0.6195416666666667,0.6158333333333333,54776064
sdca,dirichlet_0.1,4076,9,166,0.6025639186795924,0.7630416666666666,0.7618333333333334,54768000
sdca,dirichlet_0.1,4101,0,0,0.6533707111050829,0.7108333333333333,0.716,55109376
sdca,dirichlet_0.1,4101,1,1,0.6621569775024606,0.709375,0.699,55113408
sdca,dirichlet_0.1,4101,2,2711,0.6030154691882987,0.7622916666666667,0.7603333333333333,55102656
sdca,dirichlet_0.1,4101,3,3820,0.6664877856193069,0.705875,0.6966666666666667,55105344
sdca,dirichlet_0.1,4101,4,2178,0.6699489679781101,0.703625,0.6956666666666667,55109376
sdca,dirichlet_0.1,4101,5,9084,0.6431946885139119,0.7254583333333333,0.7268333333333333,55101312
sdca,dirichlet_0.1,4101,6,4274,0.6076776576816219,0.7603333333333333,0.7543333333333333,55105344
sdca,dirichlet_0.1,4101,7,1766,0.5996604723315657,0.7667083333333333,0.7635,55106688
sdca,dirichlet_0.1,4101,8,0,0.6049223808804034,0.765375,0.757,55112064
sdca,dirichlet_0.1,4101,9,166,0.6032142146990119,0.7659166666666667,0.758,55104000
sdca,dirichlet_0.1,4126,0,0,0.6127444610917077,0.75325,0.7486666666666667,55445376
sdca,dirichlet_0.1,4126,1,1,0.6882109390540248,0.6804583333333334,0.6876666666666666,55449408
sdca,dirichlet_0.1,4126,2,2711,0.6043920295935864,0.761875,0.7603333333333333,55438656
sdca,dirichlet_0.1,4126,3,3820,0.667178416790533,0.7054583333333333,0.697,55441344
sdca,dirichlet_0.1,4126,4,2178,0.6726065557990953,0.7015416666666666,0.6945,55445376
sdca,dirichlet_0.1,4126,5,9084,0.6463964939144508,0.7212916666666667,0.7241666666666666,55437312
sdca,dirichlet_0.1,4126,6,4274,0.6053720827690942,0.7627083333333333,0.7556666666666667,55441344
sdca,dirichlet_0.1,4126,7,1766,0.6020963395509389,0.7662916666666667,0.764,55442688
sdca,dirichlet_0.1,4126,8,0,0.7641295521521524,0.6475416666666667,0.6458333333333334,55448064
sdca,dirichlet_0.1,4126,9,166,0.6028699821610952,0.7630416666666666,0.7605,55440000
sdca,dirichlet_0.1,4151,0,0,0.6033937260589562,0.76475,0.7576666666666667,55781376
sdca,dirichlet_0.1,4151,1,1,0.5986068108350117,0.7652916666666667,0.7646666666666667,55785408
sdca,dirichlet_0.1,4151,2,2711,0.6031916293385053,0.7604583333333333,0.7563333333333333,55774656
sdca,dirichlet_0.1,4151,3,3820,0.6630985675533122,0.7072916666666667,0.6995,55777344
sdca,dirichlet_0.1,4151,4,2178,0.6668435078293181,0.7054583333333333,0.697,55781376
sdca,dirichlet_0.1,4151,5,9084,0.6434857689254003,0.7246666666666667,0.7258333333333333,55773312
sdca,dirichlet_0.1,4151,6,4274,0.6037599256568058,0.763625,0.7575,55777344
sdca,dirichlet_0.1,4151,7,1766,0.5991568152074515,0.7665,0.764,55778688
sdca,dirichlet_0.1,4151,8,0,0.6135207944780422,0.7471666666666666,0.7435,55784064
sdca,dirichlet_0.1,4151,9,166,0.5988472701632865,0.7647083333333333,0.7635,55776000
sdca,dirichlet_0.1,4176,0,0,0.8585624809085269,0.5909583333333334,0.5925,56117376
sdca,dirichlet_0.1,4176,1,1,0.5993795792206814,0.7655,0.7613333333333333,56121408
sdca,dirichlet_0.1,4176,2,2711,0.6007689227085958,0.7622083333333334,0.7608333333333334,56110656
sdca,dirichlet_0.1,4176,3,3820,0.6617586355031482,0.7089583333333334,0.6993333333333334,56113344
sdca,dirichlet_0.1,4176,4,2178,0.6671393595673627,0.7058333333333333,0.6968333333333333,56117376
sdca,dirichlet_0.1,4176,5,9084,0.6419772984559738,0.7259583333333334,0.727,56109312
sdca,dirichlet_0.1,4176,6,4274,0.6002720081462065,0.7654166666666666,0.7576666666666667,56113344
sdca,dirichlet_0.1,4176,7,1766,0.5983713624457315,0.767875,0.762,56114688
sdca,dirichlet_0.1,4176,8,0,0.6158979653940674,0.7452916666666667,0.7421666666666666,56120064
sdca,dirichlet_0.1,4176,9,166,0.5993999809933052,0.76525,0.761,56112000
sdca,dirichlet_0.1,4201,0,0,0.5998194007176104,0.7662083333333334,0.764,56453376
sdca,dirichlet_0.1,4201,1,1,0.6006498485292511,0.7620833333333333,0.7613333333333333,56457408
sdca,dirichlet_0.1,4201,2,2711,0.6026920784030932,0.762,0.7603333333333333,56446656
sdca,dirichlet_0.1,4201,3,3820,0.6681492515250556,0.7052916666666667,0.6966666666666667,56449344
sdca,dirichlet_0.1,4201,4,2178,0.6666306936191544,0.7065833333333333,0.6981666666666667,56453376
sdca,dirichlet_0.1,4201,5,9084,0.6432520761020377,0.7251666666666666,0.7271666666666666,56445312
sdca,dirichlet_0.1,4201,6,4274,0.6025377433522773,0.763875,0.7578333333333334,56449344
sdca,dirichlet_0.1,4201,7,1766,0.5995797378394668,0.7669583333333333,0.7645,56450688
sdca,dirichlet_0.1,4201,8,0,0.6321650008440417,0.7294166666666667,0.7256666666666667,56456064
sdca,dirichlet_0.1,4201,9,166,0.599854434654372,0.7679166666666667,0.7631666666666667,56448000
sdca,dirichlet_0.1,4226,0,0,0.6561810259067579,0.7138333333333333,0.717,56789376
sdca,dirichlet_0.1,4226,1,1,0.6907110707311959,0.68275,0.6896666666666667,56793408
sdca,dirichlet_0.1,4226,2,2711,0.6009041213231938,0.762125,0.7606666666666667,56782656
sdca,dirichlet_0.1,4226,3,3820,0.6571738961423483,0.710375,0.7028333333333333,56785344
sdca,dirichlet_0.1,4226,4,2178,0.6611992660646121,0.7089583333333334,0.6996666666666667,56789376
sdca,dirichlet_0.1,4226,5,9084,0.64094742850425,0.7274583333333333,0.7285,56781312
sdca,dirichlet_0.1,4226,6,4274,0.6045976346046285,0.762375,0.7566666666666667,56785344
sdca,dirichlet_0.1,4226,7,1766,0.5995590708200682,0.7658333333333334,0.7638333333333334,56786688
sdca,dirichlet_0.1,4226,8,0,0.6832072617002571,0.6953333333333334,0.6905,56792064
sdca,dirichlet_0.1,4226,9,166,0.597423516803115,0.7615833333333333,0.7585,56784000
sdca,dirichlet_0.1,4251,0,0,0.6606700033103187,0.7094583333333333,0.7011666666666667,57125376
sdca,dirichlet_0.1,4251,1,1,0.6325614234210233,0.728625,0.7256666666666667,57129408
sdca,dirichlet_0.1,4251,2,2711,0.6008080700109688,0.761625,0.7565,57118656
sdca,dirichlet_0.1,4251,3,3820,0.6606700033103701,0.7094583333333333,0.7011666666666667,57121344
sdca,dirichlet_0.1,4251,4,2178,0.6718991440085623,0.7020833333333333,0.6963333333333334,57125376
sdca,dirichlet_0.1,4251,5,9084,0.6436478942864562,0.725,0.7256666666666667,57117312
sdca,dirichlet_0.1,4251,6,4274,0.6044299767731782,0.762875,0.7575,57121344
sdca,dirichlet_0.1,4251,7,1766,0.6032641191583953,0.7655833333333333,0.7636666666666667,57122688
sdca,dirichlet_0.1,4251,8,0,0.6225749187431622,0.7437916666666666,0.7396666666666667,57128064
sdca,dirichlet_0.1,4251,9,166,0.5988258899336831,0.7657916666666666,0.7616666666666667,57120000
sdca,dirichlet_0.1,4276,0,0,0.6573972170369465,0.7117083333333334,0.7025,57461376
sdca,dirichlet_0.1,4276,1,1,0.6005686876960123,0.7675416666666667,0.762,57465408
sdca,dirichlet_0.1,4276,2,2711,0.6031607578199856,0.7610833333333333,0.7571666666666667,57454656
sdca,dirichlet_0.1,4276,3,3820,0.6579064853787877,0.7105416666666666,0.7011666666666667,57457344
sdca,dirichlet_0.1,4276,4,2178,0.6550395058351308,0.7116666666666667,0.704,57461376
sdca,dirichlet_0.1,4276,5,9084,0.6442995805113494,0.7246666666666667,0.7263333333333334,57453312
sdca,dirichlet_0.1,4276,6,4274,0.6058402547369456,0.7621666666666667,0.7568333333333334,57457344
sdca,dirichlet_0.1,4276,7,1766,0.6012843787755382,0.76575,0.766,57458688
sdca,dirichlet_0.1,4276,8,0,0.6405865805726599,0.7306666666666667,0.7313333333333333,57464064
sdca,dirichlet_0.1,4276,9,166,0.5996715415689758,0.7664583333333334,0.765,57456000
sdca,dirichlet_0.1,4301,0,0,0.5990918055148777,0.7629583333333333,0.761,57797376
sdca,dirichlet_0.1,4301,1,1,0.640262069656421,0.729,0.7306666666666667,57801408
sdca,dirichlet_0.1,4301,2,2711,0.5975821218231788,0.7629583333333333,0.7588333333333334,57790656
sdca,dirichlet_0.1,4301,3,3820,0.6517359330082305,0.7135,0.7036666666666667,57793344
sdca,dirichlet_0.1,4301,4,2178,0.659109146829691,0.709625,0.7003333333333334,57797376
sdca,dirichlet_0.1,4301,5,9084,0.6414290479288292,0.7282916666666667,0.73,57789312
sdca,dirichlet_0.1,4301,6,4274,0.5986513853391296,0.7657916666666666,0.7591666666666667,57793344
sdca,dirichlet_0.1,4301,7,1766,0.5968314211512445,0.7664583333333334,0.7638333333333334,57794688
sdca,dirichlet_0.1,4301,8,0,0.6026746871808709,0.76225,0.7565,57800064
sdca,dirichlet_0.1,4301,9,166,0.5997522740189429,0.7595833333333334,0.7551666666666667,57792000
sdca,dirichlet_0.1,4326,0,0,0.6352840541021811,0.7329166666666667,0.736,58133376
sdca,dirichlet_0.1,4326,1,1,0.6632541439121428,0.7102083333333333,0.6998333333333333,58137408
sdca,dirichlet_0.1,4326,2,2711,0.6024676263121651,0.7622083333333334,0.7588333333333334,58126656
sdca,dirichlet_0.1,4326,3,3820,0.6637887508555731,0.709625,0.6995,58129344
sdca,dirichlet_0.1,4326,4,2178,0.6628907170163549,0.7102083333333333,0.7001666666666667,58133376
sdca,dirichlet_0.1,4326,5,9084,0.6352840541021687,0.7329166666666667,0.736,58125312
sdca,dirichlet_0.1,4326,6,4274,0.6061224963314693,0.7617916666666666,0.7563333333333333,58129344
sdca,dirichlet_0.1,4326,7,1766,0.5970183751027064,0.766875,0.7626666666666667,58130688
sdca,dirichlet_0.1,4326,8,0,0.6147966737457143,0.7520833333333333,0.7491666666666666,58136064
sdca,dirichlet_0.1,4326,9,166,0.614796673745718,0.7520833333333333,0.7491666666666666,58128000
sdca,dirichlet_0.1,4351,0,0,0.6232273501010438,0.73675,0.731,58469376
sdca,dirichlet_0.1,4351,1,1,0.6113731551591999,0.7480833333333333,0.7448333333333333,58473408
sdca,dirichlet_0.1,4351,2,2711,0.5985730150187023,0.762375,0.7596666666666667,58462656
sdca,dirichlet_0.1,4351,3,3820,0.6499759790728893,0.715125,0.7063333333333334,58465344
sdca,dirichlet_0.1,4351,4,2178,0.6549345146928924,0.712625,0.701,58469376
sdca,dirichlet_0.1,4351,5,9084,0.6397158659508063,0.7286666666666667,0.73,58461312
sdca,dirichlet_0.1,4351,6,4274,0.5987241814966562,0.766375,0.7591666666666667,58465344
sdca,dirichlet_0.1,4351,7,1766,0.5962995418761156,0.7662083333333334,0.7651666666666667,58466688
sdca,dirichlet_0.1,4351,8,0,0.6173805784843717,0.7485,0.746,58472064
sdca,dirichlet_0.1,4351,9,166,0.5975186538489393,0.7624166666666666,0.7601666666666667,58464000
sdca,dirichlet_0.1,4376,0,0,0.6464541912974135,0.71675,0.7095,58805376
sdca,dirichlet_0.1,4376,1,1,0.6294279535405187,0.7387916666666666,0.7391666666666666,58809408
sdca,dirichlet_0.1,4376,2,2711,0.5953307096038508,0.7635416666666667,0.7621666666666667,58798656
sdca,dirichlet_0.1,4376,3,3820,0.646454191297396,0.71675,0.7095,58801344
sdca,dirichlet_0.1,4376,4,2178,0.6484753073814422,0.7159166666666666,0.708,58805376
sdca,dirichlet_0.1,4376,5,9084,0.6365038615623009,0.7314583333333333,0.7331666666666666,58797312
sdca,dirichlet_0.1,4376,6,4274,0.5941768802460153,0.76725,0.7623333333333333,58801344
sdca,dirichlet_0.1,4376,7,1766,0.5935338822340946,0.7662083333333334,0.7621666666666667,58802688
sdca,dirichlet_0.1,4376,8,0,0.6502437334546461,0.7200833333333333,0.7218333333333333,58808064
sdca,dirichlet_0.1,4376,9,166,0.5972748648741409,0.763125,0.7603333333333333,58800000
sdca,dirichlet_0.1,4401,0,0,0.622782231014621,0.7327916666666666,0.7288333333333333,59141376
sdca,dirichlet_0.1,4401,1,1,0.7581088111603184,0.6345833333333334,0.6418333333333334,59145408
sdca,dirichlet_0.1,4401,2,2711,0.5967246096783512,0.763125,0.7605,59134656
sdca,dirichlet_0.1,4401,3,3820,0.6500732560245547,0.7148333333333333,0.707,59137344
sdca,dirichlet_0.1,4401,4,2178,0.6476917399142507,0.71675,0.7095,59141376
sdca,dirichlet_0.1,4401,5,9084,0.6335996202995934,0.73425,0.7363333333333333,59133312
sdca,dirichlet_0.1,4401,6,4274,0.5968794903995408,0.7670416666666666,0.7591666666666667,59137344
sdca,dirichlet_0.1,4401,7,1766,0.5948636581116881,0.766875,0.763,59138688
sdca,dirichlet_0.1,4401,8,0,0.5972045266593022,0.7627083333333333,0.7601666666666667,59144064
sdca,dirichlet_0.1,4401,9,166,0.6023656983992244,0.7625833333333333,0.7576666666666667,59136000
sdca,dirichlet_0.1,4426,0,0,0.6029251916954141,0.758,0.7526666666666667,59477376
sdca,dirichlet_0.1,4426,1,1,0.6519492656700255,0.71525,0.708,59481408
sdca,dirichlet_0.1,4426,2,2711,0.5992099001956082,0.7633333333333333,0.7611666666666667,59470656
sdca,dirichlet_0.1,4426,3,3820,0.6526587519587232,0.7143333333333334,0.7066666666666667,59473344
sdca,dirichlet_0.1,4426,4,2178,0.6494586714429474,0.7160833333333333,0.7086666666666667,59477376
sdca,dirichlet_0.1,4426,5,9084,0.6366806364706559,0.7308333333333333,0.7328333333333333,59469312
sdca,dirichlet_0.1,4426,6,4274,0.5984951025132312,0.7665,0.7581666666666667,59473344
sdca,dirichlet_0.1,4426,7,1766,0.5957175028352824,0.7662916666666667,0.7635,59474688
sdca,dirichlet_0.1,4426,8,0,0.5984951025132331,0.7665,0.7581666666666667,59480064
sdca,dirichlet_0.1,4426,9,166,0.5963491465257129,0.7690416666666666,0.763,59472000
sdca,dirichlet_0.1,4451,0,0,0.6403966373115788,0.7225416666666666,0.7163333333333334,59813376
sdca,dirichlet_0.1,4451,1,1,0.5943310295630371,0.7635833333333333,0.7601666666666667,59817408
sdca,dirichlet_0.1,4451,2,2711,0.5954964098903429,0.76375,0.7626666666666667,59806656
sdca,dirichlet_0.1,4451,3,3820,0.6444094942790344,0.718875,0.7121666666666666,59809344
sdca,dirichlet_0.1,4451,4,2178,0.6522805724345878,0.7158333333333333,0.7093333333333334,59813376
sdca,dirichlet_0.1,4451,5,9084,0.6319621850582687,0.7349166666666667,0.736,59805312
sdca,dirichlet_0.1,4451,6,4274,0.595039967509376,0.7662916666666667,0.76,59809344
sdca,dirichlet_0.1,4451,7,1766,0.5939127206576069,0.7653333333333333,0.7631666666666667,59810688
sdca,dirichlet_0.1,4451,8,0,0.6391513609448071,0.7233333333333334,0.717,59816064
sdca,dirichlet_0.1,4451,9,166,0.5940721593664358,0.76425,0.7603333333333333,59808000
sdca,dirichlet_0.1,4476,0,0,0.6153885110008629,0.7439583333333334,0.74,60149376
sdca,dirichlet_0.1,4476,1,1,0.603610300424777,0.760625,0.7553333333333333,60153408
sdca,dirichlet_0.1,4476,2,2711,0.5968452259566602,0.76425,0.7613333333333333,60142656
sdca,dirichlet_0.1,4476,3,3820,0.6464937959143655,0.7185416666666666,0.7123333333333334,60145344
sdca,dirichlet_0.1,4476,4,2178,0.6506624136059022,0.715875,0.7081666666666667,60149376
sdca,dirichlet_0.1,4476,5,9084,0.6344389389649352,0.733125,0.7353333333333333,60141312
sdca,dirichlet_0.1,4476,6,4274,0.597052754644222,0.7669166666666667,0.7588333333333334,60145344
sdca,dirichlet_0.1,4476,7,1766,0.595636497140532,0.7664583333333334,0.7638333333333334,60146688
sdca,dirichlet_0.1,4476,8,0,0.6131357976143073,0.7525,0.7476666666666667,60152064
sdca,dirichlet_0.1,4476,9,166,0.5970940671133212,0.762875,0.7591666666666667,60144000
sdca,dirichlet_0.1,4501,0,0,0.6385771932559574,0.7297083333333333,0.7306666666666667,60485376
sdca,dirichlet_0.1,4501,1,1,0.6356474641983091,0.731625,0.7333333333333333,60489408
sdca,dirichlet_0.1,4501,2,2711,0.5954348060245892,0.763125,0.763,60478656
sdca,dirichlet_0.1,4501,3,3820,0.6471702397607173,0.7185416666666666,0.7128333333333333,60481344
sdca,dirichlet_0.1,4501,4,2178,0.6512664619533739,0.7151666666666666,0.7075,60485376
sdca,dirichlet_0.1,4501,5,9084,0.6323469127571213,0.734875,0.7363333333333333,60477312
sdca,dirichlet_0.1,4501,6,4274,0.5944159115069956,0.7670833333333333,0.7608333333333334,60481344
sdca,dirichlet_0.1,4501,7,1766,0.5940084822050185,0.7663333333333333,0.7621666666666667,60482688
sdca,dirichlet_0.1,4501,8,0,0.6001091560649356,0.76,0.7555,60488064
sdca,dirichlet_0.1,4501,9,166,0.5971295125077446,0.7658333333333334,0.758,60480000
sdca,dirichlet_0.1,4526,0,0,0.5953573332824191,0.7650833333333333,0.7635,60821376
sdca,dirichlet_0.1,4526,1,1,0.600411665453696,0.7637083333333333,0.7581666666666667,60825408
sdca,dirichlet_0.1,4526,2,2711,0.5950798080961106,0.7639166666666667,0.7628333333333334,60814656
sdca,dirichlet_0.1,4526,3,3820,0.6452662892314139,0.7188333333333333,0.7133333333333334,60817344
sdca,dirichlet_0.1,4526,4,2178,0.6518057604460773,0.714625,0.7083333333333334,60821376
sdca,dirichlet_0.1,4526,5,9084,0.6315371393957496,0.7354583333333333,0.737,60813312
sdca,dirichlet_0.1,4526,6,4274,0.5951151961968427,0.7675,0.7605,60817344
sdca,dirichlet_0.1,4526,7,1766,0.5936037191234766,0.7652083333333334,0.7626666666666667,60818688
sdca,dirichlet_0.1,4526,8,0,0.6049841265979863,0.7535833333333334,0.7485,60824064
sdca,dirichlet_0.1,4526,9,166,0.6001654781077146,0.7639583333333333,0.7576666666666667,60816000
sdca,dirichlet_0.1,4551,0,0,0.9885495489434047,0.5590833333333334,0.5598333333333333,61157376
sdca,dirichlet_0.1,4551,1,1,0.5953313094646149,0.7685,0.7606666666666667,61161408
sdca,dirichlet_0.1,4551,2,2711,0.5986351402231094,0.7625,0.7605,61150656
sdca,dirichlet_0.1,4551,3,3820,0.6498710673791027,0.717625,0.7123333333333334,61153344
sdca,dirichlet_0.1,4551,4,2178,0.6495059004965229,0.7176666666666667,0.7111666666666666,61157376
sdca,dirichlet_0.1,4551,5,9084,0.6346262359839645,0.7327916666666666,0.7343333333333333,61149312
sdca,dirichlet_0.1,4551,6,4274,0.5937398023376498,0.7655,0.7608333333333334,61153344
sdca,dirichlet_0.1,4551,7,1766,0.5933518132430643,0.76425,0.7615,61154688
sdca,dirichlet_0.1,4551,8,0,0.8438462473639279,0.596,0.597,61160064
sdca,dirichlet_0.1,4551,9,166,0.6029970656376407,0.7616666666666667,0.7551666666666667,61152000
sdca,dirichlet_0.1,4576,0,0,0.593623838535212,0.766875,0.7598333333333334,61493376
sdca,dirichlet_0.1,4576,1,1,0.7888375155247024,0.652375,0.6493333333333333,61497408
sdca,dirichlet_0.1,4576,2,2711,0.5953810415254751,0.7624166666666666,0.7606666666666667,61486656
sdca,dirichlet_0.1,4576,3,3820,0.6262164141147871,0.727375,0.7208333333333333,61489344
sdca,dirichlet_0.1,4576,4,2178,0.6460449918700762,0.718125,0.7126666666666667,61493376
sdca,dirichlet_0.1,4576,5,9084,0.6231697481039867,0.7417083333333333,0.741,61485312
sdca,dirichlet_0.1,4576,6,4274,0.593608753293297,0.7677083333333333,0.7611666666666667,61489344
sdca,dirichlet_0.1,4576,7,1766,0.5936238385352107,0.766875,0.7598333333333334,61490688
sdca,dirichlet_0.1,4576,8,0,0.6862226183693984,0.6897083333333334,0.6983333333333334,61496064
sdca,dirichlet_0.1,4576,9,166,0.5965229473575001,0.7641666666666667,0.7556666666666667,61488000
sdca,dirichlet_0.1,4601,0,0,0.7265462838961366,0.6706666666666666,0.6668333333333333,61829376
sdca,dirichlet_0.1,4601,1,1,0.7458761202609382,0.64775,0.656,61833408
sdca,dirichlet_0.1,4601,2,2711,0.5991214372736592,0.7622083333333334,0.7623333333333333,61822656
sdca,dirichlet_0.1,4601,3,3820,0.639707761360269,0.722375,0.7156666666666667,61825344
sdca,dirichlet_0.1,4601,4,2178,0.6466618708001309,0.718375,0.7128333333333333,61829376
sdca,dirichlet_0.1,4601,5,9084,0.6291675554013109,0.7365416666666667,0.738,61821312
sdca,dirichlet_0.1,4601,6,4274,0.5935449384984905,0.7680416666666666,0.7616666666666667,61825344
sdca,dirichlet_0.1,4601,7,1766,0.5935072112234724,0.7665833333333333,0.7641666666666667,61826688
sdca,dirichlet_0.1,4601,8,0,0.6763961329764215,0.70075,0.6935,61832064
sdca,dirichlet_0.1,4601,9,166,0.611043873907289,0.753,0.7485,61824000
sdca,dirichlet_0.1,4626,0,0,0.7992928216573828,0.6425,0.6376666666666667,62165376
sdca,dirichlet_0.1,4626,1,1,0.734410125098364,0.6524583333333334,0.6598333333333334,62169408
sdca,dirichlet_0.1,4626,2,2711,0.5955325521817778,0.7640416666666666,0.7623333333333333,62158656
sdca,dirichlet_0.1,4626,3,3820,0.6346172522927924,0.7231666666666666,0.7163333333333334,62161344
sdca,dirichlet_0.1,4626,4,2178,0.6388855329144032,0.7209166666666667,0.7151666666666666,62165376
sdca,dirichlet_0.1,4626,5,9084,0.6268307437891398,0.7384166666666667,0.7396666666666667,62157312
sdca,dirichlet_0.1,4626,6,4274,0.5926422323149336,0.7672916666666667,0.7636666666666667,62161344
sdca,dirichlet_0.1,4626,7,1766,0.5945231902831666,0.767,0.7643333333333333,62162688
sdca,dirichlet_0.1,4626,8,0,0.6827964478715621,0.6989166666666666,0.6926666666666667,62168064
sdca,dirichlet_0.1,4626,9,166,0.6104995081228164,0.754375,0.7528333333333334,62160000
sdca,dirichlet_0.1,4651,0,0,0.5927743478396057,0.7665,0.7625,62501376
sdca,dirichlet_0.1,4651,1,1,0.6292816367297954,0.7370833333333333,0.7381666666666666,62505408
sdca,dirichlet_0.1,4651,2,2711,0.593254077168744,0.762875,0.7608333333333334,62494656
sdca,dirichlet_0.1,4651,3,3820,0.636257330649481,0.7246666666666667,0.7176666666666667,62497344
sdca,dirichlet_0.1,4651,4,2178,0.6437796011518071,0.72075,0.7156666666666667,62501376
sdca,dirichlet_0.1,4651,5,9084,0.6280656410612064,0.73825,0.7391666666666666,62493312
sdca,dirichlet_0.1,4651,6,4274,0.5952803500948542,0.7685416666666667,0.7603333333333333,62497344
sdca,dirichlet_0.1,4651,7,1766,0.5924986927354862,0.7658333333333334,0.7621666666666667,62498688
sdca,dirichlet_0.1,4651,8,0,0.6362573306494659,0.7246666666666667,0.7176666666666667,62504064
sdca,dirichlet_0.1,4651,9,166,0.591873659365269,0.7644583333333334,0.7621666666666667,62496000
sdca,dirichlet_0.1,4676,0,0,0.6290846647172855,0.727875,0.7225,62837376
sdca,dirichlet_0.1,4676,1,1,0.8924478502731871,0.607,0.6033333333333334,62841408
sdca,dirichlet_0.1,4676,2,2711,0.5936541319541769,0.7636666666666667,0.76,62830656
sdca,dirichlet_0.1,4676,3,3820,0.6287505198647867,0.7270416666666667,0.7216666666666667,62833344
sdca,dirichlet_0.1,4676,4,2178,0.6340907712035029,0.725375,0.7198333333333333,62837376
sdca,dirichlet_0.1,4676,5,9084,0.6276052405954712,0.738375,0.7383333333333333,62829312
sdca,dirichlet_0.1,4676,6,4274,0.5912956054743871,0.7672083333333334,0.7623333333333333,62833344
sdca,dirichlet_0.1,4676,7,1766,0.5915706234601812,0.7667916666666666,0.7628333333333334,62834688
sdca,dirichlet_0.1,4676,8,0,0.5923006062805767,0.7628333333333334,0.7608333333333334,62840064
sdca,dirichlet_0.1,4676,9,166,0.592418152422268,0.7623333333333333,0.76,62832000
sdca,dirichlet_0.1,4701,0,0,0.6318377456937412,0.7358333333333333,0.7366666666666667,63173376
sdca,dirichlet_0.1,4701,1,1,0.6219813423221946,0.7342083333333334,0.7293333333333333,63177408
sdca,dirichlet_0.1,4701,2,2711,0.5938163992599901,0.763,0.76,63166656
sdca,dirichlet_0.1,4701,3,3820,0.6359404608444637,0.724,0.7181666666666666,63169344
sdca,dirichlet_0.1,4701,4,2178,0.637745528078705,0.723,0.717,63173376
sdca,dirichlet_0.1,4701,5,9084,0.6264576676745542,0.73975,0.7403333333333333,63165312
sdca,dirichlet_0.1,4701,6,4274,0.5926868468106145,0.767375,0.7625,63169344
sdca,dirichlet_0.1,4701,7,1766,0.5919723214814127,0.765625,0.7625,63170688
sdca,dirichlet_0.1,4701,8,0,0.5985899373509456,0.75825,0.7515,63176064
sdca,dirichlet_0.1,4701,9,166,0.5985899373509495,0.75825,0.7515,63168000
sdca,dirichlet_0.1,4726,0,0,0.5966918999613057,0.7650833333333333,0.7631666666666667,63509376
sdca,dirichlet_0.1,4726,1,1,0.6280174585836307,0.738875,0.7388333333333333,63513408
sdca,dirichlet_0.1,4726,2,2711,0.5969808978833189,0.7632083333333334,0.7623333333333333,63502656
sdca,dirichlet_0.1,4726,3,3820,0.6370686854500203,0.723375,0.7168333333333333,63505344
sdca,dirichlet_0.1,4726,4,2178,0.6442446867746155,0.7203333333333334,0.7136666666666667,63509376
sdca,dirichlet_0.1,4726,5,9084,0.628678986346642,0.7385,0.7385,63501312
sdca,dirichlet_0.1,4726,6,4274,0.5966498682361026,0.7677083333333333,0.7596666666666667,63505344
sdca,dirichlet_0.1,4726,7,1766,0.5966918999613025,0.7650833333333333,0.7631666666666667,63506688
sdca,dirichlet_0.1,4726,8,0,0.7437566776724922,0.66325,0.6601666666666667,63512064
sdca,dirichlet_0.1,4726,9,166,0.6160800166825418,0.7387083333333333,0.7313333333333333,63504000
sdca,dirichlet_0.1,4751,0,0,0.591717254679102,0.7630416666666666,0.7613333333333333,63845376
sdca,dirichlet_0.1,4751,1,1,0.5912843542564334,0.762875,0.7605,63849408
sdca,dirichlet_0.1,4751,2,2711,0.5928050159178916,0.7644583333333334,0.7631666666666667,63838656
sdca,dirichlet_0.1,4751,3,3820,0.630229665768535,0.7264583333333333,0.7206666666666667,63841344
sdca,dirichlet_0.1,4751,4,2178,0.6325571507726006,0.7252083333333333,0.7188333333333333,63845376
sdca,dirichlet_0.1,4751,5,9084,0.6262669271397094,0.7385833333333334,0.7386666666666667,63837312
sdca,dirichlet_0.1,4751,6,4274,0.5900482626448266,0.7661666666666667,0.7628333333333334,63841344
sdca,dirichlet_0.1,4751,7,1766,0.5918397772991638,0.76725,0.7638333333333334,63842688
sdca,dirichlet_0.1,4751,8,0,0.6281587980036107,0.727375,0.7238333333333333,63848064
sdca,dirichlet_0.1,4751,9,166,0.5904520266497543,0.763,0.7605,63840000
sdca,dirichlet_0.1,4776,0,0,0.6318639212244634,0.7346666666666667,0.737,64181376
sdca,dirichlet_0.1,4776,1,1,0.6250055117330692,0.7399166666666667,0.7415,64185408
sdca,dirichlet_0.1,4776,2,2711,0.5944016045374996,0.7621666666666667,0.7595,64174656
sdca,dirichlet_0.1,4776,3,3820,0.6329771119430085,0.7255833333333334,0.718,64177344
sdca,dirichlet_0.1,4776,4,2178,0.632672983737568,0.7254166666666667,0.719,64181376
sdca,dirichlet_0.1,4776,5,9084,0.6253916209385489,0.7397083333333333,0.7405,64173312
sdca,dirichlet_0.1,4776,6,4274,0.5920853699317399,0.76775,0.7635,64177344
sdca,dirichlet_0.1,4776,7,1766,0.5916443890571307,0.76725,0.7621666666666667,64178688
sdca,dirichlet_0.1,4776,8,0,0.6096841330571309,0.743875,0.741,64184064
sdca,dirichlet_0.1,4776,9,166,0.5919571287852499,0.7635833333333333,0.762,64176000
sdca,dirichlet_0.1,4801,0,0,0.6067635909136354,0.7500833333333333,0.7468333333333333,64517376
sdca,dirichlet_0.1,4801,1,1,0.6366730716433928,0.7240833333333333,0.7176666666666667,64521408
sdca,dirichlet_0.1,4801,2,2711,0.5939474532069079,0.763375,0.7615,64510656
sdca,dirichlet_0.1,4801,3,3820,0.6378788362215327,0.723125,0.717,64513344
sdca,dirichlet_0.1,4801,4,2178,0.638512161444053,0.7229166666666667,0.7166666666666667,64517376
sdca,dirichlet_0.1,4801,5,9084,0.626373509758111,0.7397916666666666,0.7401666666666666,64509312
sdca,dirichlet_0.1,4801,6,4274,0.5897066173271989,0.765625,0.7626666666666667,64513344
sdca,dirichlet_0.1,4801,7,1766,0.5902134175328931,0.7664583333333334,0.7628333333333334,64514688
sdca,dirichlet_0.1,4801,8,0,0.6300838146785261,0.7385416666666667,0.7393333333333333,64520064
sdca,dirichlet_0.1,4801,9,166,0.6067935741346799,0.7559166666666667,0.7515,64512000
sdca,dirichlet_0.1,4826,0,0,0.6470431372031106,0.7260833333333333,0.7268333333333333,64853376
sdca,dirichlet_0.1,4826,1,1,0.6447544286120724,0.727875,0.729,64857408
sdca,dirichlet_0.1,4826,2,2711,0.5921909911027722,0.7632916666666667,0.7601666666666667,64846656
sdca,dirichlet_0.1,4826,3,3820,0.6268631160519832,0.7280833333333333,0.7218333333333333,64849344
sdca,dirichlet_0.1,4826,4,2178,0.6279653579709217,0.7282916666666667,0.7211666666666666,64853376
sdca,dirichlet_0.1,4826,5,9084,0.6231089430752621,0.7437916666666666,0.7426666666666667,64845312
sdca,dirichlet_0.1,4826,6,4274,0.5898833454878674,0.7657083333333333,0.7631666666666667,64849344
sdca,dirichlet_0.1,4826,7,1766,0.5910759106197286,0.767,0.7623333333333333,64850688
sdca,dirichlet_0.1,4826,8,0,0.5904213620800167,0.7662916666666667,0.7626666666666667,64856064
sdca,dirichlet_0.1,4826,9,166,0.5909752706911197,0.7636666666666667,0.7601666666666667,64848000
sdca,dirichlet_0.1,4851,0,0,0.5944362027935985,0.766875,0.7598333333333334,65189376
sdca,dirichlet_0.1,4851,1,1,0.5937055715065388,0.7622083333333334,0.759,65193408
sdca,dirichlet_0.1,4851,2,2711,0.5959920302368651,0.76325,0.7623333333333333,65182656
sdca,dirichlet_0.1,4851,3,3820,0.6301399679411521,0.7282083333333333,0.7221666666666666,65185344
sdca,dirichlet_0.1,4851,4,2178,0.6346044994494954,0.7247916666666666,0.719,65189376
sdca,dirichlet_0.1,4851,5,9084,0.6248449525121629,0.742,0.7406666666666667,65181312
sdca,dirichlet_0.1,4851,6,4274,0.5944644154508657,0.7681666666666667,0.7605,65185344
sdca,dirichlet_0.1,4851,7,1766,0.5928833412849979,0.7655833333333333,0.7645,65186688
sdca,dirichlet_0.1,4851,8,0,0.6159249466599528,0.7419583333333334,0.7368333333333333,65192064
sdca,dirichlet_0.1,4851,9,166,0.5910463971415083,0.7656666666666667,0.7621666666666667,65184000
sdca,dirichlet_0.1,4876,0,0,0.5906127876498019,0.7667916666666666,0.7631666666666667,65525376
sdca,dirichlet_0.1,4876,1,1,0.5930735797445995,0.76325,0.7588333333333334,65529408
sdca,dirichlet_0.1,4876,2,2711,0.5918585398824617,0.76325,0.7623333333333333,65518656
sdca,dirichlet_0.1,4876,3,3820,0.6297367567856812,0.726875,0.7198333333333333,65521344
sdca,dirichlet_0.1,4876,4,2178,0.6250194933585534,0.7297916666666666,0.725,65525376
sdca,dirichlet_0.1,4876,5,9084,0.6239544236393522,0.7417083333333333,0.7421666666666666,65517312
sdca,dirichlet_0.1,4876,6,4274,0.5906559294569422,0.7669166666666667,0.764,65521344
sdca,dirichlet_0.1,4876,7,1766,0.5905937137739583,0.7667083333333333,0.7631666666666667,65522688
sdca,dirichlet_0.1,4876,8,0,0.5906559294569413,0.7669166666666667,0.764,65528064
sdca,dirichlet_0.1,4876,9,166,0.5906209008318244,0.7661666666666667,0.7635,65520000
sdca,dirichlet_0.1,4901,0,0,0.6494948384296477,0.7255833333333334,0.726,65861376
sdca,dirichlet_0.1,4901,1,1,0.5903703812427679,0.766625,0.7618333333333334,65865408
sdca,dirichlet_0.1,4901,2,2711,0.589030499844986,0.76325,0.761,65854656
sdca,dirichlet_0.1,4901,3,3820,0.6264272224514629,0.7290833333333333,0.7226666666666667,65857344
sdca,dirichlet_0.1,4901,4,2178,0.6227378901893453,0.730125,0.723,65861376
sdca,dirichlet_0.1,4901,5,9084,0.6231241711990059,0.743625,0.7423333333333333,65853312
sdca,dirichlet_0.1,4901,6,4274,0.5884222324162274,0.765375,0.763,65857344
sdca,dirichlet_0.1,4901,7,1766,0.5888704222704925,0.7664583333333334,0.7628333333333334,65858688
sdca,dirichlet_0.1,4901,8,0,0.7690049861885344,0.6376666666666667,0.6428333333333334,65864064
sdca,dirichlet_0.1,4901,9,166,0.5918479019571823,0.7659583333333333,0.7596666666666667,65856000
sdca,dirichlet_0.1,4926,0,0,0.6728832315596269,0.7011666666666667,0.7075,66197376
sdca,dirichlet_0.1,4926,1,1,0.6240581589557767,0.7337916666666666,0.7281666666666666,66201408
sdca,dirichlet_0.1,4926,2,2711,0.5883462749945205,0.7648333333333334,0.764,66190656
sdca,dirichlet_0.1,4926,3,3820,0.6274981807990142,0.73125,0.7256666666666667,66193344
sdca,dirichlet_0.1,4926,4,2178,0.6240224937973174,0.7327083333333333,0.7281666666666666,66197376
sdca,dirichlet_0.1,4926,5,9084,0.618181621515117,0.7445416666666667,0.7428333333333333,66189312
sdca,dirichlet_0.1,4926,6,4274,0.5881148257023259,0.764875,0.7628333333333334,66193344
sdca,dirichlet_0.1,4926,7,1766,0.5886912296078144,0.766875,0.7626666666666667,66194688
sdca,dirichlet_0.1,4926,8,0,0.6254106757780874,0.7300416666666667,0.7243333333333334,66200064
sdca,dirichlet_0.1,4926,9,166,0.5976171328678397,0.754125,0.7498333333333334,66192000
sdca,dirichlet_0.1,4951,0,0,0.665645244957452,0.7075833333333333,0.6993333333333334,66533376
sdca,dirichlet_0.1,4951,1,1,0.6646294742323551,0.7082083333333333,0.7006666666666667,66537408
sdca,dirichlet_0.1,4951,2,2711,0.5907187470702997,0.763,0.7605,66526656
sdca,dirichlet_0.1,4951,3,3820,0.6254706065359786,0.7291666666666666,0.7231666666666666,66529344
sdca,dirichlet_0.1,4951,4,2178,0.6242991769597468,0.7302916666666667,0.7241666666666666,66533376
sdca,dirichlet_0.1,4951,5,9084,0.623454332473768,0.74325,0.7425,66525312
sdca,dirichlet_0.1,4951,6,4274,0.5899523094129883,0.7664583333333334,0.763,66529344
sdca,dirichlet_0.1,4951,7,1766,0.590217546748029,0.7665833333333333,0.7628333333333334,66530688
sdca,dirichlet_0.1,4951,8,0,0.591938396815203,0.761875,0.7585,66536064
sdca,dirichlet_0.1,4951,9,166,0.5921472265768754,0.7611666666666667,0.7575,66528000
sdca,dirichlet_0.1,4976,0,0,0.6278457994652099,0.7285,0.723,66869376
sdca,dirichlet_0.1,4976,1,1,0.5903689706819863,0.763625,0.7605,66873408
sdca,dirichlet_0.1,4976,2,2711,0.5904573782052642,0.7634583333333333,0.761,66862656
sdca,dirichlet_0.1,4976,3,3820,0.6278457994652362,0.7285,0.723,66865344
sdca,dirichlet_0.1,4976,4,2178,0.6246634709163512,0.7287916666666666,0.7243333333333334,66869376
sdca,dirichlet_0.1,4976,5,9084,0.621125376417404,0.7448333333333333,0.7438333333333333,66861312
sdca,dirichlet_0.1,4976,6,4274,0.591480550086833,0.7685,0.7626666666666667,66865344
sdca,dirichlet_0.1,4976,7,1766,0.5905221753768005,0.766625,0.7628333333333334,66866688
sdca,dirichlet_0.1,4976,8,0,0.6224432975849414,0.7433333333333333,0.7428333333333333,66872064
sdca,dirichlet_0.1,4976,9,166,0.5950947789904468,0.7644583333333334,0.7565,66864000
sdca,dirichlet_0.1,5000,0,0,0.5903236545742064,0.766625,0.7638333333333334,67191936
sdca,dirichlet_0.1,5000,1,1,0.5905604247903141,0.765375,0.7625,67195968
sdca,dirichlet_0.1,5000,2,2711,0.5909574386297273,0.7645416666666667,0.7628333333333334,67185216
sdca,dirichlet_0.1,5000,3,3820,0.6286264461553648,0.7279583333333334,0.7218333333333333,67187904
sdca,dirichlet_0.1,5000,4,2178,0.6276550307140869,0.7296666666666667,0.7233333333333334,67191936
sdca,dirichlet_0.1,5000,5,9084,0.6216055848314624,0.7442083333333334,0.7426666666666667,67183872
sdca,dirichlet_0.1,5000,6,4274,0.590115155865109,0.7663333333333333,0.7638333333333334,67187904
sdca,dirichlet_0.1,5000,7,1766,0.5901673526928036,0.7663333333333333,0.7638333333333334,67189248
sdca,dirichlet_0.1,5000,8,0,0.6273566705070354,0.7289583333333334,0.7231666666666666,67194624
sdca,dirichlet_0.1,5000,9,166,0.5972518083771838,0.7643333333333333,0.7576666666666667,67186560
