tag,method,topology,scheme,nodes,cycles,gossip_k,lambda_reg,seed,node,n_local,test_acc,hinge_loss,duality_gap,consensus_err,comm_bytes,components
covtype,bdsvm,full,dirichlet_0.1,10,100,1,0.01,42,0,111,0.7174,0.7883545728592299,nan,4.222901790069331,16483200,1
covtype,bdsvm,full,dirichlet_0.1,10,100,1,0.01,42,1,2160,0.7183,0.4984648815522022,nan,4.222901790069331,16483200,1
covtype,bdsvm,full,dirichlet_0.1,10,100,1,0.01,42,2,11171,0.7188,0.49180521475853706,nan,4.222901790069331,16153536,1
covtype,bdsvm,full,dirichlet_0.1,10,100,1,0.01,42,3,110,0.72,0.6136602205307068,nan,4.222901790069331,16400784,1
covtype,bdsvm,full,dirichlet_0.1,10,100,1,0.01,42,4,4214,0.717,0.4971288007003227,nan,4.222901790069331,16400784,1
covtype,bdsvm,full,dirichlet_0.1,10,100,1,0.01,42,5,1,0.7177,1.356709971598724,nan,4.222901790069331,16318368,1
covtype,bdsvm,full,dirichlet_0.1,10,100,1,0.01,42,6,302,0.7176,0.6447747704736152,nan,4.222901790069331,16483200,1
covtype,bdsvm,full,dirichlet_0.1,10,100,1,0.01,42,7,16592,0.7218,0.7074016144272309,nan,4.222901790069331,16318368,1
covtype,bdsvm,full,dirichlet_0.1,10,100,1,0.01,42,8,1060,0.7199,0.5804455329957254,nan,4.222901790069331,16400784,1
covtype,bdsvm,full,dirichlet_0.1,10,100,1,0.01,42,9,4279,0.7181,0.6098895465405862,nan,4.222901790069331,16400784,1
covtype,bdsvm,full,dirichlet_0.3,10,100,1,0.01,42,0,746,0.7422,0.612305412461761,nan,6.241272764032426,16483200,1
covtype,bdsvm,full,dirichlet_0.3,10,100,1,0.01,42,1,3023,0.7425,0.5722616182761314,nan,6.241272764032426,16483200,1
covtype,bdsvm,full,dirichlet_0.3,10,100,1,0.01,42,2,6249,0.7421,0.5607676005346747,nan,6.241272764032426,16153536,1
covtype,bdsvm,full,dirichlet_0.3,10,100,1,0.01,42,3,1084,0.7408,0.6413022017634934,nan,6.241272764032426,16400784,1
covtype,bdsvm,full,dirichlet_0.3,10,100,1,0.01,42,4,4177,0.7425,0.5809196124059337,nan,6.241272764032426,16400784,1
covtype,bdsvm,full,dirichlet_0.3,10,100,1,0.01,42,5,301,0.743,0.6566973992297651,nan,6.241272764032426,16318368,1
covtype,bdsvm,full,dirichlet_0.3,10,100,1,0.01,42,6,10200,0.7426,0.6407011892824067,nan,6.241272764032426,16483200,1
covtype,bdsvm,full,dirichlet_0.3,10,100,1,0.01,42,7,4364,0.7425,0.6525002219813312,nan,6.241272764032426,16318368,1
covtype,bdsvm,full,dirichlet_0.3,10,100,1,0.01,42,8,3745,0.7421,0.5773036123809487,nan,6.241272764032426,16400784,1
covtype,bdsvm,full,dirichlet_0.3,10,100,1,0.01,42,9,6111,0.7429,0.5773924629931477,nan,6.241272764032426,16400784,1
covtype,bdsvm,full,dirichlet_1.0,10,100,1,0.01,42,0,4326,0.7265,0.5505002820954198,nan,6.970702024419053,16483200,1
covtype,bdsvm,full,dirichlet_1.0,10,100,1,0.01,42,1,2902,0.7263,0.6682846281868045,nan,6.970702024419053,16483200,1
covtype,bdsvm,full,dirichlet_1.0,10,100,1,0.01,42,2,4488,0.7257,0.6214374410224871,nan,6.970702024419053,16153536,1
covtype,bdsvm,full,dirichlet_1.0,10,100,1,0.01,42,3,793,0.7256,0.5791649690267984,nan,6.970702024419053,16400784,1
covtype,bdsvm,full,dirichlet_1.0,10,100,1,0.01,42,4,1582,0.7252,0.5628855950045057,nan,6.970702024419053,16400784,1
covtype,bdsvm,full,dirichlet_1.0,10,100,1,0.01,42,5,3208,0.7255,0.5669986900821022,nan,6.970702024419053,16318368,1
covtype,bdsvm,full,dirichlet_1.0,10,100,1,0.01,42,6,6003,0.7256,0.5904452024200464,nan,6.970702024419053,16483200,1
covtype,bdsvm,full,dirichlet_1.0,10,100,1,0.01,42,7,6151,0.7246,0.6680222786971451,nan,6.970702024419053,16318368,1
covtype,bdsvm,full,dirichlet_1.0,10,100,1,0.01,42,8,3352,0.727,0.6589468963237187,nan,6.970702024419053,16400784,1
covtype,bdsvm,full,dirichlet_1.0,10,100,1,0.01,42,9,7195,0.7258,0.5794410361386118,nan,6.970702024419053,16400784,1
covtype,bdsvm,full,iid,10,100,1,0.01,42,0,4000,0.7242,0.605733675354394,nan,6.012556059494605,16483200,1
covtype,bdsvm,full,iid,10,100,1,0.01,42,1,4000,0.7238,0.644566653112683,nan,6.012556059494605,16483200,1
covtype,bdsvm,full,iid,10,100,1,0.01,42,2,4000,0.7235,0.6025839482760413,nan,6.012556059494605,16153536,1
covtype,bdsvm,full,iid,10,100,1,0.01,42,3,4000,0.7246,0.6321625553498902,nan,6.012556059494605,16400784,1
covtype,bdsvm,full,iid,10,100,1,0.01,42,4,4000,0.7231,0.5966702536823889,nan,6.012556059494605,16400784,1
covtype,bdsvm,full,iid,10,100,1,0.01,42,5,4000,0.7244,0.5919129145432891,nan,6.012556059494605,16318368,1
covtype,bdsvm,full,iid,10,100,1,0.01,42,6,4000,0.7239,0.6080848803088802,nan,6.012556059494605,16483200,1
covtype,bdsvm,full,iid,10,100,1,0.01,42,7,4000,0.7239,0.6035281120597045,nan,6.012556059494605,16318368,1
covtype,bdsvm,full,iid,10,100,1,0.01,42,8,4000,0.7246,0.6061547521397602,nan,6.012556059494605,16400784,1
covtype,bdsvm,full,iid,10,100,1,0.01,42,9,4000,0.7237,0.5872550859196486,nan,6.012556059494605,16400784,1
covtype,bdsvm,full,label_skew,10,100,1,0.01,42,0,4109,0.7327,0.6633078536340693,nan,5.27982401455362,16483200,1
covtype,bdsvm,full,label_skew,10,100,1,0.01,42,1,3892,0.7336,0.5448208037520771,nan,5.27982401455362,16483200,1
covtype,bdsvm,full,label_skew,10,100,1,0.01,42,2,4109,0.7335,0.6539767062159684,nan,5.27982401455362,16153536,1
covtype,bdsvm,full,label_skew,10,100,1,0.01,42,3,3892,0.7334,0.5438557428722315,nan,5.27982401455362,16400784,1
covtype,bdsvm,full,label_skew,10,100,1,0.01,42,4,4108,0.7336,0.6618315664733752,nan,5.27982401455362,16400784,1
covtype,bdsvm,full,label_skew,10,100,1,0.01,42,5,3892,0.7335,0.5619168545550808,nan,5.27982401455362,16318368,1
covtype,bdsvm,full,label_skew,10,100,1,0.01,42,6,4108,0.7334,0.6799065795875759,nan,5.27982401455362,16483200,1
covtype,bdsvm,full,label_skew,10,100,1,0.01,42,7,3891,0.7339,0.5428256080631928,nan,5.27982401455362,16318368,1
covtype,bdsvm,full,label_skew,10,100,1,0.01,42,8,4108,0.7351,0.6525081193937248,nan,5.27982401455362,16400784,1
covtype,bdsvm,full,label_skew,10,100,1,0.01,42,9,3891,0.7338,0.5252293706092507,nan,5.27982401455362,16400784,1
covtype,bdsvm,random_kout,dirichlet_0.1,10,100,1,0.01,42,0,111,0.6745,1.087016101245254,nan,21.409456648952364,16483200,2
covtype,bdsvm,random_kout,dirichlet_0.1,10,100,1,0.01,42,1,2160,0.6742,0.3016462687184758,nan,21.409456648952364,16483200,2
covtype,bdsvm,random_kout,dirichlet_0.1,10,100,1,0.01,42,2,11171,0.6613,0.2577682956369678,nan,21.409456648952364,16483200,2
covtype,bdsvm,random_kout,dirichlet_0.1,10,100,1,0.01,42,3,110,0.6676,0.9097371396458411,nan,21.409456648952364,16318368,2
covtype,bdsvm,random_kout,dirichlet_0.1,10,100,1,0.01,42,4,4214,0.6676,0.2845205151229184,nan,21.409456648952364,16483200,2
covtype,bdsvm,random_kout,dirichlet_0.1,10,100,1,0.01,42,5,1,0.6744,1.6662654062191031,nan,21.409456648952364,16400784,2
covtype,bdsvm,random_kout,dirichlet_0.1,10,100,1,0.01,42,6,302,0.6059,0.1578224754659366,nan,21.409456648952364,16483200,2
covtype,bdsvm,random_kout,dirichlet_0.1,10,100,1,0.01,42,7,16592,0.638,1.1298784870828265,nan,21.409456648952364,16400784,2
covtype,bdsvm,random_kout,dirichlet_0.1,10,100,1,0.01,42,8,1060,0.606,0.6069963817734563,nan,21.409456648952364,16400784,2
covtype,bdsvm,random_kout,dirichlet_0.1,10,100,1,0.01,42,9,4279,0.6063,0.6186330284597573,nan,21.409456648952364,16483200,2
covtype,bdsvm,random_kout,dirichlet_0.3,10,100,1,0.01,42,0,746,0.638,1.2042630894442057,nan,21.71677554589815,16483200,2
covtype,bdsvm,random_kout,dirichlet_0.3,10,100,1,0.01,42,1,3023,0.638,0.2767519415717683,nan,21.71677554589815,16483200,2
covtype,bdsvm,random_kout,dirichlet_0.3,10,100,1,0.01,42,2,6249,0.638,0.13591404510459085,nan,21.71677554589815,16483200,2
covtype,bdsvm,random_kout,dirichlet_0.3,10,100,1,0.01,42,3,1084,0.638,0.886231373712079,nan,21.71677554589815,16318368,2
covtype,bdsvm,random_kout,dirichlet_0.3,10,100,1,0.01,42,4,4177,0.638,0.31165728526109254,nan,21.71677554589815,16483200,2
covtype,bdsvm,random_kout,dirichlet_0.3,10,100,1,0.01,42,5,301,0.638,0.7417527120348666,nan,21.71677554589815,16400784,2
covtype,bdsvm,random_kout,dirichlet_0.3,10,100,1,0.01,42,6,10200,0.5886,0.14120302104228785,nan,21.71677554589815,16483200,2
covtype,bdsvm,random_kout,dirichlet_0.3,10,100,1,0.01,42,7,4364,0.638,1.2003448242481205,nan,21.71677554589815,16400784,2
covtype,bdsvm,random_kout,dirichlet_0.3,10,100,1,0.01,42,8,3745,0.5886,0.9370946694844907,nan,21.71677554589815,16400784,2
covtype,bdsvm,random_kout,dirichlet_0.3,10,100,1,0.01,42,9,6111,0.5886,0.9572777550430134,nan,21.71677554589815,16483200,2
covtype,bdsvm,random_kout,dirichlet_1.0,10,100,1,0.01,42,0,4326,0.7216,0.6756839454287278,nan,25.899278812742306,16483200,2
covtype,bdsvm,random_kout,dirichlet_1.0,10,100,1,0.01,42,1,2902,0.7219,0.5886064292108134,nan,25.899278812742306,16483200,2
covtype,bdsvm,random_kout,dirichlet_1.0,10,100,1,0.01,42,2,4488,0.7298,0.6194958647583166,nan,25.899278812742306,16483200,2
covtype,bdsvm,random_kout,dirichlet_1.0,10,100,1,0.01,42,3,793,0.7304,0.6794453568288299,nan,25.899278812742306,16318368,2
covtype,bdsvm,random_kout,dirichlet_1.0,10,100,1,0.01,42,4,1582,0.7295,0.6565564032737492,nan,25.899278812742306,16483200,2
covtype,bdsvm,random_kout,dirichlet_1.0,10,100,1,0.01,42,5,3208,0.7216,0.7060243064770043,nan,25.899278812742306,16400784,2
covtype,bdsvm,random_kout,dirichlet_1.0,10,100,1,0.01,42,6,6003,0.6752,0.5405215840364719,nan,25.899278812742306,16483200,2
covtype,bdsvm,random_kout,dirichlet_1.0,10,100,1,0.01,42,7,6151,0.7275,0.642424039453423,nan,25.899278812742306,16400784,2
covtype,bdsvm,random_kout,dirichlet_1.0,10,100,1,0.01,42,8,3352,0.675,0.8659488461623355,nan,25.899278812742306,16400784,2
covtype,bdsvm,random_kout,dirichlet_1.0,10,100,1,0.01,42,9,7195,0.675,0.5261662577878189,nan,25.899278812742306,16483200,2
covtype,bdsvm,random_kout,iid,10,100,1,0.01,42,0,4000,0.7313,0.6302326883885275,nan,18.48203396249841,16483200,2
covtype,bdsvm,random_kout,iid,10,100,1,0.01,42,1,4000,0.731,0.663573895375744,nan,18.48203396249841,16483200,2
covtype,bdsvm,random_kout,iid,10,100,1,0.01,42,2,4000,0.7283,0.6281379946184862,nan,18.48203396249841,16483200,2
covtype,bdsvm,random_kout,iid,10,100,1,0.01,42,3,4000,0.7307,0.6493349889156684,nan,18.48203396249841,16318368,2
covtype,bdsvm,random_kout,iid,10,100,1,0.01,42,4,4000,0.7301,0.6159891540580803,nan,18.48203396249841,16483200,2
covtype,bdsvm,random_kout,iid,10,100,1,0.01,42,5,4000,0.731,0.6199142276542341,nan,18.48203396249841,16400784,2
covtype,bdsvm,random_kout,iid,10,100,1,0.01,42,6,4000,0.6796,0.6179345145014087,nan,18.48203396249841,16483200,2
covtype,bdsvm,random_kout,iid,10,100,1,0.01,42,7,4000,0.729,0.63432548543037,nan,18.48203396249841,16400784,2
covtype,bdsvm,random_kout,iid,10,100,1,0.01,42,8,4000,0.6797,0.619710885563354,nan,18.48203396249841,16400784,2
covtype,bdsvm,random_kout,iid,10,100,1,0.01,42,9,4000,0.6796,0.5910698424769585,nan,18.48203396249841,16483200,2
covtype,bdsvm,random_kout,label_skew,10,100,1,0.01,42,0,4109,0.6776,0.9317528989696591,nan,23.341073954876528,16483200,2
covtype,bdsvm,random_kout,label_skew,10,100,1,0.01,42,1,3892,0.6777,0.34223928661604974,nan,23.341073954876528,16483200,2
covtype,bdsvm,random_kout,label_skew,10,100,1,0.01,42,2,4109,0.6777,0.9216461353206019,nan,23.341073954876528,16483200,2
covtype,bdsvm,random_kout,label_skew,10,100,1,0.01,42,3,3892,0.6769,0.35577180549420356,nan,23.341073954876528,16318368,2
covtype,bdsvm,random_kout,label_skew,10,100,1,0.01,42,4,4108,0.6772,0.9165465096243485,nan,23.341073954876528,16483200,2
covtype,bdsvm,random_kout,label_skew,10,100,1,0.01,42,5,3892,0.6776,0.3579839289584388,nan,23.341073954876528,16400784,2
covtype,bdsvm,random_kout,label_skew,10,100,1,0.01,42,6,4108,0.5835,0.1331632131780359,nan,23.341073954876528,16483200,2
covtype,bdsvm,random_kout,label_skew,10,100,1,0.01,42,7,3891,0.678,0.34176830948257236,nan,23.341073954876528,16400784,2
covtype,bdsvm,random_kout,label_skew,10,100,1,0.01,42,8,4108,0.5835,0.12552627440770267,nan,23.341073954876528,16400784,2
covtype,bdsvm,random_kout,label_skew,10,100,1,0.01,42,9,3891,0.5839,1.452752699417811,nan,23.341073954876528,16483200,2
covtype,bdsvm,ring,dirichlet_0.1,10,100,1,0.01,42,0,111,0.7262,0.45855894446358797,nan,92.9599750044672,16483200,1
covtype,bdsvm,ring,dirichlet_0.1,10,100,1,0.01,42,1,2160,0.7089,0.9885845657481435,nan,92.9599750044672,16483200,1
covtype,bdsvm,ring,dirichlet_0.1,10,100,1,0.01,42,2,11171,0.7084,0.9991958157093142,nan,92.9599750044672,16483200,1
covtype,bdsvm,ring,dirichlet_0.1,10,100,1,0.01,42,3,110,0.7229,0.40643599985134676,nan,92.9599750044672,16400784,1
covtype,bdsvm,ring,dirichlet_0.1,10,100,1,0.01,42,4,4214,0.6408,0.2842305182724711,nan,92.9599750044672,16483200,1
covtype,bdsvm,ring,dirichlet_0.1,10,100,1,0.01,42,5,1,0.6345,1.8228758396378997,nan,92.9599750044672,16400784,1
covtype,bdsvm,ring,dirichlet_0.1,10,100,1,0.01,42,6,302,0.6842,0.8757716916306435,nan,92.9599750044672,16153536,1
covtype,bdsvm,ring,dirichlet_0.1,10,100,1,0.01,42,7,16592,0.6945,0.7887787941431437,nan,92.9599750044672,16400784,1
covtype,bdsvm,ring,dirichlet_0.1,10,100,1,0.01,42,8,1060,0.6954,0.6274826549329543,nan,92.9599750044672,16483200,1
covtype,bdsvm,ring,dirichlet_0.1,10,100,1,0.01,42,9,4279,0.7074,0.6337831792806508,nan,92.9599750044672,16400784,1
covtype,bdsvm,ring,dirichlet_0.3,10,100,1,0.01,42,0,746,0.7314,0.48328927406348476,nan,45.283009577293285,16483200,1
covtype,bdsvm,ring,dirichlet_0.3,10,100,1,0.01,42,1,3023,0.7017,0.8968783575480881,nan,45.283009577293285,16483200,1
covtype,bdsvm,ring,dirichlet_0.3,10,100,1,0.01,42,2,6249,0.7262,0.8224188117524984,nan,45.283009577293285,16483200,1
covtype,bdsvm,ring,dirichlet_0.3,10,100,1,0.01,42,3,1084,0.7267,0.6209818396078324,nan,45.283009577293285,16400784,1
covtype,bdsvm,ring,dirichlet_0.3,10,100,1,0.01,42,4,4177,0.7377,0.681062654315731,nan,45.283009577293285,16483200,1
covtype,bdsvm,ring,dirichlet_0.3,10,100,1,0.01,42,5,301,0.7383,0.6628862877288045,nan,45.283009577293285,16400784,1
covtype,bdsvm,ring,dirichlet_0.3,10,100,1,0.01,42,6,10200,0.7402,0.5599305923151353,nan,45.283009577293285,16153536,1
covtype,bdsvm,ring,dirichlet_0.3,10,100,1,0.01,42,7,4364,0.7416,0.5947756643785775,nan,45.283009577293285,16400784,1
covtype,bdsvm,ring,dirichlet_0.3,10,100,1,0.01,42,8,3745,0.7437,0.6255725311063942,nan,45.283009577293285,16483200,1
covtype,bdsvm,ring,dirichlet_0.3,10,100,1,0.01,42,9,6111,0.7403,0.6371868092634753,nan,45.283009577293285,16400784,1
covtype,bdsvm,ring,dirichlet_1.0,10,100,1,0.01,42,0,4326,0.6979,0.5808496041363403,nan,20.851648063612632,16483200,1
covtype,bdsvm,ring,dirichlet_1.0,10,100,1,0.01,42,1,2902,0.6964,0.7017842154555631,nan,20.851648063612632,16483200,1
covtype,bdsvm,ring,dirichlet_1.0,10,100,1,0.01,42,2,4488,0.7031,0.6528868120361903,nan,20.851648063612632,16483200,1
covtype,bdsvm,ring,dirichlet_1.0,10,100,1,0.01,42,3,793,0.7044,0.6170033642607428,nan,20.851648063612632,16400784,1
covtype,bdsvm,ring,dirichlet_1.0,10,100,1,0.01,42,4,1582,0.7089,0.5716069214840808,nan,20.851648063612632,16483200,1
covtype,bdsvm,ring,dirichlet_1.0,10,100,1,0.01,42,5,3208,0.7025,0.5582613847579286,nan,20.851648063612632,16400784,1
covtype,bdsvm,ring,dirichlet_1.0,10,100,1,0.01,42,6,6003,0.7016,0.598173653607107,nan,20.851648063612632,16153536,1
covtype,bdsvm,ring,dirichlet_1.0,10,100,1,0.01,42,7,6151,0.7014,0.7133773936638247,nan,20.851648063612632,16400784,1
covtype,bdsvm,ring,dirichlet_1.0,10,100,1,0.01,42,8,3352,0.7025,0.7025021039769248,nan,20.851648063612632,16483200,1
covtype,bdsvm,ring,dirichlet_1.0,10,100,1,0.01,42,9,7195,0.7031,0.594038142091346,nan,20.851648063612632,16400784,1
covtype,bdsvm,ring,iid,10,100,1,0.01,42,0,4000,0.7166,0.6343509124009956,nan,9.655474346612248,16483200,1
covtype,bdsvm,ring,iid,10,100,1,0.01,42,1,4000,0.7112,0.6695714033293143,nan,9.655474346612248,16483200,1
covtype,bdsvm,ring,iid,10,100,1,0.01,42,2,4000,0.7165,0.6266649543481138,nan,9.655474346612248,16483200,1
covtype,bdsvm,ring,iid,10,100,1,0.01,42,3,4000,0.7173,0.6562774363265567,nan,9.655474346612248,16400784,1
covtype,bdsvm,ring,iid,10,100,1,0.01,42,4,4000,0.7221,0.6202864656098087,nan,9.655474346612248,16483200,1
covtype,bdsvm,ring,iid,10,100,1,0.01,42,5,4000,0.7182,0.6170653114720984,nan,9.655474346612248,16400784,1
covtype,bdsvm,ring,iid,10,100,1,0.01,42,6,4000,0.7179,0.62892856025298,nan,9.655474346612248,16153536,1
covtype,bdsvm,ring,iid,10,100,1,0.01,42,7,4000,0.7187,0.6276665209267719,nan,9.655474346612248,16400784,1
covtype,bdsvm,ring,iid,10,100,1,0.01,42,8,4000,0.7209,0.6294898166730423,nan,9.655474346612248,16483200,1
covtype,bdsvm,ring,iid,10,100,1,0.01,42,9,4000,0.7202,0.6098292713910689,nan,9.655474346612248,16400784,1
covtype,bdsvm,ring,label_skew,10,100,1,0.01,42,0,4109,0.7349,0.6591301982335683,nan,9.506793610726312,16483200,1
covtype,bdsvm,ring,label_skew,10,100,1,0.01,42,1,3892,0.7367,0.6072936417556022,nan,9.506793610726312,16483200,1
covtype,bdsvm,ring,label_skew,10,100,1,0.01,42,2,4109,0.738,0.6466307003416873,nan,9.506793610726312,16483200,1
covtype,bdsvm,ring,label_skew,10,100,1,0.01,42,3,3892,0.7399,0.6012447533999258,nan,9.506793610726312,16400784,1
covtype,bdsvm,ring,label_skew,10,100,1,0.01,42,4,4108,0.7358,0.662564899577943,nan,9.506793610726312,16483200,1
covtype,bdsvm,ring,label_skew,10,100,1,0.01,42,5,3892,0.7316,0.5932866333480492,nan,9.506793610726312,16400784,1
covtype,bdsvm,ring,label_skew,10,100,1,0.01,42,6,4108,0.7311,0.685020580609144,nan,9.506793610726312,16153536,1
covtype,bdsvm,ring,label_skew,10,100,1,0.01,42,7,3891,0.7296,0.5819612137063738,nan,9.506793610726312,16400784,1
covtype,bdsvm,ring,label_skew,10,100,1,0.01,42,8,4108,0.7315,0.6612718513183842,nan,9.506793610726312,16483200,1
covtype,bdsvm,ring,label_skew,10,100,1,0.01,42,9,3891,0.7335,0.5640220652508265,nan,9.506793610726312,16400784,1
covtype,cocoa,full,dirichlet_0.1,10,100,1,0.01,42,0,111,0.5159,0.1849099383497704,-0.8006756063730793,0.4920284922942927,21600,1
covtype,cocoa,full,dirichlet_0.1,10,100,1,0.01,42,1,2160,0.4841,0.019988632861196388,-0.06494197461683199,0.4920284922942927,21600,1
covtype,cocoa,full,dirichlet_0.1,10,100,1,0.01,42,2,11171,0.4841,0.002082034468706079,-0.00918199387928382,0.4920284922942927,21600,1
covtype,cocoa,full,dirichlet_0.1,10,100,1,0.01,42,3,110,0.5159,0.2045078316241342,-0.7430475985586676,0.4920284922942927,21600,1
covtype,cocoa,full,dirichlet_0.1,10,100,1,0.01,42,4,4214,0.4841,0.04523368966883935,-0.014644089961345086,0.4920284922942927,21600,1
covtype,cocoa,full,dirichlet_0.1,10,100,1,0.01,42,5,1,0.5159,0.959859977597997,-0.04007299526897823,0.4920284922942927,21600,1
covtype,cocoa,full,dirichlet_0.1,10,100,1,0.01,42,6,302,0.5159,0.03959491878403561,-0.5249739387702369,0.4920284922942927,21600,1
covtype,cocoa,full,dirichlet_0.1,10,100,1,0.01,42,7,16592,0.5159,0.0009187005747077895,-0.004572075953127518,0.4920284922942927,21600,1
covtype,cocoa,full,dirichlet_0.1,10,100,1,0.01,42,8,1060,0.5159,0.7357168187883022,0.1989074709865517,0.4920284922942927,21600,1
covtype,cocoa,full,dirichlet_0.1,10,100,1,0.01,42,9,4279,0.5159,0.7587438673981389,0.5705617141265772,0.4920284922942927,21600,1
covtype,cocoa,full,dirichlet_0.3,10,100,1,0.01,42,0,746,0.5159,0.008479906517681495,-0.1888136227392659,0.5377131117007359,21600,1
covtype,cocoa,full,dirichlet_0.3,10,100,1,0.01,42,1,3023,0.4841,0.25451427249794734,0.14887124410832864,0.5377131117007359,21600,1
covtype,cocoa,full,dirichlet_0.3,10,100,1,0.01,42,2,6249,0.4841,0.004659088290668054,-0.02135904180913239,0.5377131117007359,21600,1
covtype,cocoa,full,dirichlet_0.3,10,100,1,0.01,42,3,1084,0.5159,0.6687152624766856,0.13994914504148848,0.5377131117007359,21600,1
covtype,cocoa,full,dirichlet_0.3,10,100,1,0.01,42,4,4177,0.4841,0.330142620688075,0.23474027794817431,0.5377131117007359,21600,1
covtype,cocoa,full,dirichlet_0.3,10,100,1,0.01,42,5,301,0.6298,0.9715256940676106,0.028611437491524394,0.5377131117007359,21600,1
covtype,cocoa,full,dirichlet_0.3,10,100,1,0.01,42,6,10200,0.5159,0.004077269834952518,-0.007899260310645697,0.5377131117007359,21600,1
covtype,cocoa,full,dirichlet_0.3,10,100,1,0.01,42,7,4364,0.5159,0.0963143765248483,0.04158320718808882,0.5377131117007359,21600,1
covtype,cocoa,full,dirichlet_0.3,10,100,1,0.01,42,8,3745,0.4841,0.7068179370271696,0.5052980796965653,0.5377131117007359,21600,1
covtype,cocoa,full,dirichlet_0.3,10,100,1,0.01,42,9,6111,0.4841,0.6903610436507284,0.5708018507415876,0.5377131117007359,21600,1
covtype,cocoa,full,dirichlet_1.0,10,100,1,0.01,42,0,4326,0.4841,0.4050325886673153,0.3016180993569748,0.5495161866799606,21600,1
covtype,cocoa,full,dirichlet_1.0,10,100,1,0.01,42,1,2902,0.5159,0.28647462768875437,0.14612825940247412,0.5495161866799606,21600,1
covtype,cocoa,full,dirichlet_1.0,10,100,1,0.01,42,2,4488,0.5159,0.6414079936778353,0.48452730713734266,0.5495161866799606,21600,1
covtype,cocoa,full,dirichlet_1.0,10,100,1,0.01,42,3,793,0.4841,0.3933100533496802,-0.07777373249135577,0.5495161866799606,21600,1
covtype,cocoa,full,dirichlet_1.0,10,100,1,0.01,42,4,1582,0.4841,0.46927969218393806,0.1943051804153325,0.5495161866799606,21600,1
covtype,cocoa,full,dirichlet_1.0,10,100,1,0.01,42,5,3208,0.4841,0.33908266077538296,0.22077177715808385,0.5495161866799606,21600,1
covtype,cocoa,full,dirichlet_1.0,10,100,1,0.01,42,6,6003,0.4841,0.70632439762502,0.5822296092854189,0.5495161866799606,21600,1
covtype,cocoa,full,dirichlet_1.0,10,100,1,0.01,42,7,6151,0.5159,0.28284207182059196,0.22207885248523873,0.5495161866799606,21600,1
covtype,cocoa,full,dirichlet_1.0,10,100,1,0.01,42,8,3352,0.5159,0.14409688239635549,0.06280764908851195,0.5495161866799606,21600,1
covtype,cocoa,full,dirichlet_1.0,10,100,1,0.01,42,9,7195,0.4841,0.6753021622139992,0.5718106498416408,0.5495161866799606,21600,1
covtype,cocoa,full,iid,10,100,1,0.01,42,0,4000,0.6061,0.922058229756307,0.7050279626085659,0.09143546362337969,21600,1
covtype,cocoa,full,iid,10,100,1,0.01,42,1,4000,0.6203,0.925893095315779,0.7083758608971374,0.09143546362337969,21600,1
covtype,cocoa,full,iid,10,100,1,0.01,42,2,4000,0.5678,0.9178684395387139,0.7011486389726124,0.09143546362337969,21600,1
covtype,cocoa,full,iid,10,100,1,0.01,42,3,4000,0.52,0.9208150673683169,0.7038080181780827,0.09143546362337969,21600,1
covtype,cocoa,full,iid,10,100,1,0.01,42,4,4000,0.6249,0.9148180432563039,0.6979732000247618,0.09143546362337969,21600,1
covtype,cocoa,full,iid,10,100,1,0.01,42,5,4000,0.5737,0.9178320709843872,0.7008465972427538,0.09143546362337969,21600,1
covtype,cocoa,full,iid,10,100,1,0.01,42,6,4000,0.5942,0.9164776278282292,0.6995531018315777,0.09143546362337969,21600,1
covtype,cocoa,full,iid,10,100,1,0.01,42,7,4000,0.6066,0.9232745148409721,0.7069864483041719,0.09143546362337969,21600,1
covtype,cocoa,full,iid,10,100,1,0.01,42,8,4000,0.6301,0.9313752296767288,0.7142485251750289,0.09143546362337969,21600,1
covtype,cocoa,full,iid,10,100,1,0.01,42,9,4000,0.5884,0.9120233645700048,0.6958631810651075,0.09143546362337969,21600,1
covtype,cocoa,full,label_skew,10,100,1,0.01,42,0,4109,0.5159,0.0017273573224024807,-0.030259618387841407,0.643785576176259,21600,1
covtype,cocoa,full,label_skew,10,100,1,0.01,42,1,3892,0.4841,0.004170526395461683,-0.041737875743097466,0.643785576176259,21600,1
covtype,cocoa,full,label_skew,10,100,1,0.01,42,2,4109,0.5159,0.0027055324077890166,-0.04319062208411858,0.643785576176259,21600,1
covtype,cocoa,full,label_skew,10,100,1,0.01,42,3,3892,0.4841,0.0028112445343290993,-0.03231068422553185,0.643785576176259,21600,1
covtype,cocoa,full,label_skew,10,100,1,0.01,42,4,4108,0.5159,0.0028760609402988615,-0.035667904520246,0.643785576176259,21600,1
covtype,cocoa,full,label_skew,10,100,1,0.01,42,5,3892,0.4841,0.0032171448920204995,-0.03450811628642483,0.643785576176259,21600,1
covtype,cocoa,full,label_skew,10,100,1,0.01,42,6,4108,0.5159,0.0034872385215162925,-0.04415434653055504,0.643785576176259,21600,1
covtype,cocoa,full,label_skew,10,100,1,0.01,42,7,3891,0.4841,0.0031649250571181907,-0.03847883140036876,0.643785576176259,21600,1
covtype,cocoa,full,label_skew,10,100,1,0.01,42,8,4108,0.5159,0.002290957080244327,-0.03202710804857282,0.643785576176259,21600,1
covtype,cocoa,full,label_skew,10,100,1,0.01,42,9,3891,0.4841,0.0031193263801318426,-0.036407045476238985,0.643785576176259,21600,1
covtype,cocoa_plus,full,dirichlet_0.1,10,100,1,0.01,42,0,111,0.5159,0.2900484111351232,-0.7078787323238522,0.5068438544211198,21600,1
covtype,cocoa_plus,full,dirichlet_0.1,10,100,1,0.01,42,1,2160,0.4841,0.01837053722206444,-0.08539416689570616,0.5068438544211198,21600,1
covtype,cocoa_plus,full,dirichlet_0.1,10,100,1,0.01,42,2,11171,0.4841,0.0010628330247739299,-0.012282777992314886,0.5068438544211198,21600,1
covtype,cocoa_plus,full,dirichlet_0.1,10,100,1,0.01,42,3,110,0.5159,0.17230197386039708,-0.6419366868315266,0.5068438544211198,21600,1
covtype,cocoa_plus,full,dirichlet_0.1,10,100,1,0.01,42,4,4214,0.4841,0.04403189524354575,-0.04737117108057847,0.5068438544211198,21600,1
covtype,cocoa_plus,full,dirichlet_0.1,10,100,1,0.01,42,5,1,0.5159,0.7900145308740181,-0.20984720234034893,0.5068438544211198,21600,1
covtype,cocoa_plus,full,dirichlet_0.1,10,100,1,0.01,42,6,302,0.5159,0.039739856640770434,-0.5246961002635308,0.5068438544211198,21600,1
covtype,cocoa_plus,full,dirichlet_0.1,10,100,1,0.01,42,7,16592,0.5159,0.0007445437732464688,-0.0064727315407793855,0.5068438544211198,21600,1
covtype,cocoa_plus,full,dirichlet_0.1,10,100,1,0.01,42,8,1060,0.5159,0.7261025632143489,-0.12083349710419222,0.5068438544211198,21600,1
covtype,cocoa_plus,full,dirichlet_0.1,10,100,1,0.01,42,9,4279,0.5159,0.7341084191610271,0.018225657185665933,0.5068438544211198,21600,1
covtype,cocoa_plus,full,dirichlet_0.3,10,100,1,0.01,42,0,746,0.5159,0.008080763102123755,-0.17913614752458576,0.59519309420411,21600,1
covtype,cocoa_plus,full,dirichlet_0.3,10,100,1,0.01,42,1,3023,0.4841,0.2490205095862669,-0.02754367033199212,0.59519309420411,21600,1
covtype,cocoa_plus,full,dirichlet_0.3,10,100,1,0.01,42,2,6249,0.4841,0.0034501968391079034,-0.027587175593249462,0.59519309420411,21600,1
covtype,cocoa_plus,full,dirichlet_0.3,10,100,1,0.01,42,3,1084,0.5159,0.6624063617902957,-0.15342252565785564,0.59519309420411,21600,1
covtype,cocoa_plus,full,dirichlet_0.3,10,100,1,0.01,42,4,4177,0.4841,0.32116447155287536,0.008883144445651137,0.59519309420411,21600,1
covtype,cocoa_plus,full,dirichlet_0.3,10,100,1,0.01,42,5,301,0.6433,0.9616354352236749,-0.03772665501091743,0.59519309420411,21600,1
covtype,cocoa_plus,full,dirichlet_0.3,10,100,1,0.01,42,6,10200,0.5159,0.0033604621285792404,-0.012033227894482879,0.59519309420411,21600,1
covtype,cocoa_plus,full,dirichlet_0.3,10,100,1,0.01,42,7,4364,0.5159,0.09336745808627299,-0.02129097705555931,0.59519309420411,21600,1
covtype,cocoa_plus,full,dirichlet_0.3,10,100,1,0.01,42,8,3745,0.5377,0.6679853612606897,-0.032569900007999975,0.59519309420411,21600,1
covtype,cocoa_plus,full,dirichlet_0.3,10,100,1,0.01,42,9,6111,0.5373,0.6534889509904213,0.08656810457857078,0.59519309420411,21600,1
covtype,cocoa_plus,full,dirichlet_1.0,10,100,1,0.01,42,0,4326,0.4841,0.39345061054532615,0.002566301079326261,0.6162002871857625,21600,1
covtype,cocoa_plus,full,dirichlet_1.0,10,100,1,0.01,42,1,2902,0.5159,0.28219398712044946,-0.054916606083239505,0.6162002871857625,21600,1
covtype,cocoa_plus,full,dirichlet_1.0,10,100,1,0.01,42,2,4488,0.5159,0.6259276691062156,0.02218207013194684,0.6162002871857625,21600,1
covtype,cocoa_plus,full,dirichlet_1.0,10,100,1,0.01,42,3,793,0.4841,0.3938952460870791,-0.19999087912745023,0.6162002871857625,21600,1
covtype,cocoa_plus,full,dirichlet_1.0,10,100,1,0.01,42,4,1582,0.4841,0.4606528488944566,-0.0827583060600105,0.6162002871857625,21600,1
covtype,cocoa_plus,full,dirichlet_1.0,10,100,1,0.01,42,5,3208,0.4841,0.33118579688267685,-0.011952114022293903,0.6162002871857625,21600,1
covtype,cocoa_plus,full,dirichlet_1.0,10,100,1,0.01,42,6,6003,0.5379,0.6611666513689379,0.0720555503510788,0.6162002871857625,21600,1
covtype,cocoa_plus,full,dirichlet_1.0,10,100,1,0.01,42,7,6151,0.5159,0.27804801982954896,0.040908265517906606,0.6162002871857625,21600,1
covtype,cocoa_plus,full,dirichlet_1.0,10,100,1,0.01,42,8,3352,0.5159,0.14194577123481208,-0.03334970079142183,0.6162002871857625,21600,1
covtype,cocoa_plus,full,dirichlet_1.0,10,100,1,0.01,42,9,7195,0.5394,0.6366420702597635,0.11350368666307864,0.6162002871857625,21600,1
covtype,cocoa_plus,full,iid,10,100,1,0.01,42,0,4000,0.6553,0.7728891492300298,-0.058770381317143516,0.229777940825329,21600,1
covtype,cocoa_plus,full,iid,10,100,1,0.01,42,1,4000,0.63,0.8035031201613776,-0.03677465148025938,0.229777940825329,21600,1
covtype,cocoa_plus,full,iid,10,100,1,0.01,42,2,4000,0.6324,0.7693189227219837,-0.07884143961013612,0.229777940825329,21600,1
covtype,cocoa_plus,full,iid,10,100,1,0.01,42,3,4000,0.631,0.8032517812733283,-0.044779361433942344,0.229777940825329,21600,1
covtype,cocoa_plus,full,iid,10,100,1,0.01,42,4,4000,0.6268,0.7753327312045656,-0.055085443299473846,0.229777940825329,21600,1
covtype,cocoa_plus,full,iid,10,100,1,0.01,42,5,4000,0.6719,0.767138742319097,-0.07975094349314493,0.229777940825329,21600,1
covtype,cocoa_plus,full,iid,10,100,1,0.01,42,6,4000,0.6416,0.7802701470519567,-0.07481885315435277,0.229777940825329,21600,1
covtype,cocoa_plus,full,iid,10,100,1,0.01,42,7,4000,0.6401,0.7861653068381458,-0.05441747154328058,0.229777940825329,21600,1
covtype,cocoa_plus,full,iid,10,100,1,0.01,42,8,4000,0.6816,0.7857249266516801,-0.0766361950300547,0.229777940825329,21600,1
covtype,cocoa_plus,full,iid,10,100,1,0.01,42,9,4000,0.6291,0.7545186591333395,-0.06344063625876595,0.229777940825329,21600,1
covtype,cocoa_plus,full,label_skew,10,100,1,0.01,42,0,4109,0.5159,0.001021631063989214,-0.03470758876949291,0.6442532779387729,21600,1
covtype,cocoa_plus,full,label_skew,10,100,1,0.01,42,1,3892,0.4841,0.00320605567488073,-0.05305373704859111,0.6442532779387729,21600,1
covtype,cocoa_plus,full,label_skew,10,100,1,0.01,42,2,4109,0.5159,0.0025527944339853886,-0.050479963514560924,0.6442532779387729,21600,1
covtype,cocoa_plus,full,label_skew,10,100,1,0.01,42,3,3892,0.4841,0.001627481000885815,-0.03743887519746091,0.6442532779387729,21600,1
covtype,cocoa_plus,full,label_skew,10,100,1,0.01,42,4,4108,0.5159,0.0017982025469779456,-0.03937799460349409,0.6442532779387729,21600,1
covtype,cocoa_plus,full,label_skew,10,100,1,0.01,42,5,3892,0.4841,0.0017476670703489357,-0.03940129491201184,0.6442532779387729,21600,1
covtype,cocoa_plus,full,label_skew,10,100,1,0.01,42,6,4108,0.5159,0.0023835517046334946,-0.05047839123793502,0.6442532779387729,21600,1
covtype,cocoa_plus,full,label_skew,10,100,1,0.01,42,7,3891,0.4841,0.002423935969051193,-0.04224988699588975,0.6442532779387729,21600,1
covtype,cocoa_plus,full,label_skew,10,100,1,0.01,42,8,4108,0.5159,0.0015849008269734582,-0.039440897768906004,0.6442532779387729,21600,1
covtype,cocoa_plus,full,label_skew,10,100,1,0.01,42,9,3891,0.4841,0.0022751322965964497,-0.04143524757754925,0.6442532779387729,21600,1
covtype,cocoa_plus,random_kout,dirichlet_0.1,10,100,1,0.01,42,0,111,0.4841,1.1049220163602151,0.1061457274584684,0.5714841035830888,21600,2
covtype,cocoa_plus,random_kout,dirichlet_0.1,10,100,1,0.01,42,1,2160,0.4841,0.01825285856765575,-0.10458818747448431,0.5714841035830888,21600,2
covtype,cocoa_plus,random_kout,dirichlet_0.1,10,100,1,0.01,42,2,11171,0.4841,0.0036645571920426493,-0.018949318429052037,0.5714841035830888,21600,2
covtype,cocoa_plus,random_kout,dirichlet_0.1,10,100,1,0.01,42,3,110,0.4841,1.8715325698344096,0.8987259462732213,0.5714841035830888,21600,2
covtype,cocoa_plus,random_kout,dirichlet_0.1,10,100,1,0.01,42,4,4214,0.4841,0.04202943173847237,0.02499416447628985,0.5714841035830888,21600,2
covtype,cocoa_plus,random_kout,dirichlet_0.1,10,100,1,0.01,42,5,1,0.5159,0.6173686172627862,-0.38241415891846997,0.5714841035830888,21600,2
covtype,cocoa_plus,random_kout,dirichlet_0.1,10,100,1,0.01,42,6,302,0.5159,0.013970367046880778,-0.2699302286638592,0.5714841035830888,21600,2
covtype,cocoa_plus,random_kout,dirichlet_0.1,10,100,1,0.01,42,7,16592,0.5159,0.0005318313575388542,-0.009551064526189774,0.5714841035830888,21600,2
covtype,cocoa_plus,random_kout,dirichlet_0.1,10,100,1,0.01,42,8,1060,0.5159,0.7165854188555412,0.013170993209975723,0.5714841035830888,21600,2
covtype,cocoa_plus,random_kout,dirichlet_0.1,10,100,1,0.01,42,9,4279,0.5159,0.7312980134053505,0.016118096404337034,0.5714841035830888,21600,2
covtype,cocoa_plus,random_kout,dirichlet_0.3,10,100,1,0.01,42,0,746,0.5159,0.037062968577364186,-0.5094717670890663,0.6679711258240049,21600,2
covtype,cocoa_plus,random_kout,dirichlet_0.3,10,100,1,0.01,42,1,3023,0.4841,0.24852415809700343,-0.09346787928047279,0.6679711258240049,21600,2
covtype,cocoa_plus,random_kout,dirichlet_0.3,10,100,1,0.01,42,2,6249,0.4841,0.009815768794252012,-0.05816360255254084,0.6679711258240049,21600,2
covtype,cocoa_plus,random_kout,dirichlet_0.3,10,100,1,0.01,42,3,1084,0.5159,0.6846391231058847,-0.2433849296534254,0.6679711258240049,21600,2
covtype,cocoa_plus,random_kout,dirichlet_0.3,10,100,1,0.01,42,4,4177,0.4841,0.31977530185042535,0.03397193491057676,0.6679711258240049,21600,2
covtype,cocoa_plus,random_kout,dirichlet_0.3,10,100,1,0.01,42,5,301,0.5159,0.9404731615889982,0.29564027037678153,0.6679711258240049,21600,2
covtype,cocoa_plus,random_kout,dirichlet_0.3,10,100,1,0.01,42,6,10200,0.5159,0.005611800415962887,-0.018363778925949016,0.6679711258240049,21600,2
covtype,cocoa_plus,random_kout,dirichlet_0.3,10,100,1,0.01,42,7,4364,0.5159,0.09424990398947161,-0.05277882202670145,0.6679711258240049,21600,2
covtype,cocoa_plus,random_kout,dirichlet_0.3,10,100,1,0.01,42,8,3745,0.5395,0.6576464565253202,-0.0682474231987178,0.6679711258240049,21600,2
covtype,cocoa_plus,random_kout,dirichlet_0.3,10,100,1,0.01,42,9,6111,0.5442,0.6432388666339942,0.065010951821183,0.6679711258240049,21600,2
covtype,cocoa_plus,random_kout,dirichlet_1.0,10,100,1,0.01,42,0,4326,0.4841,0.3952596403567766,-0.007781054922016639,0.673840480076329,21600,2
covtype,cocoa_plus,random_kout,dirichlet_1.0,10,100,1,0.01,42,1,2902,0.5159,0.28312034437990435,-0.09083121352227208,0.673840480076329,21600,2
covtype,cocoa_plus,random_kout,dirichlet_1.0,10,100,1,0.01,42,2,4488,0.5159,0.6234166396641792,-0.01949847750107725,0.673840480076329,21600,2
covtype,cocoa_plus,random_kout,dirichlet_1.0,10,100,1,0.01,42,3,793,0.4841,0.3926392785029496,-0.18855159374290836,0.673840480076329,21600,2
covtype,cocoa_plus,random_kout,dirichlet_1.0,10,100,1,0.01,42,4,1582,0.4841,0.4774823604515938,-0.22879285266669364,0.673840480076329,21600,2
covtype,cocoa_plus,random_kout,dirichlet_1.0,10,100,1,0.01,42,5,3208,0.4841,0.3303356392688926,-3.312821124301646e-05,0.673840480076329,21600,2
covtype,cocoa_plus,random_kout,dirichlet_1.0,10,100,1,0.01,42,6,6003,0.5378,0.6628882050696197,0.06696283214847032,0.673840480076329,21600,2
covtype,cocoa_plus,random_kout,dirichlet_1.0,10,100,1,0.01,42,7,6151,0.5159,0.27607541182556505,0.04508314589578741,0.673840480076329,21600,2
covtype,cocoa_plus,random_kout,dirichlet_1.0,10,100,1,0.01,42,8,3352,0.5159,0.14614707597052662,-0.11466519466080094,0.673840480076329,21600,2
covtype,cocoa_plus,random_kout,dirichlet_1.0,10,100,1,0.01,42,9,7195,0.5461,0.6166714346283383,0.0722966734582956,0.673840480076329,21600,2
covtype,cocoa_plus,random_kout,iid,10,100,1,0.01,42,0,4000,0.6307,0.7629229041306783,-0.0005311579685638446,0.3590311004668545,21600,2
covtype,cocoa_plus,random_kout,iid,10,100,1,0.01,42,1,4000,0.6242,0.8434134091258558,-0.034078872064791876,0.3590311004668545,21600,2
covtype,cocoa_plus,random_kout,iid,10,100,1,0.01,42,2,4000,0.6376,0.7385350531135422,0.03769906982529214,0.3590311004668545,21600,2
covtype,cocoa_plus,random_kout,iid,10,100,1,0.01,42,3,4000,0.6296,0.834372873928944,-0.06303274562616223,0.3590311004668545,21600,2
covtype,cocoa_plus,random_kout,iid,10,100,1,0.01,42,4,4000,0.6292,0.7675058570504159,-0.06178075950265971,0.3590311004668545,21600,2
covtype,cocoa_plus,random_kout,iid,10,100,1,0.01,42,5,4000,0.629,0.7934623484078442,-0.09254469784245034,0.3590311004668545,21600,2
covtype,cocoa_plus,random_kout,iid,10,100,1,0.01,42,6,4000,0.6314,0.7709557665436568,-0.06401012039751386,0.3590311004668545,21600,2
covtype,cocoa_plus,random_kout,iid,10,100,1,0.01,42,7,4000,0.6314,0.8372912614168799,-0.05461140863983571,0.3590311004668545,21600,2
covtype,cocoa_plus,random_kout,iid,10,100,1,0.01,42,8,4000,0.6782,0.7915684301066013,-0.06055734497951293,0.3590311004668545,21600,2
covtype,cocoa_plus,random_kout,iid,10,100,1,0.01,42,9,4000,0.6325,0.7593551977175136,-0.07949270330403213,0.3590311004668545,21600,2
covtype,cocoa_plus,random_kout,label_skew,10,100,1,0.01,42,0,4109,0.5159,0.05232733565431719,-0.061503264392872896,0.7267145313542868,21600,2
covtype,cocoa_plus,random_kout,label_skew,10,100,1,0.01,42,1,3892,0.4841,0.057982467858209735,-0.09544495246480253,0.7267145313542868,21600,2
covtype,cocoa_plus,random_kout,label_skew,10,100,1,0.01,42,2,4109,0.5159,0.0,0.003915584248792287,0.7267145313542868,21600,2
covtype,cocoa_plus,random_kout,label_skew,10,100,1,0.01,42,3,3892,0.4841,0.004688615758138665,-0.09329286974393372,0.7267145313542868,21600,2
covtype,cocoa_plus,random_kout,label_skew,10,100,1,0.01,42,4,4108,0.5159,0.03335643877103271,-0.13561936069428443,0.7267145313542868,21600,2
covtype,cocoa_plus,random_kout,label_skew,10,100,1,0.01,42,5,3892,0.4841,0.017444143440735114,-0.16116005717068146,0.7267145313542868,21600,2
covtype,cocoa_plus,random_kout,label_skew,10,100,1,0.01,42,6,4108,0.5159,5.656130244737228e-06,0.00030948439286898827,0.7267145313542868,21600,2
covtype,cocoa_plus,random_kout,label_skew,10,100,1,0.01,42,7,3891,0.4841,0.001603810027151094,-0.043505644299373404,0.7267145313542868,21600,2
covtype,cocoa_plus,random_kout,label_skew,10,100,1,0.01,42,8,4108,0.5159,0.002353935871364209,-0.06988583651577047,0.7267145313542868,21600,2
covtype,cocoa_plus,random_kout,label_skew,10,100,1,0.01,42,9,3891,0.4841,0.0018309378956344125,-0.05181140241739848,0.7267145313542868,21600,2
covtype,cocoa_plus,ring,dirichlet_0.1,10,100,1,0.01,42,0,111,0.6002,0.9065274405631821,-0.09180329269765619,0.5638665668831727,21600,1
covtype,cocoa_plus,ring,dirichlet_0.1,10,100,1,0.01,42,1,2160,0.4841,0.01717390205527949,-0.10245419957916595,0.5638665668831727,21600,1
covtype,cocoa_plus,ring,dirichlet_0.1,10,100,1,0.01,42,2,11171,0.4841,0.00019885184908935487,-0.0020820380465374493,0.5638665668831727,21600,1
covtype,cocoa_plus,ring,dirichlet_0.1,10,100,1,0.01,42,3,110,0.4841,1.374093373980222,0.37544241840488435,0.5638665668831727,21600,1
covtype,cocoa_plus,ring,dirichlet_0.1,10,100,1,0.01,42,4,4214,0.4841,0.041659661850670944,-0.049182797648188385,0.5638665668831727,21600,1
covtype,cocoa_plus,ring,dirichlet_0.1,10,100,1,0.01,42,5,1,0.4841,1.912434276821751,0.9137808671561648,0.5638665668831727,21600,1
covtype,cocoa_plus,ring,dirichlet_0.1,10,100,1,0.01,42,6,302,0.5159,0.01584044620535147,-0.31254002678134163,0.5638665668831727,21600,1
covtype,cocoa_plus,ring,dirichlet_0.1,10,100,1,0.01,42,7,16592,0.5159,0.0002133790546426124,0.000459716959413188,0.5638665668831727,21600,1
covtype,cocoa_plus,ring,dirichlet_0.1,10,100,1,0.01,42,8,1060,0.5159,0.7196992113811561,-0.07973099736364953,0.5638665668831727,21600,1
covtype,cocoa_plus,ring,dirichlet_0.1,10,100,1,0.01,42,9,4279,0.5159,0.7324638496142573,0.028997488835850516,0.5638665668831727,21600,1
covtype,cocoa_plus,ring,dirichlet_0.3,10,100,1,0.01,42,0,746,0.5159,0.06610134036815009,-0.5041696060381767,0.6409374723929833,21600,1
covtype,cocoa_plus,ring,dirichlet_0.3,10,100,1,0.01,42,1,3023,0.4841,0.25023505231331655,-0.0688628104394367,0.6409374723929833,21600,1
covtype,cocoa_plus,ring,dirichlet_0.3,10,100,1,0.01,42,2,6249,0.4841,0.003764273725089873,-0.027389833189811235,0.6409374723929833,21600,1
covtype,cocoa_plus,ring,dirichlet_0.3,10,100,1,0.01,42,3,1084,0.5159,0.7126289288624263,-0.25130695217908816,0.6409374723929833,21600,1
covtype,cocoa_plus,ring,dirichlet_0.3,10,100,1,0.01,42,4,4177,0.4841,0.32216117182735066,-0.050729705610313924,0.6409374723929833,21600,1
covtype,cocoa_plus,ring,dirichlet_0.3,10,100,1,0.01,42,5,301,0.4841,1.028807471231559,0.0314019578221868,0.6409374723929833,21600,1
covtype,cocoa_plus,ring,dirichlet_0.3,10,100,1,0.01,42,6,10200,0.5159,0.0031917150957392415,-0.010116650399636447,0.6409374723929833,21600,1
covtype,cocoa_plus,ring,dirichlet_0.3,10,100,1,0.01,42,7,4364,0.5159,0.09391316193057805,-0.015112237890333224,0.6409374723929833,21600,1
covtype,cocoa_plus,ring,dirichlet_0.3,10,100,1,0.01,42,8,3745,0.5397,0.6559992921042349,-0.015777468489508117,0.6409374723929833,21600,1
covtype,cocoa_plus,ring,dirichlet_0.3,10,100,1,0.01,42,9,6111,0.5406,0.6434512390310356,0.05203136120027452,0.6409374723929833,21600,1
covtype,cocoa_plus,ring,dirichlet_1.0,10,100,1,0.01,42,0,4326,0.4842,0.3918159605894545,-0.01230153462135114,0.6165167553811376,21600,1
covtype,cocoa_plus,ring,dirichlet_1.0,10,100,1,0.01,42,1,2902,0.5159,0.28014990934819284,-0.0608531867046227,0.6165167553811376,21600,1
covtype,cocoa_plus,ring,dirichlet_1.0,10,100,1,0.01,42,2,4488,0.5159,0.6273753174418546,0.04294358984694202,0.6165167553811376,21600,1
covtype,cocoa_plus,ring,dirichlet_1.0,10,100,1,0.01,42,3,793,0.4841,0.3983612221851806,-0.24487825454257744,0.6165167553811376,21600,1
covtype,cocoa_plus,ring,dirichlet_1.0,10,100,1,0.01,42,4,1582,0.4841,0.4627800859160293,0.02221689184283515,0.6165167553811376,21600,1
covtype,cocoa_plus,ring,dirichlet_1.0,10,100,1,0.01,42,5,3208,0.4841,0.32883428671397863,-0.01713099188768019,0.6165167553811376,21600,1
covtype,cocoa_plus,ring,dirichlet_1.0,10,100,1,0.01,42,6,6003,0.501,0.671335880887737,0.07103859342458041,0.6165167553811376,21600,1
covtype,cocoa_plus,ring,dirichlet_1.0,10,100,1,0.01,42,7,6151,0.5159,0.27784112954898504,0.02438076612063661,0.6165167553811376,21600,1
covtype,cocoa_plus,ring,dirichlet_1.0,10,100,1,0.01,42,8,3352,0.5159,0.1405034291360146,0.002208678941191644,0.6165167553811376,21600,1
covtype,cocoa_plus,ring,dirichlet_1.0,10,100,1,0.01,42,9,7195,0.5115,0.639852926659401,0.12391319885437091,0.6165167553811376,21600,1
covtype,cocoa_plus,ring,iid,10,100,1,0.01,42,0,4000,0.6322,0.779196532331511,-0.07171908239605462,0.20990623012280687,21600,1
covtype,cocoa_plus,ring,iid,10,100,1,0.01,42,1,4000,0.6298,0.8035399380227002,-0.06822581717369358,0.20990623012280687,21600,1
covtype,cocoa_plus,ring,iid,10,100,1,0.01,42,2,4000,0.6285,0.7668586171857966,-0.05938802902324791,0.20990623012280687,21600,1
covtype,cocoa_plus,ring,iid,10,100,1,0.01,42,3,4000,0.6291,0.79396387553801,-0.06799718909762109,0.20990623012280687,21600,1
covtype,cocoa_plus,ring,iid,10,100,1,0.01,42,4,4000,0.6281,0.7741888173778453,-0.06565883074414158,0.20990623012280687,21600,1
covtype,cocoa_plus,ring,iid,10,100,1,0.01,42,5,4000,0.629,0.765736517354653,-0.05271972403408376,0.20990623012280687,21600,1
covtype,cocoa_plus,ring,iid,10,100,1,0.01,42,6,4000,0.6412,0.7754674058137908,-0.07858361038943962,0.20990623012280687,21600,1
covtype,cocoa_plus,ring,iid,10,100,1,0.01,42,7,4000,0.6793,0.7869064078409258,-0.08795551249053102,0.20990623012280687,21600,1
covtype,cocoa_plus,ring,iid,10,100,1,0.01,42,8,4000,0.6546,0.786594607781879,-0.08544301356709716,0.20990623012280687,21600,1
covtype,cocoa_plus,ring,iid,10,100,1,0.01,42,9,4000,0.6289,0.7455694607622131,-0.06011906186471394,0.20990623012280687,21600,1
covtype,cocoa_plus,ring,label_skew,10,100,1,0.01,42,0,4109,0.6261,0.5542589758562851,0.674582273297791,0.3321862127284728,21600,1
covtype,cocoa_plus,ring,label_skew,10,100,1,0.01,42,1,3892,0.5627,0.4496483743681655,0.5735720713475417,0.3321862127284728,21600,1
covtype,cocoa_plus,ring,label_skew,10,100,1,0.01,42,2,4109,0.6322,0.7013682125518129,0.9940651126586633,0.3321862127284728,21600,1
covtype,cocoa_plus,ring,label_skew,10,100,1,0.01,42,3,3892,0.633,0.9882057266351191,1.227856383062535,0.3321862127284728,21600,1
covtype,cocoa_plus,ring,label_skew,10,100,1,0.01,42,4,4108,0.6301,0.7654973240449982,1.0142175003817466,0.3321862127284728,21600,1
covtype,cocoa_plus,ring,label_skew,10,100,1,0.01,42,5,3892,0.6302,0.8622844166421462,1.1646274006417394,0.3321862127284728,21600,1
covtype,cocoa_plus,ring,label_skew,10,100,1,0.01,42,6,4108,0.6423,0.9061138160613265,1.2815727155859735,0.3321862127284728,21600,1
covtype,cocoa_plus,ring,label_skew,10,100,1,0.01,42,7,3891,0.6297,1.1856231305448277,1.5059418245438652,0.3321862127284728,21600,1
covtype,cocoa_plus,ring,label_skew,10,100,1,0.01,42,8,4108,0.6355,0.7640626227833133,0.9942170440926085,0.3321862127284728,21600,1
covtype,cocoa_plus,ring,label_skew,10,100,1,0.01,42,9,3891,0.5786,0.4408639425588907,0.5638142346669646,0.3321862127284728,21600,1
covtype,cocoa,random_kout,dirichlet_0.1,10,100,1,0.01,42,0,111,0.5558,0.980343695927057,-0.018472834372376234,0.5636324207258375,21600,2
covtype,cocoa,random_kout,dirichlet_0.1,10,100,1,0.01,42,1,2160,0.4841,0.018447447398993726,-0.08758263725019494,0.5636324207258375,21600,2
covtype,cocoa,random_kout,dirichlet_0.1,10,100,1,0.01,42,2,11171,0.4841,0.006752754532095671,-0.013177449712245175,0.5636324207258375,21600,2
covtype,cocoa,random_kout,dirichlet_0.1,10,100,1,0.01,42,3,110,0.4841,1.7656204384033825,0.7678433311599456,0.5636324207258375,21600,2
covtype,cocoa,random_kout,dirichlet_0.1,10,100,1,0.01,42,4,4214,0.4841,0.04935826696447579,0.03437176398461308,0.5636324207258375,21600,2
covtype,cocoa,random_kout,dirichlet_0.1,10,100,1,0.01,42,5,1,0.5159,0.6395802851918526,-0.3602259780716205,0.5636324207258375,21600,2
covtype,cocoa,random_kout,dirichlet_0.1,10,100,1,0.01,42,6,302,0.5159,0.01566166033327284,-0.3611105713084362,0.5636324207258375,21600,2
covtype,cocoa,random_kout,dirichlet_0.1,10,100,1,0.01,42,7,16592,0.5159,0.0005965520793376403,-0.008641599304169268,0.5636324207258375,21600,2
covtype,cocoa,random_kout,dirichlet_0.1,10,100,1,0.01,42,8,1060,0.5159,0.7207679933619324,0.016237908762075204,0.5636324207258375,21600,2
covtype,cocoa,random_kout,dirichlet_0.1,10,100,1,0.01,42,9,4279,0.5159,0.7399186357486046,0.3065474212738906,0.5636324207258375,21600,2
covtype,cocoa,random_kout,dirichlet_0.3,10,100,1,0.01,42,0,746,0.5159,0.046713530496752344,-0.564819003155552,0.6119519061741199,21600,2
covtype,cocoa,random_kout,dirichlet_0.3,10,100,1,0.01,42,1,3023,0.4841,0.25249893033050164,-0.03515711882575834,0.6119519061741199,21600,2
covtype,cocoa,random_kout,dirichlet_0.3,10,100,1,0.01,42,2,6249,0.4841,0.01946155694894775,-0.04784304050721746,0.6119519061741199,21600,2
covtype,cocoa,random_kout,dirichlet_0.3,10,100,1,0.01,42,3,1084,0.5159,0.674743526741796,-0.18517662626501885,0.6119519061741199,21600,2
covtype,cocoa,random_kout,dirichlet_0.3,10,100,1,0.01,42,4,4177,0.4841,0.3266894538220224,0.23838305317414443,0.6119519061741199,21600,2
covtype,cocoa,random_kout,dirichlet_0.3,10,100,1,0.01,42,5,301,0.5159,0.9481748543033643,0.33634451866338444,0.6119519061741199,21600,2
covtype,cocoa,random_kout,dirichlet_0.3,10,100,1,0.01,42,6,10200,0.5159,0.004173141488173486,-0.01754556924640743,0.6119519061741199,21600,2
covtype,cocoa,random_kout,dirichlet_0.3,10,100,1,0.01,42,7,4364,0.5159,0.09418350600431459,-0.04541155862055406,0.6119519061741199,21600,2
covtype,cocoa,random_kout,dirichlet_0.3,10,100,1,0.01,42,8,3745,0.4967,0.6780210133770582,0.21420176723226364,0.6119519061741199,21600,2
covtype,cocoa,random_kout,dirichlet_0.3,10,100,1,0.01,42,9,6111,0.495,0.6654136210001195,0.3482293547058527,0.6119519061741199,21600,2
covtype,cocoa,random_kout,dirichlet_1.0,10,100,1,0.01,42,0,4326,0.4841,0.39860465310307464,0.11057132952810667,0.5873027878910226,21600,2
covtype,cocoa,random_kout,dirichlet_1.0,10,100,1,0.01,42,1,2902,0.5159,0.2863090418593004,-0.03556852352940226,0.5873027878910226,21600,2
covtype,cocoa,random_kout,dirichlet_1.0,10,100,1,0.01,42,2,4488,0.5159,0.6344305896943064,0.2834251288907538,0.5873027878910226,21600,2
covtype,cocoa,random_kout,dirichlet_1.0,10,100,1,0.01,42,3,793,0.4841,0.39046044393439994,-0.19566273113954324,0.5873027878910226,21600,2
covtype,cocoa,random_kout,dirichlet_1.0,10,100,1,0.01,42,4,1582,0.4841,0.48217266011988147,-0.15286725795060707,0.5873027878910226,21600,2
covtype,cocoa,random_kout,dirichlet_1.0,10,100,1,0.01,42,5,3208,0.4841,0.3325744079340996,0.089574847921298,0.5873027878910226,21600,2
covtype,cocoa,random_kout,dirichlet_1.0,10,100,1,0.01,42,6,6003,0.4842,0.6824852666773679,0.36102975802756865,0.5873027878910226,21600,2
covtype,cocoa,random_kout,dirichlet_1.0,10,100,1,0.01,42,7,6151,0.5159,0.27703482868018847,0.12086104752085028,0.5873027878910226,21600,2
covtype,cocoa,random_kout,dirichlet_1.0,10,100,1,0.01,42,8,3352,0.5159,0.144488024833688,-0.051006807479181654,0.5873027878910226,21600,2
covtype,cocoa,random_kout,dirichlet_1.0,10,100,1,0.01,42,9,7195,0.5305,0.644699005151994,0.3578108921214553,0.5873027878910226,21600,2
covtype,cocoa,random_kout,iid,10,100,1,0.01,42,0,4000,0.6255,0.7886430408189458,0.2789863219562886,0.2911408297160632,21600,2
covtype,cocoa,random_kout,iid,10,100,1,0.01,42,1,4000,0.5944,0.8744086830896775,0.32785439829509455,0.2911408297160632,21600,2
covtype,cocoa,random_kout,iid,10,100,1,0.01,42,2,4000,0.6214,0.7760875445618278,0.3710043874464559,0.2911408297160632,21600,2
covtype,cocoa,random_kout,iid,10,100,1,0.01,42,3,4000,0.6242,0.85678077332816,0.3048517211879809,0.2911408297160632,21600,2
covtype,cocoa,random_kout,iid,10,100,1,0.01,42,4,4000,0.6281,0.828654950642281,0.39609412964281177,0.2911408297160632,21600,2
covtype,cocoa,random_kout,iid,10,100,1,0.01,42,5,4000,0.5733,0.8214488345749478,0.125282901656109,0.2911408297160632,21600,2
covtype,cocoa,random_kout,iid,10,100,1,0.01,42,6,4000,0.629,0.8235177229504236,0.2814984892542971,0.2911408297160632,21600,2
covtype,cocoa,random_kout,iid,10,100,1,0.01,42,7,4000,0.6289,0.8672020012303955,0.1680434121987604,0.2911408297160632,21600,2
covtype,cocoa,random_kout,iid,10,100,1,0.01,42,8,4000,0.6137,0.830422105129325,0.28335523976412536,0.2911408297160632,21600,2
covtype,cocoa,random_kout,iid,10,100,1,0.01,42,9,4000,0.6304,0.8008060985408477,0.2648829263181013,0.2911408297160632,21600,2
covtype,cocoa,random_kout,label_skew,10,100,1,0.01,42,0,4109,0.5159,0.10804756788959693,-0.007052318781985895,0.6799411145982526,21600,2
covtype,cocoa,random_kout,label_skew,10,100,1,0.01,42,1,3892,0.4845,0.1124935115541186,-0.03868323337398752,0.6799411145982526,21600,2
covtype,cocoa,random_kout,label_skew,10,100,1,0.01,42,2,4109,0.5159,0.00011022762888253105,-0.03562863671538776,0.6799411145982526,21600,2
covtype,cocoa,random_kout,label_skew,10,100,1,0.01,42,3,3892,0.4841,0.006731376959801771,-0.10171307224194803,0.6799411145982526,21600,2
covtype,cocoa,random_kout,label_skew,10,100,1,0.01,42,4,4108,0.5159,0.06573999997719802,-0.09249435707303576,0.6799411145982526,21600,2
covtype,cocoa,random_kout,label_skew,10,100,1,0.01,42,5,3892,0.4841,0.016656813616525205,-0.14867199860875258,0.6799411145982526,21600,2
covtype,cocoa,random_kout,label_skew,10,100,1,0.01,42,6,4108,0.5159,4.8651836697702556e-05,-0.00638896287429698,0.6799411145982526,21600,2
covtype,cocoa,random_kout,label_skew,10,100,1,0.01,42,7,3891,0.4841,0.002087691840843895,-0.05175741063790971,0.6799411145982526,21600,2
covtype,cocoa,random_kout,label_skew,10,100,1,0.01,42,8,4108,0.5159,0.00339385630910205,-0.06390076916943027,0.6799411145982526,21600,2
covtype,cocoa,random_kout,label_skew,10,100,1,0.01,42,9,3891,0.4841,0.002639619844090634,-0.05291484647751196,0.6799411145982526,21600,2
covtype,cocoa,ring,dirichlet_0.1,10,100,1,0.01,42,0,111,0.5675,0.9207107053924417,-0.07788273178798322,0.550543779801004,21600,1
covtype,cocoa,ring,dirichlet_0.1,10,100,1,0.01,42,1,2160,0.4841,0.01700947371781398,-0.08462552855400785,0.550543779801004,21600,1
covtype,cocoa,ring,dirichlet_0.1,10,100,1,0.01,42,2,11171,0.4841,0.00028795321872839333,-0.005650318185204022,0.550543779801004,21600,1
covtype,cocoa,ring,dirichlet_0.1,10,100,1,0.01,42,3,110,0.4841,1.609552064912443,0.6113390278823132,0.550543779801004,21600,1
covtype,cocoa,ring,dirichlet_0.1,10,100,1,0.01,42,4,4214,0.4841,0.04230842925196505,-0.028423519917376523,0.550543779801004,21600,1
covtype,cocoa,ring,dirichlet_0.1,10,100,1,0.01,42,5,1,0.4841,1.7394354255588427,0.7403215684989675,0.550543779801004,21600,1
covtype,cocoa,ring,dirichlet_0.1,10,100,1,0.01,42,6,302,0.5159,0.01389142255005624,-0.2797302315497935,0.550543779801004,21600,1
covtype,cocoa,ring,dirichlet_0.1,10,100,1,0.01,42,7,16592,0.5159,0.00018477398455820675,-0.0003006361776269734,0.550543779801004,21600,1
covtype,cocoa,ring,dirichlet_0.1,10,100,1,0.01,42,8,1060,0.5159,0.7230786123069888,-0.08125869196388158,0.550543779801004,21600,1
covtype,cocoa,ring,dirichlet_0.1,10,100,1,0.01,42,9,4279,0.5159,0.7405960205829485,0.3188085656848601,0.550543779801004,21600,1
covtype,cocoa,ring,dirichlet_0.3,10,100,1,0.01,42,0,746,0.5159,0.03350082725898853,-0.44341311388679233,0.570155426017559,21600,1
covtype,cocoa,ring,dirichlet_0.3,10,100,1,0.01,42,1,3023,0.4841,0.2503432049083137,0.018436887476900782,0.570155426017559,21600,1
covtype,cocoa,ring,dirichlet_0.3,10,100,1,0.01,42,2,6249,0.4841,0.004815012627868867,-0.025781294204678555,0.570155426017559,21600,1
covtype,cocoa,ring,dirichlet_0.3,10,100,1,0.01,42,3,1084,0.5159,0.7199458440856242,-0.21216891372438074,0.570155426017559,21600,1
covtype,cocoa,ring,dirichlet_0.3,10,100,1,0.01,42,4,4177,0.4841,0.32554575784566375,0.07607037804182121,0.570155426017559,21600,1
covtype,cocoa,ring,dirichlet_0.3,10,100,1,0.01,42,5,301,0.4841,1.0214232644420316,0.022557558988394733,0.570155426017559,21600,1
covtype,cocoa,ring,dirichlet_0.3,10,100,1,0.01,42,6,10200,0.5159,0.0033063124548636776,-0.007013385632563019,0.570155426017559,21600,1
covtype,cocoa,ring,dirichlet_0.3,10,100,1,0.01,42,7,4364,0.5159,0.09457973314951364,0.019830702195473116,0.570155426017559,21600,1
covtype,cocoa,ring,dirichlet_0.3,10,100,1,0.01,42,8,3745,0.4878,0.6795589222014462,0.2503390299442472,0.570155426017559,21600,1
covtype,cocoa,ring,dirichlet_0.3,10,100,1,0.01,42,9,6111,0.4858,0.6658481197454188,0.3396752440891915,0.570155426017559,21600,1
covtype,cocoa,ring,dirichlet_1.0,10,100,1,0.01,42,0,4326,0.4841,0.3966087603333977,0.14158702465054324,0.577985174783843,21600,1
covtype,cocoa,ring,dirichlet_1.0,10,100,1,0.01,42,1,2902,0.5159,0.28143246931779425,0.05092019368188941,0.577985174783843,21600,1
covtype,cocoa,ring,dirichlet_1.0,10,100,1,0.01,42,2,4488,0.5159,0.6321421338094474,0.26427725334169205,0.577985174783843,21600,1
covtype,cocoa,ring,dirichlet_1.0,10,100,1,0.01,42,3,793,0.4841,0.3990492856062973,-0.26223264661618567,0.577985174783843,21600,1
covtype,cocoa,ring,dirichlet_1.0,10,100,1,0.01,42,4,1582,0.4841,0.4626464870489506,0.061359705672991094,0.577985174783843,21600,1
covtype,cocoa,ring,dirichlet_1.0,10,100,1,0.01,42,5,3208,0.4841,0.3314308807967867,0.095358944730243,0.577985174783843,21600,1
covtype,cocoa,ring,dirichlet_1.0,10,100,1,0.01,42,6,6003,0.4841,0.6900402334116349,0.36069348290080777,0.577985174783843,21600,1
covtype,cocoa,ring,dirichlet_1.0,10,100,1,0.01,42,7,6151,0.5159,0.2783381699635286,0.13083590905871292,0.577985174783843,21600,1
covtype,cocoa,ring,dirichlet_1.0,10,100,1,0.01,42,8,3352,0.5159,0.1410575732237742,0.048131260069294704,0.577985174783843,21600,1
covtype,cocoa,ring,dirichlet_1.0,10,100,1,0.01,42,9,7195,0.4841,0.6590303745950109,0.4000106645317328,0.577985174783843,21600,1
covtype,cocoa,ring,iid,10,100,1,0.01,42,0,4000,0.6297,0.8289211356518456,0.2862072908756781,0.18207191498976347,21600,1
covtype,cocoa,ring,iid,10,100,1,0.01,42,1,4000,0.6323,0.8483350904427807,0.30114807300433155,0.18207191498976347,21600,1
covtype,cocoa,ring,iid,10,100,1,0.01,42,2,4000,0.5897,0.806724913157904,0.25979525242874935,0.18207191498976347,21600,1
covtype,cocoa,ring,iid,10,100,1,0.01,42,3,4000,0.6304,0.8279558291145436,0.29041177104000426,0.18207191498976347,21600,1
covtype,cocoa,ring,iid,10,100,1,0.01,42,4,4000,0.6129,0.8030938440252224,0.26657969489910394,0.18207191498976347,21600,1
covtype,cocoa,ring,iid,10,100,1,0.01,42,5,4000,0.6139,0.7970191458754238,0.2518128973489532,0.18207191498976347,21600,1
covtype,cocoa,ring,iid,10,100,1,0.01,42,6,4000,0.6326,0.8278762926141103,0.2836969414026944,0.18207191498976347,21600,1
covtype,cocoa,ring,iid,10,100,1,0.01,42,7,4000,0.6296,0.8450396070506714,0.29289910096044813,0.18207191498976347,21600,1
covtype,cocoa,ring,iid,10,100,1,0.01,42,8,4000,0.6291,0.8326386920088367,0.2902737998713599,0.18207191498976347,21600,1
covtype,cocoa,ring,iid,10,100,1,0.01,42,9,4000,0.6245,0.7828730935974231,0.24232709919440276,0.18207191498976347,21600,1
covtype,cocoa,ring,label_skew,10,100,1,0.01,42,0,4109,0.5604,0.5434475613952281,0.4343894457998295,0.22879375135768645,21600,1
covtype,cocoa,ring,label_skew,10,100,1,0.01,42,1,3892,0.6845,0.809048039454541,0.7017655975529853,0.22879375135768645,21600,1
covtype,cocoa,ring,label_skew,10,100,1,0.01,42,2,4109,0.6291,0.7506837753500502,0.692130164729801,0.22879375135768645,21600,1
covtype,cocoa,ring,label_skew,10,100,1,0.01,42,3,3892,0.626,0.8770812008441209,0.7872734668459861,0.22879375135768645,21600,1
covtype,cocoa,ring,label_skew,10,100,1,0.01,42,4,4108,0.6199,1.0600433709599377,0.9816064825113127,0.22879375135768645,21600,1
covtype,cocoa,ring,label_skew,10,100,1,0.01,42,5,3892,0.626,0.8212269252055945,0.7454340927416682,0.22879375135768645,21600,1
covtype,cocoa,ring,label_skew,10,100,1,0.01,42,6,4108,0.5975,0.9607315951983031,0.9101267025457123,0.22879375135768645,21600,1
covtype,cocoa,ring,label_skew,10,100,1,0.01,42,7,3891,0.6273,0.965548903908009,0.89242417403069,0.22879375135768645,21600,1
covtype,cocoa,ring,label_skew,10,100,1,0.01,42,8,4108,0.6304,0.7154541736865723,0.6399946041238687,0.22879375135768645,21600,1
covtype,cocoa,ring,label_skew,10,100,1,0.01,42,9,3891,0.5511,0.40524418939173706,0.2924109180383249,0.22879375135768645,21600,1
covtype,fdr_svm,full,dirichlet_0.1,10,100,1,0.01,42,0,111,0.5159,0.0,nan,0.7080928105306301,21600,1
covtype,fdr_svm,full,dirichlet_0.1,10,100,1,0.01,42,1,2160,0.4841,0.01858920895551404,nan,0.7080928105306301,21600,1
covtype,fdr_svm,full,dirichlet_0.1,10,100,1,0.01,42,2,11171,0.4841,0.026933056752291015,nan,0.7080928105306301,21600,1
covtype,fdr_svm,full,dirichlet_0.1,10,100,1,0.01,42,3,110,0.5159,0.10521852899230603,nan,0.7080928105306301,21600,1
covtype,fdr_svm,full,dirichlet_0.1,10,100,1,0.01,42,4,4214,0.5159,2.1228644359448037,nan,0.7080928105306301,21600,1
covtype,fdr_svm,full,dirichlet_0.1,10,100,1,0.01,42,5,1,0.5159,0.0,nan,0.7080928105306301,21600,1
covtype,fdr_svm,full,dirichlet_0.1,10,100,1,0.01,42,6,302,0.4841,2.3127746183999673,nan,0.7080928105306301,21600,1
covtype,fdr_svm,full,dirichlet_0.1,10,100,1,0.01,42,7,16592,0.5159,0.00017075626348804488,nan,0.7080928105306301,21600,1
covtype,fdr_svm,full,dirichlet_0.1,10,100,1,0.01,42,8,1060,0.5159,0.7303985400106815,nan,0.7080928105306301,21600,1
covtype,fdr_svm,full,dirichlet_0.1,10,100,1,0.01,42,9,4279,0.5159,0.7447543245388368,nan,0.7080928105306301,21600,1
covtype,fdr_svm,full,dirichlet_0.3,10,100,1,0.01,42,0,746,0.5159,0.0,nan,0.5762464290178456,21600,1
covtype,fdr_svm,full,dirichlet_0.3,10,100,1,0.01,42,1,3023,0.4901,0.26606066304707854,nan,0.5762464290178456,21600,1
covtype,fdr_svm,full,dirichlet_0.3,10,100,1,0.01,42,2,6249,0.5029,0.047600977597369316,nan,0.5762464290178456,21600,1
covtype,fdr_svm,full,dirichlet_0.3,10,100,1,0.01,42,3,1084,0.5159,0.676103495667877,nan,0.5762464290178456,21600,1
covtype,fdr_svm,full,dirichlet_0.3,10,100,1,0.01,42,4,4177,0.5175,1.2718947670735687,nan,0.5762464290178456,21600,1
covtype,fdr_svm,full,dirichlet_0.3,10,100,1,0.01,42,5,301,0.5159,1.7169379858276386,nan,0.5762464290178456,21600,1
covtype,fdr_svm,full,dirichlet_0.3,10,100,1,0.01,42,6,10200,0.5159,0.04280286545079243,nan,0.5762464290178456,21600,1
covtype,fdr_svm,full,dirichlet_0.3,10,100,1,0.01,42,7,4364,0.5159,0.14571445116107667,nan,0.5762464290178456,21600,1
covtype,fdr_svm,full,dirichlet_0.3,10,100,1,0.01,42,8,3745,0.5159,1.3699762714272903,nan,0.5762464290178456,21600,1
covtype,fdr_svm,full,dirichlet_0.3,10,100,1,0.01,42,9,6111,0.5406,0.67960433368674,nan,0.5762464290178456,21600,1
covtype,fdr_svm,full,dirichlet_1.0,10,100,1,0.01,42,0,4326,0.516,0.4160173117122658,nan,0.5032680852100605,21600,1
covtype,fdr_svm,full,dirichlet_1.0,10,100,1,0.01,42,1,2902,0.5159,0.29173767075589985,nan,0.5032680852100605,21600,1
covtype,fdr_svm,full,dirichlet_1.0,10,100,1,0.01,42,2,4488,0.6631,0.8554112650378294,nan,0.5032680852100605,21600,1
covtype,fdr_svm,full,dirichlet_1.0,10,100,1,0.01,42,3,793,0.5145,0.38740808663896253,nan,0.5032680852100605,21600,1
covtype,fdr_svm,full,dirichlet_1.0,10,100,1,0.01,42,4,1582,0.5159,1.4150402516686056,nan,0.5032680852100605,21600,1
covtype,fdr_svm,full,dirichlet_1.0,10,100,1,0.01,42,5,3208,0.6469,0.6991922209498161,nan,0.5032680852100605,21600,1
covtype,fdr_svm,full,dirichlet_1.0,10,100,1,0.01,42,6,6003,0.5448,0.6570745144308007,nan,0.5032680852100605,21600,1
covtype,fdr_svm,full,dirichlet_1.0,10,100,1,0.01,42,7,6151,0.5159,0.33252399396022553,nan,0.5032680852100605,21600,1
covtype,fdr_svm,full,dirichlet_1.0,10,100,1,0.01,42,8,3352,0.5998,0.5309942967901297,nan,0.5032680852100605,21600,1
covtype,fdr_svm,full,dirichlet_1.0,10,100,1,0.01,42,9,7195,0.5462,0.6201843310652331,nan,0.5032680852100605,21600,1
covtype,fdr_svm,full,iid,10,100,1,0.01,42,0,4000,0.6642,0.7387739020806742,nan,0.18858007932473736,21600,1
covtype,fdr_svm,full,iid,10,100,1,0.01,42,1,4000,0.6873,0.760496190279418,nan,0.18858007932473736,21600,1
covtype,fdr_svm,full,iid,10,100,1,0.01,42,2,4000,0.6822,0.7305690528997852,nan,0.18858007932473736,21600,1
covtype,fdr_svm,full,iid,10,100,1,0.01,42,3,4000,0.674,0.7659415449668259,nan,0.18858007932473736,21600,1
covtype,fdr_svm,full,iid,10,100,1,0.01,42,4,4000,0.6942,0.7422235720936774,nan,0.18858007932473736,21600,1
covtype,fdr_svm,full,iid,10,100,1,0.01,42,5,4000,0.6763,0.7287163200047617,nan,0.18858007932473736,21600,1
covtype,fdr_svm,full,iid,10,100,1,0.01,42,6,4000,0.6568,0.7497557145134204,nan,0.18858007932473736,21600,1
covtype,fdr_svm,full,iid,10,100,1,0.01,42,7,4000,0.6758,0.7372391460616096,nan,0.18858007932473736,21600,1
covtype,fdr_svm,full,iid,10,100,1,0.01,42,8,4000,0.6899,0.7355249128074094,nan,0.18858007932473736,21600,1
covtype,fdr_svm,full,iid,10,100,1,0.01,42,9,4000,0.689,0.7029862546825121,nan,0.18858007932473736,21600,1
covtype,fdr_svm,full,label_skew,10,100,1,0.01,42,0,4109,0.5159,0.0,nan,1.019998571619977,21600,1
covtype,fdr_svm,full,label_skew,10,100,1,0.01,42,1,3892,0.4841,0.0,nan,1.019998571619977,21600,1
covtype,fdr_svm,full,label_skew,10,100,1,0.01,42,2,4109,0.6305,0.5585927888694626,nan,1.019998571619977,21600,1
covtype,fdr_svm,full,label_skew,10,100,1,0.01,42,3,3892,0.4841,0.0,nan,1.019998571619977,21600,1
covtype,fdr_svm,full,label_skew,10,100,1,0.01,42,4,4108,0.63,0.5651868057511171,nan,1.019998571619977,21600,1
covtype,fdr_svm,full,label_skew,10,100,1,0.01,42,5,3892,0.4841,1.8277732983284462e-05,nan,1.019998571619977,21600,1
covtype,fdr_svm,full,label_skew,10,100,1,0.01,42,6,4108,0.5159,0.0,nan,1.019998571619977,21600,1
covtype,fdr_svm,full,label_skew,10,100,1,0.01,42,7,3891,0.6208,0.6284980746729568,nan,1.019998571619977,21600,1
covtype,fdr_svm,full,label_skew,10,100,1,0.01,42,8,4108,0.6061,0.44511957905336336,nan,1.019998571619977,21600,1
covtype,fdr_svm,full,label_skew,10,100,1,0.01,42,9,3891,0.4841,0.0,nan,1.019998571619977,21600,1
covtype,fdr_svm,random_kout,dirichlet_0.1,10,100,1,0.01,42,0,111,0.5159,0.0,nan,0.9581176867849767,21600,2
covtype,fdr_svm,random_kout,dirichlet_0.1,10,100,1,0.01,42,1,2160,0.4841,0.019410073577053204,nan,0.9581176867849767,21600,2
covtype,fdr_svm,random_kout,dirichlet_0.1,10,100,1,0.01,42,2,11171,0.5159,3.11081677968773,nan,0.9581176867849767,21600,2
covtype,fdr_svm,random_kout,dirichlet_0.1,10,100,1,0.01,42,3,110,0.4841,1.9912909172378948,nan,0.9581176867849767,21600,2
covtype,fdr_svm,random_kout,dirichlet_0.1,10,100,1,0.01,42,4,4214,0.4841,0.045614283318557866,nan,0.9581176867849767,21600,2
covtype,fdr_svm,random_kout,dirichlet_0.1,10,100,1,0.01,42,5,1,0.5159,0.0,nan,0.9581176867849767,21600,2
covtype,fdr_svm,random_kout,dirichlet_0.1,10,100,1,0.01,42,6,302,0.5572,0.12001947380194719,nan,0.9581176867849767,21600,2
covtype,fdr_svm,random_kout,dirichlet_0.1,10,100,1,0.01,42,7,16592,0.5159,0.0002104258520835813,nan,0.9581176867849767,21600,2
covtype,fdr_svm,random_kout,dirichlet_0.1,10,100,1,0.01,42,8,1060,0.5572,0.6840176643359052,nan,0.9581176867849767,21600,2
covtype,fdr_svm,random_kout,dirichlet_0.1,10,100,1,0.01,42,9,4279,0.5572,0.6888252913272016,nan,0.9581176867849767,21600,2
covtype,fdr_svm,random_kout,dirichlet_0.3,10,100,1,0.01,42,0,746,0.5159,0.0,nan,0.6512795659745302,21600,2
covtype,fdr_svm,random_kout,dirichlet_0.3,10,100,1,0.01,42,1,3023,0.5111,0.2688262448978637,nan,0.6512795659745302,21600,2
covtype,fdr_svm,random_kout,dirichlet_0.3,10,100,1,0.01,42,2,6249,0.5654,0.37741711504297987,nan,0.6512795659745302,21600,2
covtype,fdr_svm,random_kout,dirichlet_0.3,10,100,1,0.01,42,3,1084,0.5204,1.2111933318712043,nan,0.6512795659745302,21600,2
covtype,fdr_svm,random_kout,dirichlet_0.3,10,100,1,0.01,42,4,4177,0.5292,0.3225263467992728,nan,0.6512795659745302,21600,2
covtype,fdr_svm,random_kout,dirichlet_0.3,10,100,1,0.01,42,5,301,0.5189,0.8635721947406844,nan,0.6512795659745302,21600,2
covtype,fdr_svm,random_kout,dirichlet_0.3,10,100,1,0.01,42,6,10200,0.5227,0.08748307184283803,nan,0.6512795659745302,21600,2
covtype,fdr_svm,random_kout,dirichlet_0.3,10,100,1,0.01,42,7,4364,0.5159,0.1196505865203223,nan,0.6512795659745302,21600,2
covtype,fdr_svm,random_kout,dirichlet_0.3,10,100,1,0.01,42,8,3745,0.5407,0.7008013198681111,nan,0.6512795659745302,21600,2
covtype,fdr_svm,random_kout,dirichlet_0.3,10,100,1,0.01,42,9,6111,0.5149,0.6639650866472082,nan,0.6512795659745302,21600,2
covtype,fdr_svm,random_kout,dirichlet_1.0,10,100,1,0.01,42,0,4326,0.4847,0.3935681797626332,nan,0.8392582435306627,21600,2
covtype,fdr_svm,random_kout,dirichlet_1.0,10,100,1,0.01,42,1,2902,0.5717,0.6715389102370891,nan,0.8392582435306627,21600,2
covtype,fdr_svm,random_kout,dirichlet_1.0,10,100,1,0.01,42,2,4488,0.5159,0.6228463535662159,nan,0.8392582435306627,21600,2
covtype,fdr_svm,random_kout,dirichlet_1.0,10,100,1,0.01,42,3,793,0.4853,0.41078486659736585,nan,0.8392582435306627,21600,2
covtype,fdr_svm,random_kout,dirichlet_1.0,10,100,1,0.01,42,4,1582,0.6505,0.8905440530211024,nan,0.8392582435306627,21600,2
covtype,fdr_svm,random_kout,dirichlet_1.0,10,100,1,0.01,42,5,3208,0.4849,0.33091584031313936,nan,0.8392582435306627,21600,2
covtype,fdr_svm,random_kout,dirichlet_1.0,10,100,1,0.01,42,6,6003,0.6179,0.6113648364637452,nan,0.8392582435306627,21600,2
covtype,fdr_svm,random_kout,dirichlet_1.0,10,100,1,0.01,42,7,6151,0.5159,0.2750979195992392,nan,0.8392582435306627,21600,2
covtype,fdr_svm,random_kout,dirichlet_1.0,10,100,1,0.01,42,8,3352,0.5159,0.18863665618372713,nan,0.8392582435306627,21600,2
covtype,fdr_svm,random_kout,dirichlet_1.0,10,100,1,0.01,42,9,7195,0.6843,0.7974002439957405,nan,0.8392582435306627,21600,2
covtype,fdr_svm,random_kout,iid,10,100,1,0.01,42,0,4000,0.6777,0.7301237065585412,nan,0.3390014628488145,21600,2
covtype,fdr_svm,random_kout,iid,10,100,1,0.01,42,1,4000,0.6773,0.7639855734464552,nan,0.3390014628488145,21600,2
covtype,fdr_svm,random_kout,iid,10,100,1,0.01,42,2,4000,0.657,0.7183856515558191,nan,0.3390014628488145,21600,2
covtype,fdr_svm,random_kout,iid,10,100,1,0.01,42,3,4000,0.69,0.751190841661877,nan,0.3390014628488145,21600,2
covtype,fdr_svm,random_kout,iid,10,100,1,0.01,42,4,4000,0.6723,0.75317453060265,nan,0.3390014628488145,21600,2
covtype,fdr_svm,random_kout,iid,10,100,1,0.01,42,5,4000,0.6945,0.7265250954765311,nan,0.3390014628488145,21600,2
covtype,fdr_svm,random_kout,iid,10,100,1,0.01,42,6,4000,0.6802,0.7283274942375965,nan,0.3390014628488145,21600,2
covtype,fdr_svm,random_kout,iid,10,100,1,0.01,42,7,4000,0.6705,0.72445309532636,nan,0.3390014628488145,21600,2
covtype,fdr_svm,random_kout,iid,10,100,1,0.01,42,8,4000,0.6886,0.7315172584061705,nan,0.3390014628488145,21600,2
covtype,fdr_svm,random_kout,iid,10,100,1,0.01,42,9,4000,0.6948,0.6900135942388438,nan,0.3390014628488145,21600,2
covtype,fdr_svm,random_kout,label_skew,10,100,1,0.01,42,0,4109,0.5159,0.0,nan,0.8759052995861886,21600,2
covtype,fdr_svm,random_kout,label_skew,10,100,1,0.01,42,1,3892,0.5929,0.2311080877983738,nan,0.8759052995861886,21600,2
covtype,fdr_svm,random_kout,label_skew,10,100,1,0.01,42,2,4109,0.4847,2.343128369115532,nan,0.8759052995861886,21600,2
covtype,fdr_svm,random_kout,label_skew,10,100,1,0.01,42,3,3892,0.6359,0.3309536428074454,nan,0.8759052995861886,21600,2
covtype,fdr_svm,random_kout,label_skew,10,100,1,0.01,42,4,4108,0.5274,2.1342135155617012,nan,0.8759052995861886,21600,2
covtype,fdr_svm,random_kout,label_skew,10,100,1,0.01,42,5,3892,0.4841,0.000452235935758664,nan,0.8759052995861886,21600,2
covtype,fdr_svm,random_kout,label_skew,10,100,1,0.01,42,6,4108,0.6075,0.4955321822461964,nan,0.8759052995861886,21600,2
covtype,fdr_svm,random_kout,label_skew,10,100,1,0.01,42,7,3891,0.4841,0.0,nan,0.8759052995861886,21600,2
covtype,fdr_svm,random_kout,label_skew,10,100,1,0.01,42,8,4108,0.5159,0.0,nan,0.8759052995861886,21600,2
covtype,fdr_svm,random_kout,label_skew,10,100,1,0.01,42,9,3891,0.64,0.5231239806159896,nan,0.8759052995861886,21600,2
covtype,fdr_svm,ring,dirichlet_0.1,10,100,1,0.01,42,0,111,0.5739,0.7482980088819441,nan,0.632684898510008,21600,1
covtype,fdr_svm,ring,dirichlet_0.1,10,100,1,0.01,42,1,2160,0.4841,0.014215868397416434,nan,0.632684898510008,21600,1
covtype,fdr_svm,ring,dirichlet_0.1,10,100,1,0.01,42,2,11171,0.4841,0.00011581587914010621,nan,0.632684898510008,21600,1
covtype,fdr_svm,ring,dirichlet_0.1,10,100,1,0.01,42,3,110,0.4841,1.8600389696838056,nan,0.632684898510008,21600,1
covtype,fdr_svm,ring,dirichlet_0.1,10,100,1,0.01,42,4,4214,0.4841,0.04100243884004876,nan,0.632684898510008,21600,1
covtype,fdr_svm,ring,dirichlet_0.1,10,100,1,0.01,42,5,1,0.5159,0.0,nan,0.632684898510008,21600,1
covtype,fdr_svm,ring,dirichlet_0.1,10,100,1,0.01,42,6,302,0.5159,0.001093325934275532,nan,0.632684898510008,21600,1
covtype,fdr_svm,ring,dirichlet_0.1,10,100,1,0.01,42,7,16592,0.5159,0.00025201182711775564,nan,0.632684898510008,21600,1
covtype,fdr_svm,ring,dirichlet_0.1,10,100,1,0.01,42,8,1060,0.5159,0.7375418927073949,nan,0.632684898510008,21600,1
covtype,fdr_svm,ring,dirichlet_0.1,10,100,1,0.01,42,9,4279,0.5159,0.7556295365919551,nan,0.632684898510008,21600,1
covtype,fdr_svm,ring,dirichlet_0.3,10,100,1,0.01,42,0,746,0.5378,1.7052173471581025,nan,0.6711773325993851,21600,1
covtype,fdr_svm,ring,dirichlet_0.3,10,100,1,0.01,42,1,3023,0.4841,0.24968138572578957,nan,0.6711773325993851,21600,1
covtype,fdr_svm,ring,dirichlet_0.3,10,100,1,0.01,42,2,6249,0.4841,0.0034377885962013862,nan,0.6711773325993851,21600,1
covtype,fdr_svm,ring,dirichlet_0.3,10,100,1,0.01,42,3,1084,0.4841,1.506052555061331,nan,0.6711773325993851,21600,1
covtype,fdr_svm,ring,dirichlet_0.3,10,100,1,0.01,42,4,4177,0.4841,0.32861363935242677,nan,0.6711773325993851,21600,1
covtype,fdr_svm,ring,dirichlet_0.3,10,100,1,0.01,42,5,301,0.5159,0.9181002882824149,nan,0.6711773325993851,21600,1
covtype,fdr_svm,ring,dirichlet_0.3,10,100,1,0.01,42,6,10200,0.5159,0.003087415689724616,nan,0.6711773325993851,21600,1
covtype,fdr_svm,ring,dirichlet_0.3,10,100,1,0.01,42,7,4364,0.5159,0.09529238836095232,nan,0.6711773325993851,21600,1
covtype,fdr_svm,ring,dirichlet_0.3,10,100,1,0.01,42,8,3745,0.5159,1.196463898584415,nan,0.6711773325993851,21600,1
covtype,fdr_svm,ring,dirichlet_0.3,10,100,1,0.01,42,9,6111,0.5466,0.6653081873574846,nan,0.6711773325993851,21600,1
covtype,fdr_svm,ring,dirichlet_1.0,10,100,1,0.01,42,0,4326,0.5472,0.4614449265856933,nan,0.5053061564922159,21600,1
covtype,fdr_svm,ring,dirichlet_1.0,10,100,1,0.01,42,1,2902,0.5159,0.2823809159306038,nan,0.5053061564922159,21600,1
covtype,fdr_svm,ring,dirichlet_1.0,10,100,1,0.01,42,2,4488,0.5159,0.6167048980531841,nan,0.5053061564922159,21600,1
covtype,fdr_svm,ring,dirichlet_1.0,10,100,1,0.01,42,3,793,0.6312,0.7564667426870296,nan,0.5053061564922159,21600,1
covtype,fdr_svm,ring,dirichlet_1.0,10,100,1,0.01,42,4,1582,0.5362,0.4485741355087267,nan,0.5053061564922159,21600,1
covtype,fdr_svm,ring,dirichlet_1.0,10,100,1,0.01,42,5,3208,0.5391,0.3481571206070291,nan,0.5053061564922159,21600,1
covtype,fdr_svm,ring,dirichlet_1.0,10,100,1,0.01,42,6,6003,0.5413,0.653755075369654,nan,0.5053061564922159,21600,1
covtype,fdr_svm,ring,dirichlet_1.0,10,100,1,0.01,42,7,6151,0.5172,0.4241581994786738,nan,0.5053061564922159,21600,1
covtype,fdr_svm,ring,dirichlet_1.0,10,100,1,0.01,42,8,3352,0.5159,0.15097708703397972,nan,0.5053061564922159,21600,1
covtype,fdr_svm,ring,dirichlet_1.0,10,100,1,0.01,42,9,7195,0.6422,0.7672873966335696,nan,0.5053061564922159,21600,1
covtype,fdr_svm,ring,iid,10,100,1,0.01,42,0,4000,0.6893,0.7361404410834872,nan,0.2015450654125234,21600,1
covtype,fdr_svm,ring,iid,10,100,1,0.01,42,1,4000,0.6972,0.7584518400128553,nan,0.2015450654125234,21600,1
covtype,fdr_svm,ring,iid,10,100,1,0.01,42,2,4000,0.6894,0.7350960040983125,nan,0.2015450654125234,21600,1
covtype,fdr_svm,ring,iid,10,100,1,0.01,42,3,4000,0.6706,0.7561987473296901,nan,0.2015450654125234,21600,1
covtype,fdr_svm,ring,iid,10,100,1,0.01,42,4,4000,0.6822,0.7264603047280923,nan,0.2015450654125234,21600,1
covtype,fdr_svm,ring,iid,10,100,1,0.01,42,5,4000,0.6675,0.7394736043267935,nan,0.2015450654125234,21600,1
covtype,fdr_svm,ring,iid,10,100,1,0.01,42,6,4000,0.6804,0.7265029260588224,nan,0.2015450654125234,21600,1
covtype,fdr_svm,ring,iid,10,100,1,0.01,42,7,4000,0.6955,0.7352840184446623,nan,0.2015450654125234,21600,1
covtype,fdr_svm,ring,iid,10,100,1,0.01,42,8,4000,0.6871,0.7299047416246354,nan,0.2015450654125234,21600,1
covtype,fdr_svm,ring,iid,10,100,1,0.01,42,9,4000,0.6701,0.7036773141289278,nan,0.2015450654125234,21600,1
covtype,fdr_svm,ring,label_skew,10,100,1,0.01,42,0,4109,0.5893,1.4379380077307518,nan,0.5593141688200866,21600,1
covtype,fdr_svm,ring,label_skew,10,100,1,0.01,42,1,3892,0.6529,0.5005799335365286,nan,0.5593141688200866,21600,1
covtype,fdr_svm,ring,label_skew,10,100,1,0.01,42,2,4109,0.5159,0.0,nan,0.5593141688200866,21600,1
covtype,fdr_svm,ring,label_skew,10,100,1,0.01,42,3,3892,0.5357,1.7782786131478614,nan,0.5593141688200866,21600,1
covtype,fdr_svm,ring,label_skew,10,100,1,0.01,42,4,4108,0.6716,0.5989810572335676,nan,0.5593141688200866,21600,1
covtype,fdr_svm,ring,label_skew,10,100,1,0.01,42,5,3892,0.6602,0.46460452580205597,nan,0.5593141688200866,21600,1
covtype,fdr_svm,ring,label_skew,10,100,1,0.01,42,6,4108,0.5159,1.445687339090593e-05,nan,0.5593141688200866,21600,1
covtype,fdr_svm,ring,label_skew,10,100,1,0.01,42,7,3891,0.6625,0.48426298106193416,nan,0.5593141688200866,21600,1
covtype,fdr_svm,ring,label_skew,10,100,1,0.01,42,8,4108,0.6342,0.7495456977268159,nan,0.5593141688200866,21600,1
covtype,fdr_svm,ring,label_skew,10,100,1,0.01,42,9,3891,0.6603,0.49431149333995,nan,0.5593141688200866,21600,1
covtype,fedavg_svm,full,dirichlet_0.1,10,100,1,0.01,42,0,111,0.5159,0.0,nan,3.488838674175485,21600,1
covtype,fedavg_svm,full,dirichlet_0.1,10,100,1,0.01,42,1,2160,0.4841,0.03288551868229636,nan,3.488838674175485,21600,1
covtype,fedavg_svm,full,dirichlet_0.1,10,100,1,0.01,42,2,11171,0.4841,0.0,nan,3.488838674175485,21600,1
covtype,fedavg_svm,full,dirichlet_0.1,10,100,1,0.01,42,3,110,0.5159,0.22078130044169958,nan,3.488838674175485,21600,1
covtype,fedavg_svm,full,dirichlet_0.1,10,100,1,0.01,42,4,4214,0.4841,0.08783256929144742,nan,3.488838674175485,21600,1
covtype,fedavg_svm,full,dirichlet_0.1,10,100,1,0.01,42,5,1,0.5159,0.0,nan,3.488838674175485,21600,1
covtype,fedavg_svm,full,dirichlet_0.1,10,100,1,0.01,42,6,302,0.5159,0.0,nan,3.488838674175485,21600,1
covtype,fedavg_svm,full,dirichlet_0.1,10,100,1,0.01,42,7,16592,0.5159,0.00018388948359015884,nan,3.488838674175485,21600,1
covtype,fedavg_svm,full,dirichlet_0.1,10,100,1,0.01,42,8,1060,0.5337,1.2476171674322285,nan,3.488838674175485,21600,1
covtype,fedavg_svm,full,dirichlet_0.1,10,100,1,0.01,42,9,4279,0.5159,1.9958194842384065,nan,3.488838674175485,21600,1
covtype,fedavg_svm,full,dirichlet_0.3,10,100,1,0.01,42,0,746,0.5159,0.0,nan,4.853616638606701,21600,1
covtype,fedavg_svm,full,dirichlet_0.3,10,100,1,0.01,42,1,3023,0.5502,0.4242842373510478,nan,4.853616638606701,21600,1
covtype,fedavg_svm,full,dirichlet_0.3,10,100,1,0.01,42,2,6249,0.4841,0.0031602669148241883,nan,4.853616638606701,21600,1
covtype,fedavg_svm,full,dirichlet_0.3,10,100,1,0.01,42,3,1084,0.5818,1.1491594982345792,nan,4.853616638606701,21600,1
covtype,fedavg_svm,full,dirichlet_0.3,10,100,1,0.01,42,4,4177,0.506,0.9288422250875807,nan,4.853616638606701,21600,1
covtype,fedavg_svm,full,dirichlet_0.3,10,100,1,0.01,42,5,301,0.577,1.4278525219364107,nan,4.853616638606701,21600,1
covtype,fedavg_svm,full,dirichlet_0.3,10,100,1,0.01,42,6,10200,0.5159,0.005933154805638519,nan,4.853616638606701,21600,1
covtype,fedavg_svm,full,dirichlet_0.3,10,100,1,0.01,42,7,4364,0.5164,0.1571098325529918,nan,4.853616638606701,21600,1
covtype,fedavg_svm,full,dirichlet_0.3,10,100,1,0.01,42,8,3745,0.4984,1.5147879527939618,nan,4.853616638606701,21600,1
covtype,fedavg_svm,full,dirichlet_0.3,10,100,1,0.01,42,9,6111,0.5721,1.2146236933316152,nan,4.853616638606701,21600,1
covtype,fedavg_svm,full,dirichlet_1.0,10,100,1,0.01,42,0,4326,0.5492,0.8346174792441201,nan,5.068377755828292,21600,1
covtype,fedavg_svm,full,dirichlet_1.0,10,100,1,0.01,42,1,2902,0.5159,0.5300503705199723,nan,5.068377755828292,21600,1
covtype,fedavg_svm,full,dirichlet_1.0,10,100,1,0.01,42,2,4488,0.6469,0.6980723607861479,nan,5.068377755828292,21600,1
covtype,fedavg_svm,full,dirichlet_1.0,10,100,1,0.01,42,3,793,0.4878,0.6975914129248407,nan,5.068377755828292,21600,1
covtype,fedavg_svm,full,dirichlet_1.0,10,100,1,0.01,42,4,1582,0.5833,1.1383530323931912,nan,5.068377755828292,21600,1
covtype,fedavg_svm,full,dirichlet_1.0,10,100,1,0.01,42,5,3208,0.4854,0.8666069038310545,nan,5.068377755828292,21600,1
covtype,fedavg_svm,full,dirichlet_1.0,10,100,1,0.01,42,6,6003,0.5065,1.2880431081997739,nan,5.068377755828292,21600,1
covtype,fedavg_svm,full,dirichlet_1.0,10,100,1,0.01,42,7,6151,0.5159,0.6696574630120093,nan,5.068377755828292,21600,1
covtype,fedavg_svm,full,dirichlet_1.0,10,100,1,0.01,42,8,3352,0.5159,0.3682847012420969,nan,5.068377755828292,21600,1
covtype,fedavg_svm,full,dirichlet_1.0,10,100,1,0.01,42,9,7195,0.5565,1.0397416317182535,nan,5.068377755828292,21600,1
covtype,fedavg_svm,full,iid,10,100,1,0.01,42,0,4000,0.6111,1.2030541982265857,nan,6.216170494827925,21600,1
covtype,fedavg_svm,full,iid,10,100,1,0.01,42,1,4000,0.5676,1.6125419811251844,nan,6.216170494827925,21600,1
covtype,fedavg_svm,full,iid,10,100,1,0.01,42,2,4000,0.5167,1.457109800025684,nan,6.216170494827925,21600,1
covtype,fedavg_svm,full,iid,10,100,1,0.01,42,3,4000,0.5537,1.092493002343451,nan,6.216170494827925,21600,1
covtype,fedavg_svm,full,iid,10,100,1,0.01,42,4,4000,0.6165,1.442514921009183,nan,6.216170494827925,21600,1
covtype,fedavg_svm,full,iid,10,100,1,0.01,42,5,4000,0.4914,2.1039409480905706,nan,6.216170494827925,21600,1
covtype,fedavg_svm,full,iid,10,100,1,0.01,42,6,4000,0.5338,1.3037234518690817,nan,6.216170494827925,21600,1
covtype,fedavg_svm,full,iid,10,100,1,0.01,42,7,4000,0.5218,1.224842774476533,nan,6.216170494827925,21600,1
covtype,fedavg_svm,full,iid,10,100,1,0.01,42,8,4000,0.559,1.837039271250029,nan,6.216170494827925,21600,1
covtype,fedavg_svm,full,iid,10,100,1,0.01,42,9,4000,0.5559,1.384188346537209,nan,6.216170494827925,21600,1
covtype,fedavg_svm,full,label_skew,10,100,1,0.01,42,0,4109,0.5159,0.0,nan,2.2033945778117676,21600,1
covtype,fedavg_svm,full,label_skew,10,100,1,0.01,42,1,3892,0.4841,0.0,nan,2.2033945778117676,21600,1
covtype,fedavg_svm,full,label_skew,10,100,1,0.01,42,2,4109,0.5159,0.0,nan,2.2033945778117676,21600,1
covtype,fedavg_svm,full,label_skew,10,100,1,0.01,42,3,3892,0.4841,0.0,nan,2.2033945778117676,21600,1
covtype,fedavg_svm,full,label_skew,10,100,1,0.01,42,4,4108,0.5159,0.0,nan,2.2033945778117676,21600,1
covtype,fedavg_svm,full,label_skew,10,100,1,0.01,42,5,3892,0.4841,0.0,nan,2.2033945778117676,21600,1
covtype,fedavg_svm,full,label_skew,10,100,1,0.01,42,6,4108,0.5159,0.0,nan,2.2033945778117676,21600,1
covtype,fedavg_svm,full,label_skew,10,100,1,0.01,42,7,3891,0.4841,0.0,nan,2.2033945778117676,21600,1
covtype,fedavg_svm,full,label_skew,10,100,1,0.01,42,8,4108,0.5159,0.0,nan,2.2033945778117676,21600,1
covtype,fedavg_svm,full,label_skew,10,100,1,0.01,42,9,3891,0.4841,0.0,nan,2.2033945778117676,21600,1
covtype,fedavg_svm,random_kout,dirichlet_0.1,10,100,1,0.01,42,0,111,0.5159,0.0,nan,3.2751023845914715,21600,2
covtype,fedavg_svm,random_kout,dirichlet_0.1,10,100,1,0.01,42,1,2160,0.4841,0.02557071422462824,nan,3.2751023845914715,21600,2
covtype,fedavg_svm,random_kout,dirichlet_0.1,10,100,1,0.01,42,2,11171,0.4841,0.0,nan,3.2751023845914715,21600,2
covtype,fedavg_svm,random_kout,dirichlet_0.1,10,100,1,0.01,42,3,110,0.5159,0.2089500241653105,nan,3.2751023845914715,21600,2
covtype,fedavg_svm,random_kout,dirichlet_0.1,10,100,1,0.01,42,4,4214,0.4841,0.10307440188302788,nan,3.2751023845914715,21600,2
covtype,fedavg_svm,random_kout,dirichlet_0.1,10,100,1,0.01,42,5,1,0.5159,0.0,nan,3.2751023845914715,21600,2
covtype,fedavg_svm,random_kout,dirichlet_0.1,10,100,1,0.01,42,6,302,0.5159,0.0,nan,3.2751023845914715,21600,2
covtype,fedavg_svm,random_kout,dirichlet_0.1,10,100,1,0.01,42,7,16592,0.5159,0.00019219323601099905,nan,3.2751023845914715,21600,2
covtype,fedavg_svm,random_kout,dirichlet_0.1,10,100,1,0.01,42,8,1060,0.5195,1.30379290830053,nan,3.2751023845914715,21600,2
covtype,fedavg_svm,random_kout,dirichlet_0.1,10,100,1,0.01,42,9,4279,0.5487,1.3508505191731401,nan,3.2751023845914715,21600,2
covtype,fedavg_svm,random_kout,dirichlet_0.3,10,100,1,0.01,42,0,746,0.5159,0.0,nan,4.6548068714102895,21600,2
covtype,fedavg_svm,random_kout,dirichlet_0.3,10,100,1,0.01,42,1,3023,0.5809,0.41336753130044257,nan,4.6548068714102895,21600,2
covtype,fedavg_svm,random_kout,dirichlet_0.3,10,100,1,0.01,42,2,6249,0.4841,0.0027562990770375476,nan,4.6548068714102895,21600,2
covtype,fedavg_svm,random_kout,dirichlet_0.3,10,100,1,0.01,42,3,1084,0.5578,1.8872797850027565,nan,4.6548068714102895,21600,2
covtype,fedavg_svm,random_kout,dirichlet_0.3,10,100,1,0.01,42,4,4177,0.5773,0.5968968353014473,nan,4.6548068714102895,21600,2
covtype,fedavg_svm,random_kout,dirichlet_0.3,10,100,1,0.01,42,5,301,0.585,1.0234878383568629,nan,4.6548068714102895,21600,2
covtype,fedavg_svm,random_kout,dirichlet_0.3,10,100,1,0.01,42,6,10200,0.5159,0.005981557994284591,nan,4.6548068714102895,21600,2
covtype,fedavg_svm,random_kout,dirichlet_0.3,10,100,1,0.01,42,7,4364,0.5159,0.2759741577924466,nan,4.6548068714102895,21600,2
covtype,fedavg_svm,random_kout,dirichlet_0.3,10,100,1,0.01,42,8,3745,0.5115,1.8009776065311442,nan,4.6548068714102895,21600,2
covtype,fedavg_svm,random_kout,dirichlet_0.3,10,100,1,0.01,42,9,6111,0.5152,1.1446331714206808,nan,4.6548068714102895,21600,2
covtype,fedavg_svm,random_kout,dirichlet_1.0,10,100,1,0.01,42,0,4326,0.484,1.2257070244464563,nan,5.213918005714152,21600,2
covtype,fedavg_svm,random_kout,dirichlet_1.0,10,100,1,0.01,42,1,2902,0.5159,0.8344464522170042,nan,5.213918005714152,21600,2
covtype,fedavg_svm,random_kout,dirichlet_1.0,10,100,1,0.01,42,2,4488,0.5745,0.9620326047731473,nan,5.213918005714152,21600,2
covtype,fedavg_svm,random_kout,dirichlet_1.0,10,100,1,0.01,42,3,793,0.4841,1.1651193818377874,nan,5.213918005714152,21600,2
covtype,fedavg_svm,random_kout,dirichlet_1.0,10,100,1,0.01,42,4,1582,0.4841,1.3798804434428904,nan,5.213918005714152,21600,2
covtype,fedavg_svm,random_kout,dirichlet_1.0,10,100,1,0.01,42,5,3208,0.5392,0.4827384460313654,nan,5.213918005714152,21600,2
covtype,fedavg_svm,random_kout,dirichlet_1.0,10,100,1,0.01,42,6,6003,0.5624,1.509727714508066,nan,5.213918005714152,21600,2
covtype,fedavg_svm,random_kout,dirichlet_1.0,10,100,1,0.01,42,7,6151,0.5474,0.5893478280959789,nan,5.213918005714152,21600,2
covtype,fedavg_svm,random_kout,dirichlet_1.0,10,100,1,0.01,42,8,3352,0.5159,0.4141944696546936,nan,5.213918005714152,21600,2
covtype,fedavg_svm,random_kout,dirichlet_1.0,10,100,1,0.01,42,9,7195,0.5935,0.9494775816781257,nan,5.213918005714152,21600,2
covtype,fedavg_svm,random_kout,iid,10,100,1,0.01,42,0,4000,0.5825,1.509013062730707,nan,5.909941412615668,21600,2
covtype,fedavg_svm,random_kout,iid,10,100,1,0.01,42,1,4000,0.5447,2.3089828404167143,nan,5.909941412615668,21600,2
covtype,fedavg_svm,random_kout,iid,10,100,1,0.01,42,2,4000,0.516,2.820620651929271,nan,5.909941412615668,21600,2
covtype,fedavg_svm,random_kout,iid,10,100,1,0.01,42,3,4000,0.5691,1.3182792654573754,nan,5.909941412615668,21600,2
covtype,fedavg_svm,random_kout,iid,10,100,1,0.01,42,4,4000,0.541,1.4402196405860772,nan,5.909941412615668,21600,2
covtype,fedavg_svm,random_kout,iid,10,100,1,0.01,42,5,4000,0.6221,1.0769404298067402,nan,5.909941412615668,21600,2
covtype,fedavg_svm,random_kout,iid,10,100,1,0.01,42,6,4000,0.6255,0.9865210352425753,nan,5.909941412615668,21600,2
covtype,fedavg_svm,random_kout,iid,10,100,1,0.01,42,7,4000,0.5353,1.6207876178146223,nan,5.909941412615668,21600,2
covtype,fedavg_svm,random_kout,iid,10,100,1,0.01,42,8,4000,0.5241,1.385666070727053,nan,5.909941412615668,21600,2
covtype,fedavg_svm,random_kout,iid,10,100,1,0.01,42,9,4000,0.5951,1.4431498839016967,nan,5.909941412615668,21600,2
covtype,fedavg_svm,random_kout,label_skew,10,100,1,0.01,42,0,4109,0.5159,0.0,nan,2.125687155455189,21600,2
covtype,fedavg_svm,random_kout,label_skew,10,100,1,0.01,42,1,3892,0.4841,0.0,nan,2.125687155455189,21600,2
covtype,fedavg_svm,random_kout,label_skew,10,100,1,0.01,42,2,4109,0.5159,0.0,nan,2.125687155455189,21600,2
covtype,fedavg_svm,random_kout,label_skew,10,100,1,0.01,42,3,3892,0.4841,0.0,nan,2.125687155455189,21600,2
covtype,fedavg_svm,random_kout,label_skew,10,100,1,0.01,42,4,4108,0.5159,0.0,nan,2.125687155455189,21600,2
covtype,fedavg_svm,random_kout,label_skew,10,100,1,0.01,42,5,3892,0.4841,0.0,nan,2.125687155455189,21600,2
covtype,fedavg_svm,random_kout,label_skew,10,100,1,0.01,42,6,4108,0.5159,0.0,nan,2.125687155455189,21600,2
covtype,fedavg_svm,random_kout,label_skew,10,100,1,0.01,42,7,3891,0.4841,0.0,nan,2.125687155455189,21600,2
covtype,fedavg_svm,random_kout,label_skew,10,100,1,0.01,42,8,4108,0.5159,0.0,nan,2.125687155455189,21600,2
covtype,fedavg_svm,random_kout,label_skew,10,100,1,0.01,42,9,3891,0.4841,0.0,nan,2.125687155455189,21600,2
covtype,fedavg_svm,ring,dirichlet_0.1,10,100,1,0.01,42,0,111,0.5159,0.0,nan,3.375869338914697,21600,1
covtype,fedavg_svm,ring,dirichlet_0.1,10,100,1,0.01,42,1,2160,0.4841,0.028998665145180784,nan,3.375869338914697,21600,1
covtype,fedavg_svm,ring,dirichlet_0.1,10,100,1,0.01,42,2,11171,0.4841,0.0,nan,3.375869338914697,21600,1
covtype,fedavg_svm,ring,dirichlet_0.1,10,100,1,0.01,42,3,110,0.5159,0.1928978235925337,nan,3.375869338914697,21600,1
covtype,fedavg_svm,ring,dirichlet_0.1,10,100,1,0.01,42,4,4214,0.4841,0.08783256929144742,nan,3.375869338914697,21600,1
covtype,fedavg_svm,ring,dirichlet_0.1,10,100,1,0.01,42,5,1,0.5159,0.0,nan,3.375869338914697,21600,1
covtype,fedavg_svm,ring,dirichlet_0.1,10,100,1,0.01,42,6,302,0.5159,0.0,nan,3.375869338914697,21600,1
covtype,fedavg_svm,ring,dirichlet_0.1,10,100,1,0.01,42,7,16592,0.5159,0.00018388948359015884,nan,3.375869338914697,21600,1
covtype,fedavg_svm,ring,dirichlet_0.1,10,100,1,0.01,42,8,1060,0.5337,1.2476171674322285,nan,3.375869338914697,21600,1
covtype,fedavg_svm,ring,dirichlet_0.1,10,100,1,0.01,42,9,4279,0.5159,1.9958194842384065,nan,3.375869338914697,21600,1
covtype,fedavg_svm,ring,dirichlet_0.3,10,100,1,0.01,42,0,746,0.5159,0.0,nan,4.92592522558297,21600,1
covtype,fedavg_svm,ring,dirichlet_0.3,10,100,1,0.01,42,1,3023,0.5502,0.4242842373510478,nan,4.92592522558297,21600,1
covtype,fedavg_svm,ring,dirichlet_0.3,10,100,1,0.01,42,2,6249,0.4841,0.0031602669148241883,nan,4.92592522558297,21600,1
covtype,fedavg_svm,ring,dirichlet_0.3,10,100,1,0.01,42,3,1084,0.5631,1.0187144528085972,nan,4.92592522558297,21600,1
covtype,fedavg_svm,ring,dirichlet_0.3,10,100,1,0.01,42,4,4177,0.506,0.9288422250875807,nan,4.92592522558297,21600,1
covtype,fedavg_svm,ring,dirichlet_0.3,10,100,1,0.01,42,5,301,0.577,1.4278525219364107,nan,4.92592522558297,21600,1
covtype,fedavg_svm,ring,dirichlet_0.3,10,100,1,0.01,42,6,10200,0.5159,0.005933154805638519,nan,4.92592522558297,21600,1
covtype,fedavg_svm,ring,dirichlet_0.3,10,100,1,0.01,42,7,4364,0.5159,0.2564948843474801,nan,4.92592522558297,21600,1
covtype,fedavg_svm,ring,dirichlet_0.3,10,100,1,0.01,42,8,3745,0.4984,1.5147879527939618,nan,4.92592522558297,21600,1
covtype,fedavg_svm,ring,dirichlet_0.3,10,100,1,0.01,42,9,6111,0.5721,1.2146236933316152,nan,4.92592522558297,21600,1
covtype,fedavg_svm,ring,dirichlet_1.0,10,100,1,0.01,42,0,4326,0.5492,0.8346174792441201,nan,5.3192922215213905,21600,1
covtype,fedavg_svm,ring,dirichlet_1.0,10,100,1,0.01,42,1,2902,0.5159,0.5300503705199723,nan,5.3192922215213905,21600,1
covtype,fedavg_svm,ring,dirichlet_1.0,10,100,1,0.01,42,2,4488,0.6469,0.6980723607861479,nan,5.3192922215213905,21600,1
covtype,fedavg_svm,ring,dirichlet_1.0,10,100,1,0.01,42,3,793,0.4878,0.6975914129248407,nan,5.3192922215213905,21600,1
covtype,fedavg_svm,ring,dirichlet_1.0,10,100,1,0.01,42,4,1582,0.5106,0.8020247792876346,nan,5.3192922215213905,21600,1
covtype,fedavg_svm,ring,dirichlet_1.0,10,100,1,0.01,42,5,3208,0.485,0.9217330133172559,nan,5.3192922215213905,21600,1
covtype,fedavg_svm,ring,dirichlet_1.0,10,100,1,0.01,42,6,6003,0.4841,2.171270623443456,nan,5.3192922215213905,21600,1
covtype,fedavg_svm,ring,dirichlet_1.0,10,100,1,0.01,42,7,6151,0.5159,0.602356118411417,nan,5.3192922215213905,21600,1
covtype,fedavg_svm,ring,dirichlet_1.0,10,100,1,0.01,42,8,3352,0.5159,0.43278070552030246,nan,5.3192922215213905,21600,1
covtype,fedavg_svm,ring,dirichlet_1.0,10,100,1,0.01,42,9,7195,0.5565,1.0397416317182535,nan,5.3192922215213905,21600,1
covtype,fedavg_svm,ring,iid,10,100,1,0.01,42,0,4000,0.6111,1.2030541982265857,nan,6.135887947658862,21600,1
covtype,fedavg_svm,ring,iid,10,100,1,0.01,42,1,4000,0.5681,1.7785717969285368,nan,6.135887947658862,21600,1
covtype,fedavg_svm,ring,iid,10,100,1,0.01,42,2,4000,0.5167,1.457109800025684,nan,6.135887947658862,21600,1
covtype,fedavg_svm,ring,iid,10,100,1,0.01,42,3,4000,0.5787,1.0469363367669213,nan,6.135887947658862,21600,1
covtype,fedavg_svm,ring,iid,10,100,1,0.01,42,4,4000,0.6165,1.442514921009183,nan,6.135887947658862,21600,1
covtype,fedavg_svm,ring,iid,10,100,1,0.01,42,5,4000,0.4942,2.5353453193652795,nan,6.135887947658862,21600,1
covtype,fedavg_svm,ring,iid,10,100,1,0.01,42,6,4000,0.5391,1.3116625995352142,nan,6.135887947658862,21600,1
covtype,fedavg_svm,ring,iid,10,100,1,0.01,42,7,4000,0.5218,1.224842774476533,nan,6.135887947658862,21600,1
covtype,fedavg_svm,ring,iid,10,100,1,0.01,42,8,4000,0.5593,1.8924615324439513,nan,6.135887947658862,21600,1
covtype,fedavg_svm,ring,iid,10,100,1,0.01,42,9,4000,0.5559,1.384188346537209,nan,6.135887947658862,21600,1
covtype,fedavg_svm,ring,label_skew,10,100,1,0.01,42,0,4109,0.5159,0.0,nan,2.188777550758176,21600,1
covtype,fedavg_svm,ring,label_skew,10,100,1,0.01,42,1,3892,0.4841,0.0,nan,2.188777550758176,21600,1
covtype,fedavg_svm,ring,label_skew,10,100,1,0.01,42,2,4109,0.5159,0.0,nan,2.188777550758176,21600,1
covtype,fedavg_svm,ring,label_skew,10,100,1,0.01,42,3,3892,0.4841,0.0,nan,2.188777550758176,21600,1
covtype,fedavg_svm,ring,label_skew,10,100,1,0.01,42,4,4108,0.5159,0.0,nan,2.188777550758176,21600,1
covtype,fedavg_svm,ring,label_skew,10,100,1,0.01,42,5,3892,0.4841,0.0,nan,2.188777550758176,21600,1
covtype,fedavg_svm,ring,label_skew,10,100,1,0.01,42,6,4108,0.5159,0.0,nan,2.188777550758176,21600,1
covtype,fedavg_svm,ring,label_skew,10,100,1,0.01,42,7,3891,0.4841,0.0,nan,2.188777550758176,21600,1
covtype,fedavg_svm,ring,label_skew,10,100,1,0.01,42,8,4108,0.5159,0.0,nan,2.188777550758176,21600,1
covtype,fedavg_svm,ring,label_skew,10,100,1,0.01,42,9,3891,0.4841,0.0,nan,2.188777550758176,21600,1
covtype,fedssl_amc,full,dirichlet_0.1,10,100,1,0.01,42,0,111,0.6036,0.8022654588215886,nan,0.0,380752,1
covtype,fedssl_amc,full,dirichlet_0.1,10,100,1,0.01,42,1,2160,0.6036,1.0710656174910422,nan,0.0,380752,1
covtype,fedssl_amc,full,dirichlet_0.1,10,100,1,0.01,42,2,11171,0.6036,1.0744740723379373,nan,0.0,380752,1
covtype,fedssl_amc,full,dirichlet_0.1,10,100,1,0.01,42,3,110,0.6036,0.7815194942839137,nan,0.0,380752,1
covtype,fedssl_amc,full,dirichlet_0.1,10,100,1,0.01,42,4,4214,0.6036,1.0686958355136176,nan,0.0,380752,1
covtype,fedssl_amc,full,dirichlet_0.1,10,100,1,0.01,42,5,1,0.6036,0.7956325619428689,nan,0.0,380752,1
covtype,fedssl_amc,full,dirichlet_0.1,10,100,1,0.01,42,6,302,0.6036,0.7684798392389801,nan,0.0,380752,1
covtype,fedssl_amc,full,dirichlet_0.1,10,100,1,0.01,42,7,16592,0.6036,0.7852247408223836,nan,0.0,380752,1
covtype,fedssl_amc,full,dirichlet_0.1,10,100,1,0.01,42,8,1060,0.6036,0.8810879346352382,nan,0.0,380752,1
covtype,fedssl_amc,full,dirichlet_0.1,10,100,1,0.01,42,9,4279,0.6036,0.8897745529159653,nan,0.0,380752,1
covtype,fedssl_amc,full,dirichlet_0.3,10,100,1,0.01,42,0,746,0.6279,1.0883862927167356,nan,0.0,380752,1
covtype,fedssl_amc,full,dirichlet_0.3,10,100,1,0.01,42,1,3023,0.6279,0.6162194974435301,nan,0.0,380752,1
covtype,fedssl_amc,full,dirichlet_0.3,10,100,1,0.01,42,2,6249,0.6279,0.551394707819344,nan,0.0,380752,1
covtype,fedssl_amc,full,dirichlet_0.3,10,100,1,0.01,42,3,1084,0.6279,0.9284553501425638,nan,0.0,380752,1
covtype,fedssl_amc,full,dirichlet_0.3,10,100,1,0.01,42,4,4177,0.6279,0.6406062519525675,nan,0.0,380752,1
covtype,fedssl_amc,full,dirichlet_0.3,10,100,1,0.01,42,5,301,0.6279,0.8538780082213769,nan,0.0,380752,1
covtype,fedssl_amc,full,dirichlet_0.3,10,100,1,0.01,42,6,10200,0.6279,1.1055699622497108,nan,0.0,380752,1
covtype,fedssl_amc,full,dirichlet_0.3,10,100,1,0.01,42,7,4364,0.6279,1.0874331941585018,nan,0.0,380752,1
covtype,fedssl_amc,full,dirichlet_0.3,10,100,1,0.01,42,8,3745,0.6279,0.742672713274577,nan,0.0,380752,1
covtype,fedssl_amc,full,dirichlet_0.3,10,100,1,0.01,42,9,6111,0.6279,0.7390641787845359,nan,0.0,380752,1
covtype,fedssl_amc,full,dirichlet_1.0,10,100,1,0.01,42,0,4326,0.5884,0.4209286586569799,nan,0.0,380752,1
covtype,fedssl_amc,full,dirichlet_1.0,10,100,1,0.01,42,1,2902,0.5884,1.1938783784149045,nan,0.0,380752,1
covtype,fedssl_amc,full,dirichlet_1.0,10,100,1,0.01,42,2,4488,0.5884,0.9830989780024657,nan,0.0,380752,1
covtype,fedssl_amc,full,dirichlet_1.0,10,100,1,0.01,42,3,793,0.5884,0.4266308301124018,nan,0.0,380752,1
covtype,fedssl_amc,full,dirichlet_1.0,10,100,1,0.01,42,4,1582,0.5884,0.46269199738654504,nan,0.0,380752,1
covtype,fedssl_amc,full,dirichlet_1.0,10,100,1,0.01,42,5,3208,0.5884,0.39305793358888175,nan,0.0,380752,1
covtype,fedssl_amc,full,dirichlet_1.0,10,100,1,0.01,42,6,6003,0.5884,0.6124107759294627,nan,0.0,380752,1
covtype,fedssl_amc,full,dirichlet_1.0,10,100,1,0.01,42,7,6151,0.5884,1.2004944913878632,nan,0.0,380752,1
covtype,fedssl_amc,full,dirichlet_1.0,10,100,1,0.01,42,8,3352,0.5884,1.2689565891158459,nan,0.0,380752,1
covtype,fedssl_amc,full,dirichlet_1.0,10,100,1,0.01,42,9,7195,0.5884,0.5898426266401083,nan,0.0,380752,1
covtype,fedssl_amc,full,iid,10,100,1,0.01,42,0,4000,0.6304,0.7442780544975129,nan,0.0,380752,1
covtype,fedssl_amc,full,iid,10,100,1,0.01,42,1,4000,0.6304,0.7755234102534748,nan,0.0,380752,1
covtype,fedssl_amc,full,iid,10,100,1,0.01,42,2,4000,0.6304,0.7284620853491851,nan,0.0,380752,1
covtype,fedssl_amc,full,iid,10,100,1,0.01,42,3,4000,0.6304,0.7709428165683767,nan,0.0,380752,1
covtype,fedssl_amc,full,iid,10,100,1,0.01,42,4,4000,0.6304,0.7459155366268791,nan,0.0,380752,1
covtype,fedssl_amc,full,iid,10,100,1,0.01,42,5,4000,0.6304,0.7325820718129806,nan,0.0,380752,1
covtype,fedssl_amc,full,iid,10,100,1,0.01,42,6,4000,0.6304,0.7564190968468547,nan,0.0,380752,1
covtype,fedssl_amc,full,iid,10,100,1,0.01,42,7,4000,0.6304,0.742467116105702,nan,0.0,380752,1
covtype,fedssl_amc,full,iid,10,100,1,0.01,42,8,4000,0.6304,0.7351515747649111,nan,0.0,380752,1
covtype,fedssl_amc,full,iid,10,100,1,0.01,42,9,4000,0.6304,0.7402435908319718,nan,0.0,380752,1
covtype,fedssl_amc,full,label_skew,10,100,1,0.01,42,0,4109,0.4841,1.0,nan,0.0,380752,1
covtype,fedssl_amc,full,label_skew,10,100,1,0.01,42,1,3892,0.4841,1.0,nan,0.0,380752,1
covtype,fedssl_amc,full,label_skew,10,100,1,0.01,42,2,4109,0.4841,1.0,nan,0.0,380752,1
covtype,fedssl_amc,full,label_skew,10,100,1,0.01,42,3,3892,0.4841,1.0,nan,0.0,380752,1
covtype,fedssl_amc,full,label_skew,10,100,1,0.01,42,4,4108,0.4841,1.0,nan,0.0,380752,1
covtype,fedssl_amc,full,label_skew,10,100,1,0.01,42,5,3892,0.4841,1.0,nan,0.0,380752,1
covtype,fedssl_amc,full,label_skew,10,100,1,0.01,42,6,4108,0.4841,1.0,nan,0.0,380752,1
covtype,fedssl_amc,full,label_skew,10,100,1,0.01,42,7,3891,0.4841,1.0,nan,0.0,380752,1
covtype,fedssl_amc,full,label_skew,10,100,1,0.01,42,8,4108,0.4841,1.0,nan,0.0,380752,1
covtype,fedssl_amc,full,label_skew,10,100,1,0.01,42,9,3891,0.4841,1.0,nan,0.0,380752,1
covtype,fedssl_amc,random_kout,dirichlet_0.1,10,100,1,0.01,42,0,111,0.5159,0.28626003876027534,nan,2.74585656922713,380752,2
covtype,fedssl_amc,random_kout,dirichlet_0.1,10,100,1,0.01,42,1,2160,0.5159,1.7112041787826524,nan,2.74585656922713,380752,2
covtype,fedssl_amc,random_kout,dirichlet_0.1,10,100,1,0.01,42,2,11171,0.5159,1.7222206262986988,nan,2.74585656922713,380752,2
covtype,fedssl_amc,random_kout,dirichlet_0.1,10,100,1,0.01,42,3,110,0.5159,0.34697788098630544,nan,2.74585656922713,380752,2
covtype,fedssl_amc,random_kout,dirichlet_0.1,10,100,1,0.01,42,4,4214,0.5159,1.695998173216955,nan,2.74585656922713,380752,2
covtype,fedssl_amc,random_kout,dirichlet_0.1,10,100,1,0.01,42,5,1,0.5159,0.163150360284268,nan,2.74585656922713,380752,2
covtype,fedssl_amc,random_kout,dirichlet_0.1,10,100,1,0.01,42,6,302,0.6192,1.2271913415674522,nan,2.74585656922713,380752,2
covtype,fedssl_amc,random_kout,dirichlet_0.1,10,100,1,0.01,42,7,16592,0.5159,0.27683021627914434,nan,2.74585656922713,380752,2
covtype,fedssl_amc,random_kout,dirichlet_0.1,10,100,1,0.01,42,8,1060,0.6191,0.8601236222649499,nan,2.74585656922713,380752,2
covtype,fedssl_amc,random_kout,dirichlet_0.1,10,100,1,0.01,42,9,4279,0.6181,0.8695143214030141,nan,2.74585656922713,380752,2
covtype,fedssl_amc,random_kout,dirichlet_0.3,10,100,1,0.01,42,0,746,0.5105,1.3965342181226439,nan,1.0737826179539938,380752,2
covtype,fedssl_amc,random_kout,dirichlet_0.3,10,100,1,0.01,42,1,3023,0.5105,0.499913838876423,nan,1.0737826179539938,380752,2
covtype,fedssl_amc,random_kout,dirichlet_0.3,10,100,1,0.01,42,2,6249,0.5105,0.3774715280575718,nan,1.0737826179539938,380752,2
covtype,fedssl_amc,random_kout,dirichlet_0.3,10,100,1,0.01,42,3,1084,0.5105,1.070049402775569,nan,1.0737826179539938,380752,2
covtype,fedssl_amc,random_kout,dirichlet_0.3,10,100,1,0.01,42,4,4177,0.5105,0.5431233659705165,nan,1.0737826179539938,380752,2
covtype,fedssl_amc,random_kout,dirichlet_0.3,10,100,1,0.01,42,5,301,0.5105,0.9276148608950976,nan,1.0737826179539938,380752,2
covtype,fedssl_amc,random_kout,dirichlet_0.3,10,100,1,0.01,42,6,10200,0.7318,0.8014890106405347,nan,1.0737826179539938,380752,2
covtype,fedssl_amc,random_kout,dirichlet_0.3,10,100,1,0.01,42,7,4364,0.5105,1.364784411929643,nan,1.0737826179539938,380752,2
covtype,fedssl_amc,random_kout,dirichlet_0.3,10,100,1,0.01,42,8,3745,0.7318,0.904544289888272,nan,1.0737826179539938,380752,2
covtype,fedssl_amc,random_kout,dirichlet_0.3,10,100,1,0.01,42,9,6111,0.7318,0.9083904240513444,nan,1.0737826179539938,380752,2
covtype,fedssl_amc,random_kout,dirichlet_1.0,10,100,1,0.01,42,0,4326,0.65,0.5633666839518789,nan,2.881421417217907,380752,2
covtype,fedssl_amc,random_kout,dirichlet_1.0,10,100,1,0.01,42,1,2902,0.6501,1.0026854062448205,nan,2.881421417217907,380752,2
covtype,fedssl_amc,random_kout,dirichlet_1.0,10,100,1,0.01,42,2,4488,0.6501,0.8825086941805883,nan,2.881421417217907,380752,2
covtype,fedssl_amc,random_kout,dirichlet_1.0,10,100,1,0.01,42,3,793,0.6501,0.5742260534665818,nan,2.881421417217907,380752,2
covtype,fedssl_amc,random_kout,dirichlet_1.0,10,100,1,0.01,42,4,1582,0.6501,0.5871847439296111,nan,2.881421417217907,380752,2
covtype,fedssl_amc,random_kout,dirichlet_1.0,10,100,1,0.01,42,5,3208,0.65,0.5564091502528131,nan,2.881421417217907,380752,2
covtype,fedssl_amc,random_kout,dirichlet_1.0,10,100,1,0.01,42,6,6003,0.6383,0.6174439189568338,nan,2.881421417217907,380752,2
covtype,fedssl_amc,random_kout,dirichlet_1.0,10,100,1,0.01,42,7,6151,0.6501,1.0074120057167881,nan,2.881421417217907,380752,2
covtype,fedssl_amc,random_kout,dirichlet_1.0,10,100,1,0.01,42,8,3352,0.6383,1.096768739097133,nan,2.881421417217907,380752,2
covtype,fedssl_amc,random_kout,dirichlet_1.0,10,100,1,0.01,42,9,7195,0.6383,0.6002846608456761,nan,2.881421417217907,380752,2
covtype,fedssl_amc,random_kout,iid,10,100,1,0.01,42,0,4000,0.516,1.0119195493396937,nan,3.439779995812173,380752,2
covtype,fedssl_amc,random_kout,iid,10,100,1,0.01,42,1,4000,0.516,1.0029090619576542,nan,3.439779995812173,380752,2
covtype,fedssl_amc,random_kout,iid,10,100,1,0.01,42,2,4000,0.516,1.0463309803696244,nan,3.439779995812173,380752,2
covtype,fedssl_amc,random_kout,iid,10,100,1,0.01,42,3,4000,0.516,1.005280470375954,nan,3.439779995812173,380752,2
covtype,fedssl_amc,random_kout,iid,10,100,1,0.01,42,4,4000,0.516,0.986404773962696,nan,3.439779995812173,380752,2
covtype,fedssl_amc,random_kout,iid,10,100,1,0.01,42,5,4000,0.516,1.0205625490885548,nan,3.439779995812173,380752,2
covtype,fedssl_amc,random_kout,iid,10,100,1,0.01,42,6,4000,0.663,0.7273971793687033,nan,3.439779995812173,380752,2
covtype,fedssl_amc,random_kout,iid,10,100,1,0.01,42,7,4000,0.516,1.011954291633832,nan,3.439779995812173,380752,2
covtype,fedssl_amc,random_kout,iid,10,100,1,0.01,42,8,4000,0.663,0.7104202612357863,nan,3.439779995812173,380752,2
covtype,fedssl_amc,random_kout,iid,10,100,1,0.01,42,9,4000,0.663,0.7120816145698919,nan,3.439779995812173,380752,2
covtype,fedssl_amc,random_kout,label_skew,10,100,1,0.01,42,0,4109,0.4841,1.0,nan,0.0,380752,2
covtype,fedssl_amc,random_kout,label_skew,10,100,1,0.01,42,1,3892,0.4841,1.0,nan,0.0,380752,2
covtype,fedssl_amc,random_kout,label_skew,10,100,1,0.01,42,2,4109,0.4841,1.0,nan,0.0,380752,2
covtype,fedssl_amc,random_kout,label_skew,10,100,1,0.01,42,3,3892,0.4841,1.0,nan,0.0,380752,2
covtype,fedssl_amc,random_kout,label_skew,10,100,1,0.01,42,4,4108,0.4841,1.0,nan,0.0,380752,2
covtype,fedssl_amc,random_kout,label_skew,10,100,1,0.01,42,5,3892,0.4841,1.0,nan,0.0,380752,2
covtype,fedssl_amc,random_kout,label_skew,10,100,1,0.01,42,6,4108,0.4841,1.0,nan,0.0,380752,2
covtype,fedssl_amc,random_kout,label_skew,10,100,1,0.01,42,7,3891,0.4841,1.0,nan,0.0,380752,2
covtype,fedssl_amc,random_kout,label_skew,10,100,1,0.01,42,8,4108,0.4841,1.0,nan,0.0,380752,2
covtype,fedssl_amc,random_kout,label_skew,10,100,1,0.01,42,9,3891,0.4841,1.0,nan,0.0,380752,2
covtype,fedssl_amc,ring,dirichlet_0.1,10,100,1,0.01,42,0,111,0.5275,0.6668083912999994,nan,2.559711146266895e-05,380752,1
covtype,fedssl_amc,ring,dirichlet_0.1,10,100,1,0.01,42,1,2160,0.528,1.2097371097181056,nan,2.559711146266895e-05,380752,1
covtype,fedssl_amc,ring,dirichlet_0.1,10,100,1,0.01,42,2,11171,0.5277,1.217586240920804,nan,2.559711146266895e-05,380752,1
covtype,fedssl_amc,ring,dirichlet_0.1,10,100,1,0.01,42,3,110,0.5272,0.6677163676665667,nan,2.559711146266895e-05,380752,1
covtype,fedssl_amc,ring,dirichlet_0.1,10,100,1,0.01,42,4,4214,0.5222,1.2022424367732716,nan,2.559711146266895e-05,380752,1
covtype,fedssl_amc,ring,dirichlet_0.1,10,100,1,0.01,42,5,1,0.522,0.6562598075285098,nan,2.559711146266895e-05,380752,1
covtype,fedssl_amc,ring,dirichlet_0.1,10,100,1,0.01,42,6,302,0.5215,0.634913985714078,nan,2.559711146266895e-05,380752,1
covtype,fedssl_amc,ring,dirichlet_0.1,10,100,1,0.01,42,7,16592,0.5216,0.6519052653682599,nan,2.559711146266895e-05,380752,1
covtype,fedssl_amc,ring,dirichlet_0.1,10,100,1,0.01,42,8,1060,0.5216,0.8453141422330231,nan,2.559711146266895e-05,380752,1
covtype,fedssl_amc,ring,dirichlet_0.1,10,100,1,0.01,42,9,4279,0.5269,0.8628422951020103,nan,2.559711146266895e-05,380752,1
covtype,fedssl_amc,ring,dirichlet_0.3,10,100,1,0.01,42,0,746,0.5955,1.2145289715034497,nan,2.8198926490066507e-05,380752,1
covtype,fedssl_amc,ring,dirichlet_0.3,10,100,1,0.01,42,1,3023,0.5965,0.5220765898268642,nan,2.8198926490066507e-05,380752,1
covtype,fedssl_amc,ring,dirichlet_0.3,10,100,1,0.01,42,2,6249,0.5966,0.42764817829885343,nan,2.8198926490066507e-05,380752,1
covtype,fedssl_amc,ring,dirichlet_0.3,10,100,1,0.01,42,3,1084,0.5967,0.9713344726276708,nan,2.8198926490066507e-05,380752,1
covtype,fedssl_amc,ring,dirichlet_0.3,10,100,1,0.01,42,4,4177,0.5936,0.5504001971995403,nan,2.8198926490066507e-05,380752,1
covtype,fedssl_amc,ring,dirichlet_0.3,10,100,1,0.01,42,5,301,0.5927,0.8659406109425775,nan,2.8198926490066507e-05,380752,1
covtype,fedssl_amc,ring,dirichlet_0.3,10,100,1,0.01,42,6,10200,0.5889,1.252746783628986,nan,2.8198926490066507e-05,380752,1
covtype,fedssl_amc,ring,dirichlet_0.3,10,100,1,0.01,42,7,4364,0.5889,1.2222142852605498,nan,2.8198926490066507e-05,380752,1
covtype,fedssl_amc,ring,dirichlet_0.3,10,100,1,0.01,42,8,3745,0.5894,0.7052797341314947,nan,2.8198926490066507e-05,380752,1
covtype,fedssl_amc,ring,dirichlet_0.3,10,100,1,0.01,42,9,6111,0.5944,0.7007921938346312,nan,2.8198926490066507e-05,380752,1
covtype,fedssl_amc,ring,dirichlet_1.0,10,100,1,0.01,42,0,4326,0.6484,0.5390148769664983,nan,1.1546365808840167e-05,380752,1
covtype,fedssl_amc,ring,dirichlet_1.0,10,100,1,0.01,42,1,2902,0.6502,1.0047333471905433,nan,1.1546365808840167e-05,380752,1
covtype,fedssl_amc,ring,dirichlet_1.0,10,100,1,0.01,42,2,4488,0.6488,0.8785373865186892,nan,1.1546365808840167e-05,380752,1
covtype,fedssl_amc,ring,dirichlet_1.0,10,100,1,0.01,42,3,793,0.6486,0.5515443888651846,nan,1.1546365808840167e-05,380752,1
covtype,fedssl_amc,ring,dirichlet_1.0,10,100,1,0.01,42,4,1582,0.6498,0.5601790306051702,nan,1.1546365808840167e-05,380752,1
covtype,fedssl_amc,ring,dirichlet_1.0,10,100,1,0.01,42,5,3208,0.6507,0.5273135382750747,nan,1.1546365808840167e-05,380752,1
covtype,fedssl_amc,ring,dirichlet_1.0,10,100,1,0.01,42,6,6003,0.6508,0.6579132830910114,nan,1.1546365808840167e-05,380752,1
covtype,fedssl_amc,ring,dirichlet_1.0,10,100,1,0.01,42,7,6151,0.6512,1.0105319631566199,nan,1.1546365808840167e-05,380752,1
covtype,fedssl_amc,ring,dirichlet_1.0,10,100,1,0.01,42,8,3352,0.6516,1.0467055832530034,nan,1.1546365808840167e-05,380752,1
covtype,fedssl_amc,ring,dirichlet_1.0,10,100,1,0.01,42,9,7195,0.6468,0.639786658740041,nan,1.1546365808840167e-05,380752,1
covtype,fedssl_amc,ring,iid,10,100,1,0.01,42,0,4000,0.6752,0.7239151221632262,nan,1.542889547469858e-05,380752,1
covtype,fedssl_amc,ring,iid,10,100,1,0.01,42,1,4000,0.6871,0.7496973140600596,nan,1.542889547469858e-05,380752,1
covtype,fedssl_amc,ring,iid,10,100,1,0.01,42,2,4000,0.6771,0.7089505204726306,nan,1.542889547469858e-05,380752,1
covtype,fedssl_amc,ring,iid,10,100,1,0.01,42,3,4000,0.6686,0.747974101311365,nan,1.542889547469858e-05,380752,1
covtype,fedssl_amc,ring,iid,10,100,1,0.01,42,4,4000,0.6118,0.7742673454952462,nan,1.542889547469858e-05,380752,1
covtype,fedssl_amc,ring,iid,10,100,1,0.01,42,5,4000,0.6032,0.7724343372480146,nan,1.542889547469858e-05,380752,1
covtype,fedssl_amc,ring,iid,10,100,1,0.01,42,6,4000,0.5694,0.851090409089189,nan,1.542889547469858e-05,380752,1
covtype,fedssl_amc,ring,iid,10,100,1,0.01,42,7,4000,0.5681,0.8354230702585386,nan,1.542889547469858e-05,380752,1
covtype,fedssl_amc,ring,iid,10,100,1,0.01,42,8,4000,0.568,0.8253498547518304,nan,1.542889547469858e-05,380752,1
covtype,fedssl_amc,ring,iid,10,100,1,0.01,42,9,4000,0.6412,0.7317684371486448,nan,1.542889547469858e-05,380752,1
covtype,fedssl_amc,ring,label_skew,10,100,1,0.01,42,0,4109,0.4841,1.0,nan,0.0,380752,1
covtype,fedssl_amc,ring,label_skew,10,100,1,0.01,42,1,3892,0.4841,1.0,nan,0.0,380752,1
covtype,fedssl_amc,ring,label_skew,10,100,1,0.01,42,2,4109,0.4841,1.0,nan,0.0,380752,1
covtype,fedssl_amc,ring,label_skew,10,100,1,0.01,42,3,3892,0.4841,1.0,nan,0.0,380752,1
covtype,fedssl_amc,ring,label_skew,10,100,1,0.01,42,4,4108,0.4841,1.0,nan,0.0,380752,1
covtype,fedssl_amc,ring,label_skew,10,100,1,0.01,42,5,3892,0.4841,1.0,nan,0.0,380752,1
covtype,fedssl_amc,ring,label_skew,10,100,1,0.01,42,6,4108,0.4841,1.0,nan,0.0,380752,1
covtype,fedssl_amc,ring,label_skew,10,100,1,0.01,42,7,3891,0.4841,1.0,nan,0.0,380752,1
covtype,fedssl_amc,ring,label_skew,10,100,1,0.01,42,8,4108,0.4841,1.0,nan,0.0,380752,1
covtype,fedssl_amc,ring,label_skew,10,100,1,0.01,42,9,3891,0.4841,1.0,nan,0.0,380752,1
covtype,bdsvm,full,dirichlet_0.1,10,100,2,0.01,42,0,111,0.7428,0.7135175854397863,nan,3.2557137791245934,32966400,1
covtype,bdsvm,full,dirichlet_0.1,10,100,2,0.01,42,1,2160,0.7412,0.5373226440561386,nan,3.2557137791245934,32966400,1
covtype,bdsvm,full,dirichlet_0.1,10,100,2,0.01,42,2,11171,0.7429,0.5357599218713925,nan,3.2557137791245934,32801568,1
covtype,bdsvm,full,dirichlet_0.1,10,100,2,0.01,42,3,110,0.7387,0.5724341714278395,nan,3.2557137791245934,32801568,1
covtype,bdsvm,full,dirichlet_0.1,10,100,2,0.01,42,4,4214,0.7412,0.5402591889210483,nan,3.2557137791245934,32966400,1
covtype,bdsvm,full,dirichlet_0.1,10,100,2,0.01,42,5,1,0.7419,1.252701638577669,nan,3.2557137791245934,32636736,1
covtype,bdsvm,full,dirichlet_0.1,10,100,2,0.01,42,6,302,0.7435,0.5886462439828662,nan,3.2557137791245934,32966400,1
covtype,bdsvm,full,dirichlet_0.1,10,100,2,0.01,42,7,16592,0.7431,0.6610306413424833,nan,3.2557137791245934,32801568,1
covtype,bdsvm,full,dirichlet_0.1,10,100,2,0.01,42,8,1060,0.7428,0.558341041008241,nan,3.2557137791245934,32636736,1
covtype,bdsvm,full,dirichlet_0.1,10,100,2,0.01,42,9,4279,0.7395,0.5942547983230828,nan,3.2557137791245934,32966400,1
covtype,bdsvm,full,dirichlet_0.3,10,100,2,0.01,42,0,746,0.746,0.6126344533439985,nan,1.2716482060966332,32966400,1
covtype,bdsvm,full,dirichlet_0.3,10,100,2,0.01,42,1,3023,0.746,0.5595126882664262,nan,1.2716482060966332,32966400,1
covtype,bdsvm,full,dirichlet_0.3,10,100,2,0.01,42,2,6249,0.7462,0.5443261999843821,nan,1.2716482060966332,32801568,1
covtype,bdsvm,full,dirichlet_0.3,10,100,2,0.01,42,3,1084,0.7461,0.6376464070980159,nan,1.2716482060966332,32801568,1
covtype,bdsvm,full,dirichlet_0.3,10,100,2,0.01,42,4,4177,0.7463,0.5660562155108202,nan,1.2716482060966332,32966400,1
covtype,bdsvm,full,dirichlet_0.3,10,100,2,0.01,42,5,301,0.7458,0.6551511580627166,nan,1.2716482060966332,32636736,1
covtype,bdsvm,full,dirichlet_0.3,10,100,2,0.01,42,6,10200,0.7461,0.6429985798987591,nan,1.2716482060966332,32966400,1
covtype,bdsvm,full,dirichlet_0.3,10,100,2,0.01,42,7,4364,0.7461,0.6546863398752626,nan,1.2716482060966332,32801568,1
covtype,bdsvm,full,dirichlet_0.3,10,100,2,0.01,42,8,3745,0.7465,0.5691541984491543,nan,1.2716482060966332,32636736,1
covtype,bdsvm,full,dirichlet_0.3,10,100,2,0.01,42,9,6111,0.7461,0.5692842401251238,nan,1.2716482060966332,32966400,1
covtype,bdsvm,full,dirichlet_1.0,10,100,2,0.01,42,0,4326,0.741,0.5445837346774266,nan,9.231296371346314,32966400,1
covtype,bdsvm,full,dirichlet_1.0,10,100,2,0.01,42,1,2902,0.7409,0.6554158299646136,nan,9.231296371346314,32966400,1
covtype,bdsvm,full,dirichlet_1.0,10,100,2,0.01,42,2,4488,0.7388,0.610207995702582,nan,9.231296371346314,32801568,1
covtype,bdsvm,full,dirichlet_1.0,10,100,2,0.01,42,3,793,0.7407,0.5684985160718525,nan,9.231296371346314,32801568,1
covtype,bdsvm,full,dirichlet_1.0,10,100,2,0.01,42,4,1582,0.7375,0.558838136835165,nan,9.231296371346314,32966400,1
covtype,bdsvm,full,dirichlet_1.0,10,100,2,0.01,42,5,3208,0.7381,0.5618239356368122,nan,9.231296371346314,32636736,1
covtype,bdsvm,full,dirichlet_1.0,10,100,2,0.01,42,6,6003,0.7359,0.5822813233768332,nan,9.231296371346314,32966400,1
covtype,bdsvm,full,dirichlet_1.0,10,100,2,0.01,42,7,6151,0.736,0.659024473054813,nan,9.231296371346314,32801568,1
covtype,bdsvm,full,dirichlet_1.0,10,100,2,0.01,42,8,3352,0.7372,0.6493872393466187,nan,9.231296371346314,32636736,1
covtype,bdsvm,full,dirichlet_1.0,10,100,2,0.01,42,9,7195,0.7382,0.5714793363080269,nan,9.231296371346314,32966400,1
covtype,bdsvm,full,iid,10,100,2,0.01,42,0,4000,0.7421,0.5960005414110099,nan,2.523429908247767,32966400,1
covtype,bdsvm,full,iid,10,100,2,0.01,42,1,4000,0.7417,0.6355282160369068,nan,2.523429908247767,32966400,1
covtype,bdsvm,full,iid,10,100,2,0.01,42,2,4000,0.742,0.5922114181880681,nan,2.523429908247767,32801568,1
covtype,bdsvm,full,iid,10,100,2,0.01,42,3,4000,0.7417,0.622877003090663,nan,2.523429908247767,32801568,1
covtype,bdsvm,full,iid,10,100,2,0.01,42,4,4000,0.7419,0.5841069127496136,nan,2.523429908247767,32966400,1
covtype,bdsvm,full,iid,10,100,2,0.01,42,5,4000,0.742,0.5807457320278219,nan,2.523429908247767,32636736,1
covtype,bdsvm,full,iid,10,100,2,0.01,42,6,4000,0.7418,0.5985621363213549,nan,2.523429908247767,32966400,1
covtype,bdsvm,full,iid,10,100,2,0.01,42,7,4000,0.7426,0.592575805025007,nan,2.523429908247767,32801568,1
covtype,bdsvm,full,iid,10,100,2,0.01,42,8,4000,0.7427,0.596533142243044,nan,2.523429908247767,32636736,1
covtype,bdsvm,full,iid,10,100,2,0.01,42,9,4000,0.742,0.577522430743679,nan,2.523429908247767,32966400,1
covtype,bdsvm,full,label_skew,10,100,2,0.01,42,0,4109,0.7389,0.6767777458362282,nan,2.4185001364287904,32966400,1
covtype,bdsvm,full,label_skew,10,100,2,0.01,42,1,3892,0.7393,0.5135453591715001,nan,2.4185001364287904,32966400,1
covtype,bdsvm,full,label_skew,10,100,2,0.01,42,2,4109,0.7393,0.6687613932380162,nan,2.4185001364287904,32801568,1
covtype,bdsvm,full,label_skew,10,100,2,0.01,42,3,3892,0.7393,0.5146570466112852,nan,2.4185001364287904,32801568,1
covtype,bdsvm,full,label_skew,10,100,2,0.01,42,4,4108,0.7392,0.6730733952797074,nan,2.4185001364287904,32966400,1
covtype,bdsvm,full,label_skew,10,100,2,0.01,42,5,3892,0.7394,0.5299304432868244,nan,2.4185001364287904,32636736,1
covtype,bdsvm,full,label_skew,10,100,2,0.01,42,6,4108,0.7387,0.6943997739181201,nan,2.4185001364287904,32966400,1
covtype,bdsvm,full,label_skew,10,100,2,0.01,42,7,3891,0.7391,0.514083504416387,nan,2.4185001364287904,32801568,1
covtype,bdsvm,full,label_skew,10,100,2,0.01,42,8,4108,0.7397,0.6636638117216512,nan,2.4185001364287904,32636736,1
covtype,bdsvm,full,label_skew,10,100,2,0.01,42,9,3891,0.7392,0.493940519737308,nan,2.4185001364287904,32966400,1
covtype,bdsvm,random_kout,dirichlet_0.1,10,100,2,0.01,42,0,111,0.7194,0.7659715028978932,nan,5.8343965530208175,32966400,1
covtype,bdsvm,random_kout,dirichlet_0.1,10,100,2,0.01,42,1,2160,0.7206,0.5142457385528615,nan,5.8343965530208175,32801568,1
covtype,bdsvm,random_kout,dirichlet_0.1,10,100,2,0.01,42,2,11171,0.7206,0.5082864149879982,nan,5.8343965530208175,32966400,1
covtype,bdsvm,random_kout,dirichlet_0.1,10,100,2,0.01,42,3,110,0.7188,0.6013526719973551,nan,5.8343965530208175,32801568,1
covtype,bdsvm,random_kout,dirichlet_0.1,10,100,2,0.01,42,4,4214,0.7202,0.5155672446070357,nan,5.8343965530208175,32966400,1
covtype,bdsvm,random_kout,dirichlet_0.1,10,100,2,0.01,42,5,1,0.7168,1.3465045458045646,nan,5.8343965530208175,32801568,1
covtype,bdsvm,random_kout,dirichlet_0.1,10,100,2,0.01,42,6,302,0.7178,0.6356889283694579,nan,5.8343965530208175,32966400,1
covtype,bdsvm,random_kout,dirichlet_0.1,10,100,2,0.01,42,7,16592,0.7208,0.7004242223696703,nan,5.8343965530208175,32966400,1
covtype,bdsvm,random_kout,dirichlet_0.1,10,100,2,0.01,42,8,1060,0.7162,0.5843615818224921,nan,5.8343965530208175,32966400,1
covtype,bdsvm,random_kout,dirichlet_0.1,10,100,2,0.01,42,9,4279,0.7205,0.6069281694917277,nan,5.8343965530208175,32801568,1
covtype,bdsvm,random_kout,dirichlet_0.3,10,100,2,0.01,42,0,746,0.6985,0.7317830846497915,nan,6.908699589445386,32966400,1
covtype,bdsvm,random_kout,dirichlet_0.3,10,100,2,0.01,42,1,3023,0.698,0.5005900248554365,nan,6.908699589445386,32801568,1
covtype,bdsvm,random_kout,dirichlet_0.3,10,100,2,0.01,42,2,6249,0.6981,0.4582515207880391,nan,6.908699589445386,32966400,1
covtype,bdsvm,random_kout,dirichlet_0.3,10,100,2,0.01,42,3,1084,0.6981,0.6849049092029617,nan,6.908699589445386,32801568,1
covtype,bdsvm,random_kout,dirichlet_0.3,10,100,2,0.01,42,4,4177,0.6981,0.5141351760108657,nan,6.908699589445386,32966400,1
covtype,bdsvm,random_kout,dirichlet_0.3,10,100,2,0.01,42,5,301,0.6995,0.6589926755319954,nan,6.908699589445386,32801568,1
covtype,bdsvm,random_kout,dirichlet_0.3,10,100,2,0.01,42,6,10200,0.7018,0.7381785346956959,nan,6.908699589445386,32966400,1
covtype,bdsvm,random_kout,dirichlet_0.3,10,100,2,0.01,42,7,4364,0.6983,0.7576010498122355,nan,6.908699589445386,32966400,1
covtype,bdsvm,random_kout,dirichlet_0.3,10,100,2,0.01,42,8,3745,0.7003,0.5593643160170398,nan,6.908699589445386,32966400,1
covtype,bdsvm,random_kout,dirichlet_0.3,10,100,2,0.01,42,9,6111,0.701,0.5580663027300944,nan,6.908699589445386,32801568,1
covtype,bdsvm,random_kout,dirichlet_1.0,10,100,2,0.01,42,0,4326,0.7034,0.5216172706094679,nan,5.3854514091380015,32966400,1
covtype,bdsvm,random_kout,dirichlet_1.0,10,100,2,0.01,42,1,2902,0.7025,0.7166224022019232,nan,5.3854514091380015,32801568,1
covtype,bdsvm,random_kout,dirichlet_1.0,10,100,2,0.01,42,2,4488,0.7037,0.6443002028631625,nan,5.3854514091380015,32966400,1
covtype,bdsvm,random_kout,dirichlet_1.0,10,100,2,0.01,42,3,793,0.703,0.5513887086041659,nan,5.3854514091380015,32801568,1
covtype,bdsvm,random_kout,dirichlet_1.0,10,100,2,0.01,42,4,1582,0.7035,0.5367930150067406,nan,5.3854514091380015,32966400,1
covtype,bdsvm,random_kout,dirichlet_1.0,10,100,2,0.01,42,5,3208,0.7052,0.5311490587167061,nan,5.3854514091380015,32801568,1
covtype,bdsvm,random_kout,dirichlet_1.0,10,100,2,0.01,42,6,6003,0.7048,0.5771415818590769,nan,5.3854514091380015,32966400,1
covtype,bdsvm,random_kout,dirichlet_1.0,10,100,2,0.01,42,7,6151,0.7034,0.7172640958825948,nan,5.3854514091380015,32966400,1
covtype,bdsvm,random_kout,dirichlet_1.0,10,100,2,0.01,42,8,3352,0.7033,0.7166565463209077,nan,5.3854514091380015,32966400,1
covtype,bdsvm,random_kout,dirichlet_1.0,10,100,2,0.01,42,9,7195,0.7063,0.5654425671911364,nan,5.3854514091380015,32801568,1
covtype,bdsvm,random_kout,iid,10,100,2,0.01,42,0,4000,0.7216,0.6108471097515248,nan,6.85459776705127,32966400,1
covtype,bdsvm,random_kout,iid,10,100,2,0.01,42,1,4000,0.7185,0.6509386408329255,nan,6.85459776705127,32801568,1
covtype,bdsvm,random_kout,iid,10,100,2,0.01,42,2,4000,0.721,0.60779971207792,nan,6.85459776705127,32966400,1
covtype,bdsvm,random_kout,iid,10,100,2,0.01,42,3,4000,0.7191,0.6386404748008752,nan,6.85459776705127,32801568,1
covtype,bdsvm,random_kout,iid,10,100,2,0.01,42,4,4000,0.7198,0.6029546460834555,nan,6.85459776705127,32966400,1
covtype,bdsvm,random_kout,iid,10,100,2,0.01,42,5,4000,0.7208,0.599206145707791,nan,6.85459776705127,32801568,1
covtype,bdsvm,random_kout,iid,10,100,2,0.01,42,6,4000,0.7201,0.6152822744573314,nan,6.85459776705127,32966400,1
covtype,bdsvm,random_kout,iid,10,100,2,0.01,42,7,4000,0.7202,0.6104469389781715,nan,6.85459776705127,32966400,1
covtype,bdsvm,random_kout,iid,10,100,2,0.01,42,8,4000,0.7197,0.6138188869362609,nan,6.85459776705127,32966400,1
covtype,bdsvm,random_kout,iid,10,100,2,0.01,42,9,4000,0.7219,0.5918004946879096,nan,6.85459776705127,32801568,1
covtype,bdsvm,random_kout,label_skew,10,100,2,0.01,42,0,4109,0.7108,0.7310669660597335,nan,7.764695859300483,32966400,1
covtype,bdsvm,random_kout,label_skew,10,100,2,0.01,42,1,3892,0.7085,0.4897125571213902,nan,7.764695859300483,32801568,1
covtype,bdsvm,random_kout,label_skew,10,100,2,0.01,42,2,4109,0.7077,0.7314313210957074,nan,7.764695859300483,32966400,1
covtype,bdsvm,random_kout,label_skew,10,100,2,0.01,42,3,3892,0.7079,0.4899003851772136,nan,7.764695859300483,32801568,1
covtype,bdsvm,random_kout,label_skew,10,100,2,0.01,42,4,4108,0.7081,0.7363679717375752,nan,7.764695859300483,32966400,1
covtype,bdsvm,random_kout,label_skew,10,100,2,0.01,42,5,3892,0.7113,0.5036896126482416,nan,7.764695859300483,32801568,1
covtype,bdsvm,random_kout,label_skew,10,100,2,0.01,42,6,4108,0.7094,0.7471301703804065,nan,7.764695859300483,32966400,1
covtype,bdsvm,random_kout,label_skew,10,100,2,0.01,42,7,3891,0.7092,0.4879041081909988,nan,7.764695859300483,32966400,1
covtype,bdsvm,random_kout,label_skew,10,100,2,0.01,42,8,4108,0.7102,0.7185213266830837,nan,7.764695859300483,32966400,1
covtype,bdsvm,random_kout,label_skew,10,100,2,0.01,42,9,3891,0.7092,0.4697598179816001,nan,7.764695859300483,32801568,1
covtype,bdsvm,ring,dirichlet_0.1,10,100,2,0.01,42,0,111,0.6874,0.9516100867347655,nan,13.632890211653182,32801568,1
covtype,bdsvm,ring,dirichlet_0.1,10,100,2,0.01,42,1,2160,0.7236,0.49922410523125266,nan,13.632890211653182,32966400,1
covtype,bdsvm,ring,dirichlet_0.1,10,100,2,0.01,42,2,11171,0.7224,0.49922189896577696,nan,13.632890211653182,32966400,1
covtype,bdsvm,ring,dirichlet_0.1,10,100,2,0.01,42,3,110,0.7218,0.6781187468871617,nan,13.632890211653182,32636736,1
covtype,bdsvm,ring,dirichlet_0.1,10,100,2,0.01,42,4,4214,0.684,0.4349743557990077,nan,13.632890211653182,32966400,1
covtype,bdsvm,ring,dirichlet_0.1,10,100,2,0.01,42,5,1,0.6778,1.413372686287825,nan,13.632890211653182,32801568,1
covtype,bdsvm,ring,dirichlet_0.1,10,100,2,0.01,42,6,302,0.6773,0.8279974969511479,nan,13.632890211653182,32966400,1
covtype,bdsvm,ring,dirichlet_0.1,10,100,2,0.01,42,7,16592,0.6717,0.9219230595975983,nan,13.632890211653182,32801568,1
covtype,bdsvm,ring,dirichlet_0.1,10,100,2,0.01,42,8,1060,0.6716,0.6897259681962694,nan,13.632890211653182,32966400,1
covtype,bdsvm,ring,dirichlet_0.1,10,100,2,0.01,42,9,4279,0.6804,0.6919528185631276,nan,13.632890211653182,32966400,1
covtype,bdsvm,ring,dirichlet_0.3,10,100,2,0.01,42,0,746,0.7324,0.6731672226080603,nan,10.343954466451478,32801568,1
covtype,bdsvm,ring,dirichlet_0.3,10,100,2,0.01,42,1,3023,0.7393,0.5989077804053613,nan,10.343954466451478,32966400,1
covtype,bdsvm,ring,dirichlet_0.3,10,100,2,0.01,42,2,6249,0.7396,0.5842144146448544,nan,10.343954466451478,32966400,1
covtype,bdsvm,ring,dirichlet_0.3,10,100,2,0.01,42,3,1084,0.7387,0.6624887918245869,nan,10.343954466451478,32636736,1
covtype,bdsvm,ring,dirichlet_0.3,10,100,2,0.01,42,4,4177,0.7352,0.5937300868447811,nan,10.343954466451478,32966400,1
covtype,bdsvm,ring,dirichlet_0.3,10,100,2,0.01,42,5,301,0.7348,0.667740010540669,nan,10.343954466451478,32801568,1
covtype,bdsvm,ring,dirichlet_0.3,10,100,2,0.01,42,6,10200,0.7303,0.6935765973616218,nan,10.343954466451478,32966400,1
covtype,bdsvm,ring,dirichlet_0.3,10,100,2,0.01,42,7,4364,0.728,0.7119172507431955,nan,10.343954466451478,32801568,1
covtype,bdsvm,ring,dirichlet_0.3,10,100,2,0.01,42,8,3745,0.7249,0.5879019895067393,nan,10.343954466451478,32966400,1
covtype,bdsvm,ring,dirichlet_0.3,10,100,2,0.01,42,9,6111,0.7301,0.5912066528064472,nan,10.343954466451478,32966400,1
covtype,bdsvm,ring,dirichlet_1.0,10,100,2,0.01,42,0,4326,0.7169,0.5860928601064915,nan,8.926462987941697,32801568,1
covtype,bdsvm,ring,dirichlet_1.0,10,100,2,0.01,42,1,2902,0.7217,0.6901526996686651,nan,8.926462987941697,32966400,1
covtype,bdsvm,ring,dirichlet_1.0,10,100,2,0.01,42,2,4488,0.7229,0.651140780684727,nan,8.926462987941697,32966400,1
covtype,bdsvm,ring,dirichlet_1.0,10,100,2,0.01,42,3,793,0.7235,0.619537791199495,nan,8.926462987941697,32636736,1
covtype,bdsvm,ring,dirichlet_1.0,10,100,2,0.01,42,4,1582,0.7178,0.5954864284886184,nan,8.926462987941697,32966400,1
covtype,bdsvm,ring,dirichlet_1.0,10,100,2,0.01,42,5,3208,0.7104,0.5957430563144193,nan,8.926462987941697,32801568,1
covtype,bdsvm,ring,dirichlet_1.0,10,100,2,0.01,42,6,6003,0.7095,0.6160822802245038,nan,8.926462987941697,32966400,1
covtype,bdsvm,ring,dirichlet_1.0,10,100,2,0.01,42,7,6151,0.7068,0.7058397682618128,nan,8.926462987941697,32801568,1
covtype,bdsvm,ring,dirichlet_1.0,10,100,2,0.01,42,8,3352,0.7083,0.6938721226546734,nan,8.926462987941697,32966400,1
covtype,bdsvm,ring,dirichlet_1.0,10,100,2,0.01,42,9,7195,0.7098,0.6100940613457199,nan,8.926462987941697,32966400,1
covtype,bdsvm,ring,iid,10,100,2,0.01,42,0,4000,0.721,0.6378993927709458,nan,11.384047892867583,32801568,1
covtype,bdsvm,ring,iid,10,100,2,0.01,42,1,4000,0.7242,0.6680776825730335,nan,11.384047892867583,32966400,1
covtype,bdsvm,ring,iid,10,100,2,0.01,42,2,4000,0.7255,0.630336474295055,nan,11.384047892867583,32966400,1
covtype,bdsvm,ring,iid,10,100,2,0.01,42,3,4000,0.7257,0.6564703198537002,nan,11.384047892867583,32636736,1
covtype,bdsvm,ring,iid,10,100,2,0.01,42,4,4000,0.7237,0.6264861753661114,nan,11.384047892867583,32966400,1
covtype,bdsvm,ring,iid,10,100,2,0.01,42,5,4000,0.7186,0.6280517272480458,nan,11.384047892867583,32801568,1
covtype,bdsvm,ring,iid,10,100,2,0.01,42,6,4000,0.7185,0.636513652021029,nan,11.384047892867583,32966400,1
covtype,bdsvm,ring,iid,10,100,2,0.01,42,7,4000,0.7157,0.6402868246968392,nan,11.384047892867583,32801568,1
covtype,bdsvm,ring,iid,10,100,2,0.01,42,8,4000,0.7148,0.6463254156498175,nan,11.384047892867583,32966400,1
covtype,bdsvm,ring,iid,10,100,2,0.01,42,9,4000,0.7169,0.6180179987215217,nan,11.384047892867583,32966400,1
covtype,bdsvm,ring,label_skew,10,100,2,0.01,42,0,4109,0.7205,0.7270201256154423,nan,10.924995350275697,32801568,1
covtype,bdsvm,ring,label_skew,10,100,2,0.01,42,1,3892,0.7245,0.54518175586714,nan,10.924995350275697,32966400,1
covtype,bdsvm,ring,label_skew,10,100,2,0.01,42,2,4109,0.727,0.7104804790998469,nan,10.924995350275697,32966400,1
covtype,bdsvm,ring,label_skew,10,100,2,0.01,42,3,3892,0.7259,0.5493950772941871,nan,10.924995350275697,32636736,1
covtype,bdsvm,ring,label_skew,10,100,2,0.01,42,4,4108,0.7213,0.7300444695571613,nan,10.924995350275697,32966400,1
covtype,bdsvm,ring,label_skew,10,100,2,0.01,42,5,3892,0.718,0.5613325734820386,nan,10.924995350275697,32801568,1
covtype,bdsvm,ring,label_skew,10,100,2,0.01,42,6,4108,0.718,0.735432119270393,nan,10.924995350275697,32966400,1
covtype,bdsvm,ring,label_skew,10,100,2,0.01,42,7,3891,0.7199,0.5599167899109315,nan,10.924995350275697,32801568,1
covtype,bdsvm,ring,label_skew,10,100,2,0.01,42,8,4108,0.7172,0.7145190043060136,nan,10.924995350275697,32966400,1
covtype,bdsvm,ring,label_skew,10,100,2,0.01,42,9,3891,0.7152,0.5248463343307682,nan,10.924995350275697,32966400,1
covtype,cocoa,full,dirichlet_0.1,10,100,2,0.01,42,0,111,0.5159,0.03138294814755392,-0.47788821286890226,0.5043748096726226,43200,1
covtype,cocoa,full,dirichlet_0.1,10,100,2,0.01,42,1,2160,0.4841,0.019044519011200228,-0.05928322284528205,0.5043748096726226,43200,1
covtype,cocoa,full,dirichlet_0.1,10,100,2,0.01,42,2,11171,0.4841,0.003551177600558076,-0.010595749115902124,0.5043748096726226,43200,1
covtype,cocoa,full,dirichlet_0.1,10,100,2,0.01,42,3,110,0.5159,0.12783071430312704,-0.4784343320879563,0.5043748096726226,43200,1
covtype,cocoa,full,dirichlet_0.1,10,100,2,0.01,42,4,4214,0.4841,0.044602782374079,0.005786553968591006,0.5043748096726226,43200,1
covtype,cocoa,full,dirichlet_0.1,10,100,2,0.01,42,5,1,0.6491,1.003221536037963,0.0033543829605851005,0.5043748096726226,43200,1
covtype,cocoa,full,dirichlet_0.1,10,100,2,0.01,42,6,302,0.5159,0.04024013343329783,-0.5670182998932003,0.5043748096726226,43200,1
covtype,cocoa,full,dirichlet_0.1,10,100,2,0.01,42,7,16592,0.5159,0.0006678542759681828,-0.0044868465990703585,0.5043748096726226,43200,1
covtype,cocoa,full,dirichlet_0.1,10,100,2,0.01,42,8,1060,0.5159,0.733585171653135,0.21421577195924135,0.5043748096726226,43200,1
covtype,cocoa,full,dirichlet_0.1,10,100,2,0.01,42,9,4279,0.5159,0.7566165870994678,0.5680173244486073,0.5043748096726226,43200,1
covtype,cocoa,full,dirichlet_0.3,10,100,2,0.01,42,0,746,0.5159,0.0183793550592,-0.25035966482336086,0.5139273303958062,43200,1
covtype,cocoa,full,dirichlet_0.3,10,100,2,0.01,42,1,3023,0.4841,0.2567642756845934,0.13040815417944124,0.5139273303958062,43200,1
covtype,cocoa,full,dirichlet_0.3,10,100,2,0.01,42,2,6249,0.4841,0.0087802835309545,-0.023681413994638773,0.5139273303958062,43200,1
covtype,cocoa,full,dirichlet_0.3,10,100,2,0.01,42,3,1084,0.5159,0.6839841128515346,0.11063341309707442,0.5139273303958062,43200,1
covtype,cocoa,full,dirichlet_0.3,10,100,2,0.01,42,4,4177,0.4841,0.3297120369654975,0.22224619705356646,0.5139273303958062,43200,1
covtype,cocoa,full,dirichlet_0.3,10,100,2,0.01,42,5,301,0.5509,0.9730917274758553,0.03124064307516039,0.5139273303958062,43200,1
covtype,cocoa,full,dirichlet_0.3,10,100,2,0.01,42,6,10200,0.5159,0.0044320182308968505,-0.01536576501056405,0.5139273303958062,43200,1
covtype,cocoa,full,dirichlet_0.3,10,100,2,0.01,42,7,4364,0.5159,0.09606688409181456,0.040266454476268865,0.5139273303958062,43200,1
covtype,cocoa,full,dirichlet_0.3,10,100,2,0.01,42,8,3745,0.4841,0.704318795859815,0.4975983464452012,0.5139273303958062,43200,1
covtype,cocoa,full,dirichlet_0.3,10,100,2,0.01,42,9,6111,0.4841,0.6879384046615349,0.5647260000716253,0.5139273303958062,43200,1
covtype,cocoa,full,dirichlet_1.0,10,100,2,0.01,42,0,4326,0.4841,0.4041775717422891,0.28954009419113075,0.5368201033644111,43200,1
covtype,cocoa,full,dirichlet_1.0,10,100,2,0.01,42,1,2902,0.5159,0.2868259636410018,0.11856287341682989,0.5368201033644111,43200,1
covtype,cocoa,full,dirichlet_1.0,10,100,2,0.01,42,2,4488,0.5159,0.6436183010090991,0.48861830750600704,0.5368201033644111,43200,1
covtype,cocoa,full,dirichlet_1.0,10,100,2,0.01,42,3,793,0.4841,0.39202686746516746,-0.04161527240279961,0.5368201033644111,43200,1
covtype,cocoa,full,dirichlet_1.0,10,100,2,0.01,42,4,1582,0.4841,0.467232397106079,0.17680484332600377,0.5368201033644111,43200,1
covtype,cocoa,full,dirichlet_1.0,10,100,2,0.01,42,5,3208,0.4841,0.3381186973074702,0.20435785701347375,0.5368201033644111,43200,1
covtype,cocoa,full,dirichlet_1.0,10,100,2,0.01,42,6,6003,0.4841,0.7011864957932744,0.5859970516263918,0.5368201033644111,43200,1
covtype,cocoa,full,dirichlet_1.0,10,100,2,0.01,42,7,6151,0.5159,0.2840429222168143,0.21761635052336997,0.5368201033644111,43200,1
covtype,cocoa,full,dirichlet_1.0,10,100,2,0.01,42,8,3352,0.5159,0.1453011057609316,0.055745311607233256,0.5368201033644111,43200,1
covtype,cocoa,full,dirichlet_1.0,10,100,2,0.01,42,9,7195,0.4841,0.6779002847425732,0.5663014509245893,0.5368201033644111,43200,1
covtype,cocoa,full,iid,10,100,2,0.01,42,0,4000,0.5961,0.8970917693031529,0.6814681942092817,0.09937759109181046,43200,1
covtype,cocoa,full,iid,10,100,2,0.01,42,1,4000,0.6175,0.8833432304255507,0.6692918740474615,0.09937759109181046,43200,1
covtype,cocoa,full,iid,10,100,2,0.01,42,2,4000,0.6275,0.8881830860071916,0.6728923885138712,0.09937759109181046,43200,1
covtype,cocoa,full,iid,10,100,2,0.01,42,3,4000,0.6075,0.8897327012816422,0.6745670125190606,0.09937759109181046,43200,1
covtype,cocoa,full,iid,10,100,2,0.01,42,4,4000,0.6164,0.8726269513454674,0.6577749230020561,0.09937759109181046,43200,1
covtype,cocoa,full,iid,10,100,2,0.01,42,5,4000,0.6304,0.8800199027802873,0.6653880848498944,0.09937759109181046,43200,1
covtype,cocoa,full,iid,10,100,2,0.01,42,6,4000,0.5577,0.8842823687076794,0.670528166299794,0.09937759109181046,43200,1
covtype,cocoa,full,iid,10,100,2,0.01,42,7,4000,0.591,0.8850030730880892,0.6721209232625125,0.09937759109181046,43200,1
covtype,cocoa,full,iid,10,100,2,0.01,42,8,4000,0.63,0.9010834644766971,0.6859327938421576,0.09937759109181046,43200,1
covtype,cocoa,full,iid,10,100,2,0.01,42,9,4000,0.6298,0.8665768094818691,0.6520461938471728,0.09937759109181046,43200,1
covtype,cocoa,full,label_skew,10,100,2,0.01,42,0,4109,0.5159,0.002299290188209827,-0.031329427674938286,0.6390855889163325,43200,1
covtype,cocoa,full,label_skew,10,100,2,0.01,42,1,3892,0.4841,0.005959392083452017,-0.04959100699627524,0.6390855889163325,43200,1
covtype,cocoa,full,label_skew,10,100,2,0.01,42,2,4109,0.5159,0.002039786487755476,-0.0317068290358018,0.6390855889163325,43200,1
covtype,cocoa,full,label_skew,10,100,2,0.01,42,3,3892,0.4841,0.005500506499650283,-0.055374105110241684,0.6390855889163325,43200,1
covtype,cocoa,full,label_skew,10,100,2,0.01,42,4,4108,0.5159,0.004122534170305482,-0.05546788329018051,0.6390855889163325,43200,1
covtype,cocoa,full,label_skew,10,100,2,0.01,42,5,3892,0.4841,0.0026501909303896882,-0.03286087408080577,0.6390855889163325,43200,1
covtype,cocoa,full,label_skew,10,100,2,0.01,42,6,4108,0.5159,0.0016680310300313922,-0.028478741152072613,0.6390855889163325,43200,1
covtype,cocoa,full,label_skew,10,100,2,0.01,42,7,3891,0.4841,0.0031444359388594374,-0.029435075797912,0.6390855889163325,43200,1
covtype,cocoa,full,label_skew,10,100,2,0.01,42,8,4108,0.5159,0.003571864841232251,-0.057465430395802854,0.6390855889163325,43200,1
covtype,cocoa,full,label_skew,10,100,2,0.01,42,9,3891,0.4841,0.004028462654324047,-0.03418298977702045,0.6390855889163325,43200,1
covtype,cocoa_plus,full,dirichlet_0.1,10,100,2,0.01,42,0,111,0.5159,0.007461447222052402,-0.17486560417354274,0.5253697094534029,43200,1
covtype,cocoa_plus,full,dirichlet_0.1,10,100,2,0.01,42,1,2160,0.4841,0.01750088234373219,-0.07147029895507755,0.5253697094534029,43200,1
covtype,cocoa_plus,full,dirichlet_0.1,10,100,2,0.01,42,2,11171,0.4841,0.0018591242653482932,-0.014304572225219976,0.5253697094534029,43200,1
covtype,cocoa_plus,full,dirichlet_0.1,10,100,2,0.01,42,3,110,0.5159,0.1582983358144629,-0.5890663027348539,0.5253697094534029,43200,1
covtype,cocoa_plus,full,dirichlet_0.1,10,100,2,0.01,42,4,4214,0.4841,0.04334111329291377,-0.0265861612626632,0.5253697094534029,43200,1
covtype,cocoa_plus,full,dirichlet_0.1,10,100,2,0.01,42,5,1,0.5491,0.9521751320055919,-0.047501633240395025,0.5253697094534029,43200,1
covtype,cocoa_plus,full,dirichlet_0.1,10,100,2,0.01,42,6,302,0.5159,0.04131868602534833,-0.6046717835278466,0.5253697094534029,43200,1
covtype,cocoa_plus,full,dirichlet_0.1,10,100,2,0.01,42,7,16592,0.5159,0.0008645796649952434,-0.005751314033196548,0.5253697094534029,43200,1
covtype,cocoa_plus,full,dirichlet_0.1,10,100,2,0.01,42,8,1060,0.5159,0.7249722999868627,-0.07809997693926152,0.5253697094534029,43200,1
covtype,cocoa_plus,full,dirichlet_0.1,10,100,2,0.01,42,9,4279,0.5159,0.7350816041210421,0.010151132056033463,0.5253697094534029,43200,1
covtype,cocoa_plus,full,dirichlet_0.3,10,100,2,0.01,42,0,746,0.5159,0.010894544104233959,-0.16880231836917833,0.5803618974644156,43200,1
covtype,cocoa_plus,full,dirichlet_0.3,10,100,2,0.01,42,1,3023,0.4841,0.25003061019758765,-0.0414779541670911,0.5803618974644156,43200,1
covtype,cocoa_plus,full,dirichlet_0.3,10,100,2,0.01,42,2,6249,0.4841,0.007898823487616408,-0.033529434678659306,0.5803618974644156,43200,1
covtype,cocoa_plus,full,dirichlet_0.3,10,100,2,0.01,42,3,1084,0.5159,0.6708655403395378,-0.19928086086542918,0.5803618974644156,43200,1
covtype,cocoa_plus,full,dirichlet_0.3,10,100,2,0.01,42,4,4177,0.4841,0.3204966588481414,-0.025323452573188077,0.5803618974644156,43200,1
covtype,cocoa_plus,full,dirichlet_0.3,10,100,2,0.01,42,5,301,0.5499,0.9661655937663403,-0.03205529435605792,0.5803618974644156,43200,1
covtype,cocoa_plus,full,dirichlet_0.3,10,100,2,0.01,42,6,10200,0.5159,0.003967796442554817,-0.019885427514693084,0.5803618974644156,43200,1
covtype,cocoa_plus,full,dirichlet_0.3,10,100,2,0.01,42,7,4364,0.5159,0.09540638194030254,-0.027205163179936848,0.5803618974644156,43200,1
covtype,cocoa_plus,full,dirichlet_0.3,10,100,2,0.01,42,8,3745,0.5378,0.6642226127000431,-0.03984601815927835,0.5803618974644156,43200,1
covtype,cocoa_plus,full,dirichlet_0.3,10,100,2,0.01,42,9,6111,0.5381,0.6503200033253216,0.08380407886752028,0.5803618974644156,43200,1
covtype,cocoa_plus,full,dirichlet_1.0,10,100,2,0.01,42,0,4326,0.4842,0.3917705068403859,-0.0011322238307662769,0.5994454144928614,43200,1
covtype,cocoa_plus,full,dirichlet_1.0,10,100,2,0.01,42,1,2902,0.5159,0.28111034905892585,-0.07893753087442673,0.5994454144928614,43200,1
covtype,cocoa_plus,full,dirichlet_1.0,10,100,2,0.01,42,2,4488,0.5159,0.6261419503964705,0.039365981393049254,0.5994454144928614,43200,1
covtype,cocoa_plus,full,dirichlet_1.0,10,100,2,0.01,42,3,793,0.4841,0.38664453092527684,-0.18685480093615958,0.5994454144928614,43200,1
covtype,cocoa_plus,full,dirichlet_1.0,10,100,2,0.01,42,4,1582,0.4854,0.4592608580141034,-0.06034046113034325,0.5994454144928614,43200,1
covtype,cocoa_plus,full,dirichlet_1.0,10,100,2,0.01,42,5,3208,0.4848,0.3297119680244117,-0.05063863065294505,0.5994454144928614,43200,1
covtype,cocoa_plus,full,dirichlet_1.0,10,100,2,0.01,42,6,6003,0.5388,0.6651256574595475,0.09390383845823391,0.5994454144928614,43200,1
covtype,cocoa_plus,full,dirichlet_1.0,10,100,2,0.01,42,7,6151,0.5159,0.2770789641490201,0.027827672409363013,0.5994454144928614,43200,1
covtype,cocoa_plus,full,dirichlet_1.0,10,100,2,0.01,42,8,3352,0.5159,0.14417041079717266,-0.05261614136622883,0.5994454144928614,43200,1
covtype,cocoa_plus,full,dirichlet_1.0,10,100,2,0.01,42,9,7195,0.5411,0.6314768983398859,0.09354276539526862,0.5994454144928614,43200,1
covtype,cocoa_plus,full,iid,10,100,2,0.01,42,0,4000,0.671,0.7547807147153481,-0.0741370616890451,0.25122366399654644,43200,1
covtype,cocoa_plus,full,iid,10,100,2,0.01,42,1,4000,0.6939,0.7661720832590875,-0.04376217242141689,0.25122366399654644,43200,1
covtype,cocoa_plus,full,iid,10,100,2,0.01,42,2,4000,0.6421,0.7429053894847689,-0.04875081858254249,0.25122366399654644,43200,1
covtype,cocoa_plus,full,iid,10,100,2,0.01,42,3,4000,0.6823,0.7726745379758494,-0.06663946795876718,0.25122366399654644,43200,1
covtype,cocoa_plus,full,iid,10,100,2,0.01,42,4,4000,0.6373,0.7446414637424746,-0.02054198681467656,0.25122366399654644,43200,1
covtype,cocoa_plus,full,iid,10,100,2,0.01,42,5,4000,0.6553,0.7380361754227398,-0.04438352989225591,0.25122366399654644,43200,1
covtype,cocoa_plus,full,iid,10,100,2,0.01,42,6,4000,0.6702,0.7444266656095574,-0.07866101849176421,0.25122366399654644,43200,1
covtype,cocoa_plus,full,iid,10,100,2,0.01,42,7,4000,0.6459,0.7495390794899888,-0.04327643075382681,0.25122366399654644,43200,1
covtype,cocoa_plus,full,iid,10,100,2,0.01,42,8,4000,0.6853,0.7543502273042351,-0.07537886807833327,0.25122366399654644,43200,1
covtype,cocoa_plus,full,iid,10,100,2,0.01,42,9,4000,0.6927,0.7169773486224936,-0.087302123926294,0.25122366399654644,43200,1
covtype,cocoa_plus,full,label_skew,10,100,2,0.01,42,0,4109,0.5159,0.0014581072948695723,-0.03268681049638627,0.6420334588451964,43200,1
covtype,cocoa_plus,full,label_skew,10,100,2,0.01,42,1,3892,0.4841,0.0038170780911541743,-0.05422857485572947,0.6420334588451964,43200,1
covtype,cocoa_plus,full,label_skew,10,100,2,0.01,42,2,4109,0.5159,0.0024720972037937648,-0.0365418678330513,0.6420334588451964,43200,1
covtype,cocoa_plus,full,label_skew,10,100,2,0.01,42,3,3892,0.4841,0.0037894295645575565,-0.06451896291290507,0.6420334588451964,43200,1
covtype,cocoa_plus,full,label_skew,10,100,2,0.01,42,4,4108,0.5159,0.0029683974368284885,-0.06914965160132122,0.6420334588451964,43200,1
covtype,cocoa_plus,full,label_skew,10,100,2,0.01,42,5,3892,0.4841,0.001444423734159298,-0.038478989464603965,0.6420334588451964,43200,1
covtype,cocoa_plus,full,label_skew,10,100,2,0.01,42,6,4108,0.5159,0.0010414018785986387,-0.026079756888370893,0.6420334588451964,43200,1
covtype,cocoa_plus,full,label_skew,10,100,2,0.01,42,7,3891,0.4841,0.0019506472939153595,-0.03446539929621745,0.6420334588451964,43200,1
covtype,cocoa_plus,full,label_skew,10,100,2,0.01,42,8,4108,0.5159,0.0025148997126322402,-0.06027668555947636,0.6420334588451964,43200,1
covtype,cocoa_plus,full,label_skew,10,100,2,0.01,42,9,3891,0.4841,0.002012400609077121,-0.03534321474559013,0.6420334588451964,43200,1
covtype,cocoa_plus,random_kout,dirichlet_0.1,10,100,2,0.01,42,0,111,0.5159,0.3920177605620899,-0.6055174548834714,0.8218366192845512,43200,1
covtype,cocoa_plus,random_kout,dirichlet_0.1,10,100,2,0.01,42,1,2160,0.4841,0.025224278469790643,-0.16905410116375488,0.8218366192845512,43200,1
covtype,cocoa_plus,random_kout,dirichlet_0.1,10,100,2,0.01,42,2,11171,0.4841,0.004383056511592949,-0.01809980937486552,0.8218366192845512,43200,1
covtype,cocoa_plus,random_kout,dirichlet_0.1,10,100,2,0.01,42,3,110,0.5159,0.1369530143017797,0.09839133390410361,0.8218366192845512,43200,1
covtype,cocoa_plus,random_kout,dirichlet_0.1,10,100,2,0.01,42,4,4214,0.4841,0.04128367289506786,-0.018514459429464523,0.8218366192845512,43200,1
covtype,cocoa_plus,random_kout,dirichlet_0.1,10,100,2,0.01,42,5,1,0.5159,0.0,0.04853963106870651,0.8218366192845512,43200,1
covtype,cocoa_plus,random_kout,dirichlet_0.1,10,100,2,0.01,42,6,302,0.5159,0.0,0.007107947487384081,0.8218366192845512,43200,1
covtype,cocoa_plus,random_kout,dirichlet_0.1,10,100,2,0.01,42,7,16592,0.5159,0.005457792169602288,0.008869566921599787,0.8218366192845512,43200,1
covtype,cocoa_plus,random_kout,dirichlet_0.1,10,100,2,0.01,42,8,1060,0.5159,0.7307315260563123,-0.11535168026126497,0.8218366192845512,43200,1
covtype,cocoa_plus,random_kout,dirichlet_0.1,10,100,2,0.01,42,9,4279,0.5159,0.7476645352316033,-0.017692574108958414,0.8218366192845512,43200,1
covtype,cocoa_plus,random_kout,dirichlet_0.3,10,100,2,0.01,42,0,746,0.4841,9.104983268190717,8.274717808520778,3.6103095045219873,43200,1
covtype,cocoa_plus,random_kout,dirichlet_0.3,10,100,2,0.01,42,1,3023,0.5215,0.30534009340512974,-0.2040973094157698,3.6103095045219873,43200,1
covtype,cocoa_plus,random_kout,dirichlet_0.3,10,100,2,0.01,42,2,6249,0.4841,0.00401421309736878,0.024420506408184606,3.6103095045219873,43200,1
covtype,cocoa_plus,random_kout,dirichlet_0.3,10,100,2,0.01,42,3,1084,0.4841,5.512698912988945,4.9818568845332205,3.6103095045219873,43200,1
covtype,cocoa_plus,random_kout,dirichlet_0.3,10,100,2,0.01,42,4,4177,0.4841,1.1918484817648984,1.1448625969695834,3.6103095045219873,43200,1
covtype,cocoa_plus,random_kout,dirichlet_0.3,10,100,2,0.01,42,5,301,0.4841,9.889383897246674,9.882932440007567,3.6103095045219873,43200,1
covtype,cocoa_plus,random_kout,dirichlet_0.3,10,100,2,0.01,42,6,10200,0.5572,0.29111638988071903,0.9701322788223778,3.6103095045219873,43200,1
covtype,cocoa_plus,random_kout,dirichlet_0.3,10,100,2,0.01,42,7,4364,0.5159,0.0964259753877837,-0.0814730900500693,3.6103095045219873,43200,1
covtype,cocoa_plus,random_kout,dirichlet_0.3,10,100,2,0.01,42,8,3745,0.5159,4.719460701737208,4.629459651428353,3.6103095045219873,43200,1
covtype,cocoa_plus,random_kout,dirichlet_0.3,10,100,2,0.01,42,9,6111,0.5159,7.813987616092195,8.428735623271667,3.6103095045219873,43200,1
covtype,cocoa_plus,random_kout,dirichlet_1.0,10,100,2,0.01,42,0,4326,0.4841,0.4682130079584645,0.3278280418176226,4.583680597190303,43200,1
covtype,cocoa_plus,random_kout,dirichlet_1.0,10,100,2,0.01,42,1,2902,0.5159,1.2092380984422473,1.1875515149840266,4.583680597190303,43200,1
covtype,cocoa_plus,random_kout,dirichlet_1.0,10,100,2,0.01,42,2,4488,0.5159,0.6966669974441249,0.4724344609577647,4.583680597190303,43200,1
covtype,cocoa_plus,random_kout,dirichlet_1.0,10,100,2,0.01,42,3,793,0.5159,5.8925203903870695,5.18717650811094,4.583680597190303,43200,1
covtype,cocoa_plus,random_kout,dirichlet_1.0,10,100,2,0.01,42,4,1582,0.5147,0.5493588832205234,-0.25593493179085325,4.583680597190303,43200,1
covtype,cocoa_plus,random_kout,dirichlet_1.0,10,100,2,0.01,42,5,3208,0.5159,17.334478047977168,17.855301141394847,4.583680597190303,43200,1
covtype,cocoa_plus,random_kout,dirichlet_1.0,10,100,2,0.01,42,6,6003,0.5159,1.6651848830329865,2.0004796078610765,4.583680597190303,43200,1
covtype,cocoa_plus,random_kout,dirichlet_1.0,10,100,2,0.01,42,7,6151,0.6174,0.6331101105763252,0.7339467108856571,4.583680597190303,43200,1
covtype,cocoa_plus,random_kout,dirichlet_1.0,10,100,2,0.01,42,8,3352,0.4841,15.230282540543259,15.612893368218383,4.583680597190303,43200,1
covtype,cocoa_plus,random_kout,dirichlet_1.0,10,100,2,0.01,42,9,7195,0.4841,7.62784615806215,8.48066760034035,4.583680597190303,43200,1
covtype,cocoa_plus,random_kout,iid,10,100,2,0.01,42,0,4000,0.6357,0.7898627720919771,-0.02559631215366709,2.7879592030170404,43200,1
covtype,cocoa_plus,random_kout,iid,10,100,2,0.01,42,1,4000,0.6004,0.851559259667138,0.06086330189802347,2.7879592030170404,43200,1
covtype,cocoa_plus,random_kout,iid,10,100,2,0.01,42,2,4000,0.5157,0.9674455248517443,0.3849040755230543,2.7879592030170404,43200,1
covtype,cocoa_plus,random_kout,iid,10,100,2,0.01,42,3,4000,0.4841,1.1614102520159786,0.5461421565482649,2.7879592030170404,43200,1
covtype,cocoa_plus,random_kout,iid,10,100,2,0.01,42,4,4000,0.6236,0.8003146408686335,0.013774324785316372,2.7879592030170404,43200,1
covtype,cocoa_plus,random_kout,iid,10,100,2,0.01,42,5,4000,0.4841,4.627083203384191,4.444136213555766,2.7879592030170404,43200,1
covtype,cocoa_plus,random_kout,iid,10,100,2,0.01,42,6,4000,0.4841,1.6176575871985757,1.280435325728892,2.7879592030170404,43200,1
covtype,cocoa_plus,random_kout,iid,10,100,2,0.01,42,7,4000,0.5159,3.3127546956950984,3.0098773202033837,2.7879592030170404,43200,1
covtype,cocoa_plus,random_kout,iid,10,100,2,0.01,42,8,4000,0.5159,4.272855849030949,4.071539493051841,2.7879592030170404,43200,1
covtype,cocoa_plus,random_kout,iid,10,100,2,0.01,42,9,4000,0.5159,7.558012341267071,7.620258154896176,2.7879592030170404,43200,1
covtype,cocoa_plus,random_kout,label_skew,10,100,2,0.01,42,0,4109,0.6057,1.002376733488455,1.200196004775259,3.127754493257233,43200,1
covtype,cocoa_plus,random_kout,label_skew,10,100,2,0.01,42,1,3892,0.5159,2.8886209669074905,3.1697351812759895,3.127754493257233,43200,1
covtype,cocoa_plus,random_kout,label_skew,10,100,2,0.01,42,2,4109,0.5159,0.0,0.0181801115112563,3.127754493257233,43200,1
covtype,cocoa_plus,random_kout,label_skew,10,100,2,0.01,42,3,3892,0.4841,0.0,0.5609035331011984,3.127754493257233,43200,1
covtype,cocoa_plus,random_kout,label_skew,10,100,2,0.01,42,4,4108,0.6326,0.6620437760877695,0.8234623924659167,3.127754493257233,43200,1
covtype,cocoa_plus,random_kout,label_skew,10,100,2,0.01,42,5,3892,0.5378,0.45563699112339523,0.29560622303951606,3.127754493257233,43200,1
covtype,cocoa_plus,random_kout,label_skew,10,100,2,0.01,42,6,4108,0.5159,0.025593161895159325,-0.12705358746885748,3.127754493257233,43200,1
covtype,cocoa_plus,random_kout,label_skew,10,100,2,0.01,42,7,3891,0.4841,0.0,0.06990407819871217,3.127754493257233,43200,1
covtype,cocoa_plus,random_kout,label_skew,10,100,2,0.01,42,8,4108,0.5159,0.0,0.05306529124538496,3.127754493257233,43200,1
covtype,cocoa_plus,random_kout,label_skew,10,100,2,0.01,42,9,3891,0.5159,14.02230114261715,14.583066918668846,3.127754493257233,43200,1
covtype,cocoa_plus,ring,dirichlet_0.1,10,100,2,0.01,42,0,111,0.6441,0.8812273373882555,-0.1153758704949367,1.2317534545804443,43200,1
covtype,cocoa_plus,ring,dirichlet_0.1,10,100,2,0.01,42,1,2160,0.4841,0.022787500470980188,-0.14379088198349307,1.2317534545804443,43200,1
covtype,cocoa_plus,ring,dirichlet_0.1,10,100,2,0.01,42,2,11171,0.4841,0.0,-0.00023092778044624292,1.2317534545804443,43200,1
covtype,cocoa_plus,ring,dirichlet_0.1,10,100,2,0.01,42,3,110,0.4841,3.4578751912568824,2.5162314359282982,1.2317534545804443,43200,1
covtype,cocoa_plus,ring,dirichlet_0.1,10,100,2,0.01,42,4,4214,0.4841,0.041362583428823894,-0.04115766420328879,1.2317534545804443,43200,1
covtype,cocoa_plus,ring,dirichlet_0.1,10,100,2,0.01,42,5,1,0.4841,2.254054920069456,1.2568113785315362,1.2317534545804443,43200,1
covtype,cocoa_plus,ring,dirichlet_0.1,10,100,2,0.01,42,6,302,0.5159,0.0,0.04781915992498398,1.2317534545804443,43200,1
covtype,cocoa_plus,ring,dirichlet_0.1,10,100,2,0.01,42,7,16592,0.5159,0.0012226675913044693,0.00365596408772355,1.2317534545804443,43200,1
covtype,cocoa_plus,ring,dirichlet_0.1,10,100,2,0.01,42,8,1060,0.5159,1.7897967742274998,1.4707498759214697,1.2317534545804443,43200,1
covtype,cocoa_plus,ring,dirichlet_0.1,10,100,2,0.01,42,9,4279,0.5159,0.7279461696517586,-0.0011755034880310822,1.2317534545804443,43200,1
covtype,cocoa_plus,ring,dirichlet_0.3,10,100,2,0.01,42,0,746,0.4841,14.76331789549059,14.148324691062523,2.328778058183482,43200,1
covtype,cocoa_plus,ring,dirichlet_0.3,10,100,2,0.01,42,1,3023,0.4841,0.25720974332562324,-0.20368033114482637,2.328778058183482,43200,1
covtype,cocoa_plus,ring,dirichlet_0.3,10,100,2,0.01,42,2,6249,0.4841,0.0024256409591958575,0.008928085997808097,2.328778058183482,43200,1
covtype,cocoa_plus,ring,dirichlet_0.3,10,100,2,0.01,42,3,1084,0.4841,1.6510533438238604,1.0260383312077583,2.328778058183482,43200,1
covtype,cocoa_plus,ring,dirichlet_0.3,10,100,2,0.01,42,4,4177,0.4841,0.3246699534931004,-0.1101703419346916,2.328778058183482,43200,1
covtype,cocoa_plus,ring,dirichlet_0.3,10,100,2,0.01,42,5,301,0.4841,2.9919932119157813,2.4926465314763533,2.328778058183482,43200,1
covtype,cocoa_plus,ring,dirichlet_0.3,10,100,2,0.01,42,6,10200,0.5159,0.003334690320431371,-0.012888426790013046,2.328778058183482,43200,1
covtype,cocoa_plus,ring,dirichlet_0.3,10,100,2,0.01,42,7,4364,0.5159,0.4553234540394349,0.5460381502731987,2.328778058183482,43200,1
covtype,cocoa_plus,ring,dirichlet_0.3,10,100,2,0.01,42,8,3745,0.4841,2.4696044020748253,2.33833327393471,2.328778058183482,43200,1
covtype,cocoa_plus,ring,dirichlet_0.3,10,100,2,0.01,42,9,6111,0.6289,0.8119219875168732,0.4366992183575751,2.328778058183482,43200,1
covtype,cocoa_plus,ring,dirichlet_1.0,10,100,2,0.01,42,0,4326,0.4841,4.8040962807607,5.595990708334219,5.88732649951009,43200,1
covtype,cocoa_plus,ring,dirichlet_1.0,10,100,2,0.01,42,1,2902,0.5159,1.7809824800156522,1.9040091308486737,5.88732649951009,43200,1
covtype,cocoa_plus,ring,dirichlet_1.0,10,100,2,0.01,42,2,4488,0.6122,0.6969661343353507,0.0075878822320994965,5.88732649951009,43200,1
covtype,cocoa_plus,ring,dirichlet_1.0,10,100,2,0.01,42,3,793,0.5159,5.581676415819538,4.874649737959206,5.88732649951009,43200,1
covtype,cocoa_plus,ring,dirichlet_1.0,10,100,2,0.01,42,4,1582,0.4841,3.6968057995982626,3.8578880550089614,5.88732649951009,43200,1
covtype,cocoa_plus,ring,dirichlet_1.0,10,100,2,0.01,42,5,3208,0.6186,0.6758195907253381,0.13359909702218142,5.88732649951009,43200,1
covtype,cocoa_plus,ring,dirichlet_1.0,10,100,2,0.01,42,6,6003,0.4841,1.926935333275816,1.8147250807699733,5.88732649951009,43200,1
covtype,cocoa_plus,ring,dirichlet_1.0,10,100,2,0.01,42,7,6151,0.5159,4.3181717788424505,5.757365597706831,5.88732649951009,43200,1
covtype,cocoa_plus,ring,dirichlet_1.0,10,100,2,0.01,42,8,3352,0.4841,7.842907506226047,7.880819079621081,5.88732649951009,43200,1
covtype,cocoa_plus,ring,dirichlet_1.0,10,100,2,0.01,42,9,7195,0.538,1.462433276309174,2.0341269574208853,5.88732649951009,43200,1
covtype,cocoa_plus,ring,iid,10,100,2,0.01,42,0,4000,0.5159,7.659911881929143,7.803992899457588,7.3129279102726485,43200,1
covtype,cocoa_plus,ring,iid,10,100,2,0.01,42,1,4000,0.4841,8.812622414005013,9.038849174660703,7.3129279102726485,43200,1
covtype,cocoa_plus,ring,iid,10,100,2,0.01,42,2,4000,0.5159,6.4358808248022665,6.481283417168132,7.3129279102726485,43200,1
covtype,cocoa_plus,ring,iid,10,100,2,0.01,42,3,4000,0.4841,7.128615120098797,7.209095926871768,7.3129279102726485,43200,1
covtype,cocoa_plus,ring,iid,10,100,2,0.01,42,4,4000,0.5159,7.787189468124269,7.9814984655564665,7.3129279102726485,43200,1
covtype,cocoa_plus,ring,iid,10,100,2,0.01,42,5,4000,0.4841,7.228395293285297,7.32877472419725,7.3129279102726485,43200,1
covtype,cocoa_plus,ring,iid,10,100,2,0.01,42,6,4000,0.5159,7.1619154091166,7.256652019822673,7.3129279102726485,43200,1
covtype,cocoa_plus,ring,iid,10,100,2,0.01,42,7,4000,0.4841,4.792134668802217,4.648824208718834,7.3129279102726485,43200,1
covtype,cocoa_plus,ring,iid,10,100,2,0.01,42,8,4000,0.5159,5.851697317068691,5.790920354229537,7.3129279102726485,43200,1
covtype,cocoa_plus,ring,iid,10,100,2,0.01,42,9,4000,0.4841,5.626612518607716,5.548868463264666,7.3129279102726485,43200,1
covtype,cocoa_plus,ring,label_skew,10,100,2,0.01,42,0,4109,0.4841,27.471877604361328,29.16692280662571,16.136342243792278,43200,1
covtype,cocoa_plus,ring,label_skew,10,100,2,0.01,42,1,3892,0.5159,24.996899918854602,26.36033668470793,16.136342243792278,43200,1
covtype,cocoa_plus,ring,label_skew,10,100,2,0.01,42,2,4109,0.4841,32.57764076763829,34.75971722489438,16.136342243792278,43200,1
covtype,cocoa_plus,ring,label_skew,10,100,2,0.01,42,3,3892,0.5159,31.8186598232683,33.79605051769685,16.136342243792278,43200,1
covtype,cocoa_plus,ring,label_skew,10,100,2,0.01,42,4,4108,0.4841,26.095683599051966,27.658010975027327,16.136342243792278,43200,1
covtype,cocoa_plus,ring,label_skew,10,100,2,0.01,42,5,3892,0.5159,32.48968236516625,34.51373708721479,16.136342243792278,43200,1
covtype,cocoa_plus,ring,label_skew,10,100,2,0.01,42,6,4108,0.4841,27.786575728071412,29.48880856181001,16.136342243792278,43200,1
covtype,cocoa_plus,ring,label_skew,10,100,2,0.01,42,7,3891,0.5159,23.571301248150217,24.828597702993036,16.136342243792278,43200,1
covtype,cocoa_plus,ring,label_skew,10,100,2,0.01,42,8,4108,0.4841,26.23248156530184,27.805488123146546,16.136342243792278,43200,1
covtype,cocoa_plus,ring,label_skew,10,100,2,0.01,42,9,3891,0.5159,37.009946809416846,39.5607292193639,16.136342243792278,43200,1
covtype,cocoa,random_kout,dirichlet_0.1,10,100,2,0.01,42,0,111,0.6105,0.9438055215435001,-0.05478926054226474,0.7582207321517186,43200,1
covtype,cocoa,random_kout,dirichlet_0.1,10,100,2,0.01,42,1,2160,0.4841,0.02973054458135519,-0.16156950464036365,0.7582207321517186,43200,1
covtype,cocoa,random_kout,dirichlet_0.1,10,100,2,0.01,42,2,11171,0.4841,0.007182615640639932,-0.014365380165838569,0.7582207321517186,43200,1
covtype,cocoa,random_kout,dirichlet_0.1,10,100,2,0.01,42,3,110,0.5159,0.10669223466660037,0.043273279278316895,0.7582207321517186,43200,1
covtype,cocoa,random_kout,dirichlet_0.1,10,100,2,0.01,42,4,4214,0.4841,0.04589655573066367,0.027290821304232705,0.7582207321517186,43200,1
covtype,cocoa,random_kout,dirichlet_0.1,10,100,2,0.01,42,5,1,0.5159,0.0,0.03810930939796859,0.7582207321517186,43200,1
covtype,cocoa,random_kout,dirichlet_0.1,10,100,2,0.01,42,6,302,0.5159,0.0,0.0025293462690698402,0.7582207321517186,43200,1
covtype,cocoa,random_kout,dirichlet_0.1,10,100,2,0.01,42,7,16592,0.5159,0.024340649336324596,0.028320984972785183,0.7582207321517186,43200,1
covtype,cocoa,random_kout,dirichlet_0.1,10,100,2,0.01,42,8,1060,0.5159,0.7317917687698252,-0.07470097886206695,0.7582207321517186,43200,1
covtype,cocoa,random_kout,dirichlet_0.1,10,100,2,0.01,42,9,4279,0.62,0.9645654716455747,0.6938585242948256,0.7582207321517186,43200,1
covtype,cocoa,random_kout,dirichlet_0.3,10,100,2,0.01,42,0,746,0.5516,1.2453108579226981,0.35782446568043313,1.5313774394680546,43200,1
covtype,cocoa,random_kout,dirichlet_0.3,10,100,2,0.01,42,1,3023,0.6318,0.9924909997435951,0.6480468635065917,1.5313774394680546,43200,1
covtype,cocoa,random_kout,dirichlet_0.3,10,100,2,0.01,42,2,6249,0.4841,0.0020478126656527955,-0.031031953465100615,1.5313774394680546,43200,1
covtype,cocoa,random_kout,dirichlet_0.3,10,100,2,0.01,42,3,1084,0.4841,1.4893144780278258,0.6918980886448555,1.5313774394680546,43200,1
covtype,cocoa,random_kout,dirichlet_0.3,10,100,2,0.01,42,4,4177,0.4841,0.6605928711406776,0.6044152513629095,1.5313774394680546,43200,1
covtype,cocoa,random_kout,dirichlet_0.3,10,100,2,0.01,42,5,301,0.4841,2.3281040065452894,1.7407112935229372,1.5313774394680546,43200,1
covtype,cocoa,random_kout,dirichlet_0.3,10,100,2,0.01,42,6,10200,0.5174,0.3803197761602307,0.4518975797246317,1.5313774394680546,43200,1
covtype,cocoa,random_kout,dirichlet_0.3,10,100,2,0.01,42,7,4364,0.5159,0.10503145992957366,-0.025190415803089256,1.5313774394680546,43200,1
covtype,cocoa,random_kout,dirichlet_0.3,10,100,2,0.01,42,8,3745,0.5159,2.6374017355844863,2.3194096360621694,1.5313774394680546,43200,1
covtype,cocoa,random_kout,dirichlet_0.3,10,100,2,0.01,42,9,6111,0.5159,7.515766253817737,7.610719371908747,1.5313774394680546,43200,1
covtype,cocoa,random_kout,dirichlet_1.0,10,100,2,0.01,42,0,4326,0.4841,0.4848001383382113,0.3740387617936859,2.389617052801289,43200,1
covtype,cocoa,random_kout,dirichlet_1.0,10,100,2,0.01,42,1,2902,0.5159,0.37415206274073315,0.2241928275280507,2.389617052801289,43200,1
covtype,cocoa,random_kout,dirichlet_1.0,10,100,2,0.01,42,2,4488,0.5159,0.6357713994201948,0.38139457790659104,2.389617052801289,43200,1
covtype,cocoa,random_kout,dirichlet_1.0,10,100,2,0.01,42,3,793,0.5159,1.6835573601770715,0.7757996112203133,2.389617052801289,43200,1
covtype,cocoa,random_kout,dirichlet_1.0,10,100,2,0.01,42,4,1582,0.5035,0.5688947187476849,-0.07708969735799531,2.389617052801289,43200,1
covtype,cocoa,random_kout,dirichlet_1.0,10,100,2,0.01,42,5,3208,0.5159,9.388665291607314,9.32807250969117,2.389617052801289,43200,1
covtype,cocoa,random_kout,dirichlet_1.0,10,100,2,0.01,42,6,6003,0.5159,2.881938782891877,2.8307184640134926,2.389617052801289,43200,1
covtype,cocoa,random_kout,dirichlet_1.0,10,100,2,0.01,42,7,6151,0.5405,1.4340517388650982,1.3187517781714533,2.389617052801289,43200,1
covtype,cocoa,random_kout,dirichlet_1.0,10,100,2,0.01,42,8,3352,0.4841,4.783129461898282,4.572659337626184,2.389617052801289,43200,1
covtype,cocoa,random_kout,dirichlet_1.0,10,100,2,0.01,42,9,7195,0.4841,5.45221160948493,5.788306615392848,2.389617052801289,43200,1
covtype,cocoa,random_kout,iid,10,100,2,0.01,42,0,4000,0.6312,0.867791033956076,0.41298406389754727,0.40125212531028237,43200,1
covtype,cocoa,random_kout,iid,10,100,2,0.01,42,1,4000,0.6309,0.8332280516271503,0.47942739182529254,0.40125212531028237,43200,1
covtype,cocoa,random_kout,iid,10,100,2,0.01,42,2,4000,0.5862,0.8577815743468098,0.40169718304976654,0.40125212531028237,43200,1
covtype,cocoa,random_kout,iid,10,100,2,0.01,42,3,4000,0.6158,0.8774005813257291,0.4226863902908121,0.40125212531028237,43200,1
covtype,cocoa,random_kout,iid,10,100,2,0.01,42,4,4000,0.6248,0.8257685308794928,0.4475831464521044,0.40125212531028237,43200,1
covtype,cocoa,random_kout,iid,10,100,2,0.01,42,5,4000,0.63,0.7994651952848785,0.4320540781392356,0.40125212531028237,43200,1
covtype,cocoa,random_kout,iid,10,100,2,0.01,42,6,4000,0.6174,0.8170960238394125,0.27492537050095234,0.40125212531028237,43200,1
covtype,cocoa,random_kout,iid,10,100,2,0.01,42,7,4000,0.6105,0.7997184008866868,0.5019697525393553,0.40125212531028237,43200,1
covtype,cocoa,random_kout,iid,10,100,2,0.01,42,8,4000,0.6309,0.8141812286061644,0.28002569917361253,0.40125212531028237,43200,1
covtype,cocoa,random_kout,iid,10,100,2,0.01,42,9,4000,0.6307,0.7752585837167894,0.5524549795700338,0.40125212531028237,43200,1
covtype,cocoa,random_kout,label_skew,10,100,2,0.01,42,0,4109,0.6292,0.732340631341507,0.6019524761859006,1.8414493686848066,43200,1
covtype,cocoa,random_kout,label_skew,10,100,2,0.01,42,1,3892,0.5159,3.026420457132116,2.8799022199790563,1.8414493686848066,43200,1
covtype,cocoa,random_kout,label_skew,10,100,2,0.01,42,2,4109,0.5159,0.0,-0.008723621584460231,1.8414493686848066,43200,1
covtype,cocoa,random_kout,label_skew,10,100,2,0.01,42,3,3892,0.4841,0.0,0.11038396322077908,1.8414493686848066,43200,1
covtype,cocoa,random_kout,label_skew,10,100,2,0.01,42,4,4108,0.5159,0.16835113628960974,0.014988881924739905,1.8414493686848066,43200,1
covtype,cocoa,random_kout,label_skew,10,100,2,0.01,42,5,3892,0.5159,1.5197316627096977,1.3604665734965733,1.8414493686848066,43200,1
covtype,cocoa,random_kout,label_skew,10,100,2,0.01,42,6,4108,0.5159,0.0,-0.0053771452683587725,1.8414493686848066,43200,1
covtype,cocoa,random_kout,label_skew,10,100,2,0.01,42,7,3891,0.4841,0.0,0.09818743447955923,1.8414493686848066,43200,1
covtype,cocoa,random_kout,label_skew,10,100,2,0.01,42,8,4108,0.5159,0.05972566528862217,-0.07729610033746684,1.8414493686848066,43200,1
covtype,cocoa,random_kout,label_skew,10,100,2,0.01,42,9,3891,0.5401,0.18313541464170383,0.02679730657533594,1.8414493686848066,43200,1
covtype,cocoa,ring,dirichlet_0.1,10,100,2,0.01,42,0,111,0.5159,0.00028585069195179706,-0.1057107018220282,1.2016865482681474,43200,1
covtype,cocoa,ring,dirichlet_0.1,10,100,2,0.01,42,1,2160,0.4841,0.015270460667540524,-0.07970556895850739,1.2016865482681474,43200,1
covtype,cocoa,ring,dirichlet_0.1,10,100,2,0.01,42,2,11171,0.4841,0.001264862659700676,-0.003968805101434215,1.2016865482681474,43200,1
covtype,cocoa,ring,dirichlet_0.1,10,100,2,0.01,42,3,110,0.4841,3.3332521054539863,2.3903335233000496,1.2016865482681474,43200,1
covtype,cocoa,ring,dirichlet_0.1,10,100,2,0.01,42,4,4214,0.4841,0.04238327226546181,-0.027857636073150054,1.2016865482681474,43200,1
covtype,cocoa,ring,dirichlet_0.1,10,100,2,0.01,42,5,1,0.4841,2.326583269867472,1.3294376208095235,1.2016865482681474,43200,1
covtype,cocoa,ring,dirichlet_0.1,10,100,2,0.01,42,6,302,0.5159,0.0,0.032439943223391804,1.2016865482681474,43200,1
covtype,cocoa,ring,dirichlet_0.1,10,100,2,0.01,42,7,16592,0.5159,0.0020349979445119237,-0.00047911968595311383,1.2016865482681474,43200,1
covtype,cocoa,ring,dirichlet_0.1,10,100,2,0.01,42,8,1060,0.5159,2.0518761586865555,1.7533225325868784,1.2016865482681474,43200,1
covtype,cocoa,ring,dirichlet_0.1,10,100,2,0.01,42,9,4279,0.5159,0.767330571202232,0.2885368838772115,1.2016865482681474,43200,1
covtype,cocoa,ring,dirichlet_0.3,10,100,2,0.01,42,0,746,0.4841,9.883805033745906,9.087163176201681,1.7816866511836964,43200,1
covtype,cocoa,ring,dirichlet_0.3,10,100,2,0.01,42,1,3023,0.4841,0.2632131845661098,-0.10118054269719307,1.7816866511836964,43200,1
covtype,cocoa,ring,dirichlet_0.3,10,100,2,0.01,42,2,6249,0.4841,0.002367970642293844,0.004394753423403278,1.7816866511836964,43200,1
covtype,cocoa,ring,dirichlet_0.3,10,100,2,0.01,42,3,1084,0.4841,2.548728338322749,1.9560339121239996,1.7816866511836964,43200,1
covtype,cocoa,ring,dirichlet_0.3,10,100,2,0.01,42,4,4177,0.4841,0.34642515933563545,0.03153907050786098,1.7816866511836964,43200,1
covtype,cocoa,ring,dirichlet_0.3,10,100,2,0.01,42,5,301,0.4841,3.5124018299413553,3.029434075327364,1.7816866511836964,43200,1
covtype,cocoa,ring,dirichlet_0.3,10,100,2,0.01,42,6,10200,0.5159,0.0031866488596587177,0.00011118612435330119,1.7816866511836964,43200,1
covtype,cocoa,ring,dirichlet_0.3,10,100,2,0.01,42,7,4364,0.5159,0.2742766459341157,0.26985300060979456,1.7816866511836964,43200,1
covtype,cocoa,ring,dirichlet_0.3,10,100,2,0.01,42,8,3745,0.4841,2.1847402633728006,2.0123711144730176,1.7816866511836964,43200,1
covtype,cocoa,ring,dirichlet_0.3,10,100,2,0.01,42,9,6111,0.5221,1.1031817765418133,0.9221747077002016,1.7816866511836964,43200,1
covtype,cocoa,ring,dirichlet_1.0,10,100,2,0.01,42,0,4326,0.4841,1.9093339821485547,1.9174922522555413,2.729616655757508,43200,1
covtype,cocoa,ring,dirichlet_1.0,10,100,2,0.01,42,1,2902,0.5159,1.2593656581724528,1.257917933161861,2.729616655757508,43200,1
covtype,cocoa,ring,dirichlet_1.0,10,100,2,0.01,42,2,4488,0.5978,0.9659175421188378,0.548465660411456,2.729616655757508,43200,1
covtype,cocoa,ring,dirichlet_1.0,10,100,2,0.01,42,3,793,0.5159,4.082603980804666,3.3385679662052703,2.729616655757508,43200,1
covtype,cocoa,ring,dirichlet_1.0,10,100,2,0.01,42,4,1582,0.4841,1.7045434147667244,1.5707127926589466,2.729616655757508,43200,1
covtype,cocoa,ring,dirichlet_1.0,10,100,2,0.01,42,5,3208,0.5178,0.46402443860534354,0.11483816780395117,2.729616655757508,43200,1
covtype,cocoa,ring,dirichlet_1.0,10,100,2,0.01,42,6,6003,0.4841,1.444282760537512,1.1955540634096333,2.729616655757508,43200,1
covtype,cocoa,ring,dirichlet_1.0,10,100,2,0.01,42,7,6151,0.5159,1.7299400461537948,1.854403999918514,2.729616655757508,43200,1
covtype,cocoa,ring,dirichlet_1.0,10,100,2,0.01,42,8,3352,0.538,1.6146129101463818,1.3132074119608594,2.729616655757508,43200,1
covtype,cocoa,ring,dirichlet_1.0,10,100,2,0.01,42,9,7195,0.5159,1.942431516827155,1.8230610079019915,2.729616655757508,43200,1
covtype,cocoa,ring,iid,10,100,2,0.01,42,0,4000,0.5159,1.517496670417649,1.118582589496441,0.9533219602809867,43200,1
covtype,cocoa,ring,iid,10,100,2,0.01,42,1,4000,0.4841,1.7752689936844586,1.3438535129427502,0.9533219602809867,43200,1
covtype,cocoa,ring,iid,10,100,2,0.01,42,2,4000,0.5159,1.847926250317377,1.4059209457025856,0.9533219602809867,43200,1
covtype,cocoa,ring,iid,10,100,2,0.01,42,3,4000,0.4841,1.5238540189975311,1.0594170376072116,0.9533219602809867,43200,1
covtype,cocoa,ring,iid,10,100,2,0.01,42,4,4000,0.5159,0.978490121382061,0.5000663125366748,0.9533219602809867,43200,1
covtype,cocoa,ring,iid,10,100,2,0.01,42,5,4000,0.5494,0.9338568342864813,0.4209131180366249,0.9533219602809867,43200,1
covtype,cocoa,ring,iid,10,100,2,0.01,42,6,4000,0.6217,0.8247672714297066,0.3117093799565406,0.9533219602809867,43200,1
covtype,cocoa,ring,iid,10,100,2,0.01,42,7,4000,0.5878,0.8568585460756274,0.33054758357206104,0.9533219602809867,43200,1
covtype,cocoa,ring,iid,10,100,2,0.01,42,8,4000,0.5159,1.1525849456640818,0.6586822813108485,0.9533219602809867,43200,1
covtype,cocoa,ring,iid,10,100,2,0.01,42,9,4000,0.4842,1.3616478815175164,0.9001356046267387,0.9533219602809867,43200,1
covtype,cocoa,ring,label_skew,10,100,2,0.01,42,0,4109,0.4841,18.538649802833255,19.027300916996655,9.8584920047749,43200,1
covtype,cocoa,ring,label_skew,10,100,2,0.01,42,1,3892,0.5159,15.466079365925644,15.754874642139074,9.8584920047749,43200,1
covtype,cocoa,ring,label_skew,10,100,2,0.01,42,2,4109,0.4841,19.99922103894339,20.57565018254142,9.8584920047749,43200,1
covtype,cocoa,ring,label_skew,10,100,2,0.01,42,3,3892,0.5159,18.884140533971422,19.35306576021184,9.8584920047749,43200,1
covtype,cocoa,ring,label_skew,10,100,2,0.01,42,4,4108,0.4841,16.926176004624676,17.32186152331021,9.8584920047749,43200,1
covtype,cocoa,ring,label_skew,10,100,2,0.01,42,5,3892,0.5159,20.0933783230283,20.628947298670276,9.8584920047749,43200,1
covtype,cocoa,ring,label_skew,10,100,2,0.01,42,6,4108,0.4841,18.006523740651343,18.457577004370552,9.8584920047749,43200,1
covtype,cocoa,ring,label_skew,10,100,2,0.01,42,7,3891,0.5159,14.778761908082855,15.035409380328717,9.8584920047749,43200,1
covtype,cocoa,ring,label_skew,10,100,2,0.01,42,8,4108,0.4841,16.952922635185335,17.35162032918866,9.8584920047749,43200,1
covtype,cocoa,ring,label_skew,10,100,2,0.01,42,9,3891,0.5159,21.378822077936253,22.00781748848363,9.8584920047749,43200,1
covtype,fdr_svm,full,dirichlet_0.1,10,100,2,0.01,42,0,111,0.5159,0.11096109070892893,nan,0.467994020067506,43200,1
covtype,fdr_svm,full,dirichlet_0.1,10,100,2,0.01,42,1,2160,0.5159,2.0550104317783484,nan,0.467994020067506,43200,1
covtype,fdr_svm,full,dirichlet_0.1,10,100,2,0.01,42,2,11171,0.4841,0.0024935292412619266,nan,0.467994020067506,43200,1
covtype,fdr_svm,full,dirichlet_0.1,10,100,2,0.01,42,3,110,0.5159,0.09898791198422895,nan,0.467994020067506,43200,1
covtype,fdr_svm,full,dirichlet_0.1,10,100,2,0.01,42,4,4214,0.5159,1.9185508586615734,nan,0.467994020067506,43200,1
covtype,fdr_svm,full,dirichlet_0.1,10,100,2,0.01,42,5,1,0.5897,0.6025643848151603,nan,0.467994020067506,43200,1
covtype,fdr_svm,full,dirichlet_0.1,10,100,2,0.01,42,6,302,0.623,0.6373906011561533,nan,0.467994020067506,43200,1
covtype,fdr_svm,full,dirichlet_0.1,10,100,2,0.01,42,7,16592,0.5159,0.0001622603677397054,nan,0.467994020067506,43200,1
covtype,fdr_svm,full,dirichlet_0.1,10,100,2,0.01,42,8,1060,0.5159,0.7072379553097347,nan,0.467994020067506,43200,1
covtype,fdr_svm,full,dirichlet_0.1,10,100,2,0.01,42,9,4279,0.6822,0.8854786785929225,nan,0.467994020067506,43200,1
covtype,fdr_svm,full,dirichlet_0.3,10,100,2,0.01,42,0,746,0.5159,0.2796519517887194,nan,0.5620966229443043,43200,1
covtype,fdr_svm,full,dirichlet_0.3,10,100,2,0.01,42,1,3023,0.5159,2.4941927778988062,nan,0.5620966229443043,43200,1
covtype,fdr_svm,full,dirichlet_0.3,10,100,2,0.01,42,2,6249,0.5287,0.08517840497774569,nan,0.5620966229443043,43200,1
covtype,fdr_svm,full,dirichlet_0.3,10,100,2,0.01,42,3,1084,0.5206,0.655322565160616,nan,0.5620966229443043,43200,1
covtype,fdr_svm,full,dirichlet_0.3,10,100,2,0.01,42,4,4177,0.541,1.2461162641302457,nan,0.5620966229443043,43200,1
covtype,fdr_svm,full,dirichlet_0.3,10,100,2,0.01,42,5,301,0.5062,0.9667888377152922,nan,0.5620966229443043,43200,1
covtype,fdr_svm,full,dirichlet_0.3,10,100,2,0.01,42,6,10200,0.5159,0.11060180417049419,nan,0.5620966229443043,43200,1
covtype,fdr_svm,full,dirichlet_0.3,10,100,2,0.01,42,7,4364,0.5159,0.12717297685421505,nan,0.5620966229443043,43200,1
covtype,fdr_svm,full,dirichlet_0.3,10,100,2,0.01,42,8,3745,0.5425,0.6676180578130853,nan,0.5620966229443043,43200,1
covtype,fdr_svm,full,dirichlet_0.3,10,100,2,0.01,42,9,6111,0.4967,0.6643653504221022,nan,0.5620966229443043,43200,1
covtype,fdr_svm,full,dirichlet_1.0,10,100,2,0.01,42,0,4326,0.5475,0.42055340624300713,nan,0.518861492637523,43200,1
covtype,fdr_svm,full,dirichlet_1.0,10,100,2,0.01,42,1,2902,0.5302,0.3406364331487638,nan,0.518861492637523,43200,1
covtype,fdr_svm,full,dirichlet_1.0,10,100,2,0.01,42,2,4488,0.698,0.7620253200129645,nan,0.518861492637523,43200,1
covtype,fdr_svm,full,dirichlet_1.0,10,100,2,0.01,42,3,793,0.5069,0.40117561363611215,nan,0.518861492637523,43200,1
covtype,fdr_svm,full,dirichlet_1.0,10,100,2,0.01,42,4,1582,0.5173,1.4001602793679104,nan,0.518861492637523,43200,1
covtype,fdr_svm,full,dirichlet_1.0,10,100,2,0.01,42,5,3208,0.5457,0.37474661223815525,nan,0.518861492637523,43200,1
covtype,fdr_svm,full,dirichlet_1.0,10,100,2,0.01,42,6,6003,0.5321,1.109211032999905,nan,0.518861492637523,43200,1
covtype,fdr_svm,full,dirichlet_1.0,10,100,2,0.01,42,7,6151,0.5223,0.38993572188641235,nan,0.518861492637523,43200,1
covtype,fdr_svm,full,dirichlet_1.0,10,100,2,0.01,42,8,3352,0.5159,0.18656388998066267,nan,0.518861492637523,43200,1
covtype,fdr_svm,full,dirichlet_1.0,10,100,2,0.01,42,9,7195,0.5487,0.6229825138595766,nan,0.518861492637523,43200,1
covtype,fdr_svm,full,iid,10,100,2,0.01,42,0,4000,0.6891,0.7337818232434931,nan,0.1994390096957335,43200,1
covtype,fdr_svm,full,iid,10,100,2,0.01,42,1,4000,0.6899,0.7550432359681517,nan,0.1994390096957335,43200,1
covtype,fdr_svm,full,iid,10,100,2,0.01,42,2,4000,0.678,0.7465727524045364,nan,0.1994390096957335,43200,1
covtype,fdr_svm,full,iid,10,100,2,0.01,42,3,4000,0.6718,0.76249542646503,nan,0.1994390096957335,43200,1
covtype,fdr_svm,full,iid,10,100,2,0.01,42,4,4000,0.6822,0.7535859974663881,nan,0.1994390096957335,43200,1
covtype,fdr_svm,full,iid,10,100,2,0.01,42,5,4000,0.6461,0.7381297851256391,nan,0.1994390096957335,43200,1
covtype,fdr_svm,full,iid,10,100,2,0.01,42,6,4000,0.6721,0.7286655189411113,nan,0.1994390096957335,43200,1
covtype,fdr_svm,full,iid,10,100,2,0.01,42,7,4000,0.6845,0.7352147367974958,nan,0.1994390096957335,43200,1
covtype,fdr_svm,full,iid,10,100,2,0.01,42,8,4000,0.6929,0.7285986701280605,nan,0.1994390096957335,43200,1
covtype,fdr_svm,full,iid,10,100,2,0.01,42,9,4000,0.6818,0.7031407087443414,nan,0.1994390096957335,43200,1
covtype,fdr_svm,full,label_skew,10,100,2,0.01,42,0,4109,0.5851,0.3601014424555425,nan,0.7330081803711728,43200,1
covtype,fdr_svm,full,label_skew,10,100,2,0.01,42,1,3892,0.5191,0.08659434748849297,nan,0.7330081803711728,43200,1
covtype,fdr_svm,full,label_skew,10,100,2,0.01,42,2,4109,0.5572,0.36195063321496884,nan,0.7330081803711728,43200,1
covtype,fdr_svm,full,label_skew,10,100,2,0.01,42,3,3892,0.4841,0.00014359394558244743,nan,0.7330081803711728,43200,1
covtype,fdr_svm,full,label_skew,10,100,2,0.01,42,4,4108,0.4847,2.074286657781569,nan,0.7330081803711728,43200,1
covtype,fdr_svm,full,label_skew,10,100,2,0.01,42,5,3892,0.5363,0.10735768243626984,nan,0.7330081803711728,43200,1
covtype,fdr_svm,full,label_skew,10,100,2,0.01,42,6,4108,0.5159,0.0532548667368277,nan,0.7330081803711728,43200,1
covtype,fdr_svm,full,label_skew,10,100,2,0.01,42,7,3891,0.4841,0.0,nan,0.7330081803711728,43200,1
covtype,fdr_svm,full,label_skew,10,100,2,0.01,42,8,4108,0.5159,0.0,nan,0.7330081803711728,43200,1
covtype,fdr_svm,full,label_skew,10,100,2,0.01,42,9,3891,0.5512,0.2587424033683971,nan,0.7330081803711728,43200,1
covtype,fdr_svm,random_kout,dirichlet_0.1,10,100,2,0.01,42,0,111,0.5159,0.0,nan,0.7822758914316572,43200,1
covtype,fdr_svm,random_kout,dirichlet_0.1,10,100,2,0.01,42,1,2160,0.4845,0.0395058029391589,nan,0.7822758914316572,43200,1
covtype,fdr_svm,random_kout,dirichlet_0.1,10,100,2,0.01,42,2,11171,0.4841,0.0012732521819970519,nan,0.7822758914316572,43200,1
covtype,fdr_svm,random_kout,dirichlet_0.1,10,100,2,0.01,42,3,110,0.5159,0.1361415353301082,nan,0.7822758914316572,43200,1
covtype,fdr_svm,random_kout,dirichlet_0.1,10,100,2,0.01,42,4,4214,0.6345,0.5669079054554604,nan,0.7822758914316572,43200,1
covtype,fdr_svm,random_kout,dirichlet_0.1,10,100,2,0.01,42,5,1,0.5159,0.0,nan,0.7822758914316572,43200,1
covtype,fdr_svm,random_kout,dirichlet_0.1,10,100,2,0.01,42,6,302,0.5159,0.0,nan,0.7822758914316572,43200,1
covtype,fdr_svm,random_kout,dirichlet_0.1,10,100,2,0.01,42,7,16592,0.5768,1.2677990521719622,nan,0.7822758914316572,43200,1
covtype,fdr_svm,random_kout,dirichlet_0.1,10,100,2,0.01,42,8,1060,0.5159,0.7097490333529615,nan,0.7822758914316572,43200,1
covtype,fdr_svm,random_kout,dirichlet_0.1,10,100,2,0.01,42,9,4279,0.5711,0.9588549908191811,nan,0.7822758914316572,43200,1
covtype,fdr_svm,random_kout,dirichlet_0.3,10,100,2,0.01,42,0,746,0.5159,0.00509534653085309,nan,0.639696343409401,43200,1
covtype,fdr_svm,random_kout,dirichlet_0.3,10,100,2,0.01,42,1,3023,0.5011,0.2890433894436879,nan,0.639696343409401,43200,1
covtype,fdr_svm,random_kout,dirichlet_0.3,10,100,2,0.01,42,2,6249,0.4841,0.004927315928451661,nan,0.639696343409401,43200,1
covtype,fdr_svm,random_kout,dirichlet_0.3,10,100,2,0.01,42,3,1084,0.5159,0.6548109413328745,nan,0.639696343409401,43200,1
covtype,fdr_svm,random_kout,dirichlet_0.3,10,100,2,0.01,42,4,4177,0.5011,0.3549759835154955,nan,0.639696343409401,43200,1
covtype,fdr_svm,random_kout,dirichlet_0.3,10,100,2,0.01,42,5,301,0.5159,0.9544060933015668,nan,0.639696343409401,43200,1
covtype,fdr_svm,random_kout,dirichlet_0.3,10,100,2,0.01,42,6,10200,0.5159,0.0034645272325338067,nan,0.639696343409401,43200,1
covtype,fdr_svm,random_kout,dirichlet_0.3,10,100,2,0.01,42,7,4364,0.4913,1.7704439772111227,nan,0.639696343409401,43200,1
covtype,fdr_svm,random_kout,dirichlet_0.3,10,100,2,0.01,42,8,3745,0.5159,1.3066378016005487,nan,0.639696343409401,43200,1
covtype,fdr_svm,random_kout,dirichlet_0.3,10,100,2,0.01,42,9,6111,0.5159,1.1661435981653108,nan,0.639696343409401,43200,1
covtype,fdr_svm,random_kout,dirichlet_1.0,10,100,2,0.01,42,0,4326,0.5378,0.4083894013447991,nan,0.5045761929992706,43200,1
covtype,fdr_svm,random_kout,dirichlet_1.0,10,100,2,0.01,42,1,2902,0.6536,0.9678333295329616,nan,0.5045761929992706,43200,1
covtype,fdr_svm,random_kout,dirichlet_1.0,10,100,2,0.01,42,2,4488,0.5598,0.6249573841585124,nan,0.5045761929992706,43200,1
covtype,fdr_svm,random_kout,dirichlet_1.0,10,100,2,0.01,42,3,793,0.5195,0.3971018741036928,nan,0.5045761929992706,43200,1
covtype,fdr_svm,random_kout,dirichlet_1.0,10,100,2,0.01,42,4,1582,0.6719,0.7420746782788956,nan,0.5045761929992706,43200,1
covtype,fdr_svm,random_kout,dirichlet_1.0,10,100,2,0.01,42,5,3208,0.5159,1.8777586510810655,nan,0.5045761929992706,43200,1
covtype,fdr_svm,random_kout,dirichlet_1.0,10,100,2,0.01,42,6,6003,0.5506,0.6519140007478502,nan,0.5045761929992706,43200,1
covtype,fdr_svm,random_kout,dirichlet_1.0,10,100,2,0.01,42,7,6151,0.5162,0.3165892793210802,nan,0.5045761929992706,43200,1
covtype,fdr_svm,random_kout,dirichlet_1.0,10,100,2,0.01,42,8,3352,0.6061,0.5061374803330585,nan,0.5045761929992706,43200,1
covtype,fdr_svm,random_kout,dirichlet_1.0,10,100,2,0.01,42,9,7195,0.552,0.625929448794691,nan,0.5045761929992706,43200,1
covtype,fdr_svm,random_kout,iid,10,100,2,0.01,42,0,4000,0.6673,0.7315822973022484,nan,0.21437442535744547,43200,1
covtype,fdr_svm,random_kout,iid,10,100,2,0.01,42,1,4000,0.6537,0.7689914601166902,nan,0.21437442535744547,43200,1
covtype,fdr_svm,random_kout,iid,10,100,2,0.01,42,2,4000,0.6752,0.7266911390418069,nan,0.21437442535744547,43200,1
covtype,fdr_svm,random_kout,iid,10,100,2,0.01,42,3,4000,0.6692,0.7545638485519316,nan,0.21437442535744547,43200,1
covtype,fdr_svm,random_kout,iid,10,100,2,0.01,42,4,4000,0.6693,0.7319339698930175,nan,0.21437442535744547,43200,1
covtype,fdr_svm,random_kout,iid,10,100,2,0.01,42,5,4000,0.6825,0.7478211262675294,nan,0.21437442535744547,43200,1
covtype,fdr_svm,random_kout,iid,10,100,2,0.01,42,6,4000,0.6875,0.7337784008996133,nan,0.21437442535744547,43200,1
covtype,fdr_svm,random_kout,iid,10,100,2,0.01,42,7,4000,0.6733,0.7351490044261048,nan,0.21437442535744547,43200,1
covtype,fdr_svm,random_kout,iid,10,100,2,0.01,42,8,4000,0.6805,0.7556364981945176,nan,0.21437442535744547,43200,1
covtype,fdr_svm,random_kout,iid,10,100,2,0.01,42,9,4000,0.6732,0.7093746360007754,nan,0.21437442535744547,43200,1
covtype,fdr_svm,random_kout,label_skew,10,100,2,0.01,42,0,4109,0.6536,0.6295140305972049,nan,0.9031705468910722,43200,1
covtype,fdr_svm,random_kout,label_skew,10,100,2,0.01,42,1,3892,0.6768,0.6160758994687127,nan,0.9031705468910722,43200,1
covtype,fdr_svm,random_kout,label_skew,10,100,2,0.01,42,2,4109,0.5159,0.0,nan,0.9031705468910722,43200,1
covtype,fdr_svm,random_kout,label_skew,10,100,2,0.01,42,3,3892,0.4841,8.409165506811083e-06,nan,0.9031705468910722,43200,1
covtype,fdr_svm,random_kout,label_skew,10,100,2,0.01,42,4,4108,0.6328,0.6253323208941505,nan,0.9031705468910722,43200,1
covtype,fdr_svm,random_kout,label_skew,10,100,2,0.01,42,5,3892,0.5502,0.3199487920475464,nan,0.9031705468910722,43200,1
covtype,fdr_svm,random_kout,label_skew,10,100,2,0.01,42,6,4108,0.5159,0.0,nan,0.9031705468910722,43200,1
covtype,fdr_svm,random_kout,label_skew,10,100,2,0.01,42,7,3891,0.6049,0.5047353440316693,nan,0.9031705468910722,43200,1
covtype,fdr_svm,random_kout,label_skew,10,100,2,0.01,42,8,4108,0.5159,0.0,nan,0.9031705468910722,43200,1
covtype,fdr_svm,random_kout,label_skew,10,100,2,0.01,42,9,3891,0.5159,3.6892616914739516,nan,0.9031705468910722,43200,1
covtype,fdr_svm,ring,dirichlet_0.1,10,100,2,0.01,42,0,111,0.5159,0.0,nan,0.7357070619977242,43200,1
covtype,fdr_svm,ring,dirichlet_0.1,10,100,2,0.01,42,1,2160,0.4841,0.015627824273215876,nan,0.7357070619977242,43200,1
covtype,fdr_svm,ring,dirichlet_0.1,10,100,2,0.01,42,2,11171,0.4841,0.0001729280387325344,nan,0.7357070619977242,43200,1
covtype,fdr_svm,ring,dirichlet_0.1,10,100,2,0.01,42,3,110,0.4841,1.9610744155921866,nan,0.7357070619977242,43200,1
covtype,fdr_svm,ring,dirichlet_0.1,10,100,2,0.01,42,4,4214,0.4841,0.04125528968359095,nan,0.7357070619977242,43200,1
covtype,fdr_svm,ring,dirichlet_0.1,10,100,2,0.01,42,5,1,0.4841,1.5842124169588871,nan,0.7357070619977242,43200,1
covtype,fdr_svm,ring,dirichlet_0.1,10,100,2,0.01,42,6,302,0.5159,0.001088833639575859,nan,0.7357070619977242,43200,1
covtype,fdr_svm,ring,dirichlet_0.1,10,100,2,0.01,42,7,16592,0.5159,0.00020225580335662486,nan,0.7357070619977242,43200,1
covtype,fdr_svm,ring,dirichlet_0.1,10,100,2,0.01,42,8,1060,0.5159,0.7359787275540296,nan,0.7357070619977242,43200,1
covtype,fdr_svm,ring,dirichlet_0.1,10,100,2,0.01,42,9,4279,0.5159,0.7646822783406211,nan,0.7357070619977242,43200,1
covtype,fdr_svm,ring,dirichlet_0.3,10,100,2,0.01,42,0,746,0.5159,0.0,nan,0.7273524288562958,43200,1
covtype,fdr_svm,ring,dirichlet_0.3,10,100,2,0.01,42,1,3023,0.4841,0.24752462195339078,nan,0.7273524288562958,43200,1
covtype,fdr_svm,ring,dirichlet_0.3,10,100,2,0.01,42,2,6249,0.4841,0.004200096914753438,nan,0.7273524288562958,43200,1
covtype,fdr_svm,ring,dirichlet_0.3,10,100,2,0.01,42,3,1084,0.4841,1.4054410834321729,nan,0.7273524288562958,43200,1
covtype,fdr_svm,ring,dirichlet_0.3,10,100,2,0.01,42,4,4177,0.4846,0.32826658324571817,nan,0.7273524288562958,43200,1
covtype,fdr_svm,ring,dirichlet_0.3,10,100,2,0.01,42,5,301,0.5159,0.895624653617666,nan,0.7273524288562958,43200,1
covtype,fdr_svm,ring,dirichlet_0.3,10,100,2,0.01,42,6,10200,0.5159,0.003149653233808674,nan,0.7273524288562958,43200,1
covtype,fdr_svm,ring,dirichlet_0.3,10,100,2,0.01,42,7,4364,0.5159,0.10327566312182315,nan,0.7273524288562958,43200,1
covtype,fdr_svm,ring,dirichlet_0.3,10,100,2,0.01,42,8,3745,0.5976,0.9451313227745797,nan,0.7273524288562958,43200,1
covtype,fdr_svm,ring,dirichlet_0.3,10,100,2,0.01,42,9,6111,0.5476,0.6594949857357251,nan,0.7273524288562958,43200,1
covtype,fdr_svm,ring,dirichlet_1.0,10,100,2,0.01,42,0,4326,0.5195,0.42267684886782286,nan,0.4308148287912603,43200,1
covtype,fdr_svm,ring,dirichlet_1.0,10,100,2,0.01,42,1,2902,0.6398,0.674367615332828,nan,0.4308148287912603,43200,1
covtype,fdr_svm,ring,dirichlet_1.0,10,100,2,0.01,42,2,4488,0.5263,0.6205704006223698,nan,0.4308148287912603,43200,1
covtype,fdr_svm,ring,dirichlet_1.0,10,100,2,0.01,42,3,793,0.653,0.9296915176124847,nan,0.4308148287912603,43200,1
covtype,fdr_svm,ring,dirichlet_1.0,10,100,2,0.01,42,4,1582,0.4967,0.46999469399253446,nan,0.4308148287912603,43200,1
covtype,fdr_svm,ring,dirichlet_1.0,10,100,2,0.01,42,5,3208,0.545,0.37674961760442477,nan,0.4308148287912603,43200,1
covtype,fdr_svm,ring,dirichlet_1.0,10,100,2,0.01,42,6,6003,0.5455,0.6567555445205864,nan,0.4308148287912603,43200,1
covtype,fdr_svm,ring,dirichlet_1.0,10,100,2,0.01,42,7,6151,0.625,0.6177572778362326,nan,0.4308148287912603,43200,1
covtype,fdr_svm,ring,dirichlet_1.0,10,100,2,0.01,42,8,3352,0.5618,0.32664743164983245,nan,0.4308148287912603,43200,1
covtype,fdr_svm,ring,dirichlet_1.0,10,100,2,0.01,42,9,7195,0.6444,0.862020876007233,nan,0.4308148287912603,43200,1
covtype,fdr_svm,ring,iid,10,100,2,0.01,42,0,4000,0.6757,0.7395904399072982,nan,0.20349282881205247,43200,1
covtype,fdr_svm,ring,iid,10,100,2,0.01,42,1,4000,0.6973,0.7575017279764003,nan,0.20349282881205247,43200,1
covtype,fdr_svm,ring,iid,10,100,2,0.01,42,2,4000,0.6826,0.7330061288824505,nan,0.20349282881205247,43200,1
covtype,fdr_svm,ring,iid,10,100,2,0.01,42,3,4000,0.6907,0.7534685500203671,nan,0.20349282881205247,43200,1
covtype,fdr_svm,ring,iid,10,100,2,0.01,42,4,4000,0.6757,0.731520121890655,nan,0.20349282881205247,43200,1
covtype,fdr_svm,ring,iid,10,100,2,0.01,42,5,4000,0.6673,0.7362211061774757,nan,0.20349282881205247,43200,1
covtype,fdr_svm,ring,iid,10,100,2,0.01,42,6,4000,0.6828,0.7255212570426106,nan,0.20349282881205247,43200,1
covtype,fdr_svm,ring,iid,10,100,2,0.01,42,7,4000,0.6938,0.7341068705820692,nan,0.20349282881205247,43200,1
covtype,fdr_svm,ring,iid,10,100,2,0.01,42,8,4000,0.6714,0.7298934524808103,nan,0.20349282881205247,43200,1
covtype,fdr_svm,ring,iid,10,100,2,0.01,42,9,4000,0.6931,0.7022530693290214,nan,0.20349282881205247,43200,1
covtype,fdr_svm,ring,label_skew,10,100,2,0.01,42,0,4109,0.5159,0.008169874571280305,nan,0.5845690475276542,43200,1
covtype,fdr_svm,ring,label_skew,10,100,2,0.01,42,1,3892,0.5203,2.1150483537877958,nan,0.5845690475276542,43200,1
covtype,fdr_svm,ring,label_skew,10,100,2,0.01,42,2,4109,0.5159,8.265533105792643e-05,nan,0.5845690475276542,43200,1
covtype,fdr_svm,ring,label_skew,10,100,2,0.01,42,3,3892,0.6149,1.4154148503729427,nan,0.5845690475276542,43200,1
covtype,fdr_svm,ring,label_skew,10,100,2,0.01,42,4,4108,0.6572,1.0807130290626028,nan,0.5845690475276542,43200,1
covtype,fdr_svm,ring,label_skew,10,100,2,0.01,42,5,3892,0.5918,1.5560472879508702,nan,0.5845690475276542,43200,1
covtype,fdr_svm,ring,label_skew,10,100,2,0.01,42,6,4108,0.5159,0.006418047215069522,nan,0.5845690475276542,43200,1
covtype,fdr_svm,ring,label_skew,10,100,2,0.01,42,7,3891,0.6816,0.7875977218113734,nan,0.5845690475276542,43200,1
covtype,fdr_svm,ring,label_skew,10,100,2,0.01,42,8,4108,0.5318,2.4655661442897303,nan,0.5845690475276542,43200,1
covtype,fdr_svm,ring,label_skew,10,100,2,0.01,42,9,3891,0.5619,1.687443593537606,nan,0.5845690475276542,43200,1
covtype,fedavg_svm,full,dirichlet_0.1,10,100,2,0.01,42,0,111,0.5159,0.0,nan,3.5246581891657294,43200,1
covtype,fedavg_svm,full,dirichlet_0.1,10,100,2,0.01,42,1,2160,0.4841,0.03288551868229636,nan,3.5246581891657294,43200,1
covtype,fedavg_svm,full,dirichlet_0.1,10,100,2,0.01,42,2,11171,0.4841,0.0,nan,3.5246581891657294,43200,1
covtype,fedavg_svm,full,dirichlet_0.1,10,100,2,0.01,42,3,110,0.5159,0.22078130044169958,nan,3.5246581891657294,43200,1
covtype,fedavg_svm,full,dirichlet_0.1,10,100,2,0.01,42,4,4214,0.4841,0.08783256929144742,nan,3.5246581891657294,43200,1
covtype,fedavg_svm,full,dirichlet_0.1,10,100,2,0.01,42,5,1,0.5159,0.0,nan,3.5246581891657294,43200,1
covtype,fedavg_svm,full,dirichlet_0.1,10,100,2,0.01,42,6,302,0.5159,0.0,nan,3.5246581891657294,43200,1
covtype,fedavg_svm,full,dirichlet_0.1,10,100,2,0.01,42,7,16592,0.5159,0.00018388948359015884,nan,3.5246581891657294,43200,1
covtype,fedavg_svm,full,dirichlet_0.1,10,100,2,0.01,42,8,1060,0.5337,1.2476171674322285,nan,3.5246581891657294,43200,1
covtype,fedavg_svm,full,dirichlet_0.1,10,100,2,0.01,42,9,4279,0.5159,1.9958194842384065,nan,3.5246581891657294,43200,1
covtype,fedavg_svm,full,dirichlet_0.3,10,100,2,0.01,42,0,746,0.5159,0.0,nan,4.91846590373985,43200,1
covtype,fedavg_svm,full,dirichlet_0.3,10,100,2,0.01,42,1,3023,0.5203,0.44887198272499623,nan,4.91846590373985,43200,1
covtype,fedavg_svm,full,dirichlet_0.3,10,100,2,0.01,42,2,6249,0.4841,0.004100370185854344,nan,4.91846590373985,43200,1
covtype,fedavg_svm,full,dirichlet_0.3,10,100,2,0.01,42,3,1084,0.5818,1.1491594982345792,nan,4.91846590373985,43200,1
covtype,fedavg_svm,full,dirichlet_0.3,10,100,2,0.01,42,4,4177,0.4899,0.7530742116914161,nan,4.91846590373985,43200,1
covtype,fedavg_svm,full,dirichlet_0.3,10,100,2,0.01,42,5,301,0.577,1.4278525219364107,nan,4.91846590373985,43200,1
covtype,fedavg_svm,full,dirichlet_0.3,10,100,2,0.01,42,6,10200,0.5159,0.005093724572638117,nan,4.91846590373985,43200,1
covtype,fedavg_svm,full,dirichlet_0.3,10,100,2,0.01,42,7,4364,0.5159,0.2564948843474801,nan,4.91846590373985,43200,1
covtype,fedavg_svm,full,dirichlet_0.3,10,100,2,0.01,42,8,3745,0.5844,1.0755672017747653,nan,4.91846590373985,43200,1
covtype,fedavg_svm,full,dirichlet_0.3,10,100,2,0.01,42,9,6111,0.6147,1.918401569382311,nan,4.91846590373985,43200,1
covtype,fedavg_svm,full,dirichlet_1.0,10,100,2,0.01,42,0,4326,0.5492,0.8346174792441201,nan,5.394933652775989,43200,1
covtype,fedavg_svm,full,dirichlet_1.0,10,100,2,0.01,42,1,2902,0.5159,0.5300503705199723,nan,5.394933652775989,43200,1
covtype,fedavg_svm,full,dirichlet_1.0,10,100,2,0.01,42,2,4488,0.6229,0.8300452233965138,nan,5.394933652775989,43200,1
covtype,fedavg_svm,full,dirichlet_1.0,10,100,2,0.01,42,3,793,0.4878,0.6975914129248407,nan,5.394933652775989,43200,1
covtype,fedavg_svm,full,dirichlet_1.0,10,100,2,0.01,42,4,1582,0.5106,0.8020247792876346,nan,5.394933652775989,43200,1
covtype,fedavg_svm,full,dirichlet_1.0,10,100,2,0.01,42,5,3208,0.485,0.9217330133172559,nan,5.394933652775989,43200,1
covtype,fedavg_svm,full,dirichlet_1.0,10,100,2,0.01,42,6,6003,0.4841,2.171270623443456,nan,5.394933652775989,43200,1
covtype,fedavg_svm,full,dirichlet_1.0,10,100,2,0.01,42,7,6151,0.5159,0.602356118411417,nan,5.394933652775989,43200,1
covtype,fedavg_svm,full,dirichlet_1.0,10,100,2,0.01,42,8,3352,0.5159,0.43278070552030246,nan,5.394933652775989,43200,1
covtype,fedavg_svm,full,dirichlet_1.0,10,100,2,0.01,42,9,7195,0.5565,1.0397416317182535,nan,5.394933652775989,43200,1
covtype,fedavg_svm,full,iid,10,100,2,0.01,42,0,4000,0.6111,1.2030541982265857,nan,6.114441929357429,43200,1
covtype,fedavg_svm,full,iid,10,100,2,0.01,42,1,4000,0.5676,1.6125419811251844,nan,6.114441929357429,43200,1
covtype,fedavg_svm,full,iid,10,100,2,0.01,42,2,4000,0.5167,1.457109800025684,nan,6.114441929357429,43200,1
covtype,fedavg_svm,full,iid,10,100,2,0.01,42,3,4000,0.5537,1.092493002343451,nan,6.114441929357429,43200,1
covtype,fedavg_svm,full,iid,10,100,2,0.01,42,4,4000,0.5162,2.3944430802205097,nan,6.114441929357429,43200,1
covtype,fedavg_svm,full,iid,10,100,2,0.01,42,5,4000,0.4942,2.5353453193652795,nan,6.114441929357429,43200,1
covtype,fedavg_svm,full,iid,10,100,2,0.01,42,6,4000,0.5391,1.3116625995352142,nan,6.114441929357429,43200,1
covtype,fedavg_svm,full,iid,10,100,2,0.01,42,7,4000,0.5284,1.402705489995431,nan,6.114441929357429,43200,1
covtype,fedavg_svm,full,iid,10,100,2,0.01,42,8,4000,0.5593,1.8924615324439513,nan,6.114441929357429,43200,1
covtype,fedavg_svm,full,iid,10,100,2,0.01,42,9,4000,0.5559,1.384188346537209,nan,6.114441929357429,43200,1
covtype,fedavg_svm,full,label_skew,10,100,2,0.01,42,0,4109,0.5159,0.0,nan,2.1525634955531325,43200,1
covtype,fedavg_svm,full,label_skew,10,100,2,0.01,42,1,3892,0.4841,0.0,nan,2.1525634955531325,43200,1
covtype,fedavg_svm,full,label_skew,10,100,2,0.01,42,2,4109,0.5159,0.0,nan,2.1525634955531325,43200,1
covtype,fedavg_svm,full,label_skew,10,100,2,0.01,42,3,3892,0.4841,0.0,nan,2.1525634955531325,43200,1
covtype,fedavg_svm,full,label_skew,10,100,2,0.01,42,4,4108,0.5159,0.0,nan,2.1525634955531325,43200,1
covtype,fedavg_svm,full,label_skew,10,100,2,0.01,42,5,3892,0.4841,0.0,nan,2.1525634955531325,43200,1
covtype,fedavg_svm,full,label_skew,10,100,2,0.01,42,6,4108,0.5159,0.0,nan,2.1525634955531325,43200,1
covtype,fedavg_svm,full,label_skew,10,100,2,0.01,42,7,3891,0.4841,0.0,nan,2.1525634955531325,43200,1
covtype,fedavg_svm,full,label_skew,10,100,2,0.01,42,8,4108,0.5159,0.0,nan,2.1525634955531325,43200,1
covtype,fedavg_svm,full,label_skew,10,100,2,0.01,42,9,3891,0.4841,0.0,nan,2.1525634955531325,43200,1
covtype,fedavg_svm,random_kout,dirichlet_0.1,10,100,2,0.01,42,0,111,0.5159,0.0,nan,3.5658201476584437,43200,1
covtype,fedavg_svm,random_kout,dirichlet_0.1,10,100,2,0.01,42,1,2160,0.4841,0.06975876340237847,nan,3.5658201476584437,43200,1
covtype,fedavg_svm,random_kout,dirichlet_0.1,10,100,2,0.01,42,2,11171,0.4841,0.0,nan,3.5658201476584437,43200,1
covtype,fedavg_svm,random_kout,dirichlet_0.1,10,100,2,0.01,42,3,110,0.5159,0.2501234399058205,nan,3.5658201476584437,43200,1
covtype,fedavg_svm,random_kout,dirichlet_0.1,10,100,2,0.01,42,4,4214,0.4841,0.08325162436285843,nan,3.5658201476584437,43200,1
covtype,fedavg_svm,random_kout,dirichlet_0.1,10,100,2,0.01,42,5,1,0.5159,0.0,nan,3.5658201476584437,43200,1
covtype,fedavg_svm,random_kout,dirichlet_0.1,10,100,2,0.01,42,6,302,0.5159,0.0,nan,3.5658201476584437,43200,1
covtype,fedavg_svm,random_kout,dirichlet_0.1,10,100,2,0.01,42,7,16592,0.5159,0.0003008416848719811,nan,3.5658201476584437,43200,1
covtype,fedavg_svm,random_kout,dirichlet_0.1,10,100,2,0.01,42,8,1060,0.5105,1.6094222488028753,nan,3.5658201476584437,43200,1
covtype,fedavg_svm,random_kout,dirichlet_0.1,10,100,2,0.01,42,9,4279,0.5866,0.9964019952245381,nan,3.5658201476584437,43200,1
covtype,fedavg_svm,random_kout,dirichlet_0.3,10,100,2,0.01,42,0,746,0.5159,0.0,nan,5.133173962372413,43200,1
covtype,fedavg_svm,random_kout,dirichlet_0.3,10,100,2,0.01,42,1,3023,0.4888,0.7108331843243306,nan,5.133173962372413,43200,1
covtype,fedavg_svm,random_kout,dirichlet_0.3,10,100,2,0.01,42,2,6249,0.4841,0.0028673162840784612,nan,5.133173962372413,43200,1
covtype,fedavg_svm,random_kout,dirichlet_0.3,10,100,2,0.01,42,3,1084,0.5921,1.1816591172846118,nan,5.133173962372413,43200,1
covtype,fedavg_svm,random_kout,dirichlet_0.3,10,100,2,0.01,42,4,4177,0.4981,0.7572973714949958,nan,5.133173962372413,43200,1
covtype,fedavg_svm,random_kout,dirichlet_0.3,10,100,2,0.01,42,5,301,0.5573,1.7496488425585714,nan,5.133173962372413,43200,1
covtype,fedavg_svm,random_kout,dirichlet_0.3,10,100,2,0.01,42,6,10200,0.5159,0.005416312436567945,nan,5.133173962372413,43200,1
covtype,fedavg_svm,random_kout,dirichlet_0.3,10,100,2,0.01,42,7,4364,0.5159,0.234431592283108,nan,5.133173962372413,43200,1
covtype,fedavg_svm,random_kout,dirichlet_0.3,10,100,2,0.01,42,8,3745,0.6484,0.9249338899278222,nan,5.133173962372413,43200,1
covtype,fedavg_svm,random_kout,dirichlet_0.3,10,100,2,0.01,42,9,6111,0.5736,1.6290095544852297,nan,5.133173962372413,43200,1
covtype,fedavg_svm,random_kout,dirichlet_1.0,10,100,2,0.01,42,0,4326,0.4873,1.0867579976475528,nan,5.266708258731093,43200,1
covtype,fedavg_svm,random_kout,dirichlet_1.0,10,100,2,0.01,42,1,2902,0.5503,0.5341671416814843,nan,5.266708258731093,43200,1
covtype,fedavg_svm,random_kout,dirichlet_1.0,10,100,2,0.01,42,2,4488,0.6262,1.2400727443383681,nan,5.266708258731093,43200,1
covtype,fedavg_svm,random_kout,dirichlet_1.0,10,100,2,0.01,42,3,793,0.4972,0.9251396791223371,nan,5.266708258731093,43200,1
covtype,fedavg_svm,random_kout,dirichlet_1.0,10,100,2,0.01,42,4,1582,0.5848,0.8644446176274756,nan,5.266708258731093,43200,1
covtype,fedavg_svm,random_kout,dirichlet_1.0,10,100,2,0.01,42,5,3208,0.5315,0.6361004941094859,nan,5.266708258731093,43200,1
covtype,fedavg_svm,random_kout,dirichlet_1.0,10,100,2,0.01,42,6,6003,0.5234,1.6432167183653297,nan,5.266708258731093,43200,1
covtype,fedavg_svm,random_kout,dirichlet_1.0,10,100,2,0.01,42,7,6151,0.5159,0.8085609000977309,nan,5.266708258731093,43200,1
covtype,fedavg_svm,random_kout,dirichlet_1.0,10,100,2,0.01,42,8,3352,0.5159,0.44511036217612215,nan,5.266708258731093,43200,1
covtype,fedavg_svm,random_kout,dirichlet_1.0,10,100,2,0.01,42,9,7195,0.5315,2.1970738728193395,nan,5.266708258731093,43200,1
covtype,fedavg_svm,random_kout,iid,10,100,2,0.01,42,0,4000,0.5797,1.2063008504135306,nan,5.875131361933962,43200,1
covtype,fedavg_svm,random_kout,iid,10,100,2,0.01,42,1,4000,0.521,1.3715161925524135,nan,5.875131361933962,43200,1
covtype,fedavg_svm,random_kout,iid,10,100,2,0.01,42,2,4000,0.5159,2.3144018320596547,nan,5.875131361933962,43200,1
covtype,fedavg_svm,random_kout,iid,10,100,2,0.01,42,3,4000,0.5246,3.0556236766060403,nan,5.875131361933962,43200,1
covtype,fedavg_svm,random_kout,iid,10,100,2,0.01,42,4,4000,0.5969,1.0242651868794879,nan,5.875131361933962,43200,1
covtype,fedavg_svm,random_kout,iid,10,100,2,0.01,42,5,4000,0.4937,1.9413472580754425,nan,5.875131361933962,43200,1
covtype,fedavg_svm,random_kout,iid,10,100,2,0.01,42,6,4000,0.5487,1.5227268367937623,nan,5.875131361933962,43200,1
covtype,fedavg_svm,random_kout,iid,10,100,2,0.01,42,7,4000,0.4907,1.823887594422068,nan,5.875131361933962,43200,1
covtype,fedavg_svm,random_kout,iid,10,100,2,0.01,42,8,4000,0.5265,2.47174531439228,nan,5.875131361933962,43200,1
covtype,fedavg_svm,random_kout,iid,10,100,2,0.01,42,9,4000,0.5159,2.474559511640582,nan,5.875131361933962,43200,1
covtype,fedavg_svm,random_kout,label_skew,10,100,2,0.01,42,0,4109,0.5159,0.0,nan,2.218239905000233,43200,1
covtype,fedavg_svm,random_kout,label_skew,10,100,2,0.01,42,1,3892,0.4841,0.0,nan,2.218239905000233,43200,1
covtype,fedavg_svm,random_kout,label_skew,10,100,2,0.01,42,2,4109,0.5159,0.0,nan,2.218239905000233,43200,1
covtype,fedavg_svm,random_kout,label_skew,10,100,2,0.01,42,3,3892,0.4841,0.0,nan,2.218239905000233,43200,1
covtype,fedavg_svm,random_kout,label_skew,10,100,2,0.01,42,4,4108,0.5159,0.0,nan,2.218239905000233,43200,1
covtype,fedavg_svm,random_kout,label_skew,10,100,2,0.01,42,5,3892,0.4841,0.0,nan,2.218239905000233,43200,1
covtype,fedavg_svm,random_kout,label_skew,10,100,2,0.01,42,6,4108,0.5159,0.0,nan,2.218239905000233,43200,1
covtype,fedavg_svm,random_kout,label_skew,10,100,2,0.01,42,7,3891,0.4841,0.0,nan,2.218239905000233,43200,1
covtype,fedavg_svm,random_kout,label_skew,10,100,2,0.01,42,8,4108,0.5159,0.0,nan,2.218239905000233,43200,1
covtype,fedavg_svm,random_kout,label_skew,10,100,2,0.01,42,9,3891,0.4841,0.0,nan,2.218239905000233,43200,1
covtype,fedavg_svm,ring,dirichlet_0.1,10,100,2,0.01,42,0,111,0.5159,0.0,nan,3.4022076678062163,43200,1
covtype,fedavg_svm,ring,dirichlet_0.1,10,100,2,0.01,42,1,2160,0.4841,0.03288551868229636,nan,3.4022076678062163,43200,1
covtype,fedavg_svm,ring,dirichlet_0.1,10,100,2,0.01,42,2,11171,0.4841,0.0,nan,3.4022076678062163,43200,1
covtype,fedavg_svm,ring,dirichlet_0.1,10,100,2,0.01,42,3,110,0.5159,0.1928978235925337,nan,3.4022076678062163,43200,1
covtype,fedavg_svm,ring,dirichlet_0.1,10,100,2,0.01,42,4,4214,0.4841,0.08783256929144742,nan,3.4022076678062163,43200,1
covtype,fedavg_svm,ring,dirichlet_0.1,10,100,2,0.01,42,5,1,0.5159,0.0,nan,3.4022076678062163,43200,1
covtype,fedavg_svm,ring,dirichlet_0.1,10,100,2,0.01,42,6,302,0.5159,0.0,nan,3.4022076678062163,43200,1
covtype,fedavg_svm,ring,dirichlet_0.1,10,100,2,0.01,42,7,16592,0.5159,0.00018388948359015884,nan,3.4022076678062163,43200,1
covtype,fedavg_svm,ring,dirichlet_0.1,10,100,2,0.01,42,8,1060,0.5337,1.2476171674322285,nan,3.4022076678062163,43200,1
covtype,fedavg_svm,ring,dirichlet_0.1,10,100,2,0.01,42,9,4279,0.5159,1.9983576272752348,nan,3.4022076678062163,43200,1
covtype,fedavg_svm,ring,dirichlet_0.3,10,100,2,0.01,42,0,746,0.5159,0.0,nan,4.876015461876453,43200,1
covtype,fedavg_svm,ring,dirichlet_0.3,10,100,2,0.01,42,1,3023,0.5203,0.44887198272499623,nan,4.876015461876453,43200,1
covtype,fedavg_svm,ring,dirichlet_0.3,10,100,2,0.01,42,2,6249,0.4841,0.0031602669148241883,nan,4.876015461876453,43200,1
covtype,fedavg_svm,ring,dirichlet_0.3,10,100,2,0.01,42,3,1084,0.5631,1.0187144528085972,nan,4.876015461876453,43200,1
covtype,fedavg_svm,ring,dirichlet_0.3,10,100,2,0.01,42,4,4177,0.4899,0.7530742116914161,nan,4.876015461876453,43200,1
covtype,fedavg_svm,ring,dirichlet_0.3,10,100,2,0.01,42,5,301,0.577,1.4278525219364107,nan,4.876015461876453,43200,1
covtype,fedavg_svm,ring,dirichlet_0.3,10,100,2,0.01,42,6,10200,0.5159,0.005933154805638519,nan,4.876015461876453,43200,1
covtype,fedavg_svm,ring,dirichlet_0.3,10,100,2,0.01,42,7,4364,0.5159,0.2564948843474801,nan,4.876015461876453,43200,1
covtype,fedavg_svm,ring,dirichlet_0.3,10,100,2,0.01,42,8,3745,0.4984,1.5147879527939618,nan,4.876015461876453,43200,1
covtype,fedavg_svm,ring,dirichlet_0.3,10,100,2,0.01,42,9,6111,0.5721,1.2146236933316152,nan,4.876015461876453,43200,1
covtype,fedavg_svm,ring,dirichlet_1.0,10,100,2,0.01,42,0,4326,0.5492,0.8346174792441201,nan,5.308532631249494,43200,1
covtype,fedavg_svm,ring,dirichlet_1.0,10,100,2,0.01,42,1,2902,0.5159,0.5300503705199723,nan,5.308532631249494,43200,1
covtype,fedavg_svm,ring,dirichlet_1.0,10,100,2,0.01,42,2,4488,0.6469,0.6980723607861479,nan,5.308532631249494,43200,1
covtype,fedavg_svm,ring,dirichlet_1.0,10,100,2,0.01,42,3,793,0.4878,0.6975914129248407,nan,5.308532631249494,43200,1
covtype,fedavg_svm,ring,dirichlet_1.0,10,100,2,0.01,42,4,1582,0.5106,0.8020247792876346,nan,5.308532631249494,43200,1
covtype,fedavg_svm,ring,dirichlet_1.0,10,100,2,0.01,42,5,3208,0.485,0.9217330133172559,nan,5.308532631249494,43200,1
covtype,fedavg_svm,ring,dirichlet_1.0,10,100,2,0.01,42,6,6003,0.4841,2.171270623443456,nan,5.308532631249494,43200,1
covtype,fedavg_svm,ring,dirichlet_1.0,10,100,2,0.01,42,7,6151,0.5159,0.602356118411417,nan,5.308532631249494,43200,1
covtype,fedavg_svm,ring,dirichlet_1.0,10,100,2,0.01,42,8,3352,0.5159,0.43278070552030246,nan,5.308532631249494,43200,1
covtype,fedavg_svm,ring,dirichlet_1.0,10,100,2,0.01,42,9,7195,0.5644,1.1410471844623016,nan,5.308532631249494,43200,1
covtype,fedavg_svm,ring,iid,10,100,2,0.01,42,0,4000,0.6111,1.2030541982265857,nan,6.3143402035770775,43200,1
covtype,fedavg_svm,ring,iid,10,100,2,0.01,42,1,4000,0.5681,1.7785717969285368,nan,6.3143402035770775,43200,1
covtype,fedavg_svm,ring,iid,10,100,2,0.01,42,2,4000,0.5167,1.457109800025684,nan,6.3143402035770775,43200,1
covtype,fedavg_svm,ring,iid,10,100,2,0.01,42,3,4000,0.5537,1.092493002343451,nan,6.3143402035770775,43200,1
covtype,fedavg_svm,ring,iid,10,100,2,0.01,42,4,4000,0.6165,1.442514921009183,nan,6.3143402035770775,43200,1
covtype,fedavg_svm,ring,iid,10,100,2,0.01,42,5,4000,0.4914,2.1039409480905706,nan,6.3143402035770775,43200,1
covtype,fedavg_svm,ring,iid,10,100,2,0.01,42,6,4000,0.5391,1.3116625995352142,nan,6.3143402035770775,43200,1
covtype,fedavg_svm,ring,iid,10,100,2,0.01,42,7,4000,0.5284,1.402705489995431,nan,6.3143402035770775,43200,1
covtype,fedavg_svm,ring,iid,10,100,2,0.01,42,8,4000,0.5593,1.8924615324439513,nan,6.3143402035770775,43200,1
covtype,fedavg_svm,ring,iid,10,100,2,0.01,42,9,4000,0.5559,1.384188346537209,nan,6.3143402035770775,43200,1
covtype,fedavg_svm,ring,label_skew,10,100,2,0.01,42,0,4109,0.5159,0.0,nan,2.1816827986489256,43200,1
covtype,fedavg_svm,ring,label_skew,10,100,2,0.01,42,1,3892,0.4841,0.0,nan,2.1816827986489256,43200,1
covtype,fedavg_svm,ring,label_skew,10,100,2,0.01,42,2,4109,0.5159,0.0,nan,2.1816827986489256,43200,1
covtype,fedavg_svm,ring,label_skew,10,100,2,0.01,42,3,3892,0.4841,0.0,nan,2.1816827986489256,43200,1
covtype,fedavg_svm,ring,label_skew,10,100,2,0.01,42,4,4108,0.5159,0.0,nan,2.1816827986489256,43200,1
covtype,fedavg_svm,ring,label_skew,10,100,2,0.01,42,5,3892,0.4841,0.0,nan,2.1816827986489256,43200,1
covtype,fedavg_svm,ring,label_skew,10,100,2,0.01,42,6,4108,0.5159,0.0,nan,2.1816827986489256,43200,1
covtype,fedavg_svm,ring,label_skew,10,100,2,0.01,42,7,3891,0.4841,0.0,nan,2.1816827986489256,43200,1
covtype,fedavg_svm,ring,label_skew,10,100,2,0.01,42,8,4108,0.5159,0.0,nan,2.1816827986489256,43200,1
covtype,fedavg_svm,ring,label_skew,10,100,2,0.01,42,9,3891,0.4841,0.0,nan,2.1816827986489256,43200,1
covtype,fedssl_amc,full,dirichlet_0.1,10,100,2,0.01,42,0,111,0.5772,0.7373228443174321,nan,0.0,761504,1
covtype,fedssl_amc,full,dirichlet_0.1,10,100,2,0.01,42,1,2160,0.5772,1.1179441193309978,nan,0.0,761504,1
covtype,fedssl_amc,full,dirichlet_0.1,10,100,2,0.01,42,2,11171,0.5772,1.1224273154638227,nan,0.0,761504,1
covtype,fedssl_amc,full,dirichlet_0.1,10,100,2,0.01,42,3,110,0.5772,0.7253552686514662,nan,0.0,761504,1
covtype,fedssl_amc,full,dirichlet_0.1,10,100,2,0.01,42,4,4214,0.5772,1.1144519521566347,nan,0.0,761504,1
covtype,fedssl_amc,full,dirichlet_0.1,10,100,2,0.01,42,5,1,0.5772,0.7369970985763695,nan,0.0,761504,1
covtype,fedssl_amc,full,dirichlet_0.1,10,100,2,0.01,42,6,302,0.5772,0.70478479917294,nan,0.0,761504,1
covtype,fedssl_amc,full,dirichlet_0.1,10,100,2,0.01,42,7,16592,0.5772,0.7229553639714187,nan,0.0,761504,1
covtype,fedssl_amc,full,dirichlet_0.1,10,100,2,0.01,42,8,1060,0.5772,0.8577349314819167,nan,0.0,761504,1
covtype,fedssl_amc,full,dirichlet_0.1,10,100,2,0.01,42,9,4279,0.5772,0.8681738473259422,nan,0.0,761504,1
covtype,fedssl_amc,full,dirichlet_0.3,10,100,2,0.01,42,0,746,0.6179,1.172563293852377,nan,0.0,761504,1
covtype,fedssl_amc,full,dirichlet_0.3,10,100,2,0.01,42,1,3023,0.6179,0.46574245805510733,nan,0.0,761504,1
covtype,fedssl_amc,full,dirichlet_0.3,10,100,2,0.01,42,2,6249,0.6179,0.36545780575603665,nan,0.0,761504,1
covtype,fedssl_amc,full,dirichlet_0.3,10,100,2,0.01,42,3,1084,0.6179,0.9304966713197935,nan,0.0,761504,1
covtype,fedssl_amc,full,dirichlet_0.3,10,100,2,0.01,42,4,4177,0.6179,0.4986362169564977,nan,0.0,761504,1
covtype,fedssl_amc,full,dirichlet_0.3,10,100,2,0.01,42,5,301,0.6179,0.8197673607712649,nan,0.0,761504,1
covtype,fedssl_amc,full,dirichlet_0.3,10,100,2,0.01,42,6,10200,0.6179,1.194819215750277,nan,0.0,761504,1
covtype,fedssl_amc,full,dirichlet_0.3,10,100,2,0.01,42,7,4364,0.6179,1.1659763772128608,nan,0.0,761504,1
covtype,fedssl_amc,full,dirichlet_0.3,10,100,2,0.01,42,8,3745,0.6179,0.6552457103328505,nan,0.0,761504,1
covtype,fedssl_amc,full,dirichlet_0.3,10,100,2,0.01,42,9,6111,0.6179,0.6478984284814675,nan,0.0,761504,1
covtype,fedssl_amc,full,dirichlet_1.0,10,100,2,0.01,42,0,4326,0.5903,0.4312075205031039,nan,0.0,761504,1
covtype,fedssl_amc,full,dirichlet_1.0,10,100,2,0.01,42,1,2902,0.5903,1.1916376445358818,nan,0.0,761504,1
covtype,fedssl_amc,full,dirichlet_1.0,10,100,2,0.01,42,2,4488,0.5903,0.9837902141672622,nan,0.0,761504,1
covtype,fedssl_amc,full,dirichlet_1.0,10,100,2,0.01,42,3,793,0.5903,0.4354037917998266,nan,0.0,761504,1
covtype,fedssl_amc,full,dirichlet_1.0,10,100,2,0.01,42,4,1582,0.5903,0.47012737606807,nan,0.0,761504,1
covtype,fedssl_amc,full,dirichlet_1.0,10,100,2,0.01,42,5,3208,0.5903,0.4033061063486151,nan,0.0,761504,1
covtype,fedssl_amc,full,dirichlet_1.0,10,100,2,0.01,42,6,6003,0.5903,0.6189856666828525,nan,0.0,761504,1
covtype,fedssl_amc,full,dirichlet_1.0,10,100,2,0.01,42,7,6151,0.5903,1.19705159302169,nan,0.0,761504,1
covtype,fedssl_amc,full,dirichlet_1.0,10,100,2,0.01,42,8,3352,0.5903,1.2650752897907267,nan,0.0,761504,1
covtype,fedssl_amc,full,dirichlet_1.0,10,100,2,0.01,42,9,7195,0.5903,0.5961053334716362,nan,0.0,761504,1
covtype,fedssl_amc,full,iid,10,100,2,0.01,42,0,4000,0.623,0.7537658482863758,nan,0.0,761504,1
covtype,fedssl_amc,full,iid,10,100,2,0.01,42,1,4000,0.623,0.7853438216471792,nan,0.0,761504,1
covtype,fedssl_amc,full,iid,10,100,2,0.01,42,2,4000,0.623,0.7362784647038356,nan,0.0,761504,1
covtype,fedssl_amc,full,iid,10,100,2,0.01,42,3,4000,0.623,0.7805839747878226,nan,0.0,761504,1
covtype,fedssl_amc,full,iid,10,100,2,0.01,42,4,4000,0.623,0.7548197604466209,nan,0.0,761504,1
covtype,fedssl_amc,full,iid,10,100,2,0.01,42,5,4000,0.623,0.7409837546789833,nan,0.0,761504,1
covtype,fedssl_amc,full,iid,10,100,2,0.01,42,6,4000,0.623,0.7652728615096162,nan,0.0,761504,1
covtype,fedssl_amc,full,iid,10,100,2,0.01,42,7,4000,0.623,0.7504169683733646,nan,0.0,761504,1
covtype,fedssl_amc,full,iid,10,100,2,0.01,42,8,4000,0.623,0.7421498602484892,nan,0.0,761504,1
covtype,fedssl_amc,full,iid,10,100,2,0.01,42,9,4000,0.623,0.7485657253482955,nan,0.0,761504,1
covtype,fedssl_amc,full,label_skew,10,100,2,0.01,42,0,4109,0.4841,1.0,nan,0.0,761504,1
covtype,fedssl_amc,full,label_skew,10,100,2,0.01,42,1,3892,0.4841,1.0,nan,0.0,761504,1
covtype,fedssl_amc,full,label_skew,10,100,2,0.01,42,2,4109,0.4841,1.0,nan,0.0,761504,1
covtype,fedssl_amc,full,label_skew,10,100,2,0.01,42,3,3892,0.4841,1.0,nan,0.0,761504,1
covtype,fedssl_amc,full,label_skew,10,100,2,0.01,42,4,4108,0.4841,1.0,nan,0.0,761504,1
covtype,fedssl_amc,full,label_skew,10,100,2,0.01,42,5,3892,0.4841,1.0,nan,0.0,761504,1
covtype,fedssl_amc,full,label_skew,10,100,2,0.01,42,6,4108,0.4841,1.0,nan,0.0,761504,1
covtype,fedssl_amc,full,label_skew,10,100,2,0.01,42,7,3891,0.4841,1.0,nan,0.0,761504,1
covtype,fedssl_amc,full,label_skew,10,100,2,0.01,42,8,4108,0.4841,1.0,nan,0.0,761504,1
covtype,fedssl_amc,full,label_skew,10,100,2,0.01,42,9,3891,0.4841,1.0,nan,0.0,761504,1
covtype,fedssl_amc,random_kout,dirichlet_0.1,10,100,2,0.01,42,0,111,0.6241,0.8013432977562659,nan,0.0,761504,1
covtype,fedssl_amc,random_kout,dirichlet_0.1,10,100,2,0.01,42,1,2160,0.6241,1.0588485375008743,nan,0.0,761504,1
covtype,fedssl_amc,random_kout,dirichlet_0.1,10,100,2,0.01,42,2,11171,0.6241,1.0627370362860884,nan,0.0,761504,1
covtype,fedssl_amc,random_kout,dirichlet_0.1,10,100,2,0.01,42,3,110,0.6241,0.784741127722197,nan,0.0,761504,1
covtype,fedssl_amc,random_kout,dirichlet_0.1,10,100,2,0.01,42,4,4214,0.6241,1.0570731273151648,nan,0.0,761504,1
covtype,fedssl_amc,random_kout,dirichlet_0.1,10,100,2,0.01,42,5,1,0.6241,0.7989265629956435,nan,0.0,761504,1
covtype,fedssl_amc,random_kout,dirichlet_0.1,10,100,2,0.01,42,6,302,0.6241,0.769530720500167,nan,0.0,761504,1
covtype,fedssl_amc,random_kout,dirichlet_0.1,10,100,2,0.01,42,7,16592,0.6241,0.7876390626435054,nan,0.0,761504,1
covtype,fedssl_amc,random_kout,dirichlet_0.1,10,100,2,0.01,42,8,1060,0.6241,0.8757382795649066,nan,0.0,761504,1
covtype,fedssl_amc,random_kout,dirichlet_0.1,10,100,2,0.01,42,9,4279,0.6241,0.8864341912481598,nan,0.0,761504,1
covtype,fedssl_amc,random_kout,dirichlet_0.3,10,100,2,0.01,42,0,746,0.6103,1.1271871612584003,nan,0.0,761504,1
covtype,fedssl_amc,random_kout,dirichlet_0.3,10,100,2,0.01,42,1,3023,0.6103,0.653290367404925,nan,0.0,761504,1
covtype,fedssl_amc,random_kout,dirichlet_0.3,10,100,2,0.01,42,2,6249,0.6103,0.588624649692466,nan,0.0,761504,1
covtype,fedssl_amc,random_kout,dirichlet_0.3,10,100,2,0.01,42,3,1084,0.6103,0.9620603050123738,nan,0.0,761504,1
covtype,fedssl_amc,random_kout,dirichlet_0.3,10,100,2,0.01,42,4,4177,0.6103,0.6775810007271343,nan,0.0,761504,1
covtype,fedssl_amc,random_kout,dirichlet_0.3,10,100,2,0.01,42,5,301,0.6103,0.8858366420826835,nan,0.0,761504,1
covtype,fedssl_amc,random_kout,dirichlet_0.3,10,100,2,0.01,42,6,10200,0.6103,1.1401058594856006,nan,0.0,761504,1
covtype,fedssl_amc,random_kout,dirichlet_0.3,10,100,2,0.01,42,7,4364,0.6103,1.1209173437218247,nan,0.0,761504,1
covtype,fedssl_amc,random_kout,dirichlet_0.3,10,100,2,0.01,42,8,3745,0.6103,0.7798800302331743,nan,0.0,761504,1
covtype,fedssl_amc,random_kout,dirichlet_0.3,10,100,2,0.01,42,9,6111,0.6103,0.7762843559153678,nan,0.0,761504,1
covtype,fedssl_amc,random_kout,dirichlet_1.0,10,100,2,0.01,42,0,4326,0.6224,0.4788307807783495,nan,0.0,761504,1
covtype,fedssl_amc,random_kout,dirichlet_1.0,10,100,2,0.01,42,1,2902,0.6224,1.072850582292064,nan,0.0,761504,1
covtype,fedssl_amc,random_kout,dirichlet_1.0,10,100,2,0.01,42,2,4488,0.6224,0.9099256577855802,nan,0.0,761504,1
covtype,fedssl_amc,random_kout,dirichlet_1.0,10,100,2,0.01,42,3,793,0.6224,0.48921428147029394,nan,0.0,761504,1
covtype,fedssl_amc,random_kout,dirichlet_1.0,10,100,2,0.01,42,4,1582,0.6224,0.5106957501401473,nan,0.0,761504,1
covtype,fedssl_amc,random_kout,dirichlet_1.0,10,100,2,0.01,42,5,3208,0.6224,0.4619604737957313,nan,0.0,761504,1
covtype,fedssl_amc,random_kout,dirichlet_1.0,10,100,2,0.01,42,6,6003,0.6224,0.6274176031345253,nan,0.0,761504,1
covtype,fedssl_amc,random_kout,dirichlet_1.0,10,100,2,0.01,42,7,6151,0.6224,1.0800898391886158,nan,0.0,761504,1
covtype,fedssl_amc,random_kout,dirichlet_1.0,10,100,2,0.01,42,8,3352,0.6224,1.1279255437506914,nan,0.0,761504,1
covtype,fedssl_amc,random_kout,dirichlet_1.0,10,100,2,0.01,42,9,7195,0.6224,0.6086943449592166,nan,0.0,761504,1
covtype,fedssl_amc,random_kout,iid,10,100,2,0.01,42,0,4000,0.6464,0.7330816661490966,nan,0.0,761504,1
covtype,fedssl_amc,random_kout,iid,10,100,2,0.01,42,1,4000,0.6464,0.7643954741641735,nan,0.0,761504,1
covtype,fedssl_amc,random_kout,iid,10,100,2,0.01,42,2,4000,0.6464,0.7178406569894265,nan,0.0,761504,1
covtype,fedssl_amc,random_kout,iid,10,100,2,0.01,42,3,4000,0.6464,0.7586646804452175,nan,0.0,761504,1
covtype,fedssl_amc,random_kout,iid,10,100,2,0.01,42,4,4000,0.6464,0.7338342876025878,nan,0.0,761504,1
covtype,fedssl_amc,random_kout,iid,10,100,2,0.01,42,5,4000,0.6464,0.7206871033915673,nan,0.0,761504,1
covtype,fedssl_amc,random_kout,iid,10,100,2,0.01,42,6,4000,0.6464,0.7442052138598043,nan,0.0,761504,1
covtype,fedssl_amc,random_kout,iid,10,100,2,0.01,42,7,4000,0.6464,0.7314504127501559,nan,0.0,761504,1
covtype,fedssl_amc,random_kout,iid,10,100,2,0.01,42,8,4000,0.6464,0.7247121124136656,nan,0.0,761504,1
covtype,fedssl_amc,random_kout,iid,10,100,2,0.01,42,9,4000,0.6464,0.7282224967353428,nan,0.0,761504,1
covtype,fedssl_amc,random_kout,label_skew,10,100,2,0.01,42,0,4109,0.4841,1.0,nan,0.0,761504,1
covtype,fedssl_amc,random_kout,label_skew,10,100,2,0.01,42,1,3892,0.4841,1.0,nan,0.0,761504,1
covtype,fedssl_amc,random_kout,label_skew,10,100,2,0.01,42,2,4109,0.4841,1.0,nan,0.0,761504,1
covtype,fedssl_amc,random_kout,label_skew,10,100,2,0.01,42,3,3892,0.4841,1.0,nan,0.0,761504,1
covtype,fedssl_amc,random_kout,label_skew,10,100,2,0.01,42,4,4108,0.4841,1.0,nan,0.0,761504,1
covtype,fedssl_amc,random_kout,label_skew,10,100,2,0.01,42,5,3892,0.4841,1.0,nan,0.0,761504,1
covtype,fedssl_amc,random_kout,label_skew,10,100,2,0.01,42,6,4108,0.4841,1.0,nan,0.0,761504,1
covtype,fedssl_amc,random_kout,label_skew,10,100,2,0.01,42,7,3891,0.4841,1.0,nan,0.0,761504,1
covtype,fedssl_amc,random_kout,label_skew,10,100,2,0.01,42,8,4108,0.4841,1.0,nan,0.0,761504,1
covtype,fedssl_amc,random_kout,label_skew,10,100,2,0.01,42,9,3891,0.4841,1.0,nan,0.0,761504,1
covtype,fedssl_amc,ring,dirichlet_0.1,10,100,2,0.01,42,0,111,0.5159,0.5069768299549802,nan,2.6077032087498674e-10,761504,1
covtype,fedssl_amc,ring,dirichlet_0.1,10,100,2,0.01,42,1,2160,0.5159,1.4192228018993562,nan,2.6077032087498674e-10,761504,1
covtype,fedssl_amc,ring,dirichlet_0.1,10,100,2,0.01,42,2,11171,0.5159,1.4270206477331018,nan,2.6077032087498674e-10,761504,1
covtype,fedssl_amc,ring,dirichlet_0.1,10,100,2,0.01,42,3,110,0.5159,0.531858282599763,nan,2.6077032087498674e-10,761504,1
covtype,fedssl_amc,ring,dirichlet_0.1,10,100,2,0.01,42,4,4214,0.5159,1.4102947375306718,nan,2.6077032087498674e-10,761504,1
covtype,fedssl_amc,ring,dirichlet_0.1,10,100,2,0.01,42,5,1,0.5159,0.4477798277649455,nan,2.6077032087498674e-10,761504,1
covtype,fedssl_amc,ring,dirichlet_0.1,10,100,2,0.01,42,6,302,0.5159,0.4866143778005552,nan,2.6077032087498674e-10,761504,1
covtype,fedssl_amc,ring,dirichlet_0.1,10,100,2,0.01,42,7,16592,0.5159,0.49454326095929646,nan,2.6077032087498674e-10,761504,1
covtype,fedssl_amc,ring,dirichlet_0.1,10,100,2,0.01,42,8,1060,0.5159,0.8283997163708947,nan,2.6077032087498674e-10,761504,1
covtype,fedssl_amc,ring,dirichlet_0.1,10,100,2,0.01,42,9,4279,0.5159,0.8440726955369705,nan,2.6077032087498674e-10,761504,1
covtype,fedssl_amc,ring,dirichlet_0.3,10,100,2,0.01,42,0,746,0.5824,1.2811776920938716,nan,3.3527612665340543e-10,761504,1
covtype,fedssl_amc,ring,dirichlet_0.3,10,100,2,0.01,42,1,3023,0.5824,0.48722175629008535,nan,3.3527612665340543e-10,761504,1
covtype,fedssl_amc,ring,dirichlet_0.3,10,100,2,0.01,42,2,6249,0.5824,0.3774299096816088,nan,3.3527612665340543e-10,761504,1
covtype,fedssl_amc,ring,dirichlet_0.3,10,100,2,0.01,42,3,1084,0.582,1.000647885567212,nan,3.3527612665340543e-10,761504,1
covtype,fedssl_amc,ring,dirichlet_0.3,10,100,2,0.01,42,4,4177,0.583,0.5251884361779686,nan,3.3527612665340543e-10,761504,1
covtype,fedssl_amc,ring,dirichlet_0.3,10,100,2,0.01,42,5,301,0.5829,0.8754212241051874,nan,3.3527612665340543e-10,761504,1
covtype,fedssl_amc,ring,dirichlet_0.3,10,100,2,0.01,42,6,10200,0.5829,1.2970018403348393,nan,3.3527612665340543e-10,761504,1
covtype,fedssl_amc,ring,dirichlet_0.3,10,100,2,0.01,42,7,4364,0.5829,1.2620559946865086,nan,3.3527612665340543e-10,761504,1
covtype,fedssl_amc,ring,dirichlet_0.3,10,100,2,0.01,42,8,3745,0.5826,0.7016418270670911,nan,3.3527612665340543e-10,761504,1
covtype,fedssl_amc,ring,dirichlet_0.3,10,100,2,0.01,42,9,6111,0.5824,0.6935128781649315,nan,3.3527612665340543e-10,761504,1
covtype,fedssl_amc,ring,dirichlet_1.0,10,100,2,0.01,42,0,4326,0.655,0.5552788915076343,nan,0.0,761504,1
covtype,fedssl_amc,ring,dirichlet_1.0,10,100,2,0.01,42,1,2902,0.655,0.9902594048664051,nan,0.0,761504,1
covtype,fedssl_amc,ring,dirichlet_1.0,10,100,2,0.01,42,2,4488,0.6548,0.8718257801350441,nan,0.0,761504,1
covtype,fedssl_amc,ring,dirichlet_1.0,10,100,2,0.01,42,3,793,0.6554,0.5668983904945002,nan,0.0,761504,1
covtype,fedssl_amc,ring,dirichlet_1.0,10,100,2,0.01,42,4,1582,0.6536,0.5773977025818585,nan,0.0,761504,1
covtype,fedssl_amc,ring,dirichlet_1.0,10,100,2,0.01,42,5,3208,0.6545,0.5484714273171943,nan,0.0,761504,1
covtype,fedssl_amc,ring,dirichlet_1.0,10,100,2,0.01,42,6,6003,0.6548,0.6657322636700828,nan,0.0,761504,1
covtype,fedssl_amc,ring,dirichlet_1.0,10,100,2,0.01,42,7,6151,0.655,0.9956043414609743,nan,0.0,761504,1
covtype,fedssl_amc,ring,dirichlet_1.0,10,100,2,0.01,42,8,3352,0.6552,1.0301865987509966,nan,0.0,761504,1
covtype,fedssl_amc,ring,dirichlet_1.0,10,100,2,0.01,42,9,7195,0.6551,0.6499253837091534,nan,0.0,761504,1
covtype,fedssl_amc,ring,iid,10,100,2,0.01,42,0,4000,0.62,0.754888606075356,nan,1.3412682056690516e-09,761504,1
covtype,fedssl_amc,ring,iid,10,100,2,0.01,42,1,4000,0.62,0.7871055806588261,nan,1.3412682056690516e-09,761504,1
covtype,fedssl_amc,ring,iid,10,100,2,0.01,42,2,4000,0.62,0.7365607585751984,nan,1.3412682056690516e-09,761504,1
covtype,fedssl_amc,ring,iid,10,100,2,0.01,42,3,4000,0.6194,0.7829376968284057,nan,1.3412682056690516e-09,761504,1
covtype,fedssl_amc,ring,iid,10,100,2,0.01,42,4,4000,0.6207,0.7560365715530366,nan,1.3412682056690516e-09,761504,1
covtype,fedssl_amc,ring,iid,10,100,2,0.01,42,5,4000,0.6204,0.7425796696671537,nan,1.3412682056690516e-09,761504,1
covtype,fedssl_amc,ring,iid,10,100,2,0.01,42,6,4000,0.6203,0.7663995214563246,nan,1.3412682056690516e-09,761504,1
covtype,fedssl_amc,ring,iid,10,100,2,0.01,42,7,4000,0.6202,0.7514666141164469,nan,1.3412682056690516e-09,761504,1
covtype,fedssl_amc,ring,iid,10,100,2,0.01,42,8,4000,0.6201,0.7440695645597059,nan,1.3412682056690516e-09,761504,1
covtype,fedssl_amc,ring,iid,10,100,2,0.01,42,9,4000,0.62,0.7499414814543502,nan,1.3412682056690516e-09,761504,1
covtype,fedssl_amc,ring,label_skew,10,100,2,0.01,42,0,4109,0.4841,1.0,nan,0.0,761504,1
covtype,fedssl_amc,ring,label_skew,10,100,2,0.01,42,1,3892,0.4841,1.0,nan,0.0,761504,1
covtype,fedssl_amc,ring,label_skew,10,100,2,0.01,42,2,4109,0.4841,1.0,nan,0.0,761504,1
covtype,fedssl_amc,ring,label_skew,10,100,2,0.01,42,3,3892,0.4841,1.0,nan,0.0,761504,1
covtype,fedssl_amc,ring,label_skew,10,100,2,0.01,42,4,4108,0.4841,1.0,nan,0.0,761504,1
covtype,fedssl_amc,ring,label_skew,10,100,2,0.01,42,5,3892,0.4841,1.0,nan,0.0,761504,1
covtype,fedssl_amc,ring,label_skew,10,100,2,0.01,42,6,4108,0.4841,1.0,nan,0.0,761504,1
covtype,fedssl_amc,ring,label_skew,10,100,2,0.01,42,7,3891,0.4841,1.0,nan,0.0,761504,1
covtype,fedssl_amc,ring,label_skew,10,100,2,0.01,42,8,4108,0.4841,1.0,nan,0.0,761504,1
covtype,fedssl_amc,ring,label_skew,10,100,2,0.01,42,9,3891,0.4841,1.0,nan,0.0,761504,1
