tag,method,topology,scheme,nodes,cycles,gossip_k,lambda_reg,seed,node,n_local,test_acc,hinge_loss,duality_gap,consensus_err,comm_bytes
covtype,fedavg_svm,ring,iid,10,100,1,0.01,42,0,4000,0.6111,1.2030541982265857,nan,6.135887947658862,21600
covtype,fedavg_svm,ring,iid,10,100,1,0.01,42,1,4000,0.5681,1.7785717969285368,nan,6.135887947658862,21600
covtype,fedavg_svm,ring,iid,10,100,1,0.01,42,2,4000,0.5167,1.457109800025684,nan,6.135887947658862,21600
covtype,fedavg_svm,ring,iid,10,100,1,0.01,42,3,4000,0.5787,1.0469363367669213,nan,6.135887947658862,21600
covtype,fedavg_svm,ring,iid,10,100,1,0.01,42,4,4000,0.6165,1.442514921009183,nan,6.135887947658862,21600
covtype,fedavg_svm,ring,iid,10,100,1,0.01,42,5,4000,0.4942,2.5353453193652795,nan,6.135887947658862,21600
covtype,fedavg_svm,ring,iid,10,100,1,0.01,42,6,4000,0.5391,1.3116625995352142,nan,6.135887947658862,21600
covtype,fedavg_svm,ring,iid,10,100,1,0.01,42,7,4000,0.5218,1.224842774476533,nan,6.135887947658862,21600
covtype,fedavg_svm,ring,iid,10,100,1,0.01,42,8,4000,0.5593,1.8924615324439513,nan,6.135887947658862,21600
covtype,fedavg_svm,ring,iid,10,100,1,0.01,42,9,4000,0.5559,1.384188346537209,nan,6.135887947658862,21600
covtype,fedavg_svm,ring,dirichlet_1.0,10,100,1,0.01,42,0,4326,0.5492,0.8346174792441201,nan,5.3192922215213905,21600
covtype,fedavg_svm,ring,dirichlet_1.0,10,100,1,0.01,42,1,2902,0.5159,0.5300503705199723,nan,5.3192922215213905,21600
covtype,fedavg_svm,ring,dirichlet_1.0,10,100,1,0.01,42,2,4488,0.6469,0.6980723607861479,nan,5.3192922215213905,21600
covtype,fedavg_svm,ring,dirichlet_1.0,10,100,1,0.01,42,3,793,0.4878,0.6975914129248407,nan,5.3192922215213905,21600
covtype,fedavg_svm,ring,dirichlet_1.0,10,100,1,0.01,42,4,1582,0.5106,0.8020247792876346,nan,5.3192922215213905,21600
covtype,fedavg_svm,ring,dirichlet_1.0,10,100,1,0.01,42,5,3208,0.485,0.9217330133172559,nan,5.3192922215213905,21600
covtype,fedavg_svm,ring,dirichlet_1.0,10,100,1,0.01,42,6,6003,0.4841,2.171270623443456,nan,5.3192922215213905,21600
covtype,fedavg_svm,ring,dirichlet_1.0,10,100,1,0.01,42,7,6151,0.5159,0.602356118411417,nan,5.3192922215213905,21600
covtype,fedavg_svm,ring,dirichlet_1.0,10,100,1,0.01,42,8,3352,0.5159,0.43278070552030246,nan,5.3192922215213905,21600
covtype,fedavg_svm,ring,dirichlet_1.0,10,100,1,0.01,42,9,7195,0.5565,1.0397416317182535,nan,5.3192922215213905,21600
covtype,fedavg_svm,ring,dirichlet_0.3,10,100,1,0.01,42,0,746,0.5159,0.0,nan,4.92592522558297,21600
covtype,fedavg_svm,ring,dirichlet_0.3,10,100,1,0.01,42,1,3023,0.5502,0.4242842373510478,nan,4.92592522558297,21600
covtype,fedavg_svm,ring,dirichlet_0.3,10,100,1,0.01,42,2,6249,0.4841,0.0031602669148241883,nan,4.92592522558297,21600
covtype,fedavg_svm,ring,dirichlet_0.3,10,100,1,0.01,42,3,1084,0.5631,1.0187144528085972,nan,4.92592522558297,21600
covtype,fedavg_svm,ring,dirichlet_0.3,10,100,1,0.01,42,4,4177,0.506,0.9288422250875807,nan,4.92592522558297,21600
covtype,fedavg_svm,ring,dirichlet_0.3,10,100,1,0.01,42,5,301,0.577,1.4278525219364107,nan,4.92592522558297,21600
covtype,fedavg_svm,ring,dirichlet_0.3,10,100,1,0.01,42,6,10200,0.5159,0.005933154805638519,nan,4.92592522558297,21600
covtype,fedavg_svm,ring,dirichlet_0.3,10,100,1,0.01,42,7,4364,0.5159,0.2564948843474801,nan,4.92592522558297,21600
covtype,fedavg_svm,ring,dirichlet_0.3,10,100,1,0.01,42,8,3745,0.4984,1.5147879527939618,nan,4.92592522558297,21600
covtype,fedavg_svm,ring,dirichlet_0.3,10,100,1,0.01,42,9,6111,0.5721,1.2146236933316152,nan,4.92592522558297,21600
covtype,fedavg_svm,ring,dirichlet_0.1,10,100,1,0.01,42,0,111,0.5159,0.0,nan,3.375869338914697,21600
covtype,fedavg_svm,ring,dirichlet_0.1,10,100,1,0.01,42,1,2160,0.4841,0.028998665145180784,nan,3.375869338914697,21600
covtype,fedavg_svm,ring,dirichlet_0.1,10,100,1,0.01,42,2,11171,0.4841,0.0,nan,3.375869338914697,21600
covtype,fedavg_svm,ring,dirichlet_0.1,10,100,1,0.01,42,3,110,0.5159,0.1928978235925337,nan,3.375869338914697,21600
covtype,fedavg_svm,ring,dirichlet_0.1,10,100,1,0.01,42,4,4214,0.4841,0.08783256929144742,nan,3.375869338914697,21600
covtype,fedavg_svm,ring,dirichlet_0.1,10,100,1,0.01,42,5,1,0.5159,0.0,nan,3.375869338914697,21600
covtype,fedavg_svm,ring,dirichlet_0.1,10,100,1,0.01,42,6,302,0.5159,0.0,nan,3.375869338914697,21600
covtype,fedavg_svm,ring,dirichlet_0.1,10,100,1,0.01,42,7,16592,0.5159,0.00018388948359015884,nan,3.375869338914697,21600
covtype,fedavg_svm,ring,dirichlet_0.1,10,100,1,0.01,42,8,1060,0.5337,1.2476171674322285,nan,3.375869338914697,21600
covtype,fedavg_svm,ring,dirichlet_0.1,10,100,1,0.01,42,9,4279,0.5159,1.9958194842384065,nan,3.375869338914697,21600
covtype,fedavg_svm,ring,label_skew,10,100,1,0.01,42,0,4109,0.5159,0.0,nan,2.188777550758176,21600
covtype,fedavg_svm,ring,label_skew,10,100,1,0.01,42,1,3892,0.4841,0.0,nan,2.188777550758176,21600
covtype,fedavg_svm,ring,label_skew,10,100,1,0.01,42,2,4109,0.5159,0.0,nan,2.188777550758176,21600
covtype,fedavg_svm,ring,label_skew,10,100,1,0.01,42,3,3892,0.4841,0.0,nan,2.188777550758176,21600
covtype,fedavg_svm,ring,label_skew,10,100,1,0.01,42,4,4108,0.5159,0.0,nan,2.188777550758176,21600
covtype,fedavg_svm,ring,label_skew,10,100,1,0.01,42,5,3892,0.4841,0.0,nan,2.188777550758176,21600
covtype,fedavg_svm,ring,label_skew,10,100,1,0.01,42,6,4108,0.5159,0.0,nan,2.188777550758176,21600
covtype,fedavg_svm,ring,label_skew,10,100,1,0.01,42,7,3891,0.4841,0.0,nan,2.188777550758176,21600
covtype,fedavg_svm,ring,label_skew,10,100,1,0.01,42,8,4108,0.5159,0.0,nan,2.188777550758176,21600
covtype,fedavg_svm,ring,label_skew,10,100,1,0.01,42,9,3891,0.4841,0.0,nan,2.188777550758176,21600
covtype,fedavg_svm,random_kout,iid,10,100,1,0.01,42,0,4000,0.5825,1.509013062730707,nan,5.909941412615668,21600
covtype,fedavg_svm,random_kout,iid,10,100,1,0.01,42,1,4000,0.5447,2.3089828404167143,nan,5.909941412615668,21600
covtype,fedavg_svm,random_kout,iid,10,100,1,0.01,42,2,4000,0.516,2.820620651929271,nan,5.909941412615668,21600
covtype,fedavg_svm,random_kout,iid,10,100,1,0.01,42,3,4000,0.5691,1.3182792654573754,nan,5.909941412615668,21600
covtype,fedavg_svm,random_kout,iid,10,100,1,0.01,42,4,4000,0.541,1.4402196405860772,nan,5.909941412615668,21600
covtype,fedavg_svm,random_kout,iid,10,100,1,0.01,42,5,4000,0.6221,1.0769404298067402,nan,5.909941412615668,21600
covtype,fedavg_svm,random_kout,iid,10,100,1,0.01,42,6,4000,0.6255,0.9865210352425753,nan,5.909941412615668,21600
covtype,fedavg_svm,random_kout,iid,10,100,1,0.01,42,7,4000,0.5353,1.6207876178146223,nan,5.909941412615668,21600
covtype,fedavg_svm,random_kout,iid,10,100,1,0.01,42,8,4000,0.5241,1.385666070727053,nan,5.909941412615668,21600
covtype,fedavg_svm,random_kout,iid,10,100,1,0.01,42,9,4000,0.5951,1.4431498839016967,nan,5.909941412615668,21600
covtype,fedavg_svm,random_kout,dirichlet_1.0,10,100,1,0.01,42,0,4326,0.484,1.2257070244464563,nan,5.213918005714152,21600
covtype,fedavg_svm,random_kout,dirichlet_1.0,10,100,1,0.01,42,1,2902,0.5159,0.8344464522170042,nan,5.213918005714152,21600
covtype,fedavg_svm,random_kout,dirichlet_1.0,10,100,1,0.01,42,2,4488,0.5745,0.9620326047731473,nan,5.213918005714152,21600
covtype,fedavg_svm,random_kout,dirichlet_1.0,10,100,1,0.01,42,3,793,0.4841,1.1651193818377874,nan,5.213918005714152,21600
covtype,fedavg_svm,random_kout,dirichlet_1.0,10,100,1,0.01,42,4,1582,0.4841,1.3798804434428904,nan,5.213918005714152,21600
covtype,fedavg_svm,random_kout,dirichlet_1.0,10,100,1,0.01,42,5,3208,0.5392,0.4827384460313654,nan,5.213918005714152,21600
covtype,fedavg_svm,random_kout,dirichlet_1.0,10,100,1,0.01,42,6,6003,0.5624,1.509727714508066,nan,5.213918005714152,21600
covtype,fedavg_svm,random_kout,dirichlet_1.0,10,100,1,0.01,42,7,6151,0.5474,0.5893478280959789,nan,5.213918005714152,21600
covtype,fedavg_svm,random_kout,dirichlet_1.0,10,100,1,0.01,42,8,3352,0.5159,0.4141944696546936,nan,5.213918005714152,21600
covtype,fedavg_svm,random_kout,dirichlet_1.0,10,100,1,0.01,42,9,7195,0.5935,0.9494775816781257,nan,5.213918005714152,21600
covtype,fedavg_svm,random_kout,dirichlet_0.3,10,100,1,0.01,42,0,746,0.5159,0.0,nan,4.6548068714102895,21600
covtype,fedavg_svm,random_kout,dirichlet_0.3,10,100,1,0.01,42,1,3023,0.5809,0.41336753130044257,nan,4.6548068714102895,21600
covtype,fedavg_svm,random_kout,dirichlet_0.3,10,100,1,0.01,42,2,6249,0.4841,0.0027562990770375476,nan,4.6548068714102895,21600
covtype,fedavg_svm,random_kout,dirichlet_0.3,10,100,1,0.01,42,3,1084,0.5578,1.8872797850027565,nan,4.6548068714102895,21600
covtype,fedavg_svm,random_kout,dirichlet_0.3,10,100,1,0.01,42,4,4177,0.5773,0.5968968353014473,nan,4.6548068714102895,21600
covtype,fedavg_svm,random_kout,dirichlet_0.3,10,100,1,0.01,42,5,301,0.585,1.0234878383568629,nan,4.6548068714102895,21600
covtype,fedavg_svm,random_kout,dirichlet_0.3,10,100,1,0.01,42,6,10200,0.5159,0.005981557994284591,nan,4.6548068714102895,21600
covtype,fedavg_svm,random_kout,dirichlet_0.3,10,100,1,0.01,42,7,4364,0.5159,0.2759741577924466,nan,4.6548068714102895,21600
covtype,fedavg_svm,random_kout,dirichlet_0.3,10,100,1,0.01,42,8,3745,0.5115,1.8009776065311442,nan,4.6548068714102895,21600
covtype,fedavg_svm,random_kout,dirichlet_0.3,10,100,1,0.01,42,9,6111,0.5152,1.1446331714206808,nan,4.6548068714102895,21600
covtype,fedavg_svm,random_kout,dirichlet_0.1,10,100,1,0.01,42,0,111,0.5159,0.0,nan,3.2751023845914715,21600
covtype,fedavg_svm,random_kout,dirichlet_0.1,10,100,1,0.01,42,1,2160,0.4841,0.02557071422462824,nan,3.2751023845914715,21600
covtype,fedavg_svm,random_kout,dirichlet_0.1,10,100,1,0.01,42,2,11171,0.4841,0.0,nan,3.2751023845914715,21600
covtype,fedavg_svm,random_kout,dirichlet_0.1,10,100,1,0.01,42,3,110,0.5159,0.2089500241653105,nan,3.2751023845914715,21600
covtype,fedavg_svm,random_kout,dirichlet_0.1,10,100,1,0.01,42,4,4214,0.4841,0.10307440188302788,nan,3.2751023845914715,21600
covtype,fedavg_svm,random_kout,dirichlet_0.1,10,100,1,0.01,42,5,1,0.5159,0.0,nan,3.2751023845914715,21600
covtype,fedavg_svm,random_kout,dirichlet_0.1,10,100,1,0.01,42,6,302,0.5159,0.0,nan,3.2751023845914715,21600
covtype,fedavg_svm,random_kout,dirichlet_0.1,10,100,1,0.01,42,7,16592,0.5159,0.00019219323601099905,nan,3.2751023845914715,21600
covtype,fedavg_svm,random_kout,dirichlet_0.1,10,100,1,0.01,42,8,1060,0.5195,1.30379290830053,nan,3.2751023845914715,21600
covtype,fedavg_svm,random_kout,dirichlet_0.1,10,100,1,0.01,42,9,4279,0.5487,1.3508505191731401,nan,3.2751023845914715,21600
covtype,fedavg_svm,random_kout,label_skew,10,100,1,0.01,42,0,4109,0.5159,0.0,nan,2.125687155455189,21600
covtype,fedavg_svm,random_kout,label_skew,10,100,1,0.01,42,1,3892,0.4841,0.0,nan,2.125687155455189,21600
covtype,fedavg_svm,random_kout,label_skew,10,100,1,0.01,42,2,4109,0.5159,0.0,nan,2.125687155455189,21600
covtype,fedavg_svm,random_kout,label_skew,10,100,1,0.01,42,3,3892,0.4841,0.0,nan,2.125687155455189,21600
covtype,fedavg_svm,random_kout,label_skew,10,100,1,0.01,42,4,4108,0.5159,0.0,nan,2.125687155455189,21600
covtype,fedavg_svm,random_kout,label_skew,10,100,1,0.01,42,5,3892,0.4841,0.0,nan,2.125687155455189,21600
covtype,fedavg_svm,random_kout,label_skew,10,100,1,0.01,42,6,4108,0.5159,0.0,nan,2.125687155455189,21600
covtype,fedavg_svm,random_kout,label_skew,10,100,1,0.01,42,7,3891,0.4841,0.0,nan,2.125687155455189,21600
covtype,fedavg_svm,random_kout,label_skew,10,100,1,0.01,42,8,4108,0.5159,0.0,nan,2.125687155455189,21600
covtype,fedavg_svm,random_kout,label_skew,10,100,1,0.01,42,9,3891,0.4841,0.0,nan,2.125687155455189,21600
covtype,fedavg_svm,full,iid,10,100,1,0.01,42,0,4000,0.6111,1.2030541982265857,nan,6.216170494827925,21600
covtype,fedavg_svm,full,iid,10,100,1,0.01,42,1,4000,0.5676,1.6125419811251844,nan,6.216170494827925,21600
covtype,fedavg_svm,full,iid,10,100,1,0.01,42,2,4000,0.5167,1.457109800025684,nan,6.216170494827925,21600
covtype,fedavg_svm,full,iid,10,100,1,0.01,42,3,4000,0.5537,1.092493002343451,nan,6.216170494827925,21600
covtype,fedavg_svm,full,iid,10,100,1,0.01,42,4,4000,0.6165,1.442514921009183,nan,6.216170494827925,21600
covtype,fedavg_svm,full,iid,10,100,1,0.01,42,5,4000,0.4914,2.1039409480905706,nan,6.216170494827925,21600
covtype,fedavg_svm,full,iid,10,100,1,0.01,42,6,4000,0.5338,1.3037234518690817,nan,6.216170494827925,21600
covtype,fedavg_svm,full,iid,10,100,1,0.01,42,7,4000,0.5218,1.224842774476533,nan,6.216170494827925,21600
covtype,fedavg_svm,full,iid,10,100,1,0.01,42,8,4000,0.559,1.837039271250029,nan,6.216170494827925,21600
covtype,fedavg_svm,full,iid,10,100,1,0.01,42,9,4000,0.5559,1.384188346537209,nan,6.216170494827925,21600
covtype,fedavg_svm,full,dirichlet_1.0,10,100,1,0.01,42,0,4326,0.5492,0.8346174792441201,nan,5.068377755828292,21600
covtype,fedavg_svm,full,dirichlet_1.0,10,100,1,0.01,42,1,2902,0.5159,0.5300503705199723,nan,5.068377755828292,21600
covtype,fedavg_svm,full,dirichlet_1.0,10,100,1,0.01,42,2,4488,0.6469,0.6980723607861479,nan,5.068377755828292,21600
covtype,fedavg_svm,full,dirichlet_1.0,10,100,1,0.01,42,3,793,0.4878,0.6975914129248407,nan,5.068377755828292,21600
covtype,fedavg_svm,full,dirichlet_1.0,10,100,1,0.01,42,4,1582,0.5833,1.1383530323931912,nan,5.068377755828292,21600
covtype,fedavg_svm,full,dirichlet_1.0,10,100,1,0.01,42,5,3208,0.4854,0.8666069038310545,nan,5.068377755828292,21600
covtype,fedavg_svm,full,dirichlet_1.0,10,100,1,0.01,42,6,6003,0.5065,1.2880431081997739,nan,5.068377755828292,21600
covtype,fedavg_svm,full,dirichlet_1.0,10,100,1,0.01,42,7,6151,0.5159,0.6696574630120093,nan,5.068377755828292,21600
covtype,fedavg_svm,full,dirichlet_1.0,10,100,1,0.01,42,8,3352,0.5159,0.3682847012420969,nan,5.068377755828292,21600
covtype,fedavg_svm,full,dirichlet_1.0,10,100,1,0.01,42,9,7195,0.5565,1.0397416317182535,nan,5.068377755828292,21600
covtype,fedavg_svm,full,dirichlet_0.3,10,100,1,0.01,42,0,746,0.5159,0.0,nan,4.853616638606701,21600
covtype,fedavg_svm,full,dirichlet_0.3,10,100,1,0.01,42,1,3023,0.5502,0.4242842373510478,nan,4.853616638606701,21600
covtype,fedavg_svm,full,dirichlet_0.3,10,100,1,0.01,42,2,6249,0.4841,0.0031602669148241883,nan,4.853616638606701,21600
covtype,fedavg_svm,full,dirichlet_0.3,10,100,1,0.01,42,3,1084,0.5818,1.1491594982345792,nan,4.853616638606701,21600
covtype,fedavg_svm,full,dirichlet_0.3,10,100,1,0.01,42,4,4177,0.506,0.9288422250875807,nan,4.853616638606701,21600
covtype,fedavg_svm,full,dirichlet_0.3,10,100,1,0.01,42,5,301,0.577,1.4278525219364107,nan,4.853616638606701,21600
covtype,fedavg_svm,full,dirichlet_0.3,10,100,1,0.01,42,6,10200,0.5159,0.005933154805638519,nan,4.853616638606701,21600
covtype,fedavg_svm,full,dirichlet_0.3,10,100,1,0.01,42,7,4364,0.5164,0.1571098325529918,nan,4.853616638606701,21600
covtype,fedavg_svm,full,dirichlet_0.3,10,100,1,0.01,42,8,3745,0.4984,1.5147879527939618,nan,4.853616638606701,21600
covtype,fedavg_svm,full,dirichlet_0.3,10,100,1,0.01,42,9,6111,0.5721,1.2146236933316152,nan,4.853616638606701,21600
covtype,fedavg_svm,full,dirichlet_0.1,10,100,1,0.01,42,0,111,0.5159,0.0,nan,3.488838674175485,21600
covtype,fedavg_svm,full,dirichlet_0.1,10,100,1,0.01,42,1,2160,0.4841,0.03288551868229636,nan,3.488838674175485,21600
covtype,fedavg_svm,full,dirichlet_0.1,10,100,1,0.01,42,2,11171,0.4841,0.0,nan,3.488838674175485,21600
covtype,fedavg_svm,full,dirichlet_0.1,10,100,1,0.01,42,3,110,0.5159,0.22078130044169958,nan,3.488838674175485,21600
covtype,fedavg_svm,full,dirichlet_0.1,10,100,1,0.01,42,4,4214,0.4841,0.08783256929144742,nan,3.488838674175485,21600
covtype,fedavg_svm,full,dirichlet_0.1,10,100,1,0.01,42,5,1,0.5159,0.0,nan,3.488838674175485,21600
covtype,fedavg_svm,full,dirichlet_0.1,10,100,1,0.01,42,6,302,0.5159,0.0,nan,3.488838674175485,21600
covtype,fedavg_svm,full,dirichlet_0.1,10,100,1,0.01,42,7,16592,0.5159,0.00018388948359015884,nan,3.488838674175485,21600
covtype,fedavg_svm,full,dirichlet_0.1,10,100,1,0.01,42,8,1060,0.5337,1.2476171674322285,nan,3.488838674175485,21600
covtype,fedavg_svm,full,dirichlet_0.1,10,100,1,0.01,42,9,4279,0.5159,1.9958194842384065,nan,3.488838674175485,21600
covtype,fedavg_svm,full,label_skew,10,100,1,0.01,42,0,4109,0.5159,0.0,nan,2.2033945778117676,21600
covtype,fedavg_svm,full,label_skew,10,100,1,0.01,42,1,3892,0.4841,0.0,nan,2.2033945778117676,21600
covtype,fedavg_svm,full,label_skew,10,100,1,0.01,42,2,4109,0.5159,0.0,nan,2.2033945778117676,21600
covtype,fedavg_svm,full,label_skew,10,100,1,0.01,42,3,3892,0.4841,0.0,nan,2.2033945778117676,21600
covtype,fedavg_svm,full,label_skew,10,100,1,0.01,42,4,4108,0.5159,0.0,nan,2.2033945778117676,21600
covtype,fedavg_svm,full,label_skew,10,100,1,0.01,42,5,3892,0.4841,0.0,nan,2.2033945778117676,21600
covtype,fedavg_svm,full,label_skew,10,100,1,0.01,42,6,4108,0.5159,0.0,nan,2.2033945778117676,21600
covtype,fedavg_svm,full,label_skew,10,100,1,0.01,42,7,3891,0.4841,0.0,nan,2.2033945778117676,21600
covtype,fedavg_svm,full,label_skew,10,100,1,0.01,42,8,4108,0.5159,0.0,nan,2.2033945778117676,21600
covtype,fedavg_svm,full,label_skew,10,100,1,0.01,42,9,3891,0.4841,0.0,nan,2.2033945778117676,21600
covtype,cocoa,ring,iid,10,100,1,0.01,42,0,4000,0.6297,0.8289211356518456,0.2862072908756781,0.18207191498976347,21600
covtype,cocoa,ring,iid,10,100,1,0.01,42,1,4000,0.6323,0.8483350904427807,0.30114807300433155,0.18207191498976347,21600
covtype,cocoa,ring,iid,10,100,1,0.01,42,2,4000,0.5897,0.806724913157904,0.25979525242874935,0.18207191498976347,21600
covtype,cocoa,ring,iid,10,100,1,0.01,42,3,4000,0.6304,0.8279558291145436,0.29041177104000426,0.18207191498976347,21600
covtype,cocoa,ring,iid,10,100,1,0.01,42,4,4000,0.6129,0.8030938440252224,0.26657969489910394,0.18207191498976347,21600
covtype,cocoa,ring,iid,10,100,1,0.01,42,5,4000,0.6139,0.7970191458754238,0.2518128973489532,0.18207191498976347,21600
covtype,cocoa,ring,iid,10,100,1,0.01,42,6,4000,0.6326,0.8278762926141103,0.2836969414026944,0.18207191498976347,21600
covtype,cocoa,ring,iid,10,100,1,0.01,42,7,4000,0.6296,0.8450396070506714,0.29289910096044813,0.18207191498976347,21600
covtype,cocoa,ring,iid,10,100,1,0.01,42,8,4000,0.6291,0.8326386920088367,0.2902737998713599,0.18207191498976347,21600
covtype,cocoa,ring,iid,10,100,1,0.01,42,9,4000,0.6245,0.7828730935974231,0.24232709919440276,0.18207191498976347,21600
covtype,cocoa,ring,dirichlet_1.0,10,100,1,0.01,42,0,4326,0.4841,0.3966087603333977,0.14158702465054324,0.577985174783843,21600
covtype,cocoa,ring,dirichlet_1.0,10,100,1,0.01,42,1,2902,0.5159,0.28143246931779425,0.05092019368188941,0.577985174783843,21600
covtype,cocoa,ring,dirichlet_1.0,10,100,1,0.01,42,2,4488,0.5159,0.6321421338094474,0.26427725334169205,0.577985174783843,21600
covtype,cocoa,ring,dirichlet_1.0,10,100,1,0.01,42,3,793,0.4841,0.3990492856062973,-0.26223264661618567,0.577985174783843,21600
covtype,cocoa,ring,dirichlet_1.0,10,100,1,0.01,42,4,1582,0.4841,0.4626464870489506,0.061359705672991094,0.577985174783843,21600
covtype,cocoa,ring,dirichlet_1.0,10,100,1,0.01,42,5,3208,0.4841,0.3314308807967867,0.095358944730243,0.577985174783843,21600
covtype,cocoa,ring,dirichlet_1.0,10,100,1,0.01,42,6,6003,0.4841,0.6900402334116349,0.36069348290080777,0.577985174783843,21600
covtype,cocoa,ring,dirichlet_1.0,10,100,1,0.01,42,7,6151,0.5159,0.2783381699635286,0.13083590905871292,0.577985174783843,21600
covtype,cocoa,ring,dirichlet_1.0,10,100,1,0.01,42,8,3352,0.5159,0.1410575732237742,0.048131260069294704,0.577985174783843,21600
covtype,cocoa,ring,dirichlet_1.0,10,100,1,0.01,42,9,7195,0.4841,0.6590303745950109,0.4000106645317328,0.577985174783843,21600
covtype,cocoa,ring,dirichlet_0.3,10,100,1,0.01,42,0,746,0.5159,0.03350082725898853,-0.44341311388679233,0.570155426017559,21600
covtype,cocoa,ring,dirichlet_0.3,10,100,1,0.01,42,1,3023,0.4841,0.2503432049083137,0.018436887476900782,0.570155426017559,21600
covtype,cocoa,ring,dirichlet_0.3,10,100,1,0.01,42,2,6249,0.4841,0.004815012627868867,-0.025781294204678555,0.570155426017559,21600
covtype,cocoa,ring,dirichlet_0.3,10,100,1,0.01,42,3,1084,0.5159,0.7199458440856242,-0.21216891372438074,0.570155426017559,21600
covtype,cocoa,ring,dirichlet_0.3,10,100,1,0.01,42,4,4177,0.4841,0.32554575784566375,0.07607037804182121,0.570155426017559,21600
covtype,cocoa,ring,dirichlet_0.3,10,100,1,0.01,42,5,301,0.4841,1.0214232644420316,0.022557558988394733,0.570155426017559,21600
covtype,cocoa,ring,dirichlet_0.3,10,100,1,0.01,42,6,10200,0.5159,0.0033063124548636776,-0.007013385632563019,0.570155426017559,21600
covtype,cocoa,ring,dirichlet_0.3,10,100,1,0.01,42,7,4364,0.5159,0.09457973314951364,0.019830702195473116,0.570155426017559,21600
covtype,cocoa,ring,dirichlet_0.3,10,100,1,0.01,42,8,3745,0.4878,0.6795589222014462,0.2503390299442472,0.570155426017559,21600
covtype,cocoa,ring,dirichlet_0.3,10,100,1,0.01,42,9,6111,0.4858,0.6658481197454188,0.3396752440891915,0.570155426017559,21600
covtype,cocoa,ring,dirichlet_0.1,10,100,1,0.01,42,0,111,0.5675,0.9207107053924417,-0.07788273178798322,0.550543779801004,21600
covtype,cocoa,ring,dirichlet_0.1,10,100,1,0.01,42,1,2160,0.4841,0.01700947371781398,-0.08462552855400785,0.550543779801004,21600
covtype,cocoa,ring,dirichlet_0.1,10,100,1,0.01,42,2,11171,0.4841,0.00028795321872839333,-0.005650318185204022,0.550543779801004,21600
covtype,cocoa,ring,dirichlet_0.1,10,100,1,0.01,42,3,110,0.4841,1.609552064912443,0.6113390278823132,0.550543779801004,21600
covtype,cocoa,ring,dirichlet_0.1,10,100,1,0.01,42,4,4214,0.4841,0.04230842925196505,-0.028423519917376523,0.550543779801004,21600
covtype,cocoa,ring,dirichlet_0.1,10,100,1,0.01,42,5,1,0.4841,1.7394354255588427,0.7403215684989675,0.550543779801004,21600
covtype,cocoa,ring,dirichlet_0.1,10,100,1,0.01,42,6,302,0.5159,0.01389142255005624,-0.2797302315497935,0.550543779801004,21600
covtype,cocoa,ring,dirichlet_0.1,10,100,1,0.01,42,7,16592,0.5159,0.00018477398455820675,-0.0003006361776269734,0.550543779801004,21600
covtype,cocoa,ring,dirichlet_0.1,10,100,1,0.01,42,8,1060,0.5159,0.7230786123069888,-0.08125869196388158,0.550543779801004,21600
covtype,cocoa,ring,dirichlet_0.1,10,100,1,0.01,42,9,4279,0.5159,0.7405960205829485,0.3188085656848601,0.550543779801004,21600
covtype,cocoa,ring,label_skew,10,100,1,0.01,42,0,4109,0.5604,0.5434475613952281,0.4343894457998295,0.22879375135768645,21600
covtype,cocoa,ring,label_skew,10,100,1,0.01,42,1,3892,0.6845,0.809048039454541,0.7017655975529853,0.22879375135768645,21600
covtype,cocoa,ring,label_skew,10,100,1,0.01,42,2,4109,0.6291,0.7506837753500502,0.692130164729801,0.22879375135768645,21600
covtype,cocoa,ring,label_skew,10,100,1,0.01,42,3,3892,0.626,0.8770812008441209,0.7872734668459861,0.22879375135768645,21600
covtype,cocoa,ring,label_skew,10,100,1,0.01,42,4,4108,0.6199,1.0600433709599377,0.9816064825113127,0.22879375135768645,21600
covtype,cocoa,ring,label_skew,10,100,1,0.01,42,5,3892,0.626,0.8212269252055945,0.7454340927416682,0.22879375135768645,21600
covtype,cocoa,ring,label_skew,10,100,1,0.01,42,6,4108,0.5975,0.9607315951983031,0.9101267025457123,0.22879375135768645,21600
covtype,cocoa,ring,label_skew,10,100,1,0.01,42,7,3891,0.6273,0.965548903908009,0.89242417403069,0.22879375135768645,21600
covtype,cocoa,ring,label_skew,10,100,1,0.01,42,8,4108,0.6304,0.7154541736865723,0.6399946041238687,0.22879375135768645,21600
covtype,cocoa,ring,label_skew,10,100,1,0.01,42,9,3891,0.5511,0.40524418939173706,0.2924109180383249,0.22879375135768645,21600
covtype,cocoa,random_kout,iid,10,100,1,0.01,42,0,4000,0.6255,0.7886430408189458,0.2789863219562886,0.2911408297160632,21600
covtype,cocoa,random_kout,iid,10,100,1,0.01,42,1,4000,0.5944,0.8744086830896775,0.32785439829509455,0.2911408297160632,21600
covtype,cocoa,random_kout,iid,10,100,1,0.01,42,2,4000,0.6214,0.7760875445618278,0.3710043874464559,0.2911408297160632,21600
covtype,cocoa,random_kout,iid,10,100,1,0.01,42,3,4000,0.6242,0.85678077332816,0.3048517211879809,0.2911408297160632,21600
covtype,cocoa,random_kout,iid,10,100,1,0.01,42,4,4000,0.6281,0.828654950642281,0.39609412964281177,0.2911408297160632,21600
covtype,cocoa,random_kout,iid,10,100,1,0.01,42,5,4000,0.5733,0.8214488345749478,0.125282901656109,0.2911408297160632,21600
covtype,cocoa,random_kout,iid,10,100,1,0.01,42,6,4000,0.629,0.8235177229504236,0.2814984892542971,0.2911408297160632,21600
covtype,cocoa,random_kout,iid,10,100,1,0.01,42,7,4000,0.6289,0.8672020012303955,0.1680434121987604,0.2911408297160632,21600
covtype,cocoa,random_kout,iid,10,100,1,0.01,42,8,4000,0.6137,0.830422105129325,0.28335523976412536,0.2911408297160632,21600
covtype,cocoa,random_kout,iid,10,100,1,0.01,42,9,4000,0.6304,0.8008060985408477,0.2648829263181013,0.2911408297160632,21600
covtype,cocoa,random_kout,dirichlet_1.0,10,100,1,0.01,42,0,4326,0.4841,0.39860465310307464,0.11057132952810667,0.5873027878910226,21600
covtype,cocoa,random_kout,dirichlet_1.0,10,100,1,0.01,42,1,2902,0.5159,0.2863090418593004,-0.03556852352940226,0.5873027878910226,21600
covtype,cocoa,random_kout,dirichlet_1.0,10,100,1,0.01,42,2,4488,0.5159,0.6344305896943064,0.2834251288907538,0.5873027878910226,21600
covtype,cocoa,random_kout,dirichlet_1.0,10,100,1,0.01,42,3,793,0.4841,0.39046044393439994,-0.19566273113954324,0.5873027878910226,21600
covtype,cocoa,random_kout,dirichlet_1.0,10,100,1,0.01,42,4,1582,0.4841,0.48217266011988147,-0.15286725795060707,0.5873027878910226,21600
covtype,cocoa,random_kout,dirichlet_1.0,10,100,1,0.01,42,5,3208,0.4841,0.3325744079340996,0.089574847921298,0.5873027878910226,21600
covtype,cocoa,random_kout,dirichlet_1.0,10,100,1,0.01,42,6,6003,0.4842,0.6824852666773679,0.36102975802756865,0.5873027878910226,21600
covtype,cocoa,random_kout,dirichlet_1.0,10,100,1,0.01,42,7,6151,0.5159,0.27703482868018847,0.12086104752085028,0.5873027878910226,21600
covtype,cocoa,random_kout,dirichlet_1.0,10,100,1,0.01,42,8,3352,0.5159,0.144488024833688,-0.051006807479181654,0.5873027878910226,21600
covtype,cocoa,random_kout,dirichlet_1.0,10,100,1,0.01,42,9,7195,0.5305,0.644699005151994,0.3578108921214553,0.5873027878910226,21600
covtype,cocoa,random_kout,dirichlet_0.3,10,100,1,0.01,42,0,746,0.5159,0.046713530496752344,-0.564819003155552,0.6119519061741199,21600
covtype,cocoa,random_kout,dirichlet_0.3,10,100,1,0.01,42,1,3023,0.4841,0.25249893033050164,-0.03515711882575834,0.6119519061741199,21600
covtype,cocoa,random_kout,dirichlet_0.3,10,100,1,0.01,42,2,6249,0.4841,0.01946155694894775,-0.04784304050721746,0.6119519061741199,21600
covtype,cocoa,random_kout,dirichlet_0.3,10,100,1,0.01,42,3,1084,0.5159,0.674743526741796,-0.18517662626501885,0.6119519061741199,21600
covtype,cocoa,random_kout,dirichlet_0.3,10,100,1,0.01,42,4,4177,0.4841,0.3266894538220224,0.23838305317414443,0.6119519061741199,21600
covtype,cocoa,random_kout,dirichlet_0.3,10,100,1,0.01,42,5,301,0.5159,0.9481748543033643,0.33634451866338444,0.6119519061741199,21600
covtype,cocoa,random_kout,dirichlet_0.3,10,100,1,0.01,42,6,10200,0.5159,0.004173141488173486,-0.01754556924640743,0.6119519061741199,21600
covtype,cocoa,random_kout,dirichlet_0.3,10,100,1,0.01,42,7,4364,0.5159,0.09418350600431459,-0.04541155862055406,0.6119519061741199,21600
covtype,cocoa,random_kout,dirichlet_0.3,10,100,1,0.01,42,8,3745,0.4967,0.6780210133770582,0.21420176723226364,0.6119519061741199,21600
covtype,cocoa,random_kout,dirichlet_0.3,10,100,1,0.01,42,9,6111,0.495,0.6654136210001195,0.3482293547058527,0.6119519061741199,21600
covtype,cocoa,random_kout,dirichlet_0.1,10,100,1,0.01,42,0,111,0.5558,0.980343695927057,-0.018472834372376234,0.5636324207258375,21600
covtype,cocoa,random_kout,dirichlet_0.1,10,100,1,0.01,42,1,2160,0.4841,0.018447447398993726,-0.08758263725019494,0.5636324207258375,21600
covtype,cocoa,random_kout,dirichlet_0.1,10,100,1,0.01,42,2,11171,0.4841,0.006752754532095671,-0.013177449712245175,0.5636324207258375,21600
covtype,cocoa,random_kout,dirichlet_0.1,10,100,1,0.01,42,3,110,0.4841,1.7656204384033825,0.7678433311599456,0.5636324207258375,21600
covtype,cocoa,random_kout,dirichlet_0.1,10,100,1,0.01,42,4,4214,0.4841,0.04935826696447579,0.03437176398461308,0.5636324207258375,21600
covtype,cocoa,random_kout,dirichlet_0.1,10,100,1,0.01,42,5,1,0.5159,0.6395802851918526,-0.3602259780716205,0.5636324207258375,21600
covtype,cocoa,random_kout,dirichlet_0.1,10,100,1,0.01,42,6,302,0.5159,0.01566166033327284,-0.3611105713084362,0.5636324207258375,21600
covtype,cocoa,random_kout,dirichlet_0.1,10,100,1,0.01,42,7,16592,0.5159,0.0005965520793376403,-0.008641599304169268,0.5636324207258375,21600
covtype,cocoa,random_kout,dirichlet_0.1,10,100,1,0.01,42,8,1060,0.5159,0.7207679933619324,0.016237908762075204,0.5636324207258375,21600
covtype,cocoa,random_kout,dirichlet_0.1,10,100,1,0.01,42,9,4279,0.5159,0.7399186357486046,0.3065474212738906,0.5636324207258375,21600
covtype,cocoa,random_kout,label_skew,10,100,1,0.01,42,0,4109,0.5159,0.10804756788959693,-0.007052318781985895,0.6799411145982526,21600
covtype,cocoa,random_kout,label_skew,10,100,1,0.01,42,1,3892,0.4845,0.1124935115541186,-0.03868323337398752,0.6799411145982526,21600
covtype,cocoa,random_kout,label_skew,10,100,1,0.01,42,2,4109,0.5159,0.00011022762888253105,-0.03562863671538776,0.6799411145982526,21600
covtype,cocoa,random_kout,label_skew,10,100,1,0.01,42,3,3892,0.4841,0.006731376959801771,-0.10171307224194803,0.6799411145982526,21600
covtype,cocoa,random_kout,label_skew,10,100,1,0.01,42,4,4108,0.5159,0.06573999997719802,-0.09249435707303576,0.6799411145982526,21600
covtype,cocoa,random_kout,label_skew,10,100,1,0.01,42,5,3892,0.4841,0.016656813616525205,-0.14867199860875258,0.6799411145982526,21600
covtype,cocoa,random_kout,label_skew,10,100,1,0.01,42,6,4108,0.5159,4.8651836697702556e-05,-0.00638896287429698,0.6799411145982526,21600
covtype,cocoa,random_kout,label_skew,10,100,1,0.01,42,7,3891,0.4841,0.002087691840843895,-0.05175741063790971,0.6799411145982526,21600
covtype,cocoa,random_kout,label_skew,10,100,1,0.01,42,8,4108,0.5159,0.00339385630910205,-0.06390076916943027,0.6799411145982526,21600
covtype,cocoa,random_kout,label_skew,10,100,1,0.01,42,9,3891,0.4841,0.002639619844090634,-0.05291484647751196,0.6799411145982526,21600
covtype,cocoa,full,iid,10,100,1,0.01,42,0,4000,0.6061,0.922058229756307,0.7050279626085659,0.09143546362337969,21600
covtype,cocoa,full,iid,10,100,1,0.01,42,1,4000,0.6203,0.925893095315779,0.7083758608971374,0.09143546362337969,21600
covtype,cocoa,full,iid,10,100,1,0.01,42,2,4000,0.5678,0.9178684395387139,0.7011486389726124,0.09143546362337969,21600
covtype,cocoa,full,iid,10,100,1,0.01,42,3,4000,0.52,0.9208150673683169,0.7038080181780827,0.09143546362337969,21600
covtype,cocoa,full,iid,10,100,1,0.01,42,4,4000,0.6249,0.9148180432563039,0.6979732000247618,0.09143546362337969,21600
covtype,cocoa,full,iid,10,100,1,0.01,42,5,4000,0.5737,0.9178320709843872,0.7008465972427538,0.09143546362337969,21600
covtype,cocoa,full,iid,10,100,1,0.01,42,6,4000,0.5942,0.9164776278282292,0.6995531018315777,0.09143546362337969,21600
covtype,cocoa,full,iid,10,100,1,0.01,42,7,4000,0.6066,0.9232745148409721,0.7069864483041719,0.09143546362337969,21600
covtype,cocoa,full,iid,10,100,1,0.01,42,8,4000,0.6301,0.9313752296767288,0.7142485251750289,0.09143546362337969,21600
covtype,cocoa,full,iid,10,100,1,0.01,42,9,4000,0.5884,0.9120233645700048,0.6958631810651075,0.09143546362337969,21600
covtype,cocoa,full,dirichlet_1.0,10,100,1,0.01,42,0,4326,0.4841,0.4050325886673153,0.3016180993569748,0.5495161866799606,21600
covtype,cocoa,full,dirichlet_1.0,10,100,1,0.01,42,1,2902,0.5159,0.28647462768875437,0.14612825940247412,0.5495161866799606,21600
covtype,cocoa,full,dirichlet_1.0,10,100,1,0.01,42,2,4488,0.5159,0.6414079936778353,0.48452730713734266,0.5495161866799606,21600
covtype,cocoa,full,dirichlet_1.0,10,100,1,0.01,42,3,793,0.4841,0.3933100533496802,-0.07777373249135577,0.5495161866799606,21600
covtype,cocoa,full,dirichlet_1.0,10,100,1,0.01,42,4,1582,0.4841,0.46927969218393806,0.1943051804153325,0.5495161866799606,21600
covtype,cocoa,full,dirichlet_1.0,10,100,1,0.01,42,5,3208,0.4841,0.33908266077538296,0.22077177715808385,0.5495161866799606,21600
covtype,cocoa,full,dirichlet_1.0,10,100,1,0.01,42,6,6003,0.4841,0.70632439762502,0.5822296092854189,0.5495161866799606,21600
covtype,cocoa,full,dirichlet_1.0,10,100,1,0.01,42,7,6151,0.5159,0.28284207182059196,0.22207885248523873,0.5495161866799606,21600
covtype,cocoa,full,dirichlet_1.0,10,100,1,0.01,42,8,3352,0.5159,0.14409688239635549,0.06280764908851195,0.5495161866799606,21600
covtype,cocoa,full,dirichlet_1.0,10,100,1,0.01,42,9,7195,0.4841,0.6753021622139992,0.5718106498416408,0.5495161866799606,21600
covtype,cocoa,full,dirichlet_0.3,10,100,1,0.01,42,0,746,0.5159,0.008479906517681495,-0.1888136227392659,0.5377131117007359,21600
covtype,cocoa,full,dirichlet_0.3,10,100,1,0.01,42,1,3023,0.4841,0.25451427249794734,0.14887124410832864,0.5377131117007359,21600
covtype,cocoa,full,dirichlet_0.3,10,100,1,0.01,42,2,6249,0.4841,0.004659088290668054,-0.02135904180913239,0.5377131117007359,21600
covtype,cocoa,full,dirichlet_0.3,10,100,1,0.01,42,3,1084,0.5159,0.6687152624766856,0.13994914504148848,0.5377131117007359,21600
covtype,cocoa,full,dirichlet_0.3,10,100,1,0.01,42,4,4177,0.4841,0.330142620688075,0.23474027794817431,0.5377131117007359,21600
covtype,cocoa,full,dirichlet_0.3,10,100,1,0.01,42,5,301,0.6298,0.9715256940676106,0.028611437491524394,0.5377131117007359,21600
covtype,cocoa,full,dirichlet_0.3,10,100,1,0.01,42,6,10200,0.5159,0.004077269834952518,-0.007899260310645697,0.5377131117007359,21600
covtype,cocoa,full,dirichlet_0.3,10,100,1,0.01,42,7,4364,0.5159,0.0963143765248483,0.04158320718808882,0.5377131117007359,21600
covtype,cocoa,full,dirichlet_0.3,10,100,1,0.01,42,8,3745,0.4841,0.7068179370271696,0.5052980796965653,0.5377131117007359,21600
covtype,cocoa,full,dirichlet_0.3,10,100,1,0.01,42,9,6111,0.4841,0.6903610436507284,0.5708018507415876,0.5377131117007359,21600
covtype,cocoa,full,dirichlet_0.1,10,100,1,0.01,42,0,111,0.5159,0.1849099383497704,-0.8006756063730793,0.4920284922942927,21600
covtype,cocoa,full,dirichlet_0.1,10,100,1,0.01,42,1,2160,0.4841,0.019988632861196388,-0.06494197461683199,0.4920284922942927,21600
covtype,cocoa,full,dirichlet_0.1,10,100,1,0.01,42,2,11171,0.4841,0.002082034468706079,-0.00918199387928382,0.4920284922942927,21600
covtype,cocoa,full,dirichlet_0.1,10,100,1,0.01,42,3,110,0.5159,0.2045078316241342,-0.7430475985586676,0.4920284922942927,21600
covtype,cocoa,full,dirichlet_0.1,10,100,1,0.01,42,4,4214,0.4841,0.04523368966883935,-0.014644089961345086,0.4920284922942927,21600
covtype,cocoa,full,dirichlet_0.1,10,100,1,0.01,42,5,1,0.5159,0.959859977597997,-0.04007299526897823,0.4920284922942927,21600
covtype,cocoa,full,dirichlet_0.1,10,100,1,0.01,42,6,302,0.5159,0.03959491878403561,-0.5249739387702369,0.4920284922942927,21600
covtype,cocoa,full,dirichlet_0.1,10,100,1,0.01,42,7,16592,0.5159,0.0009187005747077895,-0.004572075953127518,0.4920284922942927,21600
covtype,cocoa,full,dirichlet_0.1,10,100,1,0.01,42,8,1060,0.5159,0.7357168187883022,0.1989074709865517,0.4920284922942927,21600
covtype,cocoa,full,dirichlet_0.1,10,100,1,0.01,42,9,4279,0.5159,0.7587438673981389,0.5705617141265772,0.4920284922942927,21600
covtype,cocoa,full,label_skew,10,100,1,0.01,42,0,4109,0.5159,0.0017273573224024807,-0.030259618387841407,0.643785576176259,21600
covtype,cocoa,full,label_skew,10,100,1,0.01,42,1,3892,0.4841,0.004170526395461683,-0.041737875743097466,0.643785576176259,21600
covtype,cocoa,full,label_skew,10,100,1,0.01,42,2,4109,0.5159,0.0027055324077890166,-0.04319062208411858,0.643785576176259,21600
covtype,cocoa,full,label_skew,10,100,1,0.01,42,3,3892,0.4841,0.0028112445343290993,-0.03231068422553185,0.643785576176259,21600
covtype,cocoa,full,label_skew,10,100,1,0.01,42,4,4108,0.5159,0.0028760609402988615,-0.035667904520246,0.643785576176259,21600
covtype,cocoa,full,label_skew,10,100,1,0.01,42,5,3892,0.4841,0.0032171448920204995,-0.03450811628642483,0.643785576176259,21600
covtype,cocoa,full,label_skew,10,100,1,0.01,42,6,4108,0.5159,0.0034872385215162925,-0.04415434653055504,0.643785576176259,21600
covtype,cocoa,full,label_skew,10,100,1,0.01,42,7,3891,0.4841,0.0031649250571181907,-0.03847883140036876,0.643785576176259,21600
covtype,cocoa,full,label_skew,10,100,1,0.01,42,8,4108,0.5159,0.002290957080244327,-0.03202710804857282,0.643785576176259,21600
covtype,cocoa,full,label_skew,10,100,1,0.01,42,9,3891,0.4841,0.0031193263801318426,-0.036407045476238985,0.643785576176259,21600
covtype,cocoa_plus,ring,iid,10,100,1,0.01,42,0,4000,0.6322,0.779196532331511,-0.07171908239605462,0.20990623012280687,21600
covtype,cocoa_plus,ring,iid,10,100,1,0.01,42,1,4000,0.6298,0.8035399380227002,-0.06822581717369358,0.20990623012280687,21600
covtype,cocoa_plus,ring,iid,10,100,1,0.01,42,2,4000,0.6285,0.7668586171857966,-0.05938802902324791,0.20990623012280687,21600
covtype,cocoa_plus,ring,iid,10,100,1,0.01,42,3,4000,0.6291,0.79396387553801,-0.06799718909762109,0.20990623012280687,21600
covtype,cocoa_plus,ring,iid,10,100,1,0.01,42,4,4000,0.6281,0.7741888173778453,-0.06565883074414158,0.20990623012280687,21600
covtype,cocoa_plus,ring,iid,10,100,1,0.01,42,5,4000,0.629,0.765736517354653,-0.05271972403408376,0.20990623012280687,21600
covtype,cocoa_plus,ring,iid,10,100,1,0.01,42,6,4000,0.6412,0.7754674058137908,-0.07858361038943962,0.20990623012280687,21600
covtype,cocoa_plus,ring,iid,10,100,1,0.01,42,7,4000,0.6793,0.7869064078409258,-0.08795551249053102,0.20990623012280687,21600
covtype,cocoa_plus,ring,iid,10,100,1,0.01,42,8,4000,0.6546,0.786594607781879,-0.08544301356709716,0.20990623012280687,21600
covtype,cocoa_plus,ring,iid,10,100,1,0.01,42,9,4000,0.6289,0.7455694607622131,-0.06011906186471394,0.20990623012280687,21600
covtype,cocoa_plus,ring,dirichlet_1.0,10,100,1,0.01,42,0,4326,0.4842,0.3918159605894545,-0.01230153462135114,0.6165167553811376,21600
covtype,cocoa_plus,ring,dirichlet_1.0,10,100,1,0.01,42,1,2902,0.5159,0.28014990934819284,-0.0608531867046227,0.6165167553811376,21600
covtype,cocoa_plus,ring,dirichlet_1.0,10,100,1,0.01,42,2,4488,0.5159,0.6273753174418546,0.04294358984694202,0.6165167553811376,21600
covtype,cocoa_plus,ring,dirichlet_1.0,10,100,1,0.01,42,3,793,0.4841,0.3983612221851806,-0.24487825454257744,0.6165167553811376,21600
covtype,cocoa_plus,ring,dirichlet_1.0,10,100,1,0.01,42,4,1582,0.4841,0.4627800859160293,0.02221689184283515,0.6165167553811376,21600
covtype,cocoa_plus,ring,dirichlet_1.0,10,100,1,0.01,42,5,3208,0.4841,0.32883428671397863,-0.01713099188768019,0.6165167553811376,21600
covtype,cocoa_plus,ring,dirichlet_1.0,10,100,1,0.01,42,6,6003,0.501,0.671335880887737,0.07103859342458041,0.6165167553811376,21600
covtype,cocoa_plus,ring,dirichlet_1.0,10,100,1,0.01,42,7,6151,0.5159,0.27784112954898504,0.02438076612063661,0.6165167553811376,21600
covtype,cocoa_plus,ring,dirichlet_1.0,10,100,1,0.01,42,8,3352,0.5159,0.1405034291360146,0.002208678941191644,0.6165167553811376,21600
covtype,cocoa_plus,ring,dirichlet_1.0,10,100,1,0.01,42,9,7195,0.5115,0.639852926659401,0.12391319885437091,0.6165167553811376,21600
covtype,cocoa_plus,ring,dirichlet_0.3,10,100,1,0.01,42,0,746,0.5159,0.06610134036815009,-0.5041696060381767,0.6409374723929833,21600
covtype,cocoa_plus,ring,dirichlet_0.3,10,100,1,0.01,42,1,3023,0.4841,0.25023505231331655,-0.0688628104394367,0.6409374723929833,21600
covtype,cocoa_plus,ring,dirichlet_0.3,10,100,1,0.01,42,2,6249,0.4841,0.003764273725089873,-0.027389833189811235,0.6409374723929833,21600
covtype,cocoa_plus,ring,dirichlet_0.3,10,100,1,0.01,42,3,1084,0.5159,0.7126289288624263,-0.25130695217908816,0.6409374723929833,21600
covtype,cocoa_plus,ring,dirichlet_0.3,10,100,1,0.01,42,4,4177,0.4841,0.32216117182735066,-0.050729705610313924,0.6409374723929833,21600
covtype,cocoa_plus,ring,dirichlet_0.3,10,100,1,0.01,42,5,301,0.4841,1.028807471231559,0.0314019578221868,0.6409374723929833,21600
covtype,cocoa_plus,ring,dirichlet_0.3,10,100,1,0.01,42,6,10200,0.5159,0.0031917150957392415,-0.010116650399636447,0.6409374723929833,21600
covtype,cocoa_plus,ring,dirichlet_0.3,10,100,1,0.01,42,7,4364,0.5159,0.09391316193057805,-0.015112237890333224,0.6409374723929833,21600
covtype,cocoa_plus,ring,dirichlet_0.3,10,100,1,0.01,42,8,3745,0.5397,0.6559992921042349,-0.015777468489508117,0.6409374723929833,21600
covtype,cocoa_plus,ring,dirichlet_0.3,10,100,1,0.01,42,9,6111,0.5406,0.6434512390310356,0.05203136120027452,0.6409374723929833,21600
covtype,cocoa_plus,ring,dirichlet_0.1,10,100,1,0.01,42,0,111,0.6002,0.9065274405631821,-0.09180329269765619,0.5638665668831727,21600
covtype,cocoa_plus,ring,dirichlet_0.1,10,100,1,0.01,42,1,2160,0.4841,0.01717390205527949,-0.10245419957916595,0.5638665668831727,21600
covtype,cocoa_plus,ring,dirichlet_0.1,10,100,1,0.01,42,2,11171,0.4841,0.00019885184908935487,-0.0020820380465374493,0.5638665668831727,21600
covtype,cocoa_plus,ring,dirichlet_0.1,10,100,1,0.01,42,3,110,0.4841,1.374093373980222,0.37544241840488435,0.5638665668831727,21600
covtype,cocoa_plus,ring,dirichlet_0.1,10,100,1,0.01,42,4,4214,0.4841,0.041659661850670944,-0.049182797648188385,0.5638665668831727,21600
covtype,cocoa_plus,ring,dirichlet_0.1,10,100,1,0.01,42,5,1,0.4841,1.912434276821751,0.9137808671561648,0.5638665668831727,21600
covtype,cocoa_plus,ring,dirichlet_0.1,10,100,1,0.01,42,6,302,0.5159,0.01584044620535147,-0.31254002678134163,0.5638665668831727,21600
covtype,cocoa_plus,ring,dirichlet_0.1,10,100,1,0.01,42,7,16592,0.5159,0.0002133790546426124,0.000459716959413188,0.5638665668831727,21600
covtype,cocoa_plus,ring,dirichlet_0.1,10,100,1,0.01,42,8,1060,0.5159,0.7196992113811561,-0.07973099736364953,0.5638665668831727,21600
covtype,cocoa_plus,ring,dirichlet_0.1,10,100,1,0.01,42,9,4279,0.5159,0.7324638496142573,0.028997488835850516,0.5638665668831727,21600
covtype,cocoa_plus,ring,label_skew,10,100,1,0.01,42,0,4109,0.6261,0.5542589758562851,0.674582273297791,0.3321862127284728,21600
covtype,cocoa_plus,ring,label_skew,10,100,1,0.01,42,1,3892,0.5627,0.4496483743681655,0.5735720713475417,0.3321862127284728,21600
covtype,cocoa_plus,ring,label_skew,10,100,1,0.01,42,2,4109,0.6322,0.7013682125518129,0.9940651126586633,0.3321862127284728,21600
covtype,cocoa_plus,ring,label_skew,10,100,1,0.01,42,3,3892,0.633,0.9882057266351191,1.227856383062535,0.3321862127284728,21600
covtype,cocoa_plus,ring,label_skew,10,100,1,0.01,42,4,4108,0.6301,0.7654973240449982,1.0142175003817466,0.3321862127284728,21600
covtype,cocoa_plus,ring,label_skew,10,100,1,0.01,42,5,3892,0.6302,0.8622844166421462,1.1646274006417394,0.3321862127284728,21600
covtype,cocoa_plus,ring,label_skew,10,100,1,0.01,42,6,4108,0.6423,0.9061138160613265,1.2815727155859735,0.3321862127284728,21600
covtype,cocoa_plus,ring,label_skew,10,100,1,0.01,42,7,3891,0.6297,1.1856231305448277,1.5059418245438652,0.3321862127284728,21600
covtype,cocoa_plus,ring,label_skew,10,100,1,0.01,42,8,4108,0.6355,0.7640626227833133,0.9942170440926085,0.3321862127284728,21600
covtype,cocoa_plus,ring,label_skew,10,100,1,0.01,42,9,3891,0.5786,0.4408639425588907,0.5638142346669646,0.3321862127284728,21600
covtype,cocoa_plus,random_kout,iid,10,100,1,0.01,42,0,4000,0.6307,0.7629229041306783,-0.0005311579685638446,0.3590311004668545,21600
covtype,cocoa_plus,random_kout,iid,10,100,1,0.01,42,1,4000,0.6242,0.8434134091258558,-0.034078872064791876,0.3590311004668545,21600
covtype,cocoa_plus,random_kout,iid,10,100,1,0.01,42,2,4000,0.6376,0.7385350531135422,0.03769906982529214,0.3590311004668545,21600
covtype,cocoa_plus,random_kout,iid,10,100,1,0.01,42,3,4000,0.6296,0.834372873928944,-0.06303274562616223,0.3590311004668545,21600
covtype,cocoa_plus,random_kout,iid,10,100,1,0.01,42,4,4000,0.6292,0.7675058570504159,-0.06178075950265971,0.3590311004668545,21600
covtype,cocoa_plus,random_kout,iid,10,100,1,0.01,42,5,4000,0.629,0.7934623484078442,-0.09254469784245034,0.3590311004668545,21600
covtype,cocoa_plus,random_kout,iid,10,100,1,0.01,42,6,4000,0.6314,0.7709557665436568,-0.06401012039751386,0.3590311004668545,21600
covtype,cocoa_plus,random_kout,iid,10,100,1,0.01,42,7,4000,0.6314,0.8372912614168799,-0.05461140863983571,0.3590311004668545,21600
covtype,cocoa_plus,random_kout,iid,10,100,1,0.01,42,8,4000,0.6782,0.7915684301066013,-0.06055734497951293,0.3590311004668545,21600
covtype,cocoa_plus,random_kout,iid,10,100,1,0.01,42,9,4000,0.6325,0.7593551977175136,-0.07949270330403213,0.3590311004668545,21600
covtype,cocoa_plus,random_kout,dirichlet_1.0,10,100,1,0.01,42,0,4326,0.4841,0.3952596403567766,-0.007781054922016639,0.673840480076329,21600
covtype,cocoa_plus,random_kout,dirichlet_1.0,10,100,1,0.01,42,1,2902,0.5159,0.28312034437990435,-0.09083121352227208,0.673840480076329,21600
covtype,cocoa_plus,random_kout,dirichlet_1.0,10,100,1,0.01,42,2,4488,0.5159,0.6234166396641792,-0.01949847750107725,0.673840480076329,21600
covtype,cocoa_plus,random_kout,dirichlet_1.0,10,100,1,0.01,42,3,793,0.4841,0.3926392785029496,-0.18855159374290836,0.673840480076329,21600
covtype,cocoa_plus,random_kout,dirichlet_1.0,10,100,1,0.01,42,4,1582,0.4841,0.4774823604515938,-0.22879285266669364,0.673840480076329,21600
covtype,cocoa_plus,random_kout,dirichlet_1.0,10,100,1,0.01,42,5,3208,0.4841,0.3303356392688926,-3.312821124301646e-05,0.673840480076329,21600
covtype,cocoa_plus,random_kout,dirichlet_1.0,10,100,1,0.01,42,6,6003,0.5378,0.6628882050696197,0.06696283214847032,0.673840480076329,21600
covtype,cocoa_plus,random_kout,dirichlet_1.0,10,100,1,0.01,42,7,6151,0.5159,0.27607541182556505,0.04508314589578741,0.673840480076329,21600
covtype,cocoa_plus,random_kout,dirichlet_1.0,10,100,1,0.01,42,8,3352,0.5159,0.14614707597052662,-0.11466519466080094,0.673840480076329,21600
covtype,cocoa_plus,random_kout,dirichlet_1.0,10,100,1,0.01,42,9,7195,0.5461,0.6166714346283383,0.0722966734582956,0.673840480076329,21600
covtype,cocoa_plus,random_kout,dirichlet_0.3,10,100,1,0.01,42,0,746,0.5159,0.037062968577364186,-0.5094717670890663,0.6679711258240049,21600
covtype,cocoa_plus,random_kout,dirichlet_0.3,10,100,1,0.01,42,1,3023,0.4841,0.24852415809700343,-0.09346787928047279,0.6679711258240049,21600
covtype,cocoa_plus,random_kout,dirichlet_0.3,10,100,1,0.01,42,2,6249,0.4841,0.009815768794252012,-0.05816360255254084,0.6679711258240049,21600
covtype,cocoa_plus,random_kout,dirichlet_0.3,10,100,1,0.01,42,3,1084,0.5159,0.6846391231058847,-0.2433849296534254,0.6679711258240049,21600
covtype,cocoa_plus,random_kout,dirichlet_0.3,10,100,1,0.01,42,4,4177,0.4841,0.31977530185042535,0.03397193491057676,0.6679711258240049,21600
covtype,cocoa_plus,random_kout,dirichlet_0.3,10,100,1,0.01,42,5,301,0.5159,0.9404731615889982,0.29564027037678153,0.6679711258240049,21600
covtype,cocoa_plus,random_kout,dirichlet_0.3,10,100,1,0.01,42,6,10200,0.5159,0.005611800415962887,-0.018363778925949016,0.6679711258240049,21600
covtype,cocoa_plus,random_kout,dirichlet_0.3,10,100,1,0.01,42,7,4364,0.5159,0.09424990398947161,-0.05277882202670145,0.6679711258240049,21600
covtype,cocoa_plus,random_kout,dirichlet_0.3,10,100,1,0.01,42,8,3745,0.5395,0.6576464565253202,-0.0682474231987178,0.6679711258240049,21600
covtype,cocoa_plus,random_kout,dirichlet_0.3,10,100,1,0.01,42,9,6111,0.5442,0.6432388666339942,0.065010951821183,0.6679711258240049,21600
covtype,cocoa_plus,random_kout,dirichlet_0.1,10,100,1,0.01,42,0,111,0.4841,1.1049220163602151,0.1061457274584684,0.5714841035830888,21600
covtype,cocoa_plus,random_kout,dirichlet_0.1,10,100,1,0.01,42,1,2160,0.4841,0.01825285856765575,-0.10458818747448431,0.5714841035830888,21600
covtype,cocoa_plus,random_kout,dirichlet_0.1,10,100,1,0.01,42,2,11171,0.4841,0.0036645571920426493,-0.018949318429052037,0.5714841035830888,21600
covtype,cocoa_plus,random_kout,dirichlet_0.1,10,100,1,0.01,42,3,110,0.4841,1.8715325698344096,0.8987259462732213,0.5714841035830888,21600
covtype,cocoa_plus,random_kout,dirichlet_0.1,10,100,1,0.01,42,4,4214,0.4841,0.04202943173847237,0.02499416447628985,0.5714841035830888,21600
covtype,cocoa_plus,random_kout,dirichlet_0.1,10,100,1,0.01,42,5,1,0.5159,0.6173686172627862,-0.38241415891846997,0.5714841035830888,21600
covtype,cocoa_plus,random_kout,dirichlet_0.1,10,100,1,0.01,42,6,302,0.5159,0.013970367046880778,-0.2699302286638592,0.5714841035830888,21600
covtype,cocoa_plus,random_kout,dirichlet_0.1,10,100,1,0.01,42,7,16592,0.5159,0.0005318313575388542,-0.009551064526189774,0.5714841035830888,21600
covtype,cocoa_plus,random_kout,dirichlet_0.1,10,100,1,0.01,42,8,1060,0.5159,0.7165854188555412,0.013170993209975723,0.5714841035830888,21600
covtype,cocoa_plus,random_kout,dirichlet_0.1,10,100,1,0.01,42,9,4279,0.5159,0.7312980134053505,0.016118096404337034,0.5714841035830888,21600
covtype,cocoa_plus,random_kout,label_skew,10,100,1,0.01,42,0,4109,0.5159,0.05232733565431719,-0.061503264392872896,0.7267145313542868,21600
covtype,cocoa_plus,random_kout,label_skew,10,100,1,0.01,42,1,3892,0.4841,0.057982467858209735,-0.09544495246480253,0.7267145313542868,21600
covtype,cocoa_plus,random_kout,label_skew,10,100,1,0.01,42,2,4109,0.5159,0.0,0.003915584248792287,0.7267145313542868,21600
covtype,cocoa_plus,random_kout,label_skew,10,100,1,0.01,42,3,3892,0.4841,0.004688615758138665,-0.09329286974393372,0.7267145313542868,21600
covtype,cocoa_plus,random_kout,label_skew,10,100,1,0.01,42,4,4108,0.5159,0.03335643877103271,-0.13561936069428443,0.7267145313542868,21600
covtype,cocoa_plus,random_kout,label_skew,10,100,1,0.01,42,5,3892,0.4841,0.017444143440735114,-0.16116005717068146,0.7267145313542868,21600
covtype,cocoa_plus,random_kout,label_skew,10,100,1,0.01,42,6,4108,0.5159,5.656130244737228e-06,0.00030948439286898827,0.7267145313542868,21600
covtype,cocoa_plus,random_kout,label_skew,10,100,1,0.01,42,7,3891,0.4841,0.001603810027151094,-0.043505644299373404,0.7267145313542868,21600
covtype,cocoa_plus,random_kout,label_skew,10,100,1,0.01,42,8,4108,0.5159,0.002353935871364209,-0.06988583651577047,0.7267145313542868,21600
covtype,cocoa_plus,random_kout,label_skew,10,100,1,0.01,42,9,3891,0.4841,0.0018309378956344125,-0.05181140241739848,0.7267145313542868,21600
covtype,cocoa_plus,full,iid,10,100,1,0.01,42,0,4000,0.6553,0.7728891492300298,-0.058770381317143516,0.229777940825329,21600
covtype,cocoa_plus,full,iid,10,100,1,0.01,42,1,4000,0.63,0.8035031201613776,-0.03677465148025938,0.229777940825329,21600
covtype,cocoa_plus,full,iid,10,100,1,0.01,42,2,4000,0.6324,0.7693189227219837,-0.07884143961013612,0.229777940825329,21600
covtype,cocoa_plus,full,iid,10,100,1,0.01,42,3,4000,0.631,0.8032517812733283,-0.044779361433942344,0.229777940825329,21600
covtype,cocoa_plus,full,iid,10,100,1,0.01,42,4,4000,0.6268,0.7753327312045656,-0.055085443299473846,0.229777940825329,21600
covtype,cocoa_plus,full,iid,10,100,1,0.01,42,5,4000,0.6719,0.767138742319097,-0.07975094349314493,0.229777940825329,21600
covtype,cocoa_plus,full,iid,10,100,1,0.01,42,6,4000,0.6416,0.7802701470519567,-0.07481885315435277,0.229777940825329,21600
covtype,cocoa_plus,full,iid,10,100,1,0.01,42,7,4000,0.6401,0.7861653068381458,-0.05441747154328058,0.229777940825329,21600
covtype,cocoa_plus,full,iid,10,100,1,0.01,42,8,4000,0.6816,0.7857249266516801,-0.0766361950300547,0.229777940825329,21600
covtype,cocoa_plus,full,iid,10,100,1,0.01,42,9,4000,0.6291,0.7545186591333395,-0.06344063625876595,0.229777940825329,21600
covtype,cocoa_plus,full,dirichlet_1.0,10,100,1,0.01,42,0,4326,0.4841,0.39345061054532615,0.002566301079326261,0.6162002871857625,21600
covtype,cocoa_plus,full,dirichlet_1.0,10,100,1,0.01,42,1,2902,0.5159,0.28219398712044946,-0.054916606083239505,0.6162002871857625,21600
covtype,cocoa_plus,full,dirichlet_1.0,10,100,1,0.01,42,2,4488,0.5159,0.6259276691062156,0.02218207013194684,0.6162002871857625,21600
covtype,cocoa_plus,full,dirichlet_1.0,10,100,1,0.01,42,3,793,0.4841,0.3938952460870791,-0.19999087912745023,0.6162002871857625,21600
covtype,cocoa_plus,full,dirichlet_1.0,10,100,1,0.01,42,4,1582,0.4841,0.4606528488944566,-0.0827583060600105,0.6162002871857625,21600
covtype,cocoa_plus,full,dirichlet_1.0,10,100,1,0.01,42,5,3208,0.4841,0.33118579688267685,-0.011952114022293903,0.6162002871857625,21600
covtype,cocoa_plus,full,dirichlet_1.0,10,100,1,0.01,42,6,6003,0.5379,0.6611666513689379,0.0720555503510788,0.6162002871857625,21600
covtype,cocoa_plus,full,dirichlet_1.0,10,100,1,0.01,42,7,6151,0.5159,0.27804801982954896,0.040908265517906606,0.6162002871857625,21600
covtype,cocoa_plus,full,dirichlet_1.0,10,100,1,0.01,42,8,3352,0.5159,0.14194577123481208,-0.03334970079142183,0.6162002871857625,21600
covtype,cocoa_plus,full,dirichlet_1.0,10,100,1,0.01,42,9,7195,0.5394,0.6366420702597635,0.11350368666307864,0.6162002871857625,21600
covtype,cocoa_plus,full,dirichlet_0.3,10,100,1,0.01,42,0,746,0.5159,0.008080763102123755,-0.17913614752458576,0.59519309420411,21600
covtype,cocoa_plus,full,dirichlet_0.3,10,100,1,0.01,42,1,3023,0.4841,0.2490205095862669,-0.02754367033199212,0.59519309420411,21600
covtype,cocoa_plus,full,dirichlet_0.3,10,100,1,0.01,42,2,6249,0.4841,0.0034501968391079034,-0.027587175593249462,0.59519309420411,21600
covtype,cocoa_plus,full,dirichlet_0.3,10,100,1,0.01,42,3,1084,0.5159,0.6624063617902957,-0.15342252565785564,0.59519309420411,21600
covtype,cocoa_plus,full,dirichlet_0.3,10,100,1,0.01,42,4,4177,0.4841,0.32116447155287536,0.008883144445651137,0.59519309420411,21600
covtype,cocoa_plus,full,dirichlet_0.3,10,100,1,0.01,42,5,301,0.6433,0.9616354352236749,-0.03772665501091743,0.59519309420411,21600
covtype,cocoa_plus,full,dirichlet_0.3,10,100,1,0.01,42,6,10200,0.5159,0.0033604621285792404,-0.012033227894482879,0.59519309420411,21600
covtype,cocoa_plus,full,dirichlet_0.3,10,100,1,0.01,42,7,4364,0.5159,0.09336745808627299,-0.02129097705555931,0.59519309420411,21600
covtype,cocoa_plus,full,dirichlet_0.3,10,100,1,0.01,42,8,3745,0.5377,0.6679853612606897,-0.032569900007999975,0.59519309420411,21600
covtype,cocoa_plus,full,dirichlet_0.3,10,100,1,0.01,42,9,6111,0.5373,0.6534889509904213,0.08656810457857078,0.59519309420411,21600
covtype,cocoa_plus,full,dirichlet_0.1,10,100,1,0.01,42,0,111,0.5159,0.2900484111351232,-0.7078787323238522,0.5068438544211198,21600
covtype,cocoa_plus,full,dirichlet_0.1,10,100,1,0.01,42,1,2160,0.4841,0.01837053722206444,-0.08539416689570616,0.5068438544211198,21600
covtype,cocoa_plus,full,dirichlet_0.1,10,100,1,0.01,42,2,11171,0.4841,0.0010628330247739299,-0.012282777992314886,0.5068438544211198,21600
covtype,cocoa_plus,full,dirichlet_0.1,10,100,1,0.01,42,3,110,0.5159,0.17230197386039708,-0.6419366868315266,0.5068438544211198,21600
covtype,cocoa_plus,full,dirichlet_0.1,10,100,1,0.01,42,4,4214,0.4841,0.04403189524354575,-0.04737117108057847,0.5068438544211198,21600
covtype,cocoa_plus,full,dirichlet_0.1,10,100,1,0.01,42,5,1,0.5159,0.7900145308740181,-0.20984720234034893,0.5068438544211198,21600
covtype,cocoa_plus,full,dirichlet_0.1,10,100,1,0.01,42,6,302,0.5159,0.039739856640770434,-0.5246961002635308,0.5068438544211198,21600
covtype,cocoa_plus,full,dirichlet_0.1,10,100,1,0.01,42,7,16592,0.5159,0.0007445437732464688,-0.0064727315407793855,0.5068438544211198,21600
covtype,cocoa_plus,full,dirichlet_0.1,10,100,1,0.01,42,8,1060,0.5159,0.7261025632143489,-0.12083349710419222,0.5068438544211198,21600
covtype,cocoa_plus,full,dirichlet_0.1,10,100,1,0.01,42,9,4279,0.5159,0.7341084191610271,0.018225657185665933,0.5068438544211198,21600
covtype,cocoa_plus,full,label_skew,10,100,1,0.01,42,0,4109,0.5159,0.001021631063989214,-0.03470758876949291,0.6442532779387729,21600
covtype,cocoa_plus,full,label_skew,10,100,1,0.01,42,1,3892,0.4841,0.00320605567488073,-0.05305373704859111,0.6442532779387729,21600
covtype,cocoa_plus,full,label_skew,10,100,1,0.01,42,2,4109,0.5159,0.0025527944339853886,-0.050479963514560924,0.6442532779387729,21600
covtype,cocoa_plus,full,label_skew,10,100,1,0.01,42,3,3892,0.4841,0.001627481000885815,-0.03743887519746091,0.6442532779387729,21600
covtype,cocoa_plus,full,label_skew,10,100,1,0.01,42,4,4108,0.5159,0.0017982025469779456,-0.03937799460349409,0.6442532779387729,21600
covtype,cocoa_plus,full,label_skew,10,100,1,0.01,42,5,3892,0.4841,0.0017476670703489357,-0.03940129491201184,0.6442532779387729,21600
covtype,cocoa_plus,full,label_skew,10,100,1,0.01,42,6,4108,0.5159,0.0023835517046334946,-0.05047839123793502,0.6442532779387729,21600
covtype,cocoa_plus,full,label_skew,10,100,1,0.01,42,7,3891,0.4841,0.002423935969051193,-0.04224988699588975,0.6442532779387729,21600
covtype,cocoa_plus,full,label_skew,10,100,1,0.01,42,8,4108,0.5159,0.0015849008269734582,-0.039440897768906004,0.6442532779387729,21600
covtype,cocoa_plus,full,label_skew,10,100,1,0.01,42,9,3891,0.4841,0.0022751322965964497,-0.04143524757754925,0.6442532779387729,21600
covtype,bdsvm,ring,iid,10,100,1,0.01,42,0,4000,0.7062,0.6379751899294017,nan,21.97885841334483,16483200
covtype,bdsvm,ring,iid,10,100,1,0.01,42,1,4000,0.7,0.6739417395671571,nan,21.97885841334483,16483200
covtype,bdsvm,ring,iid,10,100,1,0.01,42,2,4000,0.7043,0.632111851082961,nan,21.97885841334483,16483200
covtype,bdsvm,ring,iid,10,100,1,0.01,42,3,4000,0.7045,0.6607050956874676,nan,21.97885841334483,16400784
covtype,bdsvm,ring,iid,10,100,1,0.01,42,4,4000,0.7136,0.6237837802415921,nan,21.97885841334483,16483200
covtype,bdsvm,ring,iid,10,100,1,0.01,42,5,4000,0.7107,0.621027804763601,nan,21.97885841334483,16400784
covtype,bdsvm,ring,iid,10,100,1,0.01,42,6,4000,0.7101,0.6304149075002184,nan,21.97885841334483,16153536
covtype,bdsvm,ring,iid,10,100,1,0.01,42,7,4000,0.7095,0.6327687091363576,nan,21.97885841334483,16400784
covtype,bdsvm,ring,iid,10,100,1,0.01,42,8,4000,0.713,0.6331578949867717,nan,21.97885841334483,16483200
covtype,bdsvm,ring,iid,10,100,1,0.01,42,9,4000,0.7134,0.6120185624672747,nan,21.97885841334483,16400784
covtype,bdsvm,ring,dirichlet_1.0,10,100,1,0.01,42,0,4326,0.7072,0.5702563284004252,nan,26.399723000055978,16483200
covtype,bdsvm,ring,dirichlet_1.0,10,100,1,0.01,42,1,2902,0.7036,0.7061817762024102,nan,26.399723000055978,16483200
covtype,bdsvm,ring,dirichlet_1.0,10,100,1,0.01,42,2,4488,0.7112,0.6529494322865722,nan,26.399723000055978,16483200
covtype,bdsvm,ring,dirichlet_1.0,10,100,1,0.01,42,3,793,0.7125,0.6082330957873073,nan,26.399723000055978,16400784
covtype,bdsvm,ring,dirichlet_1.0,10,100,1,0.01,42,4,1582,0.7101,0.5699640723916602,nan,26.399723000055978,16483200
covtype,bdsvm,ring,dirichlet_1.0,10,100,1,0.01,42,5,3208,0.7016,0.5546831354507751,nan,26.399723000055978,16400784
covtype,bdsvm,ring,dirichlet_1.0,10,100,1,0.01,42,6,6003,0.7023,0.5957966853542394,nan,26.399723000055978,16153536
covtype,bdsvm,ring,dirichlet_1.0,10,100,1,0.01,42,7,6151,0.705,0.7116109015964993,nan,26.399723000055978,16400784
covtype,bdsvm,ring,dirichlet_1.0,10,100,1,0.01,42,8,3352,0.7065,0.7010197690301332,nan,26.399723000055978,16483200
covtype,bdsvm,ring,dirichlet_1.0,10,100,1,0.01,42,9,7195,0.7071,0.5900827102449968,nan,26.399723000055978,16400784
covtype,bdsvm,ring,dirichlet_0.3,10,100,1,0.01,42,0,746,0.7313,0.5025400911489263,nan,65.51356646572478,16483200
covtype,bdsvm,ring,dirichlet_0.3,10,100,1,0.01,42,1,3023,0.6998,0.8936260635239368,nan,65.51356646572478,16483200
covtype,bdsvm,ring,dirichlet_0.3,10,100,1,0.01,42,2,6249,0.7273,0.8157318253297451,nan,65.51356646572478,16483200
covtype,bdsvm,ring,dirichlet_0.3,10,100,1,0.01,42,3,1084,0.7257,0.6216105940878445,nan,65.51356646572478,16400784
covtype,bdsvm,ring,dirichlet_0.3,10,100,1,0.01,42,4,4177,0.7433,0.6705793732494946,nan,65.51356646572478,16483200
covtype,bdsvm,ring,dirichlet_0.3,10,100,1,0.01,42,5,301,0.7472,0.6637594827268962,nan,65.51356646572478,16400784
covtype,bdsvm,ring,dirichlet_0.3,10,100,1,0.01,42,6,10200,0.7452,0.5803625274743038,nan,65.51356646572478,16153536
covtype,bdsvm,ring,dirichlet_0.3,10,100,1,0.01,42,7,4364,0.7416,0.6077447528841378,nan,65.51356646572478,16400784
covtype,bdsvm,ring,dirichlet_0.3,10,100,1,0.01,42,8,3745,0.742,0.6223994878393398,nan,65.51356646572478,16483200
covtype,bdsvm,ring,dirichlet_0.3,10,100,1,0.01,42,9,6111,0.7433,0.6322597258608563,nan,65.51356646572478,16400784
covtype,bdsvm,ring,dirichlet_0.1,10,100,1,0.01,42,0,111,0.7338,0.5059876472751703,nan,179.86569220515617,16483200
covtype,bdsvm,ring,dirichlet_0.1,10,100,1,0.01,42,1,2160,0.7304,0.9015240872651602,nan,179.86569220515617,16483200
covtype,bdsvm,ring,dirichlet_0.1,10,100,1,0.01,42,2,11171,0.731,0.911768361433348,nan,179.86569220515617,16483200
covtype,bdsvm,ring,dirichlet_0.1,10,100,1,0.01,42,3,110,0.7536,0.48334934297064885,nan,179.86569220515617,16400784
covtype,bdsvm,ring,dirichlet_0.1,10,100,1,0.01,42,4,4214,0.6387,0.21272774622290175,nan,179.86569220515617,16483200
covtype,bdsvm,ring,dirichlet_0.1,10,100,1,0.01,42,5,1,0.6398,1.8779874965626822,nan,179.86569220515617,16400784
covtype,bdsvm,ring,dirichlet_0.1,10,100,1,0.01,42,6,302,0.641,1.0090119097019201,nan,179.86569220515617,16153536
covtype,bdsvm,ring,dirichlet_0.1,10,100,1,0.01,42,7,16592,0.6786,0.887761685235824,nan,179.86569220515617,16400784
covtype,bdsvm,ring,dirichlet_0.1,10,100,1,0.01,42,8,1060,0.6812,0.6632498652839546,nan,179.86569220515617,16483200
covtype,bdsvm,ring,dirichlet_0.1,10,100,1,0.01,42,9,4279,0.6999,0.659291205958605,nan,179.86569220515617,16400784
covtype,bdsvm,ring,label_skew,10,100,1,0.01,42,0,4109,0.7272,0.6583007609121262,nan,20.769949884983202,16483200
covtype,bdsvm,ring,label_skew,10,100,1,0.01,42,1,3892,0.734,0.6099677385111227,nan,20.769949884983202,16483200
covtype,bdsvm,ring,label_skew,10,100,1,0.01,42,2,4109,0.7363,0.6514592875868689,nan,20.769949884983202,16483200
covtype,bdsvm,ring,label_skew,10,100,1,0.01,42,3,3892,0.7365,0.6051221712134636,nan,20.769949884983202,16400784
covtype,bdsvm,ring,label_skew,10,100,1,0.01,42,4,4108,0.7323,0.6642883792378482,nan,20.769949884983202,16483200
covtype,bdsvm,ring,label_skew,10,100,1,0.01,42,5,3892,0.7286,0.5985907215746454,nan,20.769949884983202,16400784
covtype,bdsvm,ring,label_skew,10,100,1,0.01,42,6,4108,0.728,0.685506652320159,nan,20.769949884983202,16153536
covtype,bdsvm,ring,label_skew,10,100,1,0.01,42,7,3891,0.7247,0.5835593821716054,nan,20.769949884983202,16400784
covtype,bdsvm,ring,label_skew,10,100,1,0.01,42,8,4108,0.7267,0.6643835484936333,nan,20.769949884983202,16483200
covtype,bdsvm,ring,label_skew,10,100,1,0.01,42,9,3891,0.7281,0.5736384949882842,nan,20.769949884983202,16400784
covtype,bdsvm,random_kout,iid,10,100,1,0.01,42,0,4000,0.727,0.6323271647424721,nan,36.043389126708135,16483200
covtype,bdsvm,random_kout,iid,10,100,1,0.01,42,1,4000,0.7282,0.6648222096758047,nan,36.043389126708135,16483200
covtype,bdsvm,random_kout,iid,10,100,1,0.01,42,2,4000,0.7277,0.6286814618134224,nan,36.043389126708135,16483200
covtype,bdsvm,random_kout,iid,10,100,1,0.01,42,3,4000,0.7287,0.6508694097939859,nan,36.043389126708135,16318368
covtype,bdsvm,random_kout,iid,10,100,1,0.01,42,4,4000,0.7277,0.618698628518776,nan,36.043389126708135,16483200
covtype,bdsvm,random_kout,iid,10,100,1,0.01,42,5,4000,0.7273,0.6221316053438839,nan,36.043389126708135,16400784
covtype,bdsvm,random_kout,iid,10,100,1,0.01,42,6,4000,0.6804,0.6317434789330855,nan,36.043389126708135,16483200
covtype,bdsvm,random_kout,iid,10,100,1,0.01,42,7,4000,0.7273,0.63712515528193,nan,36.043389126708135,16400784
covtype,bdsvm,random_kout,iid,10,100,1,0.01,42,8,4000,0.6803,0.6343758155857105,nan,36.043389126708135,16400784
covtype,bdsvm,random_kout,iid,10,100,1,0.01,42,9,4000,0.6802,0.6023790404589591,nan,36.043389126708135,16483200
covtype,bdsvm,random_kout,dirichlet_1.0,10,100,1,0.01,42,0,4326,0.7147,0.6863576882060913,nan,26.51058890102498,16483200
covtype,bdsvm,random_kout,dirichlet_1.0,10,100,1,0.01,42,1,2902,0.7142,0.5799186971193708,nan,26.51058890102498,16483200
covtype,bdsvm,random_kout,dirichlet_1.0,10,100,1,0.01,42,2,4488,0.7273,0.6148460809252524,nan,26.51058890102498,16483200
covtype,bdsvm,random_kout,dirichlet_1.0,10,100,1,0.01,42,3,793,0.7227,0.6890157454381345,nan,26.51058890102498,16318368
covtype,bdsvm,random_kout,dirichlet_1.0,10,100,1,0.01,42,4,1582,0.7227,0.6677935258440362,nan,26.51058890102498,16483200
covtype,bdsvm,random_kout,dirichlet_1.0,10,100,1,0.01,42,5,3208,0.7147,0.7188309606229857,nan,26.51058890102498,16400784
covtype,bdsvm,random_kout,dirichlet_1.0,10,100,1,0.01,42,6,6003,0.6757,0.53767802286228,nan,26.51058890102498,16483200
covtype,bdsvm,random_kout,dirichlet_1.0,10,100,1,0.01,42,7,6151,0.7237,0.6344221445447876,nan,26.51058890102498,16400784
covtype,bdsvm,random_kout,dirichlet_1.0,10,100,1,0.01,42,8,3352,0.6757,0.851500627555686,nan,26.51058890102498,16400784
covtype,bdsvm,random_kout,dirichlet_1.0,10,100,1,0.01,42,9,7195,0.6757,0.5235063905854718,nan,26.51058890102498,16483200
covtype,bdsvm,random_kout,dirichlet_0.3,10,100,1,0.01,42,0,746,0.6367,1.233533715903975,nan,31.36851853386087,16483200
covtype,bdsvm,random_kout,dirichlet_0.3,10,100,1,0.01,42,1,3023,0.6367,0.27748247387273967,nan,31.36851853386087,16483200
covtype,bdsvm,random_kout,dirichlet_0.3,10,100,1,0.01,42,2,6249,0.6375,0.13143727699062935,nan,31.36851853386087,16483200
covtype,bdsvm,random_kout,dirichlet_0.3,10,100,1,0.01,42,3,1084,0.6375,0.8919053914340678,nan,31.36851853386087,16318368
covtype,bdsvm,random_kout,dirichlet_0.3,10,100,1,0.01,42,4,4177,0.6367,0.31151073114548894,nan,31.36851853386087,16483200
covtype,bdsvm,random_kout,dirichlet_0.3,10,100,1,0.01,42,5,301,0.6367,0.7631083248129579,nan,31.36851853386087,16400784
covtype,bdsvm,random_kout,dirichlet_0.3,10,100,1,0.01,42,6,10200,0.5876,0.12734754445254035,nan,31.36851853386087,16483200
covtype,bdsvm,random_kout,dirichlet_0.3,10,100,1,0.01,42,7,4364,0.6375,1.2119508119194846,nan,31.36851853386087,16400784
covtype,bdsvm,random_kout,dirichlet_0.3,10,100,1,0.01,42,8,3745,0.5876,0.9594371096550022,nan,31.36851853386087,16400784
covtype,bdsvm,random_kout,dirichlet_0.3,10,100,1,0.01,42,9,6111,0.5876,0.9812933483731573,nan,31.36851853386087,16483200
covtype,bdsvm,random_kout,dirichlet_0.1,10,100,1,0.01,42,0,111,0.6773,1.0878916043629803,nan,35.697769806110855,16483200
covtype,bdsvm,random_kout,dirichlet_0.1,10,100,1,0.01,42,1,2160,0.677,0.2994061363355258,nan,35.697769806110855,16483200
covtype,bdsvm,random_kout,dirichlet_0.1,10,100,1,0.01,42,2,11171,0.6684,0.2570678021147899,nan,35.697769806110855,16483200
covtype,bdsvm,random_kout,dirichlet_0.1,10,100,1,0.01,42,3,110,0.6735,0.9020154337754752,nan,35.697769806110855,16318368
covtype,bdsvm,random_kout,dirichlet_0.1,10,100,1,0.01,42,4,4214,0.6713,0.28385104802995204,nan,35.697769806110855,16483200
covtype,bdsvm,random_kout,dirichlet_0.1,10,100,1,0.01,42,5,1,0.6771,1.7140183573163172,nan,35.697769806110855,16400784
covtype,bdsvm,random_kout,dirichlet_0.1,10,100,1,0.01,42,6,302,0.5926,0.13503827502315116,nan,35.697769806110855,16483200
covtype,bdsvm,random_kout,dirichlet_0.1,10,100,1,0.01,42,7,16592,0.638,1.130191794056505,nan,35.697769806110855,16400784
covtype,bdsvm,random_kout,dirichlet_0.1,10,100,1,0.01,42,8,1060,0.5926,0.6174135069785531,nan,35.697769806110855,16400784
covtype,bdsvm,random_kout,dirichlet_0.1,10,100,1,0.01,42,9,4279,0.5926,0.6301626871037733,nan,35.697769806110855,16483200
covtype,bdsvm,random_kout,label_skew,10,100,1,0.01,42,0,4109,0.6775,0.9404234199415312,nan,32.120953721281985,16483200
covtype,bdsvm,random_kout,label_skew,10,100,1,0.01,42,1,3892,0.6772,0.33911660366051966,nan,32.120953721281985,16483200
covtype,bdsvm,random_kout,label_skew,10,100,1,0.01,42,2,4109,0.6771,0.9275466029090961,nan,32.120953721281985,16483200
covtype,bdsvm,random_kout,label_skew,10,100,1,0.01,42,3,3892,0.6765,0.35052870371869377,nan,32.120953721281985,16318368
covtype,bdsvm,random_kout,label_skew,10,100,1,0.01,42,4,4108,0.6766,0.9236287121684265,nan,32.120953721281985,16483200
covtype,bdsvm,random_kout,label_skew,10,100,1,0.01,42,5,3892,0.6777,0.35185727183252236,nan,32.120953721281985,16400784
covtype,bdsvm,random_kout,label_skew,10,100,1,0.01,42,6,4108,0.5865,0.1287848343441075,nan,32.120953721281985,16483200
covtype,bdsvm,random_kout,label_skew,10,100,1,0.01,42,7,3891,0.6773,0.3366781430475785,nan,32.120953721281985,16400784
covtype,bdsvm,random_kout,label_skew,10,100,1,0.01,42,8,4108,0.5865,0.11991883135224153,nan,32.120953721281985,16400784
covtype,bdsvm,random_kout,label_skew,10,100,1,0.01,42,9,3891,0.5865,1.4690535561629552,nan,32.120953721281985,16483200
covtype,bdsvm,full,iid,10,100,1,0.01,42,0,4000,0.7141,0.6098212541580833,nan,11.857663867890432,16483200
covtype,bdsvm,full,iid,10,100,1,0.01,42,1,4000,0.7101,0.6503157609071093,nan,11.857663867890432,16483200
covtype,bdsvm,full,iid,10,100,1,0.01,42,2,4000,0.7141,0.6058886695161516,nan,11.857663867890432,16153536
covtype,bdsvm,full,iid,10,100,1,0.01,42,3,4000,0.7145,0.6355463538908505,nan,11.857663867890432,16400784
covtype,bdsvm,full,iid,10,100,1,0.01,42,4,4000,0.7128,0.6018127511604566,nan,11.857663867890432,16400784
covtype,bdsvm,full,iid,10,100,1,0.01,42,5,4000,0.7139,0.5959204527462195,nan,11.857663867890432,16318368
covtype,bdsvm,full,iid,10,100,1,0.01,42,6,4000,0.7136,0.610822082941924,nan,11.857663867890432,16483200
covtype,bdsvm,full,iid,10,100,1,0.01,42,7,4000,0.7135,0.6094837478316211,nan,11.857663867890432,16318368
covtype,bdsvm,full,iid,10,100,1,0.01,42,8,4000,0.7121,0.6112979206506791,nan,11.857663867890432,16400784
covtype,bdsvm,full,iid,10,100,1,0.01,42,9,4000,0.7144,0.5893692897756146,nan,11.857663867890432,16400784
covtype,bdsvm,full,dirichlet_1.0,10,100,1,0.01,42,0,4326,0.7204,0.5469733150950293,nan,15.648792624403566,16483200
covtype,bdsvm,full,dirichlet_1.0,10,100,1,0.01,42,1,2902,0.7228,0.6753576331901799,nan,15.648792624403566,16483200
covtype,bdsvm,full,dirichlet_1.0,10,100,1,0.01,42,2,4488,0.7222,0.6254812850950587,nan,15.648792624403566,16153536
covtype,bdsvm,full,dirichlet_1.0,10,100,1,0.01,42,3,793,0.722,0.5739165764373296,nan,15.648792624403566,16400784
covtype,bdsvm,full,dirichlet_1.0,10,100,1,0.01,42,4,1582,0.7208,0.5590066390173019,nan,15.648792624403566,16400784
covtype,bdsvm,full,dirichlet_1.0,10,100,1,0.01,42,5,3208,0.7236,0.5606939213204568,nan,15.648792624403566,16318368
covtype,bdsvm,full,dirichlet_1.0,10,100,1,0.01,42,6,6003,0.721,0.5888012918489304,nan,15.648792624403566,16483200
covtype,bdsvm,full,dirichlet_1.0,10,100,1,0.01,42,7,6151,0.7218,0.675993745268668,nan,15.648792624403566,16318368
covtype,bdsvm,full,dirichlet_1.0,10,100,1,0.01,42,8,3352,0.7228,0.6676517997288307,nan,15.648792624403566,16400784
covtype,bdsvm,full,dirichlet_1.0,10,100,1,0.01,42,9,7195,0.7231,0.5776538111553694,nan,15.648792624403566,16400784
covtype,bdsvm,full,dirichlet_0.3,10,100,1,0.01,42,0,746,0.7302,0.6312565333494436,nan,9.550460831417693,16483200
covtype,bdsvm,full,dirichlet_0.3,10,100,1,0.01,42,1,3023,0.7313,0.56652743636666,nan,9.550460831417693,16483200
covtype,bdsvm,full,dirichlet_0.3,10,100,1,0.01,42,2,6249,0.7304,0.5486660746504148,nan,9.550460831417693,16153536
covtype,bdsvm,full,dirichlet_0.3,10,100,1,0.01,42,3,1084,0.7307,0.6464762405080265,nan,9.550460831417693,16400784
covtype,bdsvm,full,dirichlet_0.3,10,100,1,0.01,42,4,4177,0.7318,0.5742539427323969,nan,9.550460831417693,16400784
covtype,bdsvm,full,dirichlet_0.3,10,100,1,0.01,42,5,301,0.7305,0.6629731892159622,nan,9.550460831417693,16318368
covtype,bdsvm,full,dirichlet_0.3,10,100,1,0.01,42,6,10200,0.732,0.656723360564361,nan,9.550460831417693,16483200
covtype,bdsvm,full,dirichlet_0.3,10,100,1,0.01,42,7,4364,0.7316,0.6666809581275254,nan,9.550460831417693,16318368
covtype,bdsvm,full,dirichlet_0.3,10,100,1,0.01,42,8,3745,0.7305,0.5771196457200417,nan,9.550460831417693,16400784
covtype,bdsvm,full,dirichlet_0.3,10,100,1,0.01,42,9,6111,0.7322,0.5770551481295723,nan,9.550460831417693,16400784
covtype,bdsvm,full,dirichlet_0.1,10,100,1,0.01,42,0,111,0.7182,0.7803275701276582,nan,12.899477812159347,16483200
covtype,bdsvm,full,dirichlet_0.1,10,100,1,0.01,42,1,2160,0.7188,0.49931239521014953,nan,12.899477812159347,16483200
covtype,bdsvm,full,dirichlet_0.1,10,100,1,0.01,42,2,11171,0.7192,0.4937154040723478,nan,12.899477812159347,16153536
covtype,bdsvm,full,dirichlet_0.1,10,100,1,0.01,42,3,110,0.7206,0.6157522692310777,nan,12.899477812159347,16400784
covtype,bdsvm,full,dirichlet_0.1,10,100,1,0.01,42,4,4214,0.7167,0.5033394986107627,nan,12.899477812159347,16400784
covtype,bdsvm,full,dirichlet_0.1,10,100,1,0.01,42,5,1,0.719,1.348205727026321,nan,12.899477812159347,16318368
covtype,bdsvm,full,dirichlet_0.1,10,100,1,0.01,42,6,302,0.7174,0.6400744682203368,nan,12.899477812159347,16483200
covtype,bdsvm,full,dirichlet_0.1,10,100,1,0.01,42,7,16592,0.7224,0.7086765344534137,nan,12.899477812159347,16318368
covtype,bdsvm,full,dirichlet_0.1,10,100,1,0.01,42,8,1060,0.7202,0.5802725804449387,nan,12.899477812159347,16400784
covtype,bdsvm,full,dirichlet_0.1,10,100,1,0.01,42,9,4279,0.7198,0.6098211076440984,nan,12.899477812159347,16400784
covtype,bdsvm,full,label_skew,10,100,1,0.01,42,0,4109,0.73,0.6748475311655334,nan,14.097374688241374,16483200
covtype,bdsvm,full,label_skew,10,100,1,0.01,42,1,3892,0.7289,0.5387955137067109,nan,14.097374688241374,16483200
covtype,bdsvm,full,label_skew,10,100,1,0.01,42,2,4109,0.7295,0.6663275383706616,nan,14.097374688241374,16153536
covtype,bdsvm,full,label_skew,10,100,1,0.01,42,3,3892,0.7303,0.5350607086947629,nan,14.097374688241374,16400784
covtype,bdsvm,full,label_skew,10,100,1,0.01,42,4,4108,0.7293,0.6758012216289444,nan,14.097374688241374,16400784
covtype,bdsvm,full,label_skew,10,100,1,0.01,42,5,3892,0.7305,0.5517290739069792,nan,14.097374688241374,16318368
covtype,bdsvm,full,label_skew,10,100,1,0.01,42,6,4108,0.7301,0.6934554545382886,nan,14.097374688241374,16483200
covtype,bdsvm,full,label_skew,10,100,1,0.01,42,7,3891,0.73,0.5335971290836081,nan,14.097374688241374,16318368
covtype,bdsvm,full,label_skew,10,100,1,0.01,42,8,4108,0.731,0.6640544849949622,nan,14.097374688241374,16400784
covtype,bdsvm,full,label_skew,10,100,1,0.01,42,9,3891,0.7305,0.5191344345994678,nan,14.097374688241374,16400784
covtype,fdr_svm,ring,iid,10,100,1,0.01,42,0,4000,0.6893,0.7361404410834872,nan,0.2015450654125234,21600
covtype,fdr_svm,ring,iid,10,100,1,0.01,42,1,4000,0.6972,0.7584518400128553,nan,0.2015450654125234,21600
covtype,fdr_svm,ring,iid,10,100,1,0.01,42,2,4000,0.6894,0.7350960040983125,nan,0.2015450654125234,21600
covtype,fdr_svm,ring,iid,10,100,1,0.01,42,3,4000,0.6706,0.7561987473296901,nan,0.2015450654125234,21600
covtype,fdr_svm,ring,iid,10,100,1,0.01,42,4,4000,0.6822,0.7264603047280923,nan,0.2015450654125234,21600
covtype,fdr_svm,ring,iid,10,100,1,0.01,42,5,4000,0.6675,0.7394736043267935,nan,0.2015450654125234,21600
covtype,fdr_svm,ring,iid,10,100,1,0.01,42,6,4000,0.6804,0.7265029260588224,nan,0.2015450654125234,21600
covtype,fdr_svm,ring,iid,10,100,1,0.01,42,7,4000,0.6955,0.7352840184446623,nan,0.2015450654125234,21600
covtype,fdr_svm,ring,iid,10,100,1,0.01,42,8,4000,0.6871,0.7299047416246354,nan,0.2015450654125234,21600
covtype,fdr_svm,ring,iid,10,100,1,0.01,42,9,4000,0.6701,0.7036773141289278,nan,0.2015450654125234,21600
covtype,fdr_svm,ring,dirichlet_1.0,10,100,1,0.01,42,0,4326,0.5472,0.4614449265856933,nan,0.5053061564922159,21600
covtype,fdr_svm,ring,dirichlet_1.0,10,100,1,0.01,42,1,2902,0.5159,0.2823809159306038,nan,0.5053061564922159,21600
covtype,fdr_svm,ring,dirichlet_1.0,10,100,1,0.01,42,2,4488,0.5159,0.6167048980531841,nan,0.5053061564922159,21600
covtype,fdr_svm,ring,dirichlet_1.0,10,100,1,0.01,42,3,793,0.6312,0.7564667426870296,nan,0.5053061564922159,21600
covtype,fdr_svm,ring,dirichlet_1.0,10,100,1,0.01,42,4,1582,0.5362,0.4485741355087267,nan,0.5053061564922159,21600
covtype,fdr_svm,ring,dirichlet_1.0,10,100,1,0.01,42,5,3208,0.5391,0.3481571206070291,nan,0.5053061564922159,21600
covtype,fdr_svm,ring,dirichlet_1.0,10,100,1,0.01,42,6,6003,0.5413,0.653755075369654,nan,0.5053061564922159,21600
covtype,fdr_svm,ring,dirichlet_1.0,10,100,1,0.01,42,7,6151,0.5172,0.4241581994786738,nan,0.5053061564922159,21600
covtype,fdr_svm,ring,dirichlet_1.0,10,100,1,0.01,42,8,3352,0.5159,0.15097708703397972,nan,0.5053061564922159,21600
covtype,fdr_svm,ring,dirichlet_1.0,10,100,1,0.01,42,9,7195,0.6422,0.7672873966335696,nan,0.5053061564922159,21600
covtype,fdr_svm,ring,dirichlet_0.3,10,100,1,0.01,42,0,746,0.5378,1.7052173471581025,nan,0.6711773325993851,21600
covtype,fdr_svm,ring,dirichlet_0.3,10,100,1,0.01,42,1,3023,0.4841,0.24968138572578957,nan,0.6711773325993851,21600
covtype,fdr_svm,ring,dirichlet_0.3,10,100,1,0.01,42,2,6249,0.4841,0.0034377885962013862,nan,0.6711773325993851,21600
covtype,fdr_svm,ring,dirichlet_0.3,10,100,1,0.01,42,3,1084,0.4841,1.506052555061331,nan,0.6711773325993851,21600
covtype,fdr_svm,ring,dirichlet_0.3,10,100,1,0.01,42,4,4177,0.4841,0.32861363935242677,nan,0.6711773325993851,21600
covtype,fdr_svm,ring,dirichlet_0.3,10,100,1,0.01,42,5,301,0.5159,0.9181002882824149,nan,0.6711773325993851,21600
covtype,fdr_svm,ring,dirichlet_0.3,10,100,1,0.01,42,6,10200,0.5159,0.003087415689724616,nan,0.6711773325993851,21600
covtype,fdr_svm,ring,dirichlet_0.3,10,100,1,0.01,42,7,4364,0.5159,0.09529238836095232,nan,0.6711773325993851,21600
covtype,fdr_svm,ring,dirichlet_0.3,10,100,1,0.01,42,8,3745,0.5159,1.196463898584415,nan,0.6711773325993851,21600
covtype,fdr_svm,ring,dirichlet_0.3,10,100,1,0.01,42,9,6111,0.5466,0.6653081873574846,nan,0.6711773325993851,21600
covtype,fdr_svm,ring,dirichlet_0.1,10,100,1,0.01,42,0,111,0.5739,0.7482980088819441,nan,0.632684898510008,21600
covtype,fdr_svm,ring,dirichlet_0.1,10,100,1,0.01,42,1,2160,0.4841,0.014215868397416434,nan,0.632684898510008,21600
covtype,fdr_svm,ring,dirichlet_0.1,10,100,1,0.01,42,2,11171,0.4841,0.00011581587914010621,nan,0.632684898510008,21600
covtype,fdr_svm,ring,dirichlet_0.1,10,100,1,0.01,42,3,110,0.4841,1.8600389696838056,nan,0.632684898510008,21600
covtype,fdr_svm,ring,dirichlet_0.1,10,100,1,0.01,42,4,4214,0.4841,0.04100243884004876,nan,0.632684898510008,21600
covtype,fdr_svm,ring,dirichlet_0.1,10,100,1,0.01,42,5,1,0.5159,0.0,nan,0.632684898510008,21600
covtype,fdr_svm,ring,dirichlet_0.1,10,100,1,0.01,42,6,302,0.5159,0.001093325934275532,nan,0.632684898510008,21600
covtype,fdr_svm,ring,dirichlet_0.1,10,100,1,0.01,42,7,16592,0.5159,0.00025201182711775564,nan,0.632684898510008,21600
covtype,fdr_svm,ring,dirichlet_0.1,10,100,1,0.01,42,8,1060,0.5159,0.7375418927073949,nan,0.632684898510008,21600
covtype,fdr_svm,ring,dirichlet_0.1,10,100,1,0.01,42,9,4279,0.5159,0.7556295365919551,nan,0.632684898510008,21600
covtype,fdr_svm,ring,label_skew,10,100,1,0.01,42,0,4109,0.5893,1.4379380077307518,nan,0.5593141688200866,21600
covtype,fdr_svm,ring,label_skew,10,100,1,0.01,42,1,3892,0.6529,0.5005799335365286,nan,0.5593141688200866,21600
covtype,fdr_svm,ring,label_skew,10,100,1,0.01,42,2,4109,0.5159,0.0,nan,0.5593141688200866,21600
covtype,fdr_svm,ring,label_skew,10,100,1,0.01,42,3,3892,0.5357,1.7782786131478614,nan,0.5593141688200866,21600
covtype,fdr_svm,ring,label_skew,10,100,1,0.01,42,4,4108,0.6716,0.5989810572335676,nan,0.5593141688200866,21600
covtype,fdr_svm,ring,label_skew,10,100,1,0.01,42,5,3892,0.6602,0.46460452580205597,nan,0.5593141688200866,21600
covtype,fdr_svm,ring,label_skew,10,100,1,0.01,42,6,4108,0.5159,1.445687339090593e-05,nan,0.5593141688200866,21600
covtype,fdr_svm,ring,label_skew,10,100,1,0.01,42,7,3891,0.6625,0.48426298106193416,nan,0.5593141688200866,21600
covtype,fdr_svm,ring,label_skew,10,100,1,0.01,42,8,4108,0.6342,0.7495456977268159,nan,0.5593141688200866,21600
covtype,fdr_svm,ring,label_skew,10,100,1,0.01,42,9,3891,0.6603,0.49431149333995,nan,0.5593141688200866,21600
covtype,fdr_svm,random_kout,iid,10,100,1,0.01,42,0,4000,0.6777,0.7301237065585412,nan,0.3390014628488145,21600
covtype,fdr_svm,random_kout,iid,10,100,1,0.01,42,1,4000,0.6773,0.7639855734464552,nan,0.3390014628488145,21600
covtype,fdr_svm,random_kout,iid,10,100,1,0.01,42,2,4000,0.657,0.7183856515558191,nan,0.3390014628488145,21600
covtype,fdr_svm,random_kout,iid,10,100,1,0.01,42,3,4000,0.69,0.751190841661877,nan,0.3390014628488145,21600
covtype,fdr_svm,random_kout,iid,10,100,1,0.01,42,4,4000,0.6723,0.75317453060265,nan,0.3390014628488145,21600
covtype,fdr_svm,random_kout,iid,10,100,1,0.01,42,5,4000,0.6945,0.7265250954765311,nan,0.3390014628488145,21600
covtype,fdr_svm,random_kout,iid,10,100,1,0.01,42,6,4000,0.6802,0.7283274942375965,nan,0.3390014628488145,21600
covtype,fdr_svm,random_kout,iid,10,100,1,0.01,42,7,4000,0.6705,0.72445309532636,nan,0.3390014628488145,21600
covtype,fdr_svm,random_kout,iid,10,100,1,0.01,42,8,4000,0.6886,0.7315172584061705,nan,0.3390014628488145,21600
covtype,fdr_svm,random_kout,iid,10,100,1,0.01,42,9,4000,0.6948,0.6900135942388438,nan,0.3390014628488145,21600
covtype,fdr_svm,random_kout,dirichlet_1.0,10,100,1,0.01,42,0,4326,0.4847,0.3935681797626332,nan,0.8392582435306627,21600
covtype,fdr_svm,random_kout,dirichlet_1.0,10,100,1,0.01,42,1,2902,0.5717,0.6715389102370891,nan,0.8392582435306627,21600
covtype,fdr_svm,random_kout,dirichlet_1.0,10,100,1,0.01,42,2,4488,0.5159,0.6228463535662159,nan,0.8392582435306627,21600
covtype,fdr_svm,random_kout,dirichlet_1.0,10,100,1,0.01,42,3,793,0.4853,0.41078486659736585,nan,0.8392582435306627,21600
covtype,fdr_svm,random_kout,dirichlet_1.0,10,100,1,0.01,42,4,1582,0.6505,0.8905440530211024,nan,0.8392582435306627,21600
covtype,fdr_svm,random_kout,dirichlet_1.0,10,100,1,0.01,42,5,3208,0.4849,0.33091584031313936,nan,0.8392582435306627,21600
covtype,fdr_svm,random_kout,dirichlet_1.0,10,100,1,0.01,42,6,6003,0.6179,0.6113648364637452,nan,0.8392582435306627,21600
covtype,fdr_svm,random_kout,dirichlet_1.0,10,100,1,0.01,42,7,6151,0.5159,0.2750979195992392,nan,0.8392582435306627,21600
covtype,fdr_svm,random_kout,dirichlet_1.0,10,100,1,0.01,42,8,3352,0.5159,0.18863665618372713,nan,0.8392582435306627,21600
covtype,fdr_svm,random_kout,dirichlet_1.0,10,100,1,0.01,42,9,7195,0.6843,0.7974002439957405,nan,0.8392582435306627,21600
covtype,fdr_svm,random_kout,dirichlet_0.3,10,100,1,0.01,42,0,746,0.5159,0.0,nan,0.6512795659745302,21600
covtype,fdr_svm,random_kout,dirichlet_0.3,10,100,1,0.01,42,1,3023,0.5111,0.2688262448978637,nan,0.6512795659745302,21600
covtype,fdr_svm,random_kout,dirichlet_0.3,10,100,1,0.01,42,2,6249,0.5654,0.37741711504297987,nan,0.6512795659745302,21600
covtype,fdr_svm,random_kout,dirichlet_0.3,10,100,1,0.01,42,3,1084,0.5204,1.2111933318712043,nan,0.6512795659745302,21600
covtype,fdr_svm,random_kout,dirichlet_0.3,10,100,1,0.01,42,4,4177,0.5292,0.3225263467992728,nan,0.6512795659745302,21600
covtype,fdr_svm,random_kout,dirichlet_0.3,10,100,1,0.01,42,5,301,0.5189,0.8635721947406844,nan,0.6512795659745302,21600
covtype,fdr_svm,random_kout,dirichlet_0.3,10,100,1,0.01,42,6,10200,0.5227,0.08748307184283803,nan,0.6512795659745302,21600
covtype,fdr_svm,random_kout,dirichlet_0.3,10,100,1,0.01,42,7,4364,0.5159,0.1196505865203223,nan,0.6512795659745302,21600
covtype,fdr_svm,random_kout,dirichlet_0.3,10,100,1,0.01,42,8,3745,0.5407,0.7008013198681111,nan,0.6512795659745302,21600
covtype,fdr_svm,random_kout,dirichlet_0.3,10,100,1,0.01,42,9,6111,0.5149,0.6639650866472082,nan,0.6512795659745302,21600
covtype,fdr_svm,random_kout,dirichlet_0.1,10,100,1,0.01,42,0,111,0.5159,0.0,nan,0.9581176867849767,21600
covtype,fdr_svm,random_kout,dirichlet_0.1,10,100,1,0.01,42,1,2160,0.4841,0.019410073577053204,nan,0.9581176867849767,21600
covtype,fdr_svm,random_kout,dirichlet_0.1,10,100,1,0.01,42,2,11171,0.5159,3.11081677968773,nan,0.9581176867849767,21600
covtype,fdr_svm,random_kout,dirichlet_0.1,10,100,1,0.01,42,3,110,0.4841,1.9912909172378948,nan,0.9581176867849767,21600
covtype,fdr_svm,random_kout,dirichlet_0.1,10,100,1,0.01,42,4,4214,0.4841,0.045614283318557866,nan,0.9581176867849767,21600
covtype,fdr_svm,random_kout,dirichlet_0.1,10,100,1,0.01,42,5,1,0.5159,0.0,nan,0.9581176867849767,21600
covtype,fdr_svm,random_kout,dirichlet_0.1,10,100,1,0.01,42,6,302,0.5572,0.12001947380194719,nan,0.9581176867849767,21600
covtype,fdr_svm,random_kout,dirichlet_0.1,10,100,1,0.01,42,7,16592,0.5159,0.0002104258520835813,nan,0.9581176867849767,21600
covtype,fdr_svm,random_kout,dirichlet_0.1,10,100,1,0.01,42,8,1060,0.5572,0.6840176643359052,nan,0.9581176867849767,21600
covtype,fdr_svm,random_kout,dirichlet_0.1,10,100,1,0.01,42,9,4279,0.5572,0.6888252913272016,nan,0.9581176867849767,21600
covtype,fdr_svm,random_kout,label_skew,10,100,1,0.01,42,0,4109,0.5159,0.0,nan,0.8759052995861886,21600
covtype,fdr_svm,random_kout,label_skew,10,100,1,0.01,42,1,3892,0.5929,0.2311080877983738,nan,0.8759052995861886,21600
covtype,fdr_svm,random_kout,label_skew,10,100,1,0.01,42,2,4109,0.4847,2.343128369115532,nan,0.8759052995861886,21600
covtype,fdr_svm,random_kout,label_skew,10,100,1,0.01,42,3,3892,0.6359,0.3309536428074454,nan,0.8759052995861886,21600
covtype,fdr_svm,random_kout,label_skew,10,100,1,0.01,42,4,4108,0.5274,2.1342135155617012,nan,0.8759052995861886,21600
covtype,fdr_svm,random_kout,label_skew,10,100,1,0.01,42,5,3892,0.4841,0.000452235935758664,nan,0.8759052995861886,21600
covtype,fdr_svm,random_kout,label_skew,10,100,1,0.01,42,6,4108,0.6075,0.4955321822461964,nan,0.8759052995861886,21600
covtype,fdr_svm,random_kout,label_skew,10,100,1,0.01,42,7,3891,0.4841,0.0,nan,0.8759052995861886,21600
covtype,fdr_svm,random_kout,label_skew,10,100,1,0.01,42,8,4108,0.5159,0.0,nan,0.8759052995861886,21600
covtype,fdr_svm,random_kout,label_skew,10,100,1,0.01,42,9,3891,0.64,0.5231239806159896,nan,0.8759052995861886,21600
covtype,fdr_svm,full,iid,10,100,1,0.01,42,0,4000,0.6642,0.7387739020806742,nan,0.18858007932473736,21600
covtype,fdr_svm,full,iid,10,100,1,0.01,42,1,4000,0.6873,0.760496190279418,nan,0.18858007932473736,21600
covtype,fdr_svm,full,iid,10,100,1,0.01,42,2,4000,0.6822,0.7305690528997852,nan,0.18858007932473736,21600
covtype,fdr_svm,full,iid,10,100,1,0.01,42,3,4000,0.674,0.7659415449668259,nan,0.18858007932473736,21600
covtype,fdr_svm,full,iid,10,100,1,0.01,42,4,4000,0.6942,0.7422235720936774,nan,0.18858007932473736,21600
covtype,fdr_svm,full,iid,10,100,1,0.01,42,5,4000,0.6763,0.7287163200047617,nan,0.18858007932473736,21600
covtype,fdr_svm,full,iid,10,100,1,0.01,42,6,4000,0.6568,0.7497557145134204,nan,0.18858007932473736,21600
covtype,fdr_svm,full,iid,10,100,1,0.01,42,7,4000,0.6758,0.7372391460616096,nan,0.18858007932473736,21600
covtype,fdr_svm,full,iid,10,100,1,0.01,42,8,4000,0.6899,0.7355249128074094,nan,0.18858007932473736,21600
covtype,fdr_svm,full,iid,10,100,1,0.01,42,9,4000,0.689,0.7029862546825121,nan,0.18858007932473736,21600
covtype,fdr_svm,full,dirichlet_1.0,10,100,1,0.01,42,0,4326,0.516,0.4160173117122658,nan,0.5032680852100605,21600
covtype,fdr_svm,full,dirichlet_1.0,10,100,1,0.01,42,1,2902,0.5159,0.29173767075589985,nan,0.5032680852100605,21600
covtype,fdr_svm,full,dirichlet_1.0,10,100,1,0.01,42,2,4488,0.6631,0.8554112650378294,nan,0.5032680852100605,21600
covtype,fdr_svm,full,dirichlet_1.0,10,100,1,0.01,42,3,793,0.5145,0.38740808663896253,nan,0.5032680852100605,21600
covtype,fdr_svm,full,dirichlet_1.0,10,100,1,0.01,42,4,1582,0.5159,1.4150402516686056,nan,0.5032680852100605,21600
covtype,fdr_svm,full,dirichlet_1.0,10,100,1,0.01,42,5,3208,0.6469,0.6991922209498161,nan,0.5032680852100605,21600
covtype,fdr_svm,full,dirichlet_1.0,10,100,1,0.01,42,6,6003,0.5448,0.6570745144308007,nan,0.5032680852100605,21600
covtype,fdr_svm,full,dirichlet_1.0,10,100,1,0.01,42,7,6151,0.5159,0.33252399396022553,nan,0.5032680852100605,21600
covtype,fdr_svm,full,dirichlet_1.0,10,100,1,0.01,42,8,3352,0.5998,0.5309942967901297,nan,0.5032680852100605,21600
covtype,fdr_svm,full,dirichlet_1.0,10,100,1,0.01,42,9,7195,0.5462,0.6201843310652331,nan,0.5032680852100605,21600
covtype,fdr_svm,full,dirichlet_0.3,10,100,1,0.01,42,0,746,0.5159,0.0,nan,0.5762464290178456,21600
covtype,fdr_svm,full,dirichlet_0.3,10,100,1,0.01,42,1,3023,0.4901,0.26606066304707854,nan,0.5762464290178456,21600
covtype,fdr_svm,full,dirichlet_0.3,10,100,1,0.01,42,2,6249,0.5029,0.047600977597369316,nan,0.5762464290178456,21600
covtype,fdr_svm,full,dirichlet_0.3,10,100,1,0.01,42,3,1084,0.5159,0.676103495667877,nan,0.5762464290178456,21600
covtype,fdr_svm,full,dirichlet_0.3,10,100,1,0.01,42,4,4177,0.5175,1.2718947670735687,nan,0.5762464290178456,21600
covtype,fdr_svm,full,dirichlet_0.3,10,100,1,0.01,42,5,301,0.5159,1.7169379858276386,nan,0.5762464290178456,21600
covtype,fdr_svm,full,dirichlet_0.3,10,100,1,0.01,42,6,10200,0.5159,0.04280286545079243,nan,0.5762464290178456,21600
covtype,fdr_svm,full,dirichlet_0.3,10,100,1,0.01,42,7,4364,0.5159,0.14571445116107667,nan,0.5762464290178456,21600
covtype,fdr_svm,full,dirichlet_0.3,10,100,1,0.01,42,8,3745,0.5159,1.3699762714272903,nan,0.5762464290178456,21600
covtype,fdr_svm,full,dirichlet_0.3,10,100,1,0.01,42,9,6111,0.5406,0.67960433368674,nan,0.5762464290178456,21600
covtype,fdr_svm,full,dirichlet_0.1,10,100,1,0.01,42,0,111,0.5159,0.0,nan,0.7080928105306301,21600
covtype,fdr_svm,full,dirichlet_0.1,10,100,1,0.01,42,1,2160,0.4841,0.01858920895551404,nan,0.7080928105306301,21600
covtype,fdr_svm,full,dirichlet_0.1,10,100,1,0.01,42,2,11171,0.4841,0.026933056752291015,nan,0.7080928105306301,21600
covtype,fdr_svm,full,dirichlet_0.1,10,100,1,0.01,42,3,110,0.5159,0.10521852899230603,nan,0.7080928105306301,21600
covtype,fdr_svm,full,dirichlet_0.1,10,100,1,0.01,42,4,4214,0.5159,2.1228644359448037,nan,0.7080928105306301,21600
covtype,fdr_svm,full,dirichlet_0.1,10,100,1,0.01,42,5,1,0.5159,0.0,nan,0.7080928105306301,21600
covtype,fdr_svm,full,dirichlet_0.1,10,100,1,0.01,42,6,302,0.4841,2.3127746183999673,nan,0.7080928105306301,21600
covtype,fdr_svm,full,dirichlet_0.1,10,100,1,0.01,42,7,16592,0.5159,0.00017075626348804488,nan,0.7080928105306301,21600
covtype,fdr_svm,full,dirichlet_0.1,10,100,1,0.01,42,8,1060,0.5159,0.7303985400106815,nan,0.7080928105306301,21600
covtype,fdr_svm,full,dirichlet_0.1,10,100,1,0.01,42,9,4279,0.5159,0.7447543245388368,nan,0.7080928105306301,21600
covtype,fdr_svm,full,label_skew,10,100,1,0.01,42,0,4109,0.5159,0.0,nan,1.019998571619977,21600
covtype,fdr_svm,full,label_skew,10,100,1,0.01,42,1,3892,0.4841,0.0,nan,1.019998571619977,21600
covtype,fdr_svm,full,label_skew,10,100,1,0.01,42,2,4109,0.6305,0.5585927888694626,nan,1.019998571619977,21600
covtype,fdr_svm,full,label_skew,10,100,1,0.01,42,3,3892,0.4841,0.0,nan,1.019998571619977,21600
covtype,fdr_svm,full,label_skew,10,100,1,0.01,42,4,4108,0.63,0.5651868057511171,nan,1.019998571619977,21600
covtype,fdr_svm,full,label_skew,10,100,1,0.01,42,5,3892,0.4841,1.8277732983284462e-05,nan,1.019998571619977,21600
covtype,fdr_svm,full,label_skew,10,100,1,0.01,42,6,4108,0.5159,0.0,nan,1.019998571619977,21600
covtype,fdr_svm,full,label_skew,10,100,1,0.01,42,7,3891,0.6208,0.6284980746729568,nan,1.019998571619977,21600
covtype,fdr_svm,full,label_skew,10,100,1,0.01,42,8,4108,0.6061,0.44511957905336336,nan,1.019998571619977,21600
covtype,fdr_svm,full,label_skew,10,100,1,0.01,42,9,3891,0.4841,0.0,nan,1.019998571619977,21600
covtype,fedssl_amc,ring,iid,10,100,1,0.01,42,0,4000,0.6363,0.7428332431313186,nan,1.3828788277873716e-05,380752
covtype,fedssl_amc,ring,iid,10,100,1,0.01,42,1,4000,0.6376,0.7737425050846772,nan,1.3828788277873716e-05,380752
covtype,fedssl_amc,ring,iid,10,100,1,0.01,42,2,4000,0.6393,0.7249388172463528,nan,1.3828788277873716e-05,380752
covtype,fedssl_amc,ring,iid,10,100,1,0.01,42,3,4000,0.6394,0.766882765841696,nan,1.3828788277873716e-05,380752
covtype,fedssl_amc,ring,iid,10,100,1,0.01,42,4,4000,0.628,0.7507691248256693,nan,1.3828788277873716e-05,380752
covtype,fedssl_amc,ring,iid,10,100,1,0.01,42,5,4000,0.6255,0.7395262425554672,nan,1.3828788277873716e-05,380752
covtype,fedssl_amc,ring,iid,10,100,1,0.01,42,6,4000,0.6104,0.7868405710442241,nan,1.3828788277873716e-05,380752
covtype,fedssl_amc,ring,iid,10,100,1,0.01,42,7,4000,0.6108,0.7704558790070999,nan,1.3828788277873716e-05,380752
covtype,fedssl_amc,ring,iid,10,100,1,0.01,42,8,4000,0.612,0.7585515491760971,nan,1.3828788277873716e-05,380752
covtype,fedssl_amc,ring,iid,10,100,1,0.01,42,9,4000,0.6342,0.738080555975995,nan,1.3828788277873716e-05,380752
covtype,fedssl_amc,ring,dirichlet_1.0,10,100,1,0.01,42,0,4326,0.6875,0.6002226869731583,nan,1.494193116063051e-05,380752
covtype,fedssl_amc,ring,dirichlet_1.0,10,100,1,0.01,42,1,2902,0.6899,0.9300140669666388,nan,1.494193116063051e-05,380752
covtype,fedssl_amc,ring,dirichlet_1.0,10,100,1,0.01,42,2,4488,0.688,0.8408538953957289,nan,1.494193116063051e-05,380752
covtype,fedssl_amc,ring,dirichlet_1.0,10,100,1,0.01,42,3,793,0.6879,0.6149428202462331,nan,1.494193116063051e-05,380752
covtype,fedssl_amc,ring,dirichlet_1.0,10,100,1,0.01,42,4,1582,0.6809,0.6170090353844561,nan,1.494193116063051e-05,380752
covtype,fedssl_amc,ring,dirichlet_1.0,10,100,1,0.01,42,5,3208,0.6815,0.5998517206271543,nan,1.494193116063051e-05,380752
covtype,fedssl_amc,ring,dirichlet_1.0,10,100,1,0.01,42,6,6003,0.6794,0.6872346813970276,nan,1.494193116063051e-05,380752
covtype,fedssl_amc,ring,dirichlet_1.0,10,100,1,0.01,42,7,6151,0.6799,0.9337300974759847,nan,1.494193116063051e-05,380752
covtype,fedssl_amc,ring,dirichlet_1.0,10,100,1,0.01,42,8,3352,0.6804,0.9552688689727874,nan,1.494193116063051e-05,380752
covtype,fedssl_amc,ring,dirichlet_1.0,10,100,1,0.01,42,9,7195,0.6843,0.6713733500478842,nan,1.494193116063051e-05,380752
covtype,fedssl_amc,ring,dirichlet_0.3,10,100,1,0.01,42,0,746,0.5938,1.1999838536799239,nan,2.737013998607348e-05,380752
covtype,fedssl_amc,ring,dirichlet_0.3,10,100,1,0.01,42,1,3023,0.5942,0.5380246878081096,nan,2.737013998607348e-05,380752
covtype,fedssl_amc,ring,dirichlet_0.3,10,100,1,0.01,42,2,6249,0.5943,0.44809779851362563,nan,2.737013998607348e-05,380752
covtype,fedssl_amc,ring,dirichlet_0.3,10,100,1,0.01,42,3,1084,0.5942,0.9714389014470377,nan,2.737013998607348e-05,380752
covtype,fedssl_amc,ring,dirichlet_0.3,10,100,1,0.01,42,4,4177,0.5906,0.5686815780222052,nan,2.737013998607348e-05,380752
covtype,fedssl_amc,ring,dirichlet_0.3,10,100,1,0.01,42,5,301,0.5889,0.8689229218549852,nan,2.737013998607348e-05,380752
covtype,fedssl_amc,ring,dirichlet_0.3,10,100,1,0.01,42,6,10200,0.5846,1.2431372531837481,nan,2.737013998607348e-05,380752
covtype,fedssl_amc,ring,dirichlet_0.3,10,100,1,0.01,42,7,4364,0.5849,1.213484473422986,nan,2.737013998607348e-05,380752
covtype,fedssl_amc,ring,dirichlet_0.3,10,100,1,0.01,42,8,3745,0.5858,0.7140033433683185,nan,2.737013998607348e-05,380752
covtype,fedssl_amc,ring,dirichlet_0.3,10,100,1,0.01,42,9,6111,0.5928,0.7082258241292215,nan,2.737013998607348e-05,380752
covtype,fedssl_amc,ring,dirichlet_0.1,10,100,1,0.01,42,0,111,0.5262,0.654732573004355,nan,2.6818792798248403e-05,380752
covtype,fedssl_amc,ring,dirichlet_0.1,10,100,1,0.01,42,1,2160,0.5269,1.2301559909731068,nan,2.6818792798248403e-05,380752
covtype,fedssl_amc,ring,dirichlet_0.1,10,100,1,0.01,42,2,11171,0.5275,1.2355853293319896,nan,2.6818792798248403e-05,380752
covtype,fedssl_amc,ring,dirichlet_0.1,10,100,1,0.01,42,3,110,0.5274,0.6580310300867009,nan,2.6818792798248403e-05,380752
covtype,fedssl_amc,ring,dirichlet_0.1,10,100,1,0.01,42,4,4214,0.5268,1.2218776450159545,nan,2.6818792798248403e-05,380752
covtype,fedssl_amc,ring,dirichlet_0.1,10,100,1,0.01,42,5,1,0.5267,0.5901386813578777,nan,2.6818792798248403e-05,380752
covtype,fedssl_amc,ring,dirichlet_0.1,10,100,1,0.01,42,6,302,0.5258,0.6377194092051737,nan,2.6818792798248403e-05,380752
covtype,fedssl_amc,ring,dirichlet_0.1,10,100,1,0.01,42,7,16592,0.5258,0.6480605393046814,nan,2.6818792798248403e-05,380752
covtype,fedssl_amc,ring,dirichlet_0.1,10,100,1,0.01,42,8,1060,0.5262,0.8523350349271052,nan,2.6818792798248403e-05,380752
covtype,fedssl_amc,ring,dirichlet_0.1,10,100,1,0.01,42,9,4279,0.5255,0.8628924398686085,nan,2.6818792798248403e-05,380752
covtype,fedssl_amc,ring,label_skew,10,100,1,0.01,42,0,4109,0.4841,1.0,nan,0.0,380752
covtype,fedssl_amc,ring,label_skew,10,100,1,0.01,42,1,3892,0.4841,1.0,nan,0.0,380752
covtype,fedssl_amc,ring,label_skew,10,100,1,0.01,42,2,4109,0.4841,1.0,nan,0.0,380752
covtype,fedssl_amc,ring,label_skew,10,100,1,0.01,42,3,3892,0.4841,1.0,nan,0.0,380752
covtype,fedssl_amc,ring,label_skew,10,100,1,0.01,42,4,4108,0.4841,1.0,nan,0.0,380752
covtype,fedssl_amc,ring,label_skew,10,100,1,0.01,42,5,3892,0.4841,1.0,nan,0.0,380752
covtype,fedssl_amc,ring,label_skew,10,100,1,0.01,42,6,4108,0.4841,1.0,nan,0.0,380752
covtype,fedssl_amc,ring,label_skew,10,100,1,0.01,42,7,3891,0.4841,1.0,nan,0.0,380752
covtype,fedssl_amc,ring,label_skew,10,100,1,0.01,42,8,4108,0.4841,1.0,nan,0.0,380752
covtype,fedssl_amc,ring,label_skew,10,100,1,0.01,42,9,3891,0.4841,1.0,nan,0.0,380752
covtype,fedssl_amc,random_kout,iid,10,100,1,0.01,42,0,4000,0.6218,0.7539184220557698,nan,3.642525204665472,380752
covtype,fedssl_amc,random_kout,iid,10,100,1,0.01,42,1,4000,0.6218,0.7854097666119522,nan,3.642525204665472,380752
covtype,fedssl_amc,random_kout,iid,10,100,1,0.01,42,2,4000,0.6218,0.7354073391928518,nan,3.642525204665472,380752
covtype,fedssl_amc,random_kout,iid,10,100,1,0.01,42,3,4000,0.6218,0.7804645851460639,nan,3.642525204665472,380752
covtype,fedssl_amc,random_kout,iid,10,100,1,0.01,42,4,4000,0.6218,0.7561083205542259,nan,3.642525204665472,380752
covtype,fedssl_amc,random_kout,iid,10,100,1,0.01,42,5,4000,0.6218,0.7413275093367155,nan,3.642525204665472,380752
covtype,fedssl_amc,random_kout,iid,10,100,1,0.01,42,6,4000,0.7069,0.7034656237049721,nan,3.642525204665472,380752
covtype,fedssl_amc,random_kout,iid,10,100,1,0.01,42,7,4000,0.6218,0.7506923003864929,nan,3.642525204665472,380752
covtype,fedssl_amc,random_kout,iid,10,100,1,0.01,42,8,4000,0.7069,0.6940953737986584,nan,3.642525204665472,380752
covtype,fedssl_amc,random_kout,iid,10,100,1,0.01,42,9,4000,0.7069,0.6906098218302213,nan,3.642525204665472,380752
covtype,fedssl_amc,random_kout,dirichlet_1.0,10,100,1,0.01,42,0,4326,0.6918,0.6185774474867232,nan,2.846075197581096,380752
covtype,fedssl_amc,random_kout,dirichlet_1.0,10,100,1,0.01,42,1,2902,0.6918,0.9266301774470305,nan,2.846075197581096,380752
covtype,fedssl_amc,random_kout,dirichlet_1.0,10,100,1,0.01,42,2,4488,0.6918,0.8419774542587158,nan,2.846075197581096,380752
covtype,fedssl_amc,random_kout,dirichlet_1.0,10,100,1,0.01,42,3,793,0.6918,0.6309457778848127,nan,2.846075197581096,380752
covtype,fedssl_amc,random_kout,dirichlet_1.0,10,100,1,0.01,42,4,1582,0.6918,0.6354363424722541,nan,2.846075197581096,380752
covtype,fedssl_amc,random_kout,dirichlet_1.0,10,100,1,0.01,42,5,3208,0.6918,0.6185181338450569,nan,2.846075197581096,380752
covtype,fedssl_amc,random_kout,dirichlet_1.0,10,100,1,0.01,42,6,6003,0.6249,0.609796192723352,nan,2.846075197581096,380752
covtype,fedssl_amc,random_kout,dirichlet_1.0,10,100,1,0.01,42,7,6151,0.6918,0.9309978403412484,nan,2.846075197581096,380752
covtype,fedssl_amc,random_kout,dirichlet_1.0,10,100,1,0.01,42,8,3352,0.6249,1.15489573054276,nan,2.846075197581096,380752
covtype,fedssl_amc,random_kout,dirichlet_1.0,10,100,1,0.01,42,9,7195,0.6249,0.5911705449377764,nan,2.846075197581096,380752
covtype,fedssl_amc,random_kout,dirichlet_0.3,10,100,1,0.01,42,0,746,0.4901,1.5649628201394277,nan,1.113038383503971,380752
covtype,fedssl_amc,random_kout,dirichlet_0.3,10,100,1,0.01,42,1,3023,0.4901,0.38033019565121484,nan,1.113038383503971,380752
covtype,fedssl_amc,random_kout,dirichlet_0.3,10,100,1,0.01,42,2,6249,0.4901,0.21691516122143153,nan,1.113038383503971,380752
covtype,fedssl_amc,random_kout,dirichlet_0.3,10,100,1,0.01,42,3,1084,0.4901,1.1302641153787685,nan,1.113038383503971,380752
covtype,fedssl_amc,random_kout,dirichlet_0.3,10,100,1,0.01,42,4,4177,0.4901,0.4348142803103291,nan,1.113038383503971,380752
covtype,fedssl_amc,random_kout,dirichlet_0.3,10,100,1,0.01,42,5,301,0.4901,0.9464488480222123,nan,1.113038383503971,380752
covtype,fedssl_amc,random_kout,dirichlet_0.3,10,100,1,0.01,42,6,10200,0.6972,0.7518120324035004,nan,1.113038383503971,380752
covtype,fedssl_amc,random_kout,dirichlet_0.3,10,100,1,0.01,42,7,4364,0.4901,1.5183452456862017,nan,1.113038383503971,380752
covtype,fedssl_amc,random_kout,dirichlet_0.3,10,100,1,0.01,42,8,3745,0.6972,0.918086797767635,nan,1.113038383503971,380752
covtype,fedssl_amc,random_kout,dirichlet_0.3,10,100,1,0.01,42,9,6111,0.6972,0.9230180378378519,nan,1.113038383503971,380752
covtype,fedssl_amc,random_kout,dirichlet_0.1,10,100,1,0.01,42,0,111,0.5159,0.2848600691760793,nan,2.774070961908355,380752
covtype,fedssl_amc,random_kout,dirichlet_0.1,10,100,1,0.01,42,1,2160,0.5159,1.7131070562867596,nan,2.774070961908355,380752
covtype,fedssl_amc,random_kout,dirichlet_0.1,10,100,1,0.01,42,2,11171,0.5159,1.7241625651044166,nan,2.774070961908355,380752
covtype,fedssl_amc,random_kout,dirichlet_0.1,10,100,1,0.01,42,3,110,0.5159,0.3455732883752032,nan,2.774070961908355,380752
covtype,fedssl_amc,random_kout,dirichlet_0.1,10,100,1,0.01,42,4,4214,0.5159,1.6978780486417524,nan,2.774070961908355,380752
covtype,fedssl_amc,random_kout,dirichlet_0.1,10,100,1,0.01,42,5,1,0.5159,0.16081349563371483,nan,2.774070961908355,380752
covtype,fedssl_amc,random_kout,dirichlet_0.1,10,100,1,0.01,42,6,302,0.5979,1.3025348315387137,nan,2.774070961908355,380752
covtype,fedssl_amc,random_kout,dirichlet_0.1,10,100,1,0.01,42,7,16592,0.5159,0.27498591737475386,nan,2.774070961908355,380752
covtype,fedssl_amc,random_kout,dirichlet_0.1,10,100,1,0.01,42,8,1060,0.5979,0.8963658515690518,nan,2.774070961908355,380752
covtype,fedssl_amc,random_kout,dirichlet_0.1,10,100,1,0.01,42,9,4279,0.5979,0.9032420971836218,nan,2.774070961908355,380752
covtype,fedssl_amc,random_kout,label_skew,10,100,1,0.01,42,0,4109,0.4841,1.0,nan,0.0,380752
covtype,fedssl_amc,random_kout,label_skew,10,100,1,0.01,42,1,3892,0.4841,1.0,nan,0.0,380752
covtype,fedssl_amc,random_kout,label_skew,10,100,1,0.01,42,2,4109,0.4841,1.0,nan,0.0,380752
covtype,fedssl_amc,random_kout,label_skew,10,100,1,0.01,42,3,3892,0.4841,1.0,nan,0.0,380752
covtype,fedssl_amc,random_kout,label_skew,10,100,1,0.01,42,4,4108,0.4841,1.0,nan,0.0,380752
covtype,fedssl_amc,random_kout,label_skew,10,100,1,0.01,42,5,3892,0.4841,1.0,nan,0.0,380752
covtype,fedssl_amc,random_kout,label_skew,10,100,1,0.01,42,6,4108,0.4841,1.0,nan,0.0,380752
covtype,fedssl_amc,random_kout,label_skew,10,100,1,0.01,42,7,3891,0.4841,1.0,nan,0.0,380752
covtype,fedssl_amc,random_kout,label_skew,10,100,1,0.01,42,8,4108,0.4841,1.0,nan,0.0,380752
covtype,fedssl_amc,random_kout,label_skew,10,100,1,0.01,42,9,3891,0.4841,1.0,nan,0.0,380752
covtype,fedssl_amc,full,iid,10,100,1,0.01,42,0,4000,0.6262,0.7501141431750269,nan,0.0,380752
covtype,fedssl_amc,full,iid,10,100,1,0.01,42,1,4000,0.6262,0.7816643672378056,nan,0.0,380752
covtype,fedssl_amc,full,iid,10,100,1,0.01,42,2,4000,0.6262,0.7335704171523719,nan,0.0,380752
covtype,fedssl_amc,full,iid,10,100,1,0.01,42,3,4000,0.6262,0.7770167471416392,nan,0.0,380752
covtype,fedssl_amc,full,iid,10,100,1,0.01,42,4,4000,0.6262,0.7522239186086604,nan,0.0,380752
covtype,fedssl_amc,full,iid,10,100,1,0.01,42,5,4000,0.6262,0.7383655531530403,nan,0.0,380752
covtype,fedssl_amc,full,iid,10,100,1,0.01,42,6,4000,0.6262,0.7623376163124789,nan,0.0,380752
covtype,fedssl_amc,full,iid,10,100,1,0.01,42,7,4000,0.6262,0.7482422424951576,nan,0.0,380752
covtype,fedssl_amc,full,iid,10,100,1,0.01,42,8,4000,0.6262,0.7403839829499419,nan,0.0,380752
covtype,fedssl_amc,full,iid,10,100,1,0.01,42,9,4000,0.6262,0.7462617201639137,nan,0.0,380752
covtype,fedssl_amc,full,dirichlet_1.0,10,100,1,0.01,42,0,4326,0.6158,0.4703651055330752,nan,0.0,380752
covtype,fedssl_amc,full,dirichlet_1.0,10,100,1,0.01,42,1,2902,0.6158,1.0966080765099397,nan,0.0,380752
covtype,fedssl_amc,full,dirichlet_1.0,10,100,1,0.01,42,2,4488,0.6158,0.9253325252711072,nan,0.0,380752
covtype,fedssl_amc,full,dirichlet_1.0,10,100,1,0.01,42,3,793,0.6158,0.47991468911293195,nan,0.0,380752
covtype,fedssl_amc,full,dirichlet_1.0,10,100,1,0.01,42,4,1582,0.6158,0.5041098322503359,nan,0.0,380752
covtype,fedssl_amc,full,dirichlet_1.0,10,100,1,0.01,42,5,3208,0.6158,0.4522656663135591,nan,0.0,380752
covtype,fedssl_amc,full,dirichlet_1.0,10,100,1,0.01,42,6,6003,0.6158,0.6270372559869631,nan,0.0,380752
covtype,fedssl_amc,full,dirichlet_1.0,10,100,1,0.01,42,7,6151,0.6158,1.1031999633680227,nan,0.0,380752
covtype,fedssl_amc,full,dirichlet_1.0,10,100,1,0.01,42,8,3352,0.6158,1.15526981353394,nan,0.0,380752
covtype,fedssl_amc,full,dirichlet_1.0,10,100,1,0.01,42,9,7195,0.6158,0.6075079942676053,nan,0.0,380752
covtype,fedssl_amc,full,dirichlet_0.3,10,100,1,0.01,42,0,746,0.5896,1.2496421708693013,nan,0.0,380752
covtype,fedssl_amc,full,dirichlet_0.3,10,100,1,0.01,42,1,3023,0.5896,0.49329274142570423,nan,0.0,380752
covtype,fedssl_amc,full,dirichlet_0.3,10,100,1,0.01,42,2,6249,0.5896,0.38884042001814206,nan,0.0,380752
covtype,fedssl_amc,full,dirichlet_0.3,10,100,1,0.01,42,3,1084,0.5896,0.9839159972523076,nan,0.0,380752
covtype,fedssl_amc,full,dirichlet_0.3,10,100,1,0.01,42,4,4177,0.5896,0.5291734182997142,nan,0.0,380752
covtype,fedssl_amc,full,dirichlet_0.3,10,100,1,0.01,42,5,301,0.5896,0.8663641185999991,nan,0.0,380752
covtype,fedssl_amc,full,dirichlet_0.3,10,100,1,0.01,42,6,10200,0.5896,1.2662297089272205,nan,0.0,380752
covtype,fedssl_amc,full,dirichlet_0.3,10,100,1,0.01,42,7,4364,0.5896,1.2343927103835541,nan,0.0,380752
covtype,fedssl_amc,full,dirichlet_0.3,10,100,1,0.01,42,8,3745,0.5896,0.6968936399819404,nan,0.0,380752
covtype,fedssl_amc,full,dirichlet_0.3,10,100,1,0.01,42,9,6111,0.5896,0.6898975632815056,nan,0.0,380752
covtype,fedssl_amc,full,dirichlet_0.1,10,100,1,0.01,42,0,111,0.5892,0.7846124656589513,nan,0.0,380752
covtype,fedssl_amc,full,dirichlet_0.1,10,100,1,0.01,42,1,2160,0.5892,1.0894027084218612,nan,0.0,380752
covtype,fedssl_amc,full,dirichlet_0.1,10,100,1,0.01,42,2,11171,0.5892,1.0930339364564317,nan,0.0,380752
covtype,fedssl_amc,full,dirichlet_0.1,10,100,1,0.01,42,3,110,0.5892,0.7692629670586524,nan,0.0,380752
covtype,fedssl_amc,full,dirichlet_0.1,10,100,1,0.01,42,4,4214,0.5892,1.0866234758029258,nan,0.0,380752
covtype,fedssl_amc,full,dirichlet_0.1,10,100,1,0.01,42,5,1,0.5892,0.7764789457283766,nan,0.0,380752
covtype,fedssl_amc,full,dirichlet_0.1,10,100,1,0.01,42,6,302,0.5892,0.7516154914700584,nan,0.0,380752
covtype,fedssl_amc,full,dirichlet_0.1,10,100,1,0.01,42,7,16592,0.5892,0.7688236395508671,nan,0.0,380752
covtype,fedssl_amc,full,dirichlet_0.1,10,100,1,0.01,42,8,1060,0.5892,0.8772091706725051,nan,0.0,380752
covtype,fedssl_amc,full,dirichlet_0.1,10,100,1,0.01,42,9,4279,0.5892,0.8867000744271767,nan,0.0,380752
covtype,fedssl_amc,full,label_skew,10,100,1,0.01,42,0,4109,0.4841,1.0,nan,0.0,380752
covtype,fedssl_amc,full,label_skew,10,100,1,0.01,42,1,3892,0.4841,1.0,nan,0.0,380752
covtype,fedssl_amc,full,label_skew,10,100,1,0.01,42,2,4109,0.4841,1.0,nan,0.0,380752
covtype,fedssl_amc,full,label_skew,10,100,1,0.01,42,3,3892,0.4841,1.0,nan,0.0,380752
covtype,fedssl_amc,full,label_skew,10,100,1,0.01,42,4,4108,0.4841,1.0,nan,0.0,380752
covtype,fedssl_amc,full,label_skew,10,100,1,0.01,42,5,3892,0.4841,1.0,nan,0.0,380752
covtype,fedssl_amc,full,label_skew,10,100,1,0.01,42,6,4108,0.4841,1.0,nan,0.0,380752
covtype,fedssl_amc,full,label_skew,10,100,1,0.01,42,7,3891,0.4841,1.0,nan,0.0,380752
covtype,fedssl_amc,full,label_skew,10,100,1,0.01,42,8,4108,0.4841,1.0,nan,0.0,380752
covtype,fedssl_amc,full,label_skew,10,100,1,0.01,42,9,3891,0.4841,1.0,nan,0.0,380752
rcv1,fedavg_svm,random_kout,iid,10,30,1,0.0001,42,0,1600,0.7455,1.679043880275301,nan,499.2504409372523,5668320
rcv1,fedavg_svm,random_kout,iid,10,30,1,0.0001,42,1,1600,0.7565,1.4550365387950277,nan,499.2504409372523,5668320
rcv1,fedavg_svm,random_kout,iid,10,30,1,0.0001,42,2,1600,0.80875,1.184966696998461,nan,499.2504409372523,5668320
rcv1,fedavg_svm,random_kout,iid,10,30,1,0.0001,42,3,1600,0.77075,1.3114165085250613,nan,499.2504409372523,5668320
rcv1,fedavg_svm,random_kout,iid,10,30,1,0.0001,42,4,1600,0.768,1.5210552134461777,nan,499.2504409372523,5668320
rcv1,fedavg_svm,random_kout,iid,10,30,1,0.0001,42,5,1600,0.76925,1.1679942332980806,nan,499.2504409372523,5668320
rcv1,fedavg_svm,random_kout,iid,10,30,1,0.0001,42,6,1600,0.76975,1.3089757867833245,nan,499.2504409372523,5668320
rcv1,fedavg_svm,random_kout,iid,10,30,1,0.0001,42,7,1600,0.72925,2.1660688760329965,nan,499.2504409372523,5668320
rcv1,fedavg_svm,random_kout,iid,10,30,1,0.0001,42,8,1600,0.81675,1.0784860026401768,nan,499.2504409372523,5668320
rcv1,fedavg_svm,random_kout,iid,10,30,1,0.0001,42,9,1600,0.81175,1.1585254275597245,nan,499.2504409372523,5668320
rcv1,fedavg_svm,random_kout,dirichlet_0.3,10,30,1,0.0001,42,0,2783,0.507,0.014540368718572937,nan,331.517970663744,5668320
rcv1,fedavg_svm,random_kout,dirichlet_0.3,10,30,1,0.0001,42,1,2955,0.52025,0.026096428970687143,nan,331.517970663744,5668320
rcv1,fedavg_svm,random_kout,dirichlet_0.3,10,30,1,0.0001,42,2,1718,0.76575,1.427273318861976,nan,331.517970663744,5668320
rcv1,fedavg_svm,random_kout,dirichlet_0.3,10,30,1,0.0001,42,3,2887,0.72625,1.460101509332694,nan,331.517970663744,5668320
rcv1,fedavg_svm,random_kout,dirichlet_0.3,10,30,1,0.0001,42,4,196,0.51,0.23079713997035792,nan,331.517970663744,5668320
rcv1,fedavg_svm,random_kout,dirichlet_0.3,10,30,1,0.0001,42,5,1,0.52025,0.0,nan,331.517970663744,5668320
rcv1,fedavg_svm,random_kout,dirichlet_0.3,10,30,1,0.0001,42,6,1700,0.7155,2.2188724804903592,nan,331.517970663744,5668320
rcv1,fedavg_svm,random_kout,dirichlet_0.3,10,30,1,0.0001,42,7,2722,0.686,0.6158346869311878,nan,331.517970663744,5668320
rcv1,fedavg_svm,random_kout,dirichlet_0.3,10,30,1,0.0001,42,8,454,0.53075,0.14519398335954928,nan,331.517970663744,5668320
rcv1,fedavg_svm,random_kout,dirichlet_0.3,10,30,1,0.0001,42,9,584,0.52025,0.0760806149558074,nan,331.517970663744,5668320
rcv1,fedavg_svm,random_kout,label_skew,10,30,1,0.0001,42,0,1544,0.48,0.03238775595185184,nan,196.024231177363,5668320
rcv1,fedavg_svm,random_kout,label_skew,10,30,1,0.0001,42,1,1656,0.52025,0.010158322635555907,nan,196.024231177363,5668320
rcv1,fedavg_svm,random_kout,label_skew,10,30,1,0.0001,42,2,1544,0.478,0.010822623060526717,nan,196.024231177363,5668320
rcv1,fedavg_svm,random_kout,label_skew,10,30,1,0.0001,42,3,1656,0.52025,0.0036622079555953197,nan,196.024231177363,5668320
rcv1,fedavg_svm,random_kout,label_skew,10,30,1,0.0001,42,4,1544,0.47875,0.010336108854687871,nan,196.024231177363,5668320
rcv1,fedavg_svm,random_kout,label_skew,10,30,1,0.0001,42,5,1656,0.52025,0.011451458314619632,nan,196.024231177363,5668320
rcv1,fedavg_svm,random_kout,label_skew,10,30,1,0.0001,42,6,1544,0.48075,0.016405085720752097,nan,196.024231177363,5668320
rcv1,fedavg_svm,random_kout,label_skew,10,30,1,0.0001,42,7,1656,0.52025,0.0020204687979280037,nan,196.024231177363,5668320
rcv1,fedavg_svm,random_kout,label_skew,10,30,1,0.0001,42,8,1544,0.48525,0.005059946503193578,nan,196.024231177363,5668320
rcv1,fedavg_svm,random_kout,label_skew,10,30,1,0.0001,42,9,1656,0.52025,0.01320591080016976,nan,196.024231177363,5668320
rcv1,cocoa,random_kout,iid,10,30,1,0.0001,42,0,1600,0.95025,0.12714303311084815,0.021718535896845553,9.855110347753634,5668320
rcv1,cocoa,random_kout,iid,10,30,1,0.0001,42,1,1600,0.9475,0.20173864763381097,-0.05066583982479286,9.855110347753634,5668320
rcv1,cocoa,random_kout,iid,10,30,1,0.0001,42,2,1600,0.95425,0.13267668030003338,0.037291370896022136,9.855110347753634,5668320
rcv1,cocoa,random_kout,iid,10,30,1,0.0001,42,3,1600,0.95125,0.18304468906998386,-0.027497118884347083,9.855110347753634,5668320
rcv1,cocoa,random_kout,iid,10,30,1,0.0001,42,4,1600,0.95075,0.20486252022220924,0.01734637536475836,9.855110347753634,5668320
rcv1,cocoa,random_kout,iid,10,30,1,0.0001,42,5,1600,0.947,0.15633139827009096,-0.14016346942994784,9.855110347753634,5668320
rcv1,cocoa,random_kout,iid,10,30,1,0.0001,42,6,1600,0.94925,0.18595868485358713,-0.041759551861421745,9.855110347753634,5668320
rcv1,cocoa,random_kout,iid,10,30,1,0.0001,42,7,1600,0.94475,0.17164312633659246,-0.14265505657101685,9.855110347753634,5668320
rcv1,cocoa,random_kout,iid,10,30,1,0.0001,42,8,1600,0.9525,0.18356426118347596,-0.03873050376034701,9.855110347753634,5668320
rcv1,cocoa,random_kout,iid,10,30,1,0.0001,42,9,1600,0.951,0.1422853180611748,-0.010855489808918317,9.855110347753634,5668320
rcv1,cocoa,random_kout,dirichlet_0.3,10,30,1,0.0001,42,0,2783,0.65225,0.06385292665648507,0.0022714270273465204,9.184348404047768,5668320
rcv1,cocoa,random_kout,dirichlet_0.3,10,30,1,0.0001,42,1,2955,0.7275,0.07112409087565429,0.011512556554125405,9.184348404047768,5668320
rcv1,cocoa,random_kout,dirichlet_0.3,10,30,1,0.0001,42,2,1718,0.93925,0.16450273086248982,0.06628905394149132,9.184348404047768,5668320
rcv1,cocoa,random_kout,dirichlet_0.3,10,30,1,0.0001,42,3,2887,0.94,0.2333869604259191,0.08999359904924831,9.184348404047768,5668320
rcv1,cocoa,random_kout,dirichlet_0.3,10,30,1,0.0001,42,4,196,0.94425,0.0997084930530648,-0.5077197957844324,9.184348404047768,5668320
rcv1,cocoa,random_kout,dirichlet_0.3,10,30,1,0.0001,42,5,1,0.47975,1.180446764917787,0.18253634545736452,9.184348404047768,5668320
rcv1,cocoa,random_kout,dirichlet_0.3,10,30,1,0.0001,42,6,1700,0.91425,0.22543993652129418,0.024715392135599257,9.184348404047768,5668320
rcv1,cocoa,random_kout,dirichlet_0.3,10,30,1,0.0001,42,7,2722,0.80675,0.13646796144523066,0.017685264162661862,9.184348404047768,5668320
rcv1,cocoa,random_kout,dirichlet_0.3,10,30,1,0.0001,42,8,454,0.78725,0.03353681729342176,-0.23892707179850434,9.184348404047768,5668320
rcv1,cocoa,random_kout,dirichlet_0.3,10,30,1,0.0001,42,9,584,0.53825,0.022848412190567966,-0.11553050587406355,9.184348404047768,5668320
rcv1,cocoa,random_kout,label_skew,10,30,1,0.0001,42,0,1544,0.89775,0.11545887370671518,-0.032042282888332524,8.25520521106816,5668320
rcv1,cocoa,random_kout,label_skew,10,30,1,0.0001,42,1,1656,0.85275,0.08276135295384796,-0.056142240268524074,8.25520521106816,5668320
rcv1,cocoa,random_kout,label_skew,10,30,1,0.0001,42,2,1544,0.92625,0.12268518225644105,-0.007443818805765945,8.25520521106816,5668320
rcv1,cocoa,random_kout,label_skew,10,30,1,0.0001,42,3,1656,0.77775,0.09259304701552404,-0.034782518080494346,8.25520521106816,5668320
rcv1,cocoa,random_kout,label_skew,10,30,1,0.0001,42,4,1544,0.917,0.12556917208322982,0.014606421311201323,8.25520521106816,5668320
rcv1,cocoa,random_kout,label_skew,10,30,1,0.0001,42,5,1656,0.57675,0.050205224441540346,-0.0650190255931348,8.25520521106816,5668320
rcv1,cocoa,random_kout,label_skew,10,30,1,0.0001,42,6,1544,0.48425,0.014943213229154597,-0.02820202269007254,8.25520521106816,5668320
rcv1,cocoa,random_kout,label_skew,10,30,1,0.0001,42,7,1656,0.53325,0.032762053650275305,-0.0736542023875296,8.25520521106816,5668320
rcv1,cocoa,random_kout,label_skew,10,30,1,0.0001,42,8,1544,0.551,0.04114230161727821,-0.05949998695725535,8.25520521106816,5668320
rcv1,cocoa,random_kout,label_skew,10,30,1,0.0001,42,9,1656,0.55675,0.03934783900154599,-0.05833945010911063,8.25520521106816,5668320
rcv1,cocoa_plus,random_kout,iid,10,30,1,0.0001,42,0,1600,0.9515,0.1092318514096659,-0.007552227579575549,11.406281329005278,5668320
rcv1,cocoa_plus,random_kout,iid,10,30,1,0.0001,42,1,1600,0.9465,0.18450670583691323,-0.10921364698278671,11.406281329005278,5668320
rcv1,cocoa_plus,random_kout,iid,10,30,1,0.0001,42,2,1600,0.958,0.11850099233826106,0.006283916363975212,11.406281329005278,5668320
rcv1,cocoa_plus,random_kout,iid,10,30,1,0.0001,42,3,1600,0.95425,0.1659286664173536,-0.0716714981170467,11.406281329005278,5668320
rcv1,cocoa_plus,random_kout,iid,10,30,1,0.0001,42,4,1600,0.951,0.189796739654646,-0.030551043046888576,11.406281329005278,5668320
rcv1,cocoa_plus,random_kout,iid,10,30,1,0.0001,42,5,1600,0.94875,0.14115019303984166,-0.18696718055730244,11.406281329005278,5668320
rcv1,cocoa_plus,random_kout,iid,10,30,1,0.0001,42,6,1600,0.94925,0.16945664115103598,-0.09623640019836177,11.406281329005278,5668320
rcv1,cocoa_plus,random_kout,iid,10,30,1,0.0001,42,7,1600,0.94925,0.1551152628991806,-0.19622855753093998,11.406281329005278,5668320
rcv1,cocoa_plus,random_kout,iid,10,30,1,0.0001,42,8,1600,0.954,0.16811047622442443,-0.09120457465005083,11.406281329005278,5668320
rcv1,cocoa_plus,random_kout,iid,10,30,1,0.0001,42,9,1600,0.954,0.12556272838852242,-0.042964214886865526,11.406281329005278,5668320
rcv1,cocoa_plus,random_kout,dirichlet_0.3,10,30,1,0.0001,42,0,2783,0.63625,0.06596177334927542,0.003223354733201997,10.169421452727391,5668320
rcv1,cocoa_plus,random_kout,dirichlet_0.3,10,30,1,0.0001,42,1,2955,0.72375,0.0753053820118247,0.01390680078701903,10.169421452727391,5668320
rcv1,cocoa_plus,random_kout,dirichlet_0.3,10,30,1,0.0001,42,2,1718,0.94675,0.13734574056863866,0.02666276532711312,10.169421452727391,5668320
rcv1,cocoa_plus,random_kout,dirichlet_0.3,10,30,1,0.0001,42,3,2887,0.94825,0.2209080074139251,0.05177293154499629,10.169421452727391,5668320
rcv1,cocoa_plus,random_kout,dirichlet_0.3,10,30,1,0.0001,42,4,196,0.9455,0.0951546640691837,-0.5248367027106234,10.169421452727391,5668320
rcv1,cocoa_plus,random_kout,dirichlet_0.3,10,30,1,0.0001,42,5,1,0.47975,1.1745079274560668,0.17660444658169228,10.169421452727391,5668320
rcv1,cocoa_plus,random_kout,dirichlet_0.3,10,30,1,0.0001,42,6,1700,0.925,0.1889626816063552,-0.05460870971223536,10.169421452727391,5668320
rcv1,cocoa_plus,random_kout,dirichlet_0.3,10,30,1,0.0001,42,7,2722,0.8445,0.1261886916006309,-0.017883388560218205,10.169421452727391,5668320
rcv1,cocoa_plus,random_kout,dirichlet_0.3,10,30,1,0.0001,42,8,454,0.7945,0.030477346645848325,-0.24851226305595908,10.169421452727391,5668320
rcv1,cocoa_plus,random_kout,dirichlet_0.3,10,30,1,0.0001,42,9,584,0.5475,0.020643202507885344,-0.12727732673289238,10.169421452727391,5668320
rcv1,cocoa_plus,random_kout,label_skew,10,30,1,0.0001,42,0,1544,0.877,0.10692648292882355,-0.04469159927955922,8.56052834877768,5668320
rcv1,cocoa_plus,random_kout,label_skew,10,30,1,0.0001,42,1,1656,0.81975,0.07724614825356373,-0.06703141140686088,8.56052834877768,5668320
rcv1,cocoa_plus,random_kout,label_skew,10,30,1,0.0001,42,2,1544,0.916,0.11347726450297388,-0.023505204285618142,8.56052834877768,5668320
rcv1,cocoa_plus,random_kout,label_skew,10,30,1,0.0001,42,3,1656,0.75,0.09138427883607565,-0.0426943894399897,8.56052834877768,5668320
rcv1,cocoa_plus,random_kout,label_skew,10,30,1,0.0001,42,4,1544,0.90025,0.11929901790069346,0.005291049704960332,8.56052834877768,5668320
rcv1,cocoa_plus,random_kout,label_skew,10,30,1,0.0001,42,5,1656,0.56775,0.048831334246503294,-0.06786021092051307,8.56052834877768,5668320
rcv1,cocoa_plus,random_kout,label_skew,10,30,1,0.0001,42,6,1544,0.48475,0.016923794692655026,-0.024313040011702137,8.56052834877768,5668320
rcv1,cocoa_plus,random_kout,label_skew,10,30,1,0.0001,42,7,1656,0.52975,0.03340033645521464,-0.07408105415922384,8.56052834877768,5668320
rcv1,cocoa_plus,random_kout,label_skew,10,30,1,0.0001,42,8,1544,0.544,0.043850788797873644,-0.05912716701839292,8.56052834877768,5668320
rcv1,cocoa_plus,random_kout,label_skew,10,30,1,0.0001,42,9,1656,0.55275,0.04169070180936163,-0.05652190053773953,8.56052834877768,5668320
rcv1,bdsvm,random_kout,iid,10,30,1,0.0001,42,0,1600,0.52025,0.9974840159225405,nan,1.5211943336977145,4944960
rcv1,bdsvm,random_kout,iid,10,30,1,0.0001,42,1,1600,0.52025,0.9944007334100717,nan,1.5211943336977145,4944960
rcv1,bdsvm,random_kout,iid,10,30,1,0.0001,42,2,1600,0.52025,0.9966134716073316,nan,1.5211943336977145,4944960
rcv1,bdsvm,random_kout,iid,10,30,1,0.0001,42,3,1600,0.52025,0.9991203110510856,nan,1.5211943336977145,4780128
rcv1,bdsvm,random_kout,iid,10,30,1,0.0001,42,4,1600,0.52025,0.9972676780410475,nan,1.5211943336977145,4944960
rcv1,bdsvm,random_kout,iid,10,30,1,0.0001,42,5,1600,0.52025,0.9931915831121194,nan,1.5211943336977145,4862544
rcv1,bdsvm,random_kout,iid,10,30,1,0.0001,42,6,1600,0.52025,0.9852113452260415,nan,1.5211943336977145,4944960
rcv1,bdsvm,random_kout,iid,10,30,1,0.0001,42,7,1600,0.52025,0.9943259927212569,nan,1.5211943336977145,4862544
rcv1,bdsvm,random_kout,iid,10,30,1,0.0001,42,8,1600,0.52025,0.9751503800013356,nan,1.5211943336977145,4862544
rcv1,bdsvm,random_kout,iid,10,30,1,0.0001,42,9,1600,0.52025,0.9844730654079019,nan,1.5211943336977145,4944960
rcv1,bdsvm,random_kout,dirichlet_0.3,10,30,1,0.0001,42,0,2783,0.47975,0.7070691060222029,nan,3.84432209438002,4944960
rcv1,bdsvm,random_kout,dirichlet_0.3,10,30,1,0.0001,42,1,2955,0.47975,1.2265780704753297,nan,3.84432209438002,4944960
rcv1,bdsvm,random_kout,dirichlet_0.3,10,30,1,0.0001,42,2,1718,0.52025,1.011770974467332,nan,3.84432209438002,4944960
rcv1,bdsvm,random_kout,dirichlet_0.3,10,30,1,0.0001,42,3,2887,0.52025,0.760230577008952,nan,3.84432209438002,4780128
rcv1,bdsvm,random_kout,dirichlet_0.3,10,30,1,0.0001,42,4,196,0.52025,1.2268667506800937,nan,3.84432209438002,4944960
rcv1,bdsvm,random_kout,dirichlet_0.3,10,30,1,0.0001,42,5,1,0.47975,1.2910109124779467,nan,3.84432209438002,4862544
rcv1,bdsvm,random_kout,dirichlet_0.3,10,30,1,0.0001,42,6,1700,0.52025,0.6835303732469032,nan,3.84432209438002,4944960
rcv1,bdsvm,random_kout,dirichlet_0.3,10,30,1,0.0001,42,7,2722,0.52025,1.5925543628449035,nan,3.84432209438002,4862544
rcv1,bdsvm,random_kout,dirichlet_0.3,10,30,1,0.0001,42,8,454,0.52025,0.017624411945916046,nan,3.84432209438002,4862544
rcv1,bdsvm,random_kout,dirichlet_0.3,10,30,1,0.0001,42,9,584,0.52025,0.023976287184725543,nan,3.84432209438002,4944960
rcv1,bdsvm,random_kout,label_skew,10,30,1,0.0001,42,0,1544,0.52025,1.8764192060915175,nan,1.7462869757540047,4944960
rcv1,bdsvm,random_kout,label_skew,10,30,1,0.0001,42,1,1656,0.52025,0.3768258853440453,nan,1.7462869757540047,4944960
rcv1,bdsvm,random_kout,label_skew,10,30,1,0.0001,42,2,1544,0.52025,1.824838813694261,nan,1.7462869757540047,4944960
rcv1,bdsvm,random_kout,label_skew,10,30,1,0.0001,42,3,1656,0.52025,0.0927781458784752,nan,1.7462869757540047,4780128
rcv1,bdsvm,random_kout,label_skew,10,30,1,0.0001,42,4,1544,0.52025,1.8490505968648359,nan,1.7462869757540047,4944960
rcv1,bdsvm,random_kout,label_skew,10,30,1,0.0001,42,5,1656,0.52025,0.12251375363739009,nan,1.7462869757540047,4862544
rcv1,bdsvm,random_kout,label_skew,10,30,1,0.0001,42,6,1544,0.47975,0.00024605524105380085,nan,1.7462869757540047,4944960
rcv1,bdsvm,random_kout,label_skew,10,30,1,0.0001,42,7,1656,0.52025,0.19539885470803398,nan,1.7462869757540047,4862544
rcv1,bdsvm,random_kout,label_skew,10,30,1,0.0001,42,8,1544,0.47975,0.00024520676687533817,nan,1.7462869757540047,4862544
rcv1,bdsvm,random_kout,label_skew,10,30,1,0.0001,42,9,1656,0.47975,1.9996953875966734,nan,1.7462869757540047,4944960
rcv1,fdr_svm,random_kout,iid,10,30,1,0.0001,42,0,1600,0.91475,0.9068221712128007,nan,0.3493086986218038,5668320
rcv1,fdr_svm,random_kout,iid,10,30,1,0.0001,42,1,1600,0.916,0.9055731433610543,nan,0.3493086986218038,5668320
rcv1,fdr_svm,random_kout,iid,10,30,1,0.0001,42,2,1600,0.9235,0.9077473390096307,nan,0.3493086986218038,5668320
rcv1,fdr_svm,random_kout,iid,10,30,1,0.0001,42,3,1600,0.92175,0.9082812246373433,nan,0.3493086986218038,5668320
rcv1,fdr_svm,random_kout,iid,10,30,1,0.0001,42,4,1600,0.91975,0.9081662752063511,nan,0.3493086986218038,5668320
rcv1,fdr_svm,random_kout,iid,10,30,1,0.0001,42,5,1600,0.92,0.9027165491265441,nan,0.3493086986218038,5668320
rcv1,fdr_svm,random_kout,iid,10,30,1,0.0001,42,6,1600,0.91675,0.9028244723289173,nan,0.3493086986218038,5668320
rcv1,fdr_svm,random_kout,iid,10,30,1,0.0001,42,7,1600,0.9245,0.9026457213106974,nan,0.3493086986218038,5668320
rcv1,fdr_svm,random_kout,iid,10,30,1,0.0001,42,8,1600,0.91925,0.9029919165330412,nan,0.3493086986218038,5668320
rcv1,fdr_svm,random_kout,iid,10,30,1,0.0001,42,9,1600,0.91625,0.9043521583572978,nan,0.3493086986218038,5668320
rcv1,fdr_svm,random_kout,dirichlet_0.3,10,30,1,0.0001,42,0,2783,0.89025,0.8824900209511605,nan,1.208067289418526,5668320
rcv1,fdr_svm,random_kout,dirichlet_0.3,10,30,1,0.0001,42,1,2955,0.88425,0.9144695182045796,nan,1.208067289418526,5668320
rcv1,fdr_svm,random_kout,dirichlet_0.3,10,30,1,0.0001,42,2,1718,0.51625,0.8989694405402339,nan,1.208067289418526,5668320
rcv1,fdr_svm,random_kout,dirichlet_0.3,10,30,1,0.0001,42,3,2887,0.897,0.9089087795917932,nan,1.208067289418526,5668320
rcv1,fdr_svm,random_kout,dirichlet_0.3,10,30,1,0.0001,42,4,196,0.923,0.9374667970572653,nan,1.208067289418526,5668320
rcv1,fdr_svm,random_kout,dirichlet_0.3,10,30,1,0.0001,42,5,1,0.50725,9.634531585822614e-05,nan,1.208067289418526,5668320
rcv1,fdr_svm,random_kout,dirichlet_0.3,10,30,1,0.0001,42,6,1700,0.522,0.8483522582692162,nan,1.208067289418526,5668320
rcv1,fdr_svm,random_kout,dirichlet_0.3,10,30,1,0.0001,42,7,2722,0.52025,0.7289729730775887,nan,1.208067289418526,5668320
rcv1,fdr_svm,random_kout,dirichlet_0.3,10,30,1,0.0001,42,8,454,0.52575,0.712604238130626,nan,1.208067289418526,5668320
rcv1,fdr_svm,random_kout,dirichlet_0.3,10,30,1,0.0001,42,9,584,0.52175,0.6927150286253232,nan,1.208067289418526,5668320
rcv1,fdr_svm,random_kout,label_skew,10,30,1,0.0001,42,0,1544,0.566,1.0709921663001567,nan,0.9378028460633823,5668320
rcv1,fdr_svm,random_kout,label_skew,10,30,1,0.0001,42,1,1656,0.636,0.7772655995095687,nan,0.9378028460633823,5668320
rcv1,fdr_svm,random_kout,label_skew,10,30,1,0.0001,42,2,1544,0.532,1.1103119690204728,nan,0.9378028460633823,5668320
rcv1,fdr_svm,random_kout,label_skew,10,30,1,0.0001,42,3,1656,0.57525,0.7482812256944139,nan,0.9378028460633823,5668320
rcv1,fdr_svm,random_kout,label_skew,10,30,1,0.0001,42,4,1544,0.59525,1.0646489468356088,nan,0.9378028460633823,5668320
rcv1,fdr_svm,random_kout,label_skew,10,30,1,0.0001,42,5,1656,0.53,0.7036555154442,nan,0.9378028460633823,5668320
rcv1,fdr_svm,random_kout,label_skew,10,30,1,0.0001,42,6,1544,0.67725,0.8084984175637796,nan,0.9378028460633823,5668320
rcv1,fdr_svm,random_kout,label_skew,10,30,1,0.0001,42,7,1656,0.52975,0.700313801549717,nan,0.9378028460633823,5668320
rcv1,fdr_svm,random_kout,label_skew,10,30,1,0.0001,42,8,1544,0.5805,0.7552090887121391,nan,0.9378028460633823,5668320
rcv1,fdr_svm,random_kout,label_skew,10,30,1,0.0001,42,9,1656,0.70675,0.980754254624673,nan,0.9378028460633823,5668320
rcv1,fedssl_amc,random_kout,iid,10,30,1,0.0001,42,0,1600,0.87525,0.42322787143166307,nan,10.690790533782181,108837120
rcv1,fedssl_amc,random_kout,iid,10,30,1,0.0001,42,1,1600,0.876,0.416160240870518,nan,10.690790533782181,108837120
rcv1,fedssl_amc,random_kout,iid,10,30,1,0.0001,42,2,1600,0.86725,0.41412982954640964,nan,10.690790533782181,108837120
rcv1,fedssl_amc,random_kout,iid,10,30,1,0.0001,42,3,1600,0.87125,0.39524023286385146,nan,10.690790533782181,108837120
rcv1,fedssl_amc,random_kout,iid,10,30,1,0.0001,42,4,1600,0.876,0.44051183055394477,nan,10.690790533782181,108837120
rcv1,fedssl_amc,random_kout,iid,10,30,1,0.0001,42,5,1600,0.776,0.5350982274185675,nan,10.690790533782181,108837120
rcv1,fedssl_amc,random_kout,iid,10,30,1,0.0001,42,6,1600,0.9035,0.409887780500907,nan,10.690790533782181,108837120
rcv1,fedssl_amc,random_kout,iid,10,30,1,0.0001,42,7,1600,0.8685,0.43045972087332485,nan,10.690790533782181,108837120
rcv1,fedssl_amc,random_kout,iid,10,30,1,0.0001,42,8,1600,0.9065,0.37806487687971363,nan,10.690790533782181,108837120
rcv1,fedssl_amc,random_kout,iid,10,30,1,0.0001,42,9,1600,0.92225,0.4362951699928018,nan,10.690790533782181,108837120
rcv1,fedssl_amc,random_kout,dirichlet_0.3,10,30,1,0.0001,42,0,2783,0.92175,0.38475894612941136,nan,6.838450051951196,108837120
rcv1,fedssl_amc,random_kout,dirichlet_0.3,10,30,1,0.0001,42,1,2955,0.9225,0.5245248072172342,nan,6.838450051951196,108837120
rcv1,fedssl_amc,random_kout,dirichlet_0.3,10,30,1,0.0001,42,2,1718,0.92875,0.4331011702037906,nan,6.838450051951196,108837120
rcv1,fedssl_amc,random_kout,dirichlet_0.3,10,30,1,0.0001,42,3,2887,0.92625,0.4357794810578629,nan,6.838450051951196,108837120
rcv1,fedssl_amc,random_kout,dirichlet_0.3,10,30,1,0.0001,42,4,196,0.925,0.3971240382608577,nan,6.838450051951196,108837120
rcv1,fedssl_amc,random_kout,dirichlet_0.3,10,30,1,0.0001,42,5,1,0.86125,0.40793137247408906,nan,6.838450051951196,108837120
rcv1,fedssl_amc,random_kout,dirichlet_0.3,10,30,1,0.0001,42,6,1700,0.91825,0.5791612410044769,nan,6.838450051951196,108837120
rcv1,fedssl_amc,random_kout,dirichlet_0.3,10,30,1,0.0001,42,7,2722,0.92875,0.41739631363516916,nan,6.838450051951196,108837120
rcv1,fedssl_amc,random_kout,dirichlet_0.3,10,30,1,0.0001,42,8,454,0.8485,0.7071760871311538,nan,6.838450051951196,108837120
rcv1,fedssl_amc,random_kout,dirichlet_0.3,10,30,1,0.0001,42,9,584,0.91075,0.6368002485755598,nan,6.838450051951196,108837120
rcv1,fedssl_amc,random_kout,label_skew,10,30,1,0.0001,42,0,1544,0.52025,1.0,nan,0.0,108837120
rcv1,fedssl_amc,random_kout,label_skew,10,30,1,0.0001,42,1,1656,0.52025,1.0,nan,0.0,108837120
rcv1,fedssl_amc,random_kout,label_skew,10,30,1,0.0001,42,2,1544,0.52025,1.0,nan,0.0,108837120
rcv1,fedssl_amc,random_kout,label_skew,10,30,1,0.0001,42,3,1656,0.52025,1.0,nan,0.0,108837120
rcv1,fedssl_amc,random_kout,label_skew,10,30,1,0.0001,42,4,1544,0.52025,1.0,nan,0.0,108837120
rcv1,fedssl_amc,random_kout,label_skew,10,30,1,0.0001,42,5,1656,0.52025,1.0,nan,0.0,108837120
rcv1,fedssl_amc,random_kout,label_skew,10,30,1,0.0001,42,6,1544,0.52025,1.0,nan,0.0,108837120
rcv1,fedssl_amc,random_kout,label_skew,10,30,1,0.0001,42,7,1656,0.52025,1.0,nan,0.0,108837120
rcv1,fedssl_amc,random_kout,label_skew,10,30,1,0.0001,42,8,1544,0.52025,1.0,nan,0.0,108837120
rcv1,fedssl_amc,random_kout,label_skew,10,30,1,0.0001,42,9,1656,0.52025,1.0,nan,0.0,108837120
